﻿,Category,Location,Restaurant,UserID,Menu,Review,Total,Taste,Quantity,Delivery,Date
0,치킨,서초구 방배동,가마로강정-교대점,mo**님,반반 세트 （매콤 ＋ 달콤）/1(음료 선택(콜라 （500ml）)),대 존 맛 앞으로 여기만 시킬게요,5,5,5,5,3일 전
1,치킨,서초구 방배동,가마로강정-교대점,ch**님,"마늘간장순살치킨/1(음료 선택(사이다 （500ml）),추가 선택(반반 닭강정 （매콤 ＋ 달콤） 추가))",배달도 맛도 좋네요 마늘간장 처음 시켜보는데 아주 강한 마늘향아니라서 좋네요,5,5,5,5,2021년 7월 16일
2,치킨,서초구 방배동,가마로강정-교대점,ks**님,달콤 세트/1(음료 선택(콜라 （500ml）)),무난한 맛입니다 잘 먹었습니다,5,5,5,5,2021년 7월 14일
3,치킨,서초구 방배동,가마로강정-교대점,jo**님,달콤 세트/1(음료 선택(사이다 （500ml）)),달콤세트 맛있었고 배송은 기대보다도 빨라서 놀랐습니다 외국에선 상상도 할수 없는 속도라서 감탄합니다 번창하시길 바랍니다 감사합니다,5,5,4,5,2021년 7월 12일
4,치킨,서초구 방배동,가마로강정-교대점,ha**님,"달콤 세트/1(음료 선택(콜라 （500ml）),추가 선택(매콤한 닭강정 （소） 추가))",사진 찍는 것도 잊어버리고 맛있게 먹었어요,5,5,5,5,2021년 7월 11일
5,치킨,서초구 방배동,가마로강정-교대점,mi**님,달콤 세트/1(음료 선택(콜라 （500ml）)),항상 맛있게 먹고 있어요 아이들이 치킨시킬 때 무조건떡있는 치킨이래요 그럼가마로구나 하고 주문한답니다,5,5,5,5,2021년 7월 10일
6,치킨,서초구 방배동,가마로강정-교대점,pm**님,매콤 세트/1(음료 선택(사이다 （500ml）)),일에 스트레스를 확 날릴 매꼼함 맛있게 먹었습니다 빠른배송에 한번더 놀랐네요 그런데 양이 살짝 적어진느낌이네요 하지만 맛있게먹었습니다,5,5,4,5,2021년 7월 9일
7,치킨,서초구 방배동,가마로강정-교대점,ra**님,반반 세트 （매콤 ＋ 달콤）/1(음료 선택(콜라 （500ml）)),아이득 저녁으로 딱입니다,5,5,5,5,2021년 7월 9일
8,치킨,서초구 방배동,가마로강정-교대점,bh**님,반반 세트 （매콤 ＋ 달콤）/1(음료 선택(콜라 （500ml）)),먹다가 찍었네용매콤 비율 좀더 해달라고 부탁드렸는데 요청 들어주셔서 감사합니다,5,5,5,4,2021년 7월 7일
9,치킨,서초구 방배동,가마로강정-교대점,gr**님,"반반 세트 （매콤 ＋ 달콤）/1(음료 선택(콜라 （500ml）),추가 선택(달콤한 닭강정 （중） 추가))",간단하게 시켜먹기 좋아요,5,5,5,5,2021년 7월 7일
10,치킨,서초구 방배동,가마로강정-교대점,my**님,마늘간장순살치킨/1(음료 선택(콜라 （500ml）)),배송 엄청 빠르고 맛있어요,5,5,5,5,2021년 6월 24일
11,치킨,서초구 방배동,가마로강정-교대점,손님,"매콤 세트/1(음료 선택(사이다 （500ml）),추가 선택(달콤한 닭강정 （중） 추가))",이수점 없어져 첫 주문이고 완전 만족합니다,5,5,5,5,2021년 6월 20일
12,치킨,서초구 방배동,가마로강정-교대점,fu**님,"달콤 세트/1(음료 선택(사이다 （500ml）),추가 선택(매콤한 닭강정 （중） 추가))",맛있게 잘 먹었어요 배달도 따끈할때 빨리 왔어요 그런데 좀 많이 달아요 단맛이 조금만 덜하면 훨씬 맛있게 많이 먹을것 같네요,5,5,5,5,2021년 6월 19일
13,치킨,서초구 방배동,가마로강정-교대점,ra**님,"마늘간장순살치킨/1(음료 선택(콜라 （500ml）),추가 선택(매콤한 닭강정 （소） 추가))",맛있어요 포장도 잘되서 왓습니다,5,5,5,5,2021년 6월 15일
14,치킨,서초구 방배동,가마로강정-교대점,ki**님,"반반 세트 （매콤 ＋ 달콤）/1(음료 선택(콜라 （500ml）)),치즈갈릭소스/1",양도 많고 정말 맛나요,5,5,5,5,2021년 6월 15일
15,치킨,서초구 방배동,가마로강정-교대점,pu**님,반반 세트 （매콤 ＋ 달콤）/1(음료 선택(콜라 （500ml）)),역시 믿고 먹는 가마로입니다,5,5,5,5,2021년 6월 12일
16,치킨,서초구 방배동,가마로강정-교대점,ni**님,반반 세트 （매콤 ＋ 달콤）/1(음료 선택(콜라 （500ml）)),맛도 아주 좋고 배달도 빠르고,5,5,5,5,2021년 6월 12일
17,치킨,서초구 방배동,가마로강정-교대점,ed**님,달콤 세트/1(음료 선택(콜라 （500ml）)),가마로 매력적이야 짜릿해,5,5,5,5,2021년 6월 11일
18,치킨,서초구 방배동,가마로강정-교대점,kk**님,매콤 세트/1(음료 선택(사이다 （500ml）)),꼼꼼하고 신속한 배송 감사합니다 맛도 너무 맛있어요 ,5,5,5,5,2021년 6월 9일
19,치킨,서초구 방배동,가마로강정-교대점,ed**님,"달콤 세트/1(음료 선택(콜라 （500ml）)),콜라 （1.25L）/1",오늘도 난 혼자라는 사실을 잊은채로 가마로 강정을 주문했지,5,5,5,5,2021년 6월 6일
20,치킨,서초구 방배동,가마로강정-교대점,ne**님,"반반 세트 （매콤 ＋ 달콤）/1(음료 선택(콜라 （500ml）)),콜라 （1.25L）/1",평소에 맛있어서 오늘도 시켰는데 오늘은 이상하게 씹으면 살은 없고 껍데기만 잔뜩씹히고 양념맛만 강하게 느껴지네요 무슨일인가요다음엔 시키기 좀 곤란하겠는데요,2,1,2,5,2021년 6월 4일
21,치킨,서초구 방배동,가마로강정-교대점,ed**님,"달콤 세트/1(음료 선택(콜라 （500ml）)),콜라 （1.25L）/1",말도 안돼 넘나 맛나 나는야 가마로 중독자,5,5,5,5,2021년 5월 24일
22,치킨,서초구 방배동,가마로강정-교대점,tn**님,매콤 세트/1(음료 선택(콜라 （500ml）)),너무 맛있어요 며칠전부터 먹고싶었는데 오늘 배 터지게 잘 먹었네요 역시 강정은 가마로,5,5,5,5,2021년 5월 21일
23,치킨,서초구 방배동,가마로강정-교대점,ed**님,"달콤 세트/1(음료 선택(콜라 （500ml）)),콜라 （1.25L）/1",이건 진짜일리 없어 넘나 맛있어 나는야 가마로 중독자,5,5,5,5,2021년 5월 21일
24,치킨,서초구 방배동,가마로강정-교대점,gp**님,반반 세트 （매콤 ＋ 달콤）/1(음료 선택(콜라 （500ml）)),요청사항 잘 들어주셔서 감사합니다 맛있게 잘먹었어요,5,5,5,5,2021년 5월 13일
25,치킨,서초구 방배동,가마로강정-교대점,ye**님,달콤 세트/1(음료 선택(사이다 （500ml）)),맛있어요 그런데 양이 좀 적어졌네요,5,5,5,5,2021년 5월 8일
26,치킨,서초구 방배동,가마로강정-교대점,ed**님,달콤 세트/1(음료 선택(콜라 （500ml）)),이거 말 안돼 너무 맛있잖아 가마로에 중독되었어 가마로는 내꺼야,5,5,5,5,2021년 5월 7일
27,치킨,서초구 방배동,가마로강정-교대점,il**님,반반 세트 （매콤 ＋ 달콤）/1(음료 선택(콜라 （500ml）)),매운거 비율 많이달라고 요청드렸는데  너무 센스넘쳐요 넘나 맛있어요,5,5,5,5,2021년 5월 4일
28,치킨,서초구 방배동,가마로강정-교대점,mp**님,반반 세트 （매콤 ＋ 달콤）/1(음료 선택(콜라 （500ml）)),간단하게 시켜먹기 좋아요,5,5,5,5,2021년 5월 3일
29,치킨,서초구 방배동,가마로강정-교대점,ex**님,달콤 세트/1(음료 선택(콜라 （500ml）)),무만 빼달라고 했는데 양까지 많이 주셨어요 완전 맛있네요 감사히 잘 먹겠습니다,5,5,5,5,2021년 5월 1일
30,치킨,서초구 방배동,가마로강정-교대점,ed**님,"달콤 세트/1(음료 선택(콜라 （500ml）)),콜라 （1.25L）/1",가마로에 중독되었어 취해버렸어,5,5,5,5,2021년 4월 28일
31,치킨,서초구 방배동,가마로강정-교대점,ha**님,"마늘간장순살치킨/1(음료 선택(콜라 （500ml）),추가 선택(매콤한 닭강정 （소） 추가,달콤한 닭강정 （소） 추가))",언제나 실패없는 가마로강정 마늘간장도 맛있다니 모든 메뉴가 다 완벽해요 다음엔 용기내서 땡초두 시켜봐야겠어요 항상 건강하셔서 오래오래 영업해주세요,5,5,5,5,2021년 4월 28일
32,치킨,서초구 방배동,가마로강정-교대점,mi**님,달콤 세트/1(음료 선택(사이다 （500ml）)),아이들이 가마로가마로노래를 불러서 주문했어용 넘나 맛있게 먹네요 사진은 먹다찍어서 양이 적게 보이네요,5,5,5,5,2021년 4월 25일
33,치킨,서초구 방배동,가마로강정-교대점,hj**님,"마늘간장순살치킨/1(음료 선택(사이다 （500ml）),추가 선택(달콤한 닭강정 （소） 추가))",총알배달로 바삭하게 따뜻하게 맛있게 잘 먹었습니다 감사합니다,5,5,5,5,2021년 4월 15일
34,치킨,서초구 방배동,가마로강정-교대점,bh**님,반반 세트 （매콤 ＋ 달콤）/1(음료 선택(콜라 （500ml）)),맛나고 양도 많고 배달도 빨랐어요 떡많이 달라는 요청도 들어주시고 감사합니당,5,5,5,5,2021년 4월 13일
35,치킨,서초구 방배동,가마로강정-교대점,ma**님,반반 세트 （매콤 ＋ 달콤）/1(음료 선택(콜라 （500ml）)),먹고나서 뚜껑을 덮었더니 이런 감동 글귀가 맛있게 잘 먹었어요,5,5,5,5,2021년 4월 11일
36,치킨,서초구 방배동,가마로강정-교대점,35**님,반반 세트 （매콤 ＋ 달콤）/1(음료 선택(콜라 （500ml）)),식어도 맛있고 배달도 빠르고 맛있어요,5,5,5,5,2021년 4월 10일
37,치킨,서초구 방배동,가마로강정-교대점,th**님,땡초＋달콤 반반 세트/1,맛잇어요 땡초가 매운데 계속 먹게되는 맛이에요 ,4,5,5,4,2021년 4월 8일
38,치킨,서초구 방배동,가마로강정-교대점,pi**님,마늘간장순살치킨/1(음료 선택(사이다 （500ml）)),정말 빨리 오네요  양이 많아 혼자 먹느라 너무 힘들었음,5,5,5,5,2021년 4월 7일
39,치킨,서초구 방배동,가마로강정-교대점,be**님,반반 세트 （매콤 ＋ 달콤）/1(음료 선택(콜라 （500ml）)),늘 맛있고 빨라서 조아요,5,5,5,5,2021년 4월 4일
40,치킨,서초구 방배동,가마로강정-교대점,ch**님,"달콤 세트/1(음료 선택(콜라 （500ml）),추가 선택(매콤한 닭강정 （중） 추가))",맛있게 잘 먹었습니다 배달도 엄청 빠르고요,5,5,4,5,2021년 3월 29일
41,치킨,서초구 방배동,가마로강정-교대점,ha**님,반반 세트 （매콤 ＋ 달콤）/1(음료 선택(콜라 （500ml）)),매운한 맛이 심하게 맵지는 않은데 캡사이신처럼 얼얼한 매운맛입니다,5,5,5,5,2021년 3월 28일
42,치킨,서초구 방배동,가마로강정-교대점,ha**님,달콤 세트/1(음료 선택(사이다 （500ml）)),배달도 빠르고 양도 푸짐하게 주셔서 맛있게 먹었습니다 또 시켜먹을게요,5,5,5,5,2021년 3월 28일
43,치킨,서초구 방배동,가마로강정-교대점,ki**님,반반 세트 （매콤 ＋ 달콤）/1(음료 선택(사이다 （500ml）)),엄마가 좋아하는 가마로강정 넘잘먹었습니다 강정이최고예요,5,5,5,5,2021년 3월 28일
44,치킨,서초구 방배동,가마로강정-교대점,cd**님,반반 세트 （매콤 ＋ 달콤）/1(음료 선택(사이다 （500ml）)),맛있습니다 왜 이제야 알았을까 친절한 사장님은 덤이네요,5,5,5,5,2021년 3월 26일
45,치킨,서초구 방배동,가마로강정-교대점,se**님,"반반 세트 （매콤 ＋ 달콤）/1(음료 선택(콜라 （500ml）),추가 선택(달콤한 닭강정 （중） 추가))",겉바속촉 강정이에요 맛있어요,5,5,5,5,2021년 3월 26일
46,치킨,서초구 방배동,가마로강정-교대점,km**님,반반 세트 （매콤 ＋ 달콤）/1(음료 선택(사이다 （500ml）)),달콤한 맛이 더 맛있네요 잘먹엇어요,4,4,4,5,2021년 3월 26일
47,치킨,서초구 방배동,가마로강정-교대점,ye**님,달콤 세트/1(음료 선택(사이다 （500ml）)),매번 너무 맛있어요 항상 맛있어서 자주 시킵니다,5,5,5,5,2021년 3월 23일
48,치킨,서초구 방배동,가마로강정-교대점,ss**님,반반 세트 （매콤 ＋ 달콤）/1(음료 선택(콜라 （500ml）)),배달도 빠르고 너무 맛있어요,5,5,5,5,2021년 3월 21일
49,치킨,서초구 방배동,가마로강정-교대점,py**님,반반 세트 （매콤 ＋ 달콤）/1(음료 선택(사이다 （500ml）)),맛있게 잘먹고 있습니다,5,5,5,5,2021년 3월 20일
50,치킨,서초구 방배동,가마로강정-교대점,ha**님,"마늘간장순살치킨/1(음료 선택(콜라 （500ml）),추가 선택(달콤한 닭강정 （소） 추가))",간장마늘도 넘 맛있네요,5,5,5,5,2021년 3월 20일
51,치킨,서초구 방배동,가마로강정-교대점,mh**님,매콤 세트/1(음료 선택(사이다 （500ml）)),닭강정은 항상 옳다 역시 가마로강정은 맛있다 추천추천,5,5,5,5,2021년 3월 20일
52,치킨,서초구 방배동,가마로강정-교대점,손님,"마늘간장순살치킨/1(음료 선택(사이다 （500ml）),추가 선택(매콤한 닭강정 （소） 추가))",집에와서 바로 시키고 분 않되서 왔어요 너무 맛있었습니다 감사합니다,5,5,5,5,2021년 3월 18일
53,치킨,서초구 방배동,가마로강정-교대점,hj**님,"마늘간장순살치킨/1(음료 선택(콜라 （500ml）),추가 선택(달콤한 닭강정 （중） 추가))",퇴근 길에 주문했던 가마로강정 기다림 없이 편하게 바로 먹을 수 있어서 더 없이 좋았네요식지않고 바삭함 그대로 집에서도 먹을 수 있으니 배달앱 쵝오,5,5,5,5,2021년 3월 17일
54,치킨,서초구 방배동,가마로강정-교대점,lo**님,반반 세트 （매콤 ＋ 달콤）/1(음료 선택(사이다 （500ml）)),맛도 조쿠 양도 좋습니다 맛있게 잘 먹었습니다,4,4,4,4,2021년 3월 16일
55,치킨,서초구 방배동,가마로강정-교대점,ed**님,달콤 세트/1(음료 선택(콜라 （500ml）)),가마로에 중독되었어 내사랑 가마로,5,5,5,5,2021년 3월 15일
56,치킨,서초구 방배동,가마로강정-교대점,cj**님,반반 세트 （매콤 ＋ 달콤）/1(음료 선택(콜라 （500ml）)),주문 안되서 기다렸는데 주문 가능으로 변경되자마자 주문 했습니다 오늘 야식으로 닭강정 못 먹나 살짝 실망했었는데 덕분에 맛있게 먹었습니다,5,5,5,5,2021년 3월 14일
57,치킨,서초구 방배동,가마로강정-교대점,ls**님,달콤 세트/1(음료 선택(사이다 （500ml）)),와우 정말 빠르게 왔네요 맛있게 먹습니다,5,5,5,5,2021년 3월 14일
58,치킨,서초구 방배동,가마로강정-교대점,wa**님,반반 세트 （매콤 ＋ 달콤）/1(음료 선택(콜라 （500ml）)),바삭바삭하고 뱌달빠르고 좋았어요,5,5,5,5,2021년 3월 13일
59,치킨,서초구 방배동,가마로강정-교대점,bs**님,반반 세트 （매콤 ＋ 달콤）/1(음료 선택(콜라 （500ml）)),맛있게 잘먹었습니다 감사합니다,5,5,5,5,2021년 3월 12일
60,치킨,서초구 방배동,가마로강정-교대점,ko**님,달콤 세트/1(음료 선택(콜라 （500ml）)),짱맛있어요 서비스도 정말 감사합니다  한입 먹자마자 호다닥 와서 리뷰 남겨요 ,5,5,5,5,2021년 3월 11일
61,치킨,서초구 방배동,가마로강정-교대점,ha**님,"매콤 세트/1(음료 선택(콜라 （500ml）),추가 선택(달콤한 닭강정 （소） 추가)),콜라 （1.25L）/1",항상 배달 빠르고 맛있어서 좋아요,5,5,5,5,2021년 3월 6일
62,치킨,서초구 방배동,가마로강정-교대점,mi**님,달콤 세트/1(음료 선택(콜라 （500ml）)),아이들이 가마로가정 넘 좋아해요 맛있게 잘먹을게요감사합니당,5,5,5,5,2021년 3월 5일
63,치킨,서초구 방배동,가마로강정-교대점,be**님,달콤 세트/1(음료 선택(콜라 （500ml）)),맛있어서 순삭했네요 다먹고 사진 찰칵,5,5,5,5,2021년 3월 1일
64,치킨,서초구 방배동,가마로강정-교대점,cl**님,매콤 세트/1(음료 선택(사이다 （500ml）)),진짜 빛의 속도로 배달이 왔고 훌륭한 맛입니다 짱짱,5,5,5,5,2021년 2월 28일
65,치킨,서초구 방배동,가마로강정-교대점,la**님,매콤 세트/1(음료 선택(사이다 （500ml）)),배달빠르고 너무 맛있어요  책 살려다가 가마로강정 시켰어요 ,5,5,5,5,2021년 2월 27일
66,치킨,서초구 방배동,가마로강정-교대점,ed**님,"달콤 세트/1(음료 선택(콜라 （500ml）)),콜라 （1.25L）/1",배달이 빨라서 좋음 가마로에 중독되었어,5,5,5,5,2021년 2월 27일
67,치킨,서초구 방배동,가마로강정-교대점,em**님,"달콤 세트/1(음료 선택(사이다 （500ml）),추가 선택(매콤한 닭강정 （소） 추가))",빠르고 맛있음 닭강정 최고,5,5,5,5,2021년 2월 25일
68,치킨,서초구 방배동,가마로강정-교대점,ch**님,"반반 세트 （매콤 ＋ 달콤）/1(음료 선택(콜라 （500ml）),추가 선택(반반 닭강정 （매콤 ＋ 달콤） 추가))",배달도 빠르고 맛잇어요 요기요 정말 좋네요,5,5,5,5,2021년 2월 25일
69,치킨,서초구 방배동,가마로강정-교대점,ch**님,반반 세트 （매콤 ＋ 달콤）/1(음료 선택(콜라 （500ml）)),광장히 맛있는 닭강정집 꼭먹어야지,5,5,5,5,2021년 2월 23일
70,치킨,서초구 방배동,가마로강정-교대점,li**님,반반 세트 （매콤 ＋ 달콤）/1(음료 선택(콜라 （500ml）)),늦은시간에도 빠르게와서 좋았어요 맛있게 잘먹었습니다 ,5,5,5,5,2021년 2월 22일
71,치킨,서초구 방배동,가마로강정-교대점,be**님,달콤 세트/1(음료 선택(콜라 （500ml）)),늘 맛있어요 번창하세요 먹다가 찍었네요,5,5,5,5,2021년 2월 21일
72,치킨,서초구 방배동,가마로강정-교대점,ki**님,"달콤 세트/1(음료 선택(사이다 （500ml）),추가 선택(달콤한 닭강정 （중） 추가))",교대점이 젤 맛있어요 아이들이 즐겨 먹어요,5,5,4,5,2021년 2월 20일
73,치킨,서초구 방배동,가마로강정-교대점,kt**님,달콤 세트/1(음료 선택(사이다 （500ml）)),꿀맛 강정 겁나땡겼는데 만족스럽게 먹었어요 또주문할게용 사장님,5,5,5,5,2021년 2월 19일
74,치킨,서초구 방배동,가마로강정-교대점,ge**님,땡초＋매콤 반반 세트/1,완전 맛있었어요 양도 많고 따뜻하고 배달도 진짜 빨리 왔습니다 추천합니당,5,5,5,5,2021년 2월 14일
75,치킨,서초구 방배동,가마로강정-교대점,he**님,"반반 세트 （매콤 ＋ 달콤）/1(음료 선택(콜라 （500ml）),추가 선택(매콤한 닭강정 （소） 추가,달콤한 닭강정 （소） 추가))",고등학교 다닐 때 학교 끝나고 학원 가기 전 먹던 그 맛 그대로였어요 졸업하고 나서 안먹다가 정말 오랜만에 먹었는데 그 때 생각도 나고 너무 좋았습니다 가족들도 다 맛있게 먹었구요 무엇보다도 직원분들이 너무 친절하세요 맛없는 음식이어도 맛있게 먹을 것 같습니다 앞으로도 종종 시켜 먹을려구요,5,5,5,5,2021년 2월 14일
76,치킨,서초구 방배동,가마로강정-교대점,33**님,땡초＋달콤 반반 세트/1,혹시 아직 가마로 를 모르시는지요,5,5,5,5,2021년 2월 12일
77,치킨,서초구 방배동,가마로강정-교대점,fa**님,"달콤 세트/1(음료 선택(콜라 （500ml）),추가 선택(달콤한 닭강정 （중） 추가))",무우 안 보내도 된다고 하니 저렇게 이쁜 글씨로 양도 맘도 감사합니다,5,5,5,5,2021년 2월 10일
78,치킨,서초구 방배동,가마로강정-교대점,me**님,반반 세트 （매콤 ＋ 달콤）/1(음료 선택(사이다 （500ml）)),닭강정 무조건 가마로 딴데 시키면 맛알못,5,5,5,5,2021년 2월 9일
79,치킨,서초구 방배동,가마로강정-교대점,dl**님,반반 세트 （매콤 ＋ 달콤）/1(음료 선택(사이다 （500ml）)),배달도 넘 빠르고 맛있게 잘 먹었습니다,5,5,5,5,2021년 2월 7일
80,치킨,서초구 방배동,가마로강정-교대점,ha**님,"매콤 세트/1(음료 선택(콜라 （500ml）),추가 선택(달콤한 닭강정 （중） 추가))",우리식구 단골집됬어요 배달도 빨리오구 맛도 좋아요,5,5,5,5,2021년 2월 6일
81,치킨,서초구 방배동,가마로강정-교대점,la**님,매콤 세트/1(음료 선택(사이다 （500ml）)),배달 빨리 왔고요 맛있어요,5,5,5,5,2021년 2월 6일
82,치킨,서초구 방배동,가마로강정-교대점,mi**님,달콤 세트/1(음료 선택(콜라 （500ml）)),너무너무 맛있어요 아이들도 맛있게 잘 먹었어용 맛있는 음식 감사합니다,5,5,5,5,2021년 2월 5일
83,치킨,서초구 방배동,가마로강정-교대점,be**님,마늘간장순살치킨/1(음료 선택(콜라 （500ml）)),양도 넉넉하고 진짜 맛있어요,5,5,5,5,2021년 2월 5일
84,치킨,서초구 방배동,가마로강정-교대점,lo**님,달콤 세트/1(음료 선택(사이다 （500ml）)),따뜻할 때 배달되어 더 맛있게 먹었습니다,5,4,5,5,2021년 2월 2일
85,치킨,서초구 방배동,가마로강정-교대점,ks**님,달콤 세트/1(음료 선택(콜라 （500ml）)),진짜 몇번째 시키는 건지 모르겠어요,5,5,3,5,2021년 1월 30일
86,치킨,서초구 방배동,가마로강정-교대점,br**님,땡초＋달콤 반반 세트/1,가마로는 실패하지 않음,5,5,5,5,2021년 1월 26일
87,치킨,서초구 방배동,가마로강정-교대점,gi**님,"마늘간장순살치킨/1(음료 선택(콜라 （500ml）)),반반 세트 （매콤 ＋ 달콤）/1(음료 선택(콜라 （500ml）))",마늘간장순살치킨 이랑 반반세트 시켜먹었는데 전반적으로 만족합니다,5,5,5,5,2021년 1월 26일
88,치킨,서초구 방배동,가마로강정-교대점,fa**님,반반 세트 （매콤 ＋ 달콤）/1(음료 선택(콜라 （500ml）)),익스프레스 엄청 빠르네요 너무 맛있어요 ,5,5,5,5,2021년 1월 24일
89,치킨,서초구 방배동,가마로강정-교대점,ho**님,반반 세트 （매콤 ＋ 달콤）/1(음료 선택(사이다 （500ml）)),분에 온다고 했는데 분만에 와서 좋았고맛도 양도 만족스러워요,5,5,5,5,2021년 1월 23일
90,치킨,서초구 방배동,가마로강정-교대점,wl**님,반반 세트 （매콤 ＋ 달콤）/1(음료 선택(콜라 （500ml）)),음료 안받는다고 요청사항에 말씀드렸는데 실수로 보내주신것같아요 흑흑흑 그래도 닭강정은 따뜻하고 맛있어요 또 시켜먹을게요 번창하세요,5,5,5,5,2021년 1월 23일
91,치킨,서초구 방배동,가마로강정-교대점,손님,반반 세트 （매콤 ＋ 달콤）/1(음료 선택(사이다 （500ml）)),양도많고 친절하시고 두번째 주문입니당,5,5,5,5,2021년 1월 23일
92,치킨,서초구 방배동,가마로강정-교대점,ha**님,반반 세트 （매콤 ＋ 달콤）/1(음료 선택(콜라 （500ml）)),맛있었어요제 입엔 매콤한맛이 더 맞았어요,5,5,5,5,2021년 1월 23일
93,치킨,서초구 방배동,가마로강정-교대점,oh**님,반반 세트 （매콤 ＋ 달콤）/1(음료 선택(사이다 （500ml）)),맛있어서 자주 시켜먹어요,4,5,3,5,2021년 1월 22일
94,치킨,서초구 방배동,가마로강정-교대점,la**님,매콤 세트/1(음료 선택(사이다 （500ml）)),배달 빨리 오시고 너무 맛있어요 영업준비중이라고 해서 오늘 영업안하는 줄 알고 걱정했어요  좋은 하루 되세요,5,5,5,5,2021년 1월 20일
95,치킨,서초구 방배동,가마로강정-교대점,ed**님,"달콤 세트/1(음료 선택(콜라 （500ml）)),콜라 （1.25L）/1",난 가마로에 중독되어버렸어 덜어먹어서 애껴먹어야지 하는 다짐은 소용이 없더군,5,5,5,5,2021년 1월 20일
96,치킨,서초구 방배동,가마로강정-교대점,ja**님,달콤 세트/1(음료 선택(콜라 （500ml）)),잘먹었습니다 번창하세요,5,5,5,5,2021년 1월 19일
97,치킨,서초구 방배동,가마로강정-교대점,ci**님,달콤 세트/1(음료 선택(콜라 （500ml）)),맛있어요 또 시켜먹었어요,5,5,5,5,2021년 1월 18일
98,치킨,서초구 방배동,가마로강정-교대점,mi**님,달콤 세트/1(음료 선택(콜라 （500ml）)),이번에는 살짝 냄새가 났고요양도 조금은 적은느낌이네요 매번 잘 먹었었는데살짝 아쉬워요,4,3,4,5,2021년 1월 18일
99,치킨,서초구 방배동,가마로강정-교대점,de**님,반반 세트 （매콤 ＋ 달콤）/2(음료 선택(사이다 （500ml）)),정말 맛있는데 마리 치고는 양이 적어서 놀랬어요 마리 시켰는데 원래 박스 하나로 오나요 암튼 정말 맛있어요 담에 또 시켜 먹을게요,5,5,3,5,2021년 1월 17일
100,치킨,서초구 방배동,가마로강정-교대점,ki**님,"땡초＋달콤 반반 세트/1,각 무/1,콜라 （500ml）/1,양파 강정소스/1",맛도 좋고 배달도 빠르고 양까지 푸짐해서 쉬었다 먹어야겠어요,5,5,5,5,2021년 1월 16일
101,치킨,서초구 방배동,가마로강정-교대점,ks**님,달콤 세트/1(음료 선택(콜라 （500ml）)),최애닭강정 너무 맛있어요,5,5,3,5,2021년 1월 16일
102,치킨,서초구 방배동,가마로강정-교대점,sa**님,반반 세트 （매콤 ＋ 달콤）/1(음료 선택(콜라 （500ml）)),가마로강정 너무너무 좋아합니다깔끔하고 바삭바삭하고요,5,5,5,5,2021년 1월 14일
103,치킨,서초구 방배동,가마로강정-교대점,do**님,"마늘간장순살치킨/1(음료 선택(콜라 （500ml）),추가 선택(반반 닭강정 （매콤 ＋ 달콤） 추가))",맛있고 익스프레스답게 배달도 빠릅니다,5,5,5,5,2021년 1월 14일
104,치킨,서초구 방배동,가마로강정-교대점,be**님,반반 세트 （매콤 ＋ 달콤）/1(음료 선택(사이다 （500ml）)),배달도착예정 시간보다 조금 늦게 와서 아쉬웠어요 그래도 양 많고 맛있어서 잘 먹었습니다,5,4,4,3,2021년 1월 13일
105,치킨,서초구 방배동,가마로강정-교대점,ki**님,반반 세트 （매콤 ＋ 달콤）/1(음료 선택(콜라 （500ml）)),빠른 배송 맛있게 먹었어요,5,5,5,5,2021년 1월 5일
106,치킨,서초구 방배동,가마로강정-교대점,mp**님,반반 세트 （매콤 ＋ 달콤）/1(음료 선택(콜라 （500ml）)),간편하게 시켜먹기 좋아요,5,5,5,5,2021년 1월 4일
107,치킨,서초구 방배동,가마로강정-교대점,ks**님,달콤 세트/1(음료 선택(콜라 （500ml）)),월달에 엄청시켜먹었어요,5,5,3,5,2021년 1월 3일
108,치킨,서초구 방배동,가마로강정-교대점,lu**님,"달콤 세트/1(음료 선택(사이다 （500ml）),추가 선택(매콤한 닭강정 （소） 추가))",요즘 먹었던 닭강정 중에 제일 맛있어요 굿굿,5,5,5,5,2021년 1월 3일
109,치킨,서초구 방배동,가마로강정-교대점,la**님,매콤 세트/1(음료 선택(사이다 （500ml）)),어제도 시켜먹었는데요 오늘도 또 먹고 싶어요 ,5,5,5,5,2020년 12월 31일
110,치킨,서초구 방배동,가마로강정-교대점,ci**님,반반 세트 （매콤 ＋ 달콤）/1(음료 선택(콜라 （500ml）)),달콤만 먹다가 용기내서 반반 시켜봤는데 저한테는 역시 조금 맵네요 그래도 맛있게 잘 먹었습니다,5,5,5,5,2020년 12월 30일
111,치킨,서초구 방배동,가마로강정-교대점,la**님,매콤 세트/1(음료 선택(사이다 （500ml）)),또 먹고 싶어요 맛있어요 주문할려고 하는데 영업준비중이네요,5,5,5,5,2020년 12월 30일
112,치킨,서초구 방배동,가마로강정-교대점,sj**님,반반 세트 （매콤 ＋ 달콤）/1(음료 선택(콜라 （500ml）)),가볍게 먹기도 좋고 양도 진짜 많고 무엇보다 사장님이 진짜 친절하세요,5,5,5,5,2020년 12월 30일
113,치킨,서초구 방배동,가마로강정-교대점,wh**님,반반 세트 （매콤 ＋ 달콤）/1(음료 선택(사이다 （500ml）)),냠냠 배달 빠르고 달달해요,5,5,5,5,2020년 12월 29일
114,치킨,서초구 방배동,가마로강정-교대점,la**님,"매콤 세트/1(음료 선택(사이다 （500ml）),추가 선택(매콤한 닭강정 （소） 추가))",지금 또 시켰어요  치킨 바삭하고 매콤소스 너무 맛있어요 ,5,5,5,5,2020년 12월 28일
115,치킨,서초구 방배동,가마로강정-교대점,kj**님,반반 세트 （매콤 ＋ 달콤）/1(음료 선택(사이다 （500ml）)),반반이 진리인 것 같네요 단짠단짠,5,5,5,5,2020년 12월 28일
116,치킨,서초구 방배동,가마로강정-교대점,mp**님,반반 세트 （매콤 ＋ 달콤）/1(음료 선택(콜라 （500ml）)),간단하게 시켜먹기 좋네요,5,5,5,5,2020년 12월 27일
117,치킨,서초구 방배동,가마로강정-교대점,su**님,매콤 세트/1(음료 선택(콜라 （500ml）)),잘 먹었습니다 매콤이여두 좀 달아요,3,3,4,5,2020년 12월 26일
118,치킨,서초구 방배동,가마로강정-교대점,h1**님,반반 세트 （매콤 ＋ 달콤）/1(음료 선택(콜라 （500ml）)),항상 만족합니다 순살 치킨이 이렇게 촉촉하기 어려움,5,5,5,5,2020년 12월 24일
119,치킨,서초구 방배동,가마로강정-교대점,ch**님,매콤 세트/1(음료 선택(사이다 （500ml）)),배달속도  미쳤어요 너무빨라요  그리고 너무맛있어요  최고  짱짱 닭강정은 가마로가 짱인듯,5,5,5,5,2020년 12월 24일
120,치킨,서초구 방배동,가마로강정-교대점,sh**님,반반 세트 （매콤 ＋ 달콤）/1(음료 선택(사이다 （500ml）)),민보다 더 큰 할인이네요 소소한 행복 뿜뿜,4,4,5,5,2020년 12월 24일
121,치킨,서초구 방배동,가마로강정-교대점,ed**님,달콤 세트/1(음료 선택(콜라 （500ml）)),너무 맛있음 가마로 분만에 도착한거 실화냐,5,5,5,5,2020년 12월 24일
122,치킨,서초구 방배동,가마로강정-교대점,ra**님,매콤 세트/1(음료 선택(콜라 （500ml）)),음료수 사이즈업 고맙습니다 너무 맛있게 잘먹었어요,5,5,5,5,2020년 12월 23일
123,치킨,서초구 방배동,가마로강정-교대점,sw**님,"달콤 세트/1(음료 선택(콜라 （500ml）)),치즈갈릭소스/1",잘 먹었습니다 감사합니다,5,5,5,5,2020년 12월 23일
124,치킨,서초구 방배동,가마로강정-교대점,la**님,매콤 세트/1(음료 선택(사이다 （500ml）)),화요일날 쉬는군요 또 먹고 싶은뎅 ,5,5,5,5,2020년 12월 22일
125,치킨,서초구 방배동,가마로강정-교대점,el**님,반반 세트 （매콤 ＋ 달콤）/1(음료 선택(콜라 （500ml）)),넘 맛있어요 그리고 따뜻 포장 되는지 글 남겼었는데 나중에 보니까 포장 바닥면에 핫팻을 붙여주셨네요 감사합니다 배달시간은 분 정도 였어요 최고,5,5,5,5,2020년 12월 20일
126,치킨,서초구 방배동,가마로강정-교대점,ed**님,"마늘간장순살치킨/1(음료 선택(사이다 （500ml）),추가 선택(매콤한 닭강정 （중） 추가))",맛 속도 만족스러웠는데 강정 위에 올라가는 땅콩 빼달라고 부탁 드렸는데 그대로 와서 조금 아쉽네요 ,4,4,5,5,2020년 12월 20일
127,치킨,서초구 방배동,가마로강정-교대점,ge**님,반반 세트 （매콤 ＋ 달콤）/1(음료 선택(콜라 （500ml）)),달콤달콤 맛있어요 강정집은 가마로인듯,5,5,5,5,2020년 12월 20일
128,치킨,서초구 방배동,가마로강정-교대점,ks**님,달콤 세트/1(음료 선택(콜라 （500ml）)),최애닭강정 주기적으로 시켜요,5,5,3,5,2020년 12월 20일
129,치킨,서초구 방배동,가마로강정-교대점,sa**님,매콤 세트/1(음료 선택(콜라 （500ml）)),와 진짜 바삭바삭 너무 맛있습니다,5,5,5,5,2020년 12월 18일
130,치킨,서초구 방배동,가마로강정-교대점,ks**님,달콤 세트/1(음료 선택(콜라 （500ml）)),몇번째 시키는지 모르겠어요,5,5,3,5,2020년 12월 16일
131,치킨,서초구 방배동,가마로강정-교대점,mi**님,"달콤 세트/1(음료 선택(콜라 （500ml）),추가 선택(매콤한 닭강정 （소） 추가))",가마로 강정 은근 양념 중독 되네요또 시켜먹네요 따뜻하고 맛나요 배송도 진짜 빠름빠름요 저녁방금 먹고도 시켜놓으면 우리식구 오며가며 잘도 집어먹네요,5,5,5,5,2020년 12월 14일
132,치킨,서초구 방배동,가마로강정-교대점,손님,반반 세트 （매콤 ＋ 달콤）/1(음료 선택(사이다 （500ml）)),이동네강정중에서는 여기가 제일 나은듯합니다,4,4,5,5,2020년 12월 14일
133,치킨,서초구 방배동,가마로강정-교대점,gr**님,반반 세트 （매콤 ＋ 달콤）/1(음료 선택(콜라 （500ml）)),간단하게 시켜먹기 좋아요,5,5,5,5,2020년 12월 14일
134,치킨,서초구 방배동,가마로강정-교대점,sm**님,땡초＋달콤 반반 세트/1,우와 배달 진짜 빨랐어요  강정도 양도 많고 너무 맛있네요 단짠단짠 너무 좋아요 다음엔 땡초매콤으로 시켜봐야겠씁니다,5,5,5,5,2020년 12월 13일
135,치킨,서초구 방배동,가마로강정-교대점,11**님,반반 세트 （매콤 ＋ 달콤）/1(음료 선택(콜라 （500ml）)),너무 마싯어요 갓마로강정,5,5,4,5,2020년 12월 13일
136,치킨,서초구 방배동,가마로강정-교대점,sa**님,반반 세트 （매콤 ＋ 달콤）/1(음료 선택(콜라 （500ml）)),바삭바삭하고 양념이 진짜 맛있어요,5,5,5,5,2020년 12월 13일
137,치킨,서초구 방배동,가마로강정-교대점,mo**님,달콤 세트/1(음료 선택(콜라 （500ml）)),진짜맛있네여 저는 치킨 일년에 한번 시켜먹을까 말까 한데 맛있어서 조만간 또 시켜먹을거같아여,5,5,5,5,2020년 12월 12일
138,치킨,서초구 방배동,가마로강정-교대점,zz**님,매콤 세트/1(음료 선택(콜라 （500ml）)),가마로도 좀 점바점인데 여기는 바삭하고 진짜 맛있는 집 원래 집 근처여서 자주 포장해서 먹었었는데 위치를 이전하셔서 거기까지 가서 포장해왔던 기억이 있네용 그때 가게 계셨던 여사장님이 저엉말 친절하게 해주셨어요 아무래도 거리가 좀 멀어져서 못 가다가 주문했는데 배달 진짜 빨라요  체감 분만에 오신것 같아요 자주 시켜먹을게요,5,5,5,5,2020년 12월 12일
139,치킨,서초구 방배동,가마로강정-교대점,ck**님,반반 세트 （매콤 ＋ 달콤）/1(음료 선택(콜라 （500ml）)),오자마자 흡입해서 사진이 먹다 찍은거네요 배달 진짜 빨리와서 정말 만족했어요 양도 많고 보통 닭강정 먹으면 떡이 너무 딱딱해서 맛이 없는데 떡이 진짜 따뜻하고 쫄깃하고 부드러워서 좋았어요 그리고 달달보다는 매콤이 훨 맛있네요 매운맛 도 없어서 조금 아쉽긴 했지만 맛있어요 든든하게 잘먹었습니다,5,4,4,5,2020년 12월 12일
140,치킨,서초구 방배동,가마로강정-교대점,ss**님,"반반 세트 （매콤 ＋ 달콤）/1(음료 선택(콜라 （500ml）)),각 무/2",배달도 빠르고 양도많고 맛있어요,5,5,5,5,2020년 12월 12일
141,치킨,서초구 방배동,가마로강정-교대점,ed**님,달콤 세트/1(음료 선택(콜라 （500ml）)),가마로에 중독되었다 분만에 배달오는거 실화냐,5,5,5,5,2020년 12월 12일
142,치킨,서초구 방배동,가마로강정-교대점,ha**님,"땡초＋달콤 반반 세트/1,콜라 （1.25L）/1",맛있게 먹었습니다  배달도 빨랐고 맛있었습니다  다음에 또 시킬게요 ,5,5,5,5,2020년 12월 11일
143,치킨,서초구 방배동,가마로강정-교대점,el**님,마늘간장순살치킨/1(음료 선택(콜라 （500ml）)),깜끔하고 맛있고 친절해요 양도 좋았어요 여러군데 들러서 오시니 예정시간보다 늦어 별하나 뺍니다만 다시 시킬의향 있습니다,4,5,5,4,2020년 12월 11일
144,치킨,서초구 방배동,가마로강정-교대점,yo**님,반반 세트 （매콤 ＋ 달콤）/1(음료 선택(콜라 （500ml）)),맛있게 잘 먹었습니다 감사합니다,5,5,5,5,2020년 12월 10일
145,치킨,서초구 방배동,가마로강정-교대점,wl**님,반반 세트 （매콤 ＋ 달콤）/1(음료 선택(콜라 （500ml）)),빠른 배달이랑 맛있는 음식으로 항상 즐겨먹고 있습니다 음료랑 강정의 떡이 항상 남아서 사양하고 대신 강정양을 더 부탁드렸더니 요청도 들어주시고 감사합니다 항상 번창하세요,5,5,5,5,2020년 12월 10일
146,치킨,서초구 방배동,가마로강정-교대점,ed**님,달콤 세트/1(음료 선택(콜라 （500ml）)),빠져드는 그맛 주말에도  야근할 때에도 내친구 가마로,5,5,5,5,2020년 12월 8일
147,치킨,서초구 방배동,가마로강정-교대점,ed**님,달콤 세트/1(음료 선택(콜라 （500ml）)),너무 맛있어요  가마로 짱짱맨,5,5,5,5,2020년 12월 8일
148,치킨,서초구 방배동,가마로강정-교대점,mi**님,"달콤 세트/1(음료 선택(콜라 （500ml）),추가 선택(매콤한 닭강정 （소） 추가))",요즘은 가마로 넘맛나서 종종 생각나요 빠른배송때문인지 따뜻하고 바삭바삭한게 왜케 맛나는지요 또 이용할게요매콤맛도 추가해서 먹었는데 완전 맛나요다음엔 반반 주문해서 먹을게용 먹기바빠서 사진을 못찍었네요,5,5,5,5,2020년 12월 8일
149,치킨,서초구 방배동,가마로강정-교대점,se**님,달콤 세트/1(음료 선택(콜라 （500ml）)),요청사항 정확히 들어쥬셔서 감사해요 맛있게 잘먹겠습니다 교대점 가마로 최고,5,5,5,5,2020년 12월 7일
150,치킨,서초구 방배동,가마로강정-교대점,ww**님,마늘간장순살치킨/1(음료 선택(콜라 （500ml）)),배달이 빨리와서 좋았습니다  주문하고 분 정도 뒤에 바로 배달완료 떠서 놀랐어요  역시 익스프레스  떡 추가가 배민에서만 가능하다고 박스에 적어주셨는데 그래도 더 넣어주셔서 너무 감사했어요  주문하고 나서 빨리 와서 따끈하고 바삭바삭해서 너무 맛있었어요  위에 뿌려져 있는 땅콩들도 고소했어요  양도 많아서 좋았고 인 가족이 먹었을 때도 양이 적당했었습니다  다음에 또 시켜먹을게요 ,5,5,5,5,2020년 12월 6일
151,치킨,서초구 방배동,가마로강정-교대점,sa**님,반반 세트 （매콤 ＋ 달콤）/1(음료 선택(콜라 （500ml）)),살이 너무 부드럽고 맛있습니다역시 가마로,5,5,5,5,2020년 12월 6일
152,치킨,서초구 방배동,가마로강정-교대점,gk**님,반반 세트 （매콤 ＋ 달콤）/1(음료 선택(콜라 （500ml）)),배달도 빠르고 따뜻하게 배달되어 맛있게 먹었습니다,5,5,5,5,2020년 12월 6일
153,치킨,서초구 방배동,가마로강정-교대점,mi**님,반반 세트 （매콤 ＋ 달콤）/1(음료 선택(사이다 （500ml）)),빠름빠름 시켜먹을반합니다,4,4,3,5,2020년 12월 6일
154,치킨,서초구 방배동,가마로강정-교대점,an**님,반반 세트 （매콤 ＋ 달콤）/1(음료 선택(콜라 （500ml）)),예상시간 보다 빠르게 맛은 취항대로 단맛과 매콤한 맛 먹을 수 있구요 배달 안전하게 문앞까지 배달해 주셨습니다,5,5,4,5,2020년 12월 5일
155,치킨,서초구 방배동,가마로강정-교대점,ar**님,땡초＋달콤 반반 세트/1,바삭달콤매콤 맛있게 먹고 있습니다,5,5,5,5,2020년 12월 5일
156,치킨,서초구 방배동,가마로강정-교대점,be**님,반반 세트 （매콤 ＋ 달콤）/1(음료 선택(콜라 （500ml）)),늘 맛있어요 이것만 시켜먹어요,5,5,5,5,2020년 12월 4일
157,치킨,서초구 방배동,가마로강정-교대점,dl**님,반반 세트 （매콤 ＋ 달콤）/1(음료 선택(사이다 （500ml）)),가마로강정  보장된 맛,5,5,5,5,2020년 12월 4일
158,치킨,서초구 방배동,가마로강정-교대점,oh**님,반반 세트 （매콤 ＋ 달콤）/1(음료 선택(사이다 （500ml）)),배달도 빠르고 맛있어요 원래 다른 치킨에 비해 저렴한 맛에 좋아했는데 요새는 다른 치킨들 가격하고 비등해서 양은 별 개 줬어요,4,5,4,5,2020년 12월 4일
159,치킨,서초구 방배동,가마로강정-교대점,sk**님,달콤 세트/1(음료 선택(콜라 （500ml）)),원래 믿고 목는데 오늘 완전 눅눅하고 찐 흐물렁해요 대실만,2,1,2,2,2020년 12월 4일
160,치킨,서초구 방배동,가마로강정-교대점,ks**님,달콤 세트/1(음료 선택(사이다 （500ml）)),요즘 엄청시켰는데 어떨때는 배송요청들어주시고 어떨때는 안들어주시고 사장님미워요,3,3,3,5,2020년 12월 4일
161,치킨,서초구 방배동,가마로강정-교대점,yy**님,매콤 세트/1(음료 선택(사이다 （500ml）)),맛도 좋고 양도 많은데 너무 달아서 한번에 마니 못먹엄어요 ,3,3,3,3,2020년 12월 3일
162,치킨,서초구 방배동,가마로강정-교대점,so**님,반반 세트 （매콤 ＋ 달콤）/1(음료 선택(사이다 （500ml）)),아이가 잘먹어요 초딩 고딩 아이가 간식으로 뚝딱 먹는걸 보니 양이 간식 인분 인듯요,5,4,4,5,2020년 12월 3일
163,치킨,서초구 방배동,가마로강정-교대점,sh**님,매콤 세트/1(음료 선택(콜라 （500ml）)),배달 아주 빨리 왔어요 처음 먹어보고 닭껍데기 튀긴거 너무 바삭하고 소스 하나도 안 밀리고 매콤해서 반해버렸죠 너무 맛있었어요  번째 시킨 건데 먹고 나서 또 생각이 나요  둘이서 먹기엔 양은 조금 아쉽긴해도 너무 맛있어서 계속 시켜먹게 되네요,5,5,3,5,2020년 12월 3일
164,치킨,서초구 방배동,가마로강정-교대점,ks**님,달콤 세트/1(음료 선택(콜라 （500ml）)),제 입맛에 맞아서 몇번시켰는지 기억도안나요,5,5,3,5,2020년 12월 1일
165,치킨,서초구 방배동,가마로강정-교대점,sj**님,"마늘간장순살치킨/1(음료 선택(콜라 （500ml）),추가 선택(매콤한 닭강정 （소） 추가,달콤한 닭강정 （소） 추가))",사장님 진짜 친절하세요 양도 진짜 많이 넣어주시고 맛도 짱입니다,5,5,5,5,2020년 11월 30일
166,치킨,서초구 방배동,가마로강정-교대점,h5**님,"마늘간장순살치킨/1(음료 선택(콜라 （500ml）),추가 선택(매콤한 닭강정 （소） 추가))",사진을 못찍었는데 맛있었어요 당연히 양념 돼있어서 튀김이 그렇게 바삭하짐 않았지만 그래도 맛있었어요,5,5,5,5,2020년 11월 29일
167,치킨,서초구 방배동,가마로강정-교대점,so**님,반반 세트 （매콤 ＋ 달콤）/1(음료 선택(콜라 （500ml）)),잘 먹었습니다 맛있게 먹느라 사진찍는걸 잊었어요 또 주문할게요,5,5,5,5,2020년 11월 28일
168,치킨,서초구 방배동,가마로강정-교대점,jk**님,매콤 세트/1(음료 선택(콜라 （500ml）)),오늘은 지난번 주문보단 살짝 덜 바삭했지만 역시 맛있어요,5,5,5,5,2020년 11월 28일
169,치킨,서초구 방배동,가마로강정-교대점,ch**님,반반 세트 （매콤 ＋ 달콤）/1(음료 선택(콜라 （500ml）)),치킨은 원래 마싯는데 가마로는 왜이렇게 더 마싯죠 바삭하고 살은 촉촉하고 맛도 아쥬 달달하면서 너무 맛잇어요 매콤도 매콤하고 너무 맛있습니다,5,5,5,5,2020년 11월 28일
170,치킨,서초구 방배동,가마로강정-교대점,ry**님,반반 세트 （매콤 ＋ 달콤）/1(음료 선택(사이다 （500ml）)),배달도 빨리왔고 맛있게 먹었습니다,4,5,4,4,2020년 11월 28일
171,치킨,서초구 방배동,가마로강정-교대점,ks**님,달콤 세트/1(음료 선택(사이다 （500ml）)),몇번째 시키는지 기억도안나요 존맛,5,5,3,5,2020년 11월 28일
172,치킨,서초구 방배동,가마로강정-교대점,mu**님,반반 세트 （매콤 ＋ 달콤）/1(음료 선택(콜라 （500ml）)),배달도 금방 오고 맛도 있네요 앞으로 자주 시키게될거같아요 ,5,5,5,5,2020년 11월 27일
173,치킨,서초구 방배동,가마로강정-교대점,eh**님,반반 세트 （매콤 ＋ 달콤）/1(음료 선택(사이다 （500ml）)),요기요는 리뷰이벵이 없나봐요 배민에서만 시켜봐서 몰랐네요 그래도 요청사항 잘 들어주시고 배달도 빨랐구 달콤매콤맛 둘 다 맛있구 짱죠아요,5,5,5,5,2020년 11월 26일
174,치킨,서초구 방배동,가마로강정-교대점,jh**님,"매콤 세트/1(음료 선택(콜라 （500ml）)),치즈갈릭소스/1",제가 떡을 안좋아해서 떡 빼고 먹는데 맛나요,5,5,5,5,2020년 11월 25일
175,치킨,서초구 방배동,가마로강정-교대점,pi**님,반반 세트 （매콤 ＋ 달콤）/1(음료 선택(콜라 （500ml）)),맛있어요 시간이 조금 더 걸렸지만요,5,5,5,5,2020년 11월 24일
176,치킨,서초구 방배동,가마로강정-교대점,sa**님,반반 세트 （매콤 ＋ 달콤）/1(음료 선택(사이다 （500ml）)),주문하고 분도 안걸린느낌빠름 너무 친절하시고 처음 먹는데 맛있어요 감사합니다 또 주문할게요,5,5,5,5,2020년 11월 23일
177,치킨,서초구 방배동,가마로강정-교대점,gr**님,반반 세트 （매콤 ＋ 달콤）/1(음료 선택(콜라 （500ml）)),맛있어요 간단히 먹기 적당,5,5,5,5,2020년 11월 23일
178,치킨,서초구 방배동,가마로강정-교대점,eu**님,매콤 세트/1(음료 선택(사이다 （500ml）)),이거 매콤세트로 보내신거 맞나요 다같이 먹다보니 가마로치고 너무 달고 특유의 매콤한 맛이 안난다고 말이 계속 나오네요 잘못보내신거 같아요 매콤먹고 싶었는데,4,4,5,5,2020년 11월 22일
179,치킨,서초구 방배동,가마로강정-교대점,sa**님,반반 세트 （매콤 ＋ 달콤）/1(음료 선택(콜라 （500ml）)),맛있어요배달 엄청 빨라서 만족합니다,5,5,5,5,2020년 11월 22일
180,치킨,서초구 방배동,가마로강정-교대점,13**님,반반 세트 （매콤 ＋ 달콤）/1(음료 선택(사이다 （500ml）)),감사히 잘먹었습니다 맛있었어요,5,5,5,5,2020년 11월 21일
181,치킨,서초구 방배동,가마로강정-교대점,su**님,마늘간장순살치킨/1(음료 선택(콜라 （500ml）)),배달빠름 양 부족하지 않음 맛 나쁘지 않음,3,3,4,5,2020년 11월 21일
182,치킨,서초구 방배동,가마로강정-교대점,ht**님,반반 세트 （매콤 ＋ 달콤）/1(음료 선택(콜라 （500ml）)),간만에 양 맛 배속 맘에 들었어요,5,5,5,5,2020년 11월 21일
183,치킨,서초구 방배동,가마로강정-교대점,ru**님,땡초＋달콤 반반 세트/1,부드럽구 너무 맛있어여 매운거 먹다가 달달한거 먹다가 끝도없이 들어가네요 반밖에 못먹었는데 너무 배불러요 떡 좋아하는데 맛있네요  배달도 빨랐습니다,5,5,5,5,2020년 11월 19일
184,치킨,서초구 방배동,가마로강정-교대점,rl**님,반반 세트 （매콤 ＋ 달콤）/1(음료 선택(사이다 （500ml）)),맛있게 잘먹었습니다요청사항도 잘 들어줘서 좋고 배달도 빨라서 좋아요,4,4,4,5,2020년 11월 19일
185,치킨,서초구 방배동,가마로강정-교대점,ja**님,반반 세트 （매콤 ＋ 달콤）/1(음료 선택(콜라 （500ml）)),배달은 익스프레스 라 빠르고 좋았음 점 남겨서 식은거 먹었는데 여긴 식었을땐 별로임 매콤 보다는 달콤 이 더 맛있었 매운거 좋아하는데 매콤은 양념통닭 맛 그래도 배달 빨라서 맛나게 잘 먹음,4,4,3,5,2020년 11월 17일
186,치킨,서초구 방배동,가마로강정-교대점,mi**님,반반 세트 （매콤 ＋ 달콤）/1(음료 선택(콜라 （500ml）)),양념 맛 배달 속도 모두 만족하였으나 일부 닭에서 냄새가 나서 그랬습니다 뜨거울때는 몰랐는데 식으니 냄새가 강해졌습니다 다른 사항은 모두 만족입니다,4,3,5,5,2020년 11월 16일
187,치킨,서초구 방배동,가마로강정-교대점,ed**님,달콤 세트/1(음료 선택(콜라 （500ml）)),넘넘 맛나요 가마로강정 짱,5,5,5,5,2020년 11월 16일
188,치킨,서초구 방배동,가마로강정-교대점,bz**님,달콤 세트/1(음료 선택(콜라 （500ml）)),역시 맛있어요 양도 넉넉하니 좋아요 다음엔 매콤한맛도 먹고싶네요,5,5,5,5,2020년 11월 15일
189,치킨,서초구 방배동,가마로강정-교대점,mi**님,달콤 세트/1(음료 선택(콜라 （500ml）)),가마로강장 달콤 맛 아이들이 넘 잘먹어요 맛있는 치킨 감사합니다,5,5,5,5,2020년 11월 15일
190,치킨,서초구 방배동,가마로강정-교대점,ed**님,"달콤 세트/1(음료 선택(콜라 （500ml）)),콜라 （1.25L）/1",짱짱 맛있어요 가마로 짱,5,5,5,5,2020년 11월 15일
191,치킨,서초구 방배동,가마로강정-교대점,zy**님,달콤 세트/1(음료 선택(사이다 （500ml）)),양도 넉넉했고 맛있었어요 배달도 빨랐구요,5,5,5,5,2020년 11월 15일
192,치킨,서초구 방배동,가마로강정-교대점,wl**님,반반 세트 （매콤 ＋ 달콤）/1(음료 선택(콜라 （500ml）)),배달도 빠르고 맛있어요 감사합니다 번창하세요,5,5,5,5,2020년 11월 14일
193,치킨,서초구 방배동,가마로강정-교대점,do**님,반반 세트 （매콤 ＋ 달콤）/1(음료 선택(콜라 （500ml）)),맛있고 배달도 빠릅니다,5,5,5,5,2020년 11월 13일
194,치킨,서초구 방배동,가마로강정-교대점,sa**님,반반 세트 （매콤 ＋ 달콤）/1(음료 선택(콜라 （500ml）)),닭강정이바삭바삭 맛있어요 ,5,5,5,5,2020년 11월 12일
195,치킨,서초구 방배동,가마로강정-교대점,32**님,매콤 세트/1(음료 선택(콜라 （500ml）)),천엔 안그랬는데 갈수록 껍질만 튀겨져서 오네요,2,3,3,5,2020년 11월 11일
196,치킨,서초구 방배동,가마로강정-교대점,se**님,"마늘간장순살치킨/1(음료 선택(콜라 （500ml）)),땡초＋달콤 반반 세트/1",너어어어어무 맛잇게 잘먹엇어요,5,5,5,5,2020년 11월 11일
197,치킨,서초구 방배동,가마로강정-교대점,ke**님,반반 세트 （매콤 ＋ 달콤）/1(음료 선택(사이다 （500ml）)),맛있어요 좋은기회에 맛봐서 좋아요,5,5,5,5,2020년 11월 9일
198,치킨,서초구 방배동,가마로강정-교대점,ni**님,반반 세트 （매콤 ＋ 달콤）/1(음료 선택(콜라 （500ml）)),배달이 너무빠릅니다짱짱 항상 따숩이 강정을 먹을수있어여 내입맛에맞는 가마로강죵이,5,5,5,5,2020년 11월 9일
199,치킨,서초구 방배동,가마로강정-교대점,ed**님,"달콤 세트/1(음료 선택(콜라 （500ml）)),콜라 （1.25L）/1",중독되었다 가마로 넌 내꺼야,5,5,5,5,2020년 11월 7일
200,치킨,서초구 방배동,가마로강정-교대점,ry**님,"마늘간장순살치킨/1(음료 선택(사이다 （500ml）),추가 선택(매콤한 닭강정 （중） 추가))",예상보다 너무 빨리 배달해주셨고 양도 많고 맛있게 잘먹었습니다 다음에 다시 주문하게 될것 같네요,5,5,5,5,2020년 11월 7일
201,치킨,서초구 방배동,가마로강정-교대점,ta**님,반반 세트 （매콤 ＋ 달콤）/1(음료 선택(콜라 （500ml）)),무대신 양도 많이 주시고 너무 맛있게 잘먹었어요 번창하세요,5,5,5,5,2020년 11월 5일
202,치킨,서초구 방배동,가마로강정-교대점,ho**님,반반 세트 （매콤 ＋ 달콤）/2(음료 선택(콜라 （500ml）)),굿 바삭하고 달짝지근 하고 맛나요,5,5,5,5,2020년 11월 5일
203,치킨,서초구 방배동,가마로강정-교대점,oz**님,후라이드 세트/1(음료 선택(사이다 （500ml）)),이 집 프라이드 치킨은 다르다,5,5,5,5,2020년 11월 5일
204,치킨,서초구 방배동,가마로강정-교대점,wl**님,반반 세트 （매콤 ＋ 달콤）/1(음료 선택(콜라 （500ml）)),배달도 빠르고 맛있어요 감사합니다 번창하세요,5,5,5,5,2020년 11월 3일
205,치킨,서초구 방배동,가마로강정-교대점,al**님,매콤 세트/1(음료 선택(사이다 （500ml）)),배달 진짜 너무 빨라서 놀랐어요 덕분에 따끈따끈 바삭하게 잘 먹었습니다,5,5,5,5,2020년 11월 2일
206,치킨,서초구 방배동,가마로강정-교대점,ch**님,"후라이드 세트/1(음료 선택(콜라 （500ml）),추가 선택(매콤한 닭강정 （소） 추가))",하 사진에 뼈있는한마리 후라이드치킨으로 나와있어서 주문했는데 그냥 순살후라이드네요 이럴줄알았으면 강정으로시키거나 다른곳에서 시켰을텐데요 맛은있겠지 양도 좋고배달도빠르지만 사진을 바꿔주세요 이런일없도록이요,1,3,5,5,2020년 10월 31일
207,치킨,서초구 방배동,가마로강정-교대점,sj**님,매콤 세트/1(음료 선택(콜라 （500ml）)),펩시여서 만점은 못드리고 맛있어요,4,5,5,4,2020년 10월 30일
208,치킨,서초구 방배동,가마로강정-교대점,li**님,반반 세트 （매콤 ＋ 달콤）/1(음료 선택(콜라 （500ml）)),정말 빠르게 도착했어요 아주 맛있게 잘먹었습니다,5,5,5,5,2020년 10월 28일
209,치킨,서초구 방배동,가마로강정-교대점,ho**님,반반 세트 （매콤 ＋ 달콤）/1(음료 선택(사이다 （500ml）)),너무 달아서 거의 남겼어요 달콤도 달고 매콥도 달고 너무 달아서 입이 얼얼한 지경입니다,1,1,3,5,2020년 10월 28일
210,치킨,서초구 방배동,가마로강정-교대점,hy**님,반반 세트 （매콤 ＋ 달콤）/1(음료 선택(콜라 （500ml）)),배달도 빨라서 따뜻해서 맛있어요 양도 엄청푸짐해요,5,5,5,5,2020년 10월 26일
211,치킨,서초구 방배동,가마로강정-교대점,83**님,반반 세트 （매콤 ＋ 달콤）/1(음료 선택(콜라 （500ml）)),친절도 최고 맛도 최고에요 가마로강정 체인점인데 지점마다 요리상태나 맛이 다르더라구요 미리 조리 해두고 포장만하는곳이랑 차원이 다른듯요 배달가능한 다른지점도 있으나 꼭 교대점에서만 먹어요 젊은 사장님인지 직원분인지 그분 너무친절해요 ,5,5,5,5,2020년 10월 26일
212,치킨,서초구 방배동,가마로강정-교대점,ht**님,반반 세트 （매콤 ＋ 달콤）/1(음료 선택(콜라 （500ml）)),양이 매우적음 맛은 양에 비해 양념이 많아 짬,3,4,3,5,2020년 10월 26일
213,치킨,서초구 방배동,가마로강정-교대점,oz**님,후라이드 세트/1(음료 선택(사이다 （500ml）)),기름기 없이 바삭하고 맛있는 맛입니다 강추,5,5,5,5,2020년 10월 25일
214,치킨,서초구 방배동,가마로강정-교대점,16**님,"반반 세트 （매콤 ＋ 달콤）/1(음료 선택(사이다 （500ml）)),각 무/1,사이다 （1.25L）/1",맛있었어요매콤한것도 달콤한것두요,5,5,4,5,2020년 10월 25일
215,치킨,서초구 방배동,가마로강정-교대점,ba**님,땡초＋달콤 반반 세트/1,빠른 배송 감사합니다 땡초는 매운것보다 짠맛이 더 많아서 좀 아쉬웠어요 그것 빼곤 굿이요,4,4,5,5,2020년 10월 24일
216,치킨,서초구 방배동,가마로강정-교대점,ch**님,반반 세트 （매콤 ＋ 달콤）/1(음료 선택(콜라 （500ml）)),맛있었어요 그런데 치킨무가 너무 질기고 맛이 별로였어요,4,4,4,3,2020년 10월 24일
217,치킨,서초구 방배동,가마로강정-교대점,ni**님,"매콤 세트/1(음료 선택(콜라 （500ml）),추가 선택(달콤한 닭강정 （소） 추가))",제가 원래 가마로는 예전에 처음먹었을때 넘딱딱해서 안먹었는대 여기는 넘 부드럽궁 맛있욤 사장님 근데 오늘 매콤은 안맵구 넘 달았어요 그래두맛있게먹었어요 또올께용,5,5,5,5,2020년 10월 23일
218,치킨,서초구 방배동,가마로강정-교대점,wj**님,매콤 세트/1(음료 선택(사이다 （500ml）)),잘 먹었습니다 맛있고 배달 빨라요,5,5,5,5,2020년 10월 22일
219,치킨,서초구 방배동,가마로강정-교대점,sk**님,반반 세트 （매콤 ＋ 달콤）/1(음료 선택(콜라 （500ml）)),조금 달긴 한데 양도 많고 맛있어요,5,5,5,5,2020년 10월 21일
220,치킨,서초구 방배동,가마로강정-교대점,ae**님,반반 세트 （매콤 ＋ 달콤）/1(음료 선택(콜라 （500ml）)),양 마니 주셔서 감사드려요 배달도 빨리와서 따뜻하게 잘 먹을 수 있었고 매콤과 달콤 양념 둘 다 넘 맛있네요 넉넉한 양념과 양 덕분에 기분마저도 해피해졌네요 더 번창하세요 감사합니다,5,5,5,5,2020년 10월 20일
221,치킨,서초구 방배동,가마로강정-교대점,hc**님,반반 세트 （매콤 ＋ 달콤）/1(음료 선택(콜라 （500ml）)),맛있습니다 그리고 요청사항 너무 잘 들어주셔서 감사합니다 배달도 너무 빠릅니다,5,5,5,5,2020년 10월 18일
222,치킨,서초구 방배동,가마로강정-교대점,ca**님,반반 세트 （매콤 ＋ 달콤）/1(음료 선택(콜라 （500ml）)),치킨무 남는게있어서 빼달라고햇는데 치킨무뺀대신 양 넉넉하게 넣어드렷다는 손글씨에 감동받았습니다 사진을 못찍어 아쉽지만 고기도 큼지막하고 맛있습니다 다만 아쉬운점이라면 사람마다 입맛이 다르지만 달콤이가 저한테는 너무 달앗던거같아요 매콤이는 맛있습니다,4,4,5,5,2020년 10월 12일
223,치킨,서초구 방배동,가마로강정-교대점,rl**님,반반 세트 （매콤 ＋ 달콤）/1(음료 선택(사이다 （500ml）)),정말 정말 맛있어요오랜만에 가마로 강정먹는데 오랜만에 먹어서 그런지 더 맛있어졌고 서비스도 더 좋아진것 같아요 요청사항도 잘 들어주셔서 너무너무 고마웠어요다음이 또 시켜먹으려고요,5,5,5,5,2020년 10월 11일
224,치킨,서초구 방배동,가마로강정-교대점,la**님,매콤 세트/1(음료 선택(사이다 （500ml）)),배달 빠르고 맛있어요 ,5,5,5,5,2020년 10월 10일
225,치킨,서초구 방배동,가마로강정-교대점,jh**님,"매콤 세트/1(음료 선택(콜라 （500ml）)),치즈갈릭소스/1",배달은 빨랏는데 식은게 왔네용 그래도 맛남,5,5,5,5,2020년 10월 5일
226,치킨,서초구 방배동,가마로강정-교대점,my**님,달콤 세트/1(음료 선택(사이다 （500ml）)),맛있었어요 익스프레스라 주말인데도 배달이 칼같이 오네요 사이다 주문했는데 콜라가 온거 빼곤,5,5,5,5,2020년 10월 4일
227,치킨,서초구 방배동,가마로강정-교대점,sk**님,반반 세트 （매콤 ＋ 달콤）/1(음료 선택(콜라 （500ml）)),간만에 강정생각 나서 시켰어요 맛있게 잘 먹었습니다 ,5,5,5,5,2020년 10월 4일
228,치킨,서초구 방배동,가마로강정-교대점,la**님,매콤 세트/1(음료 선택(사이다 （500ml）)),완전 따끈하고 매콤하고 맛있어요  배달 빨라지니까 제대로 먹는거 같아요 요기요 안쓰다가 가마로강정 먹을려고 다시 휴면계정 복구했는뎅 후회안합니다 좋은 주말 보내세요,5,5,5,5,2020년 10월 3일
229,치킨,서초구 방배동,가마로강정-교대점,ed**님,"달콤 세트/1(음료 선택(사이다 （500ml）)),콜라 （1.25L）/1",그렇다 나는 가마로 중독자,5,5,5,5,2020년 9월 30일
230,치킨,서초구 방배동,가마로강정-교대점,ro**님,반반 세트 （매콤 ＋ 달콤）/1(음료 선택(사이다 （500ml）)),우와 익스프레스 배달예정시간에 딱 맞춰서 빠르게 배달해주셨어요  맛나게 잘 먹었습니다 담에도 또 시켜먹을 거에요,5,5,5,5,2020년 9월 27일
231,치킨,서초구 방배동,가마로강정-교대점,ch**님,반반 세트 （매콤 ＋ 달콤）/1(음료 선택(콜라 （500ml）)),배달 진짜 대따 빠르구 바삭바삭 맛있어요,5,5,5,5,2020년 9월 27일
232,치킨,서초구 방배동,가마로강정-교대점,kc**님,"땡초＋달콤 반반 세트/1,사이다 （1.25L）/1",처음 시켰는데 맛있네요,5,5,3,5,2020년 9월 25일
233,치킨,서초구 방배동,가마로강정-교대점,im**님,반반 세트 （매콤 ＋ 달콤）/1(음료 선택(사이다 （500ml）)),양은 적지만 맛있어요 특히 매콤한 맛이 많이 안매워서 좋아요,5,5,3,5,2020년 9월 25일
234,치킨,서초구 방배동,가마로강정-교대점,sy**님,반반 세트 （매콤 ＋ 달콤）/1(음료 선택(콜라 （500ml）)),진짜 올만에 먹었는데 맛있었음,5,5,5,5,2020년 9월 24일
235,치킨,서초구 방배동,가마로강정-교대점,jo**님,반반 세트 （매콤 ＋ 달콤）/1(음료 선택(사이다 （500ml）)),진짜 이근처 닭강정집중 원탑존맛 사장님도 친절하시구 배달도빠르네여 굳굳,5,5,5,5,2020년 9월 23일
236,치킨,서초구 방배동,가마로강정-교대점,s2**님,반반 세트 （매콤 ＋ 달콤）/1(음료 선택(사이다 （500ml）)),항상시켜먹는데 너무맛있고 친절해요,5,5,5,5,2020년 9월 22일
237,치킨,서초구 방배동,가마로강정-교대점,jr**님,매콤 세트/1(음료 선택(사이다 （500ml）)),치킨무를 별로 안 좋아해서 안주셔도 괜찮다고 하니 양을 엄청 많이 주셨네요 기분 좋게 맛있게 먹었습니다,5,5,5,5,2020년 9월 21일
238,치킨,서초구 방배동,가마로강정-교대점,tw**님,땡초＋달콤 반반 세트/1,너무 맛있어요 배달도 엄청 빠릅니다 해야할 일 있어서 배달오고 한 이십분 후에 먹었는데도 따뜻하고 맛있어요 땡초는 많이 매워서 달콤이랑 같이 먹으니까 아주 조합이 기가 막힙니다 비주얼부터 완벽하기 짝이 없네요 정말 감동이에요 최고 자주 먹을게요,5,5,5,5,2020년 9월 20일
239,치킨,서초구 방배동,가마로강정-교대점,en**님,"달콤 세트/1(음료 선택(콜라 （500ml）),추가 선택(반반 닭강정 （매콤 ＋ 달콤） 추가))",좋아요 또 이용하려구요,5,5,5,5,2020년 9월 20일
240,치킨,서초구 방배동,가마로강정-교대점,da**님,반반 세트 （매콤 ＋ 달콤）/1(음료 선택(콜라 （500ml）)),야근할때 먹었는데 너무 맛있었어요 퇴근못했지만 잠시 행복했어요,5,5,5,5,2020년 9월 16일
241,치킨,서초구 방배동,가마로강정-교대점,lg**님,반반 세트 （매콤 ＋ 달콤）/1(음료 선택(콜라 （500ml）)),양념이 많이 달았요 너무 달아서 치킨 고유의 고소한 맛을 잘 못느끼고 조금 먹다 질리게 되네요 치킨은 잘 튀겨졋는데 치킨 본래의 맛을 믿으시고 덜 달았으면 합니다,3,3,4,5,2020년 9월 15일
242,치킨,서초구 방배동,가마로강정-교대점,in**님,반반 세트 （매콤 ＋ 달콤）/1(음료 선택(콜라 （500ml）)),핵존맛 내일도 또 먹고싶어요 다음에는 땡초 시킬거 음료 서비스 감사해용,5,5,5,5,2020년 9월 14일
243,치킨,서초구 방배동,가마로강정-교대점,ye**님,달콤 세트/1(음료 선택(콜라 （500ml）)),자주 시켜 먹어요 맛있어요,5,5,5,5,2020년 9월 13일
244,치킨,서초구 방배동,가마로강정-교대점,jh**님,"달콤 세트/1(음료 선택(콜라 （500ml）)),매콤 세트/1(음료 선택(콜라 （500ml）))",맛있고 빠른배송 감사합니다 어려운 시기에 파이팅 입니다 ,5,5,5,5,2020년 9월 13일
245,치킨,서초구 방배동,가마로강정-교대점,ch**님,반반 세트 （매콤 ＋ 달콤）/1(음료 선택(사이다 （500ml）)),배달 빠르고 양도많고 간만에 먹는데 너무맛있어요 최고 ,5,5,5,5,2020년 9월 13일
246,치킨,서초구 방배동,가마로강정-교대점,ft**님,반반 세트 （매콤 ＋ 달콤）/1(음료 선택(사이다 （500ml）)),배달이 빠르고 맛있어요 ,5,5,5,5,2020년 9월 12일
247,치킨,서초구 방배동,가마로강정-교대점,ed**님,"반반 세트 （매콤 ＋ 달콤）/1(음료 선택(콜라 （500ml）)),콜라 （1.25L）/1",어떡해  가마로에 중독되었어요  넘모 맛있어,5,5,5,5,2020년 9월 12일
248,치킨,서초구 방배동,가마로강정-교대점,jh**님,"매콤 세트/1(음료 선택(콜라 （500ml）),추가 선택(매콤한 닭강정 （소） 추가))",저번보다는 양이 줄었지만  맛있어요,5,5,4,5,2020년 9월 11일
249,치킨,서초구 방배동,가마로강정-교대점,ah**님,달콤 세트/1(음료 선택(콜라 （500ml）)),요청사항도 신경써주셔서 반영해주시는데 집 근처 말고 배달비 더 내더라도 전 여기로 주문합니다,5,5,5,5,2020년 9월 10일
250,치킨,서초구 방배동,가마로강정-교대점,ah**님,달콤 세트/1(음료 선택(콜라 （500ml）)),맛있게 너무 잘 먹었어요 사장님,5,5,5,5,2020년 9월 10일
251,치킨,서초구 방배동,가마로강정-교대점,dj**님,매콤 세트/1(음료 선택(콜라 （500ml）)),여기 단골입니다 항상 맛있게 시켜먹고 있습니다,5,5,5,5,2020년 9월 10일
252,치킨,서초구 방배동,가마로강정-교대점,nn**님,달콤 세트/1(음료 선택(콜라 （500ml）)),믿고먹는 교대가마로강정 땅콩마니요청드룠는데 어마무시하게 감사합니다 요즘 닭강정 중독되서 자주시켜먹는데 오늘도 대만족 감사합니다 역시 뭐 맛은 말할것두 없숨당,5,5,5,4,2020년 9월 6일
253,치킨,서초구 방배동,가마로강정-교대점,ed**님,"달콤 세트/1(음료 선택(콜라 （500ml）)),콜라 （1.25L）/1",빠르게 먹고 싶은데 보장된 맛이니까 늘 시킴 배달 엄청 빠름 ,5,5,5,5,2020년 9월 6일
254,치킨,서초구 방배동,가마로강정-교대점,km**님,"달콤 세트/1(음료 선택(콜라 （500ml）),추가 선택(매콤한 닭강정 （중） 추가))",보통맛이 간장맛이에요 매운맛이 보통 우리가 아는 보통맛,3,2,1,5,2020년 9월 5일
255,치킨,서초구 방배동,가마로강정-교대점,ah**님,달콤 세트/1(음료 선택(콜라 （500ml）)),주문 후 주문이 안떠서 전화했는데 여기 사장님이신지 대게 친절하시네요 이런 곳은 무조건 대박나셔야 해요 조만간 또 주문드릴 예정입니다,5,5,5,5,2020년 9월 3일
256,치킨,서초구 방배동,가마로강정-교대점,sy**님,반반 세트 （매콤 ＋ 달콤）/1(음료 선택(사이다 （500ml）)),오늘따라 닭껍질 튀김만 먹는 느낌이었어요,4,4,5,5,2020년 8월 31일
257,치킨,서초구 방배동,가마로강정-교대점,st**님,땡초＋달콤 반반 세트/1,대박 빠르고 넘좋아요 익스프레스 바삭하고 따뜻한 강정과 맥주한캔으로 주말 마무리했습니다 제입맛에는 땡초가 맞네요 매운걸좋아하는 편이라매콤과 얼마나 다른진 머르겠지만 땡초도 매콤한 정도에여,5,5,5,5,2020년 8월 31일
258,치킨,서초구 방배동,가마로강정-교대점,rl**님,반반 세트 （매콤 ＋ 달콤）/1(음료 선택(사이다 （500ml）)),진짜 너무 맛있게 먹었습니다,5,5,5,5,2020년 8월 30일
259,치킨,서초구 방배동,가마로강정-교대점,hy**님,달콤 세트/1(음료 선택(사이다 （500ml）)),사장님 메모 감사합니다 늘 맛있는 가마로 달콤세트 엄지척,5,5,5,5,2020년 8월 29일
260,치킨,서초구 방배동,가마로강정-교대점,a1**님,반반 세트 （매콤 ＋ 달콤）/1(음료 선택(콜라 （500ml）)),생각지도 못했는데 감사합니다 맛잇어요 ,4,5,5,4,2020년 8월 27일
261,치킨,서초구 방배동,가마로강정-교대점,ed**님,"달콤 세트/1(음료 선택(콜라 （500ml）)),콜라 （1.25L）/1",짱짱맛 가마로강정 요새 자주시킴 꽂힘,5,5,5,5,2020년 8월 27일
262,치킨,서초구 방배동,가마로강정-교대점,kk**님,반반 세트 （매콤 ＋ 달콤）/1(음료 선택(콜라 （500ml）)),오랜만에 가마로 강정 반반 먹었는데 너무너무 맛있게 잘먹었습니다 번창시고 장사대박나세요,5,5,5,5,2020년 8월 26일
263,치킨,서초구 방배동,가마로강정-교대점,ks**님,달콤 세트/1(음료 선택(콜라 （500ml）)),이번주에 벌써 두번시키네요 맛있어요,5,5,5,5,2020년 8월 26일
264,치킨,서초구 방배동,가마로강정-교대점,sa**님,반반 세트 （매콤 ＋ 달콤）/1(음료 선택(콜라 （500ml）)),몇년만에 먹는데 정말 맛있네요 감사합니다,5,5,5,5,2020년 8월 25일
265,치킨,서초구 방배동,가마로강정-교대점,aa**님,"후라이드 세트/1(음료 선택(콜라 （500ml）)),치즈갈릭소스/1",사진도 후라이드치킨이고 후라이드한마리세트라서 시켰는데 닭강정뿐이었어요 닭강정은 잘 안먹는데저녁시간이라 먹었지만 아쉬웠습니다,4,4,3,3,2020년 8월 24일
266,치킨,서초구 방배동,가마로강정-교대점,kt**님,반반 세트 （매콤 ＋ 달콤）/1(음료 선택(사이다 （500ml）)),존맛탱구리 또주문할게용,5,5,5,5,2020년 8월 24일
267,치킨,서초구 방배동,가마로강정-교대점,dl**님,"마늘간장순살치킨/1(음료 선택(콜라 （500ml）)),반반 세트 （매콤 ＋ 달콤）/1(음료 선택(콜라 （500ml）))",배달 이렇게 빨라 온건 처음이에요 반반강정 정말 맛있게 먹고 마늘 간장은 좀짜서 밥이랑 먹으면 좋을거 같아요 계속 주문하고 싶은 맛이에요번창하세요,5,5,5,5,2020년 8월 23일
268,치킨,서초구 방배동,가마로강정-교대점,tj**님,"땡초＋달콤 반반 세트/1,콜라 （1.25L）/1",땡초강정은 처음 먹어봤는데 맛있었어요 비가 많이 오는데도 빨리 배달해주셔서 감사했습니다,5,5,5,5,2020년 8월 23일
269,치킨,서초구 방배동,가마로강정-교대점,ed**님,"달콤 세트/1(음료 선택(콜라 （500ml）)),콜라 （1.25L）/1",배달 엄청 빠르고요 맛있어요 갠적으로는 달콤 추천,5,5,5,5,2020년 8월 21일
270,치킨,서초구 방배동,가마로강정-교대점,ks**님,반반 세트 （매콤 ＋ 달콤）/1(음료 선택(콜라 （500ml）)),가마로강정 첫주문인데 배송완전빠르네요 닭강정먹고싶었는데 너무맛있게먹었어요 다음에 또주문할께요,5,5,5,5,2020년 8월 20일
271,치킨,서초구 방배동,가마로강정-교대점,vy**님,반반 세트 （매콤 ＋ 달콤）/1(음료 선택(콜라 （500ml）)),배달이 너무 빨라서 의심했는데 따끈따끈하고 바삭한 닭강정이 분만에 도착했어요 달콤한맛 반 매콤한맛 반 시켰는데 아이랑 먹기 딱 좋아요,5,5,5,5,2020년 8월 14일
272,치킨,서초구 방배동,가마로강정-교대점,kj**님,매콤 세트/1(음료 선택(콜라 （500ml）)),배달의 민족은 메뉴가 다양해 서 앙이 적은 중 도 있고 배달팁도  원 인데 요기요는 대 만 있고 배달팁도  원이여서 다 못 먹고 버렸습니다 인용 주문하살분 참고하세요,3,3,4,4,2020년 8월 9일
273,치킨,서초구 방배동,가마로강정-교대점,ed**님,"달콤 세트/1(음료 선택(콜라 （500ml）)),콜라 （1.25L）/1",배달이 진짜 빠름 요기요 완전 대박인듯 닭강정도 ,5,5,5,5,2020년 8월 9일
274,치킨,서초구 방배동,가마로강정-교대점,dk**님,반반 세트 （매콤 ＋ 달콤）/1(음료 선택(콜라 （500ml）)),맛있었어요  많이먹었음,5,5,4,5,2020년 8월 5일
275,치킨,서초구 방배동,가마로강정-교대점,ed**님,반반 세트 （매콤 ＋ 달콤）/1(음료 선택(콜라 （500ml）)),일단 배달이 빨라서 넘나 좋음  분도 안됐는데 음식이 내 앞에 근데 또 맛있어서 더 좋음,5,5,5,5,2020년 8월 5일
276,치킨,서초구 방배동,가마로강정-교대점,li**님,매콤 세트/1(음료 선택(콜라 （500ml）)),너무 맛있어요 자주 시켜먹을게요,5,5,5,5,2020년 8월 3일
277,치킨,서초구 방배동,가마로강정-교대점,am**님,반반 세트 （매콤 ＋ 달콤）/1(음료 선택(콜라 （500ml）)),바삭하고 쫀득한 양념 굿입니다 배달은 너무 빠른거 아닌가요 분정도 걸렸음,5,5,5,5,2020년 8월 3일
278,치킨,서초구 방배동,가마로강정-교대점,ne**님,반반 세트 （매콤 ＋ 달콤）/1(음료 선택(사이다 （500ml）)),문제가 있었지만 바로 대응 해주셨어요 좋네요,4,4,4,5,2020년 7월 31일
279,치킨,서초구 방배동,가마로강정-교대점,ks**님,"달콤 세트/1(음료 선택(콜라 （500ml）),추가 선택(매콤한 닭강정 （중） 추가))",잘먹었습니다 자주시키는 곳이에요 ,5,5,5,5,2020년 7월 31일
280,치킨,서초구 방배동,가마로강정-교대점,to**님,매콤 세트/1(음료 선택(사이다 （500ml）)),배달빠르고양많고 닭강정먹고싶을때는 무조건 가마로,5,5,5,5,2020년 7월 30일
281,치킨,서초구 방배동,가마로강정-교대점,lo**님,달콤 세트/1(음료 선택(콜라 （500ml）)),평들이 좋아서 함 시켜봤는데 앞으로 쭈욱 단골 하기로 했어요 요청사항도 잘 들어주시고 치킨무 맨날 버리는데 잘먹었습니닷 또 올께요,5,5,5,5,2020년 7월 22일
282,치킨,서초구 방배동,가마로강정-교대점,de**님,"반반 세트 （매콤 ＋ 달콤）/1(음료 선택(사이다 （500ml）),추가 선택(매콤한 닭강정 （소） 추가,달콤한 닭강정 （중） 추가))",사이다로 주문했는데 콜라가 왔네요,2,4,4,4,2020년 7월 20일
283,치킨,서초구 방배동,가마로강정-교대점,ks**님,"달콤 세트/1(음료 선택(콜라 （500ml）),추가 선택(매콤한 닭강정 （중） 추가))",잘먹었습니다 배달도 빨리 왔어요,5,5,5,5,2020년 7월 11일
284,치킨,서초구 방배동,가마로강정-교대점,du**님,"반반 세트 （매콤 ＋ 달콤）/1(음료 선택(콜라 （500ml）)),각 무/1",맛은 애매하지만 강정 느낌은 확실,5,5,5,5,2020년 7월 4일
285,치킨,서초구 방배동,가마로강정-교대점,wi**님,마늘간장순살치킨/1(음료 선택(콜라 （500ml）)),맛있게 잘 먹었습니다 수고하셨습니다,5,5,5,5,2020년 7월 4일
286,치킨,서초구 방배동,가마로강정-교대점,le**님,반반 세트 （매콤 ＋ 달콤）/1(음료 선택(사이다 （500ml）)),와우 맛있어오 비싼 가격에 불편했지만 맛은 끝내주네여,5,5,5,5,2020년 6월 20일
287,치킨,서초구 방배동,가마로강정-교대점,ye**님,반반 세트 （매콤 ＋ 달콤）/1(음료 선택(콜라 （500ml）)),배달 빠르고 맛도 있어용 양도 적당한것 같습니다 다 먹어서 남은것 밖에 사진이 없네용,5,5,4,5,2020년 6월 13일
288,치킨,서초구 방배동,가마로강정-교대점,jj**님,반반 세트 （매콤 ＋ 달콤）/1(음료 선택(콜라 （500ml）)),맛은 있는데 양념소스가 좀 적었어요 넉넉히 버무려야 더 맛있는데 그점이 좀 아쉽네요 그리고 매운맛 전혀 맵지 않아요 매운거 잘 못먹는 저도 맵다는 생각 안했을 정도 그리고 양은 적은 편,4,5,1,4,2020년 6월 2일
289,치킨,서초구 방배동,가마로강정-교대점,wj**님,매콤 세트/1(음료 선택(사이다 （500ml）)),맛있어요 튀김옷이 얇고 바삭바삭해서 좋아요 맛있어요 근데 닭냄새 좀 나요 그래도 튀김옷이 바삭하고 맛도 매콤달콤이 적절하니 좋아서 너무 맛있게 잘 먹었습니다,5,5,5,5,2020년 5월 30일
290,치킨,서초구 방배동,가마로강정-교대점,ye**님,반반 세트 （매콤 ＋ 달콤）/1(음료 선택(사이다 （500ml）)),자주 시켜먹는 곳입니다 오늘도 아주 맛있었습니다,5,5,5,5,2020년 5월 23일
291,치킨,서초구 방배동,가마로강정-교대점,dd**님,매콤 세트/1(음료 선택(사이다 （500ml）)),깔끔하고 맛도 더 맛있어졌어요 가마로 한번 먹어보고 닭강정 가마로만 찾게되네요 사장님도 정말 친절하시고 개인적으로 달콤맛 보다 매콤맛이 더 맛있는거 같아요 저는 매운거 좋아합니다 잘 먹었습니다 사장님,5,5,5,5,2020년 5월 20일
292,치킨,서초구 방배동,가마로강정-교대점,ja**님,달콤 세트/1(음료 선택(콜라 （500ml）)),맛나게 잘먹었어요 번창하세요,5,5,5,5,2020년 5월 19일
293,치킨,서초구 방배동,가마로강정-교대점,손님,"반반 세트 （매콤 ＋ 달콤）/1(음료 선택(콜라 （500ml）),추가 선택(달콤한 닭강정 （소） 추가))",우왕 너무 맛있어용 양부독할가봐원어치 더시켰습니다 너무 맛잇네요 번창하세요,5,5,5,5,2020년 5월 17일
294,치킨,서초구 방배동,가마로강정-교대점,mi**님,달콤 세트/1(음료 선택(콜라 （500ml）)),너무 맛있어요 가서 사먹어야지 했는데 요기요플러스에 있어서 넘 편하게 먹었네요 입구도 스티커로 막아놔서 안심되고 좋았어요,5,5,5,5,2020년 5월 15일
295,치킨,서초구 방배동,가마로강정-교대점,le**님,반반 세트 （매콤 ＋ 달콤）/1(음료 선택(콜라 （500ml）)),맛있지만 배달이 살짝 아쉽네요 비도오고 먼 거리라서 그런것 같네요,5,5,5,4,2020년 5월 13일
296,치킨,서초구 방배동,가마로강정-교대점,ja**님,달콤 세트/1(음료 선택(콜라 （500ml）)),맛나게 잘먹었어요 번창하세요,5,5,5,5,2020년 5월 13일
297,치킨,서초구 방배동,가마로강정-교대점,hy**님,반반 세트 （매콤 ＋ 달콤）/1(음료 선택(콜라 （500ml）)),양만 좀더 많으면 더 좋겠네요 그래두 맛있게 잘먹었습니다,5,5,4,5,2020년 5월 10일
