﻿,Category,Location,Restaurant,UserID,Menu,Review,Total,Taste,Quantity,Delivery,Date
0,치킨,강남구 삼성동,경성식당-강남본점,an**님,"김치찌개 [공기밥＋도시락김 포함] /1(기본 선택(돼지 김치찌개＋도시락 김),밥 변경 선택(공기밥)),미역국 [공기밥＋도시락김 포함] /1(기본 선택(소고기미역국)),장조림버터비빔밥＋계란후라이/1",주문한지삼십분만에 배달욋서요 맛잇서용,4,4,4,4,2021년 3월 6일
1,치킨,강남구 삼성동,경성식당-강남본점,ro**님,"미역국 [공기밥＋도시락김 포함] /1(기본 선택(소고기미역국),사이드메뉴 추가선택(계란후라이)),간장버터계란밥/1",미역국 맛있어용 번째 시켰어용 사장님 소고기 좀만 더 연하면 바랄 게 없겠어용 서비스 식혜 잘 마셨어요 여긴 확실히 맛집 배송도 빠르고 뜨거워서 호호 불어먹었어요,5,5,5,5,2021년 2월 12일
2,치킨,강남구 삼성동,경성식당-강남본점,hb**님,"김치찌개 [공기밥＋도시락김 포함] /1(기본 선택(돼지 김치찌개＋도시락 김),밥 변경 선택(공기밥),김치찌개 사이드메뉴 추가선택(계란후라이))",배달빠르고 맛도좋았어요,5,5,5,5,2021년 1월 7일
3,치킨,강남구 삼성동,경성식당-강남본점,js**님,"미역국 [공기밥＋도시락김 포함] /1(기본 선택(소고기미역국),사이드메뉴 추가선택(계란말이))",배달엄청빠르고 너무 맛있게 잘먹었습니다,5,5,5,5,2020년 12월 31일
4,치킨,강남구 삼성동,경성식당-강남본점,ch**님,"김치찌개 [공기밥＋도시락김 포함] /1(기본 선택(스팸 김치찌개＋도시락 김),밥 변경 선택(공기밥)),갈비만두 [6개]/1",배달이 약간 지연되는거 빼곤 음식도 맛있고 좋았네요 나중에 다시 시키고 싶네요,5,5,5,4,2020년 12월 12일
5,치킨,강남구 삼성동,경성식당-강남본점,ih**님,"한양 김치찌개/1(메뉴 선택(순두부돼지 김치찌개),밥 변경 선택(공기밥),사이드메뉴 추가선택(라면사리 추가))",부탁한걱도 잘들어주시고  서울에서 먹어본 김치찌개중 넘버원 입니다  너무막있어여 순두부김치찌개 조합 미쳤다,5,5,5,5,2020년 12월 9일
6,치킨,강남구 삼성동,경성식당-강남본점,gg**님,제육덮밥/1(메뉴 선택(제육덮밥)),다음에또 주문시키겠습니다 양 많이주세요,5,5,5,5,2020년 12월 4일
7,치킨,강남구 삼성동,경성식당-강남본점,wi**님,"한양 김치찌개/1(메뉴 선택(돼지김치찌개),밥 변경 선택(공기밥))",저녁에 친구랑 마딧게 잘먹었습니다,5,5,5,5,2020년 12월 3일
8,치킨,강남구 삼성동,경성식당-강남본점,ls**님,수제 등심까스/1,퀄리티짱이네요 잘먹었습니당,5,5,5,5,2020년 12월 3일
9,치킨,강남구 삼성동,경성식당-강남본점,손님,부대찌개/1,따듯하게 잘먹었어요 별기대안했는데 너무맛있었어요,5,5,5,5,2020년 12월 3일
10,치킨,강남구 삼성동,경성식당-강남본점,손님,"한양 짬뽕/1(메뉴 선택(짬뽕),밥 변경 선택(공기밥))",짬뽕국물 대박 자주시켜먹어야겠어요,5,5,5,5,2020년 12월 3일
11,치킨,강남구 삼성동,경성식당-강남본점,yu**님,간장 돼지불고기/1,달달한 게 넘흐 맛있어용 아훙 단품 하나 시켰는데두 델몬트 서비스로 주시구 기분 좋게 먹었습니댱 별 다섯개 쾅쾅,5,5,5,3,2020년 12월 3일
12,치킨,강남구 삼성동,경성식당-강남본점,손님,제육덮밥/1(메뉴 선택(제육덮밥)),가성비 중요시 하는 분들이라면 꼭 드셔보세요 양도 충분하고 맛있습니다 잘 먹었습니다,5,5,5,5,2020년 12월 3일
13,치킨,강남구 삼성동,경성식당-강남본점,gd**님,스팸김치볶음밥/1(메뉴 선택(스팸김치볶음밥)),후라이 윤기있는거보고 깜짝 놀랐어요 퀄리티 너무 좋아요,5,5,5,5,2020년 12월 3일
14,치킨,강남구 삼성동,경성식당-강남본점,손님,제육덮밥/1(메뉴 선택(제육덮밥)),제육덮밥 너무맛있게먹었어요또시켜먹을게요,5,5,5,5,2020년 12월 3일
15,치킨,강남구 삼성동,경성식당-강남본점,손님,미니탕수육/1,탕수육 너무 쫄깃쫄깃한거아닙니까 탕수육 진짜 맛이오요,5,5,5,5,2020년 11월 12일
16,치킨,강남구 삼성동,경성식당-강남본점,hw**님,스팸김치볶음밥/1(메뉴 선택(스팸김치볶음밥＋3찬)),처음으로 김치볶음밥 남겨봄  스팸이 아니라 런천미트 같은거인듯  간은 안대있고 김치신맛 전혀 없고 햄도 맛없고 된장국은 먹을만했어요,2,1,5,3,2020년 10월 2일
