﻿,Category,Location,Restaurant,UserID,Menu,Review,Total,Taste,Quantity,Delivery,Date
0,치킨,마포구 상암동,골뱅이닭컴-본점,er**님,치킨뱅이/1(치킨뱅이 선택(순살치킨＋을지로가득무침)),골뱅이가 큼직하니 맛있네요 만족 ,5,5,5,5,2021년 7월 24일
1,치킨,마포구 상암동,골뱅이닭컴-본점,mi**님,"후라이드/1,을지로 골뱅이 가득 무침/1",음식이 깨끗하고 맛있어요양도 적지 않아서 식구 모자르지 않게 먹었습니다감사해요다음에 또 주문할게요,5,5,5,5,2021년 7월 5일
2,치킨,마포구 상암동,골뱅이닭컴-본점,ab**님,"후라이드/1,골뱅이 비빔국수/1",사진은 못찍었지만 매번 시켜먹는데 변함없이 맛있고 양도 푸짐합니다 맛잇게 잘 먹었습니다 ,5,5,5,5,2021년 6월 24일
3,치킨,마포구 상암동,골뱅이닭컴-본점,gk**님,"후라이드 순살/1,골뱅이 비빔국수/1",골뱅이국수 양도 많고 맛있어요,5,5,5,5,2021년 6월 8일
4,치킨,마포구 상암동,골뱅이닭컴-본점,e0**님,을지로 골뱅이 가득 무침/1,맛이너무 좋아요특히 국수가 너무 맛있어요잘먹었습니다,5,5,5,4,2021년 5월 26일
5,치킨,마포구 상암동,골뱅이닭컴-본점,se**님,"수제 왕 돈까스/1,오징어 덮밥/1,골뱅이 비빔국수/1,콜라 500mL/1",잘먹었습니다 양도 많고 맛도 있고요 다음에 또 주문하께요,5,5,5,5,2021년 5월 25일
6,치킨,마포구 상암동,골뱅이닭컴-본점,pu**님,을지로 골뱅이/1,양도 많고 배달도 빠르고 맛까지 오늘부터 단골이요 적극 추천드려요,5,5,5,5,2021년 5월 23일
7,치킨,마포구 상암동,골뱅이닭컴-본점,ko**님,을지로 골뱅이 가득 무침/1,갑자기 골뱅이가 땡겨서 리뷰보고 시켰는데 진심 놀랐어요맛도 맛있지만 양도많고 그동안 먹었던 골뱅이무침 중 전 제일 맛나네요 잘먹겠습니다  쵝오,5,5,5,5,2021년 5월 7일
8,치킨,마포구 상암동,골뱅이닭컴-본점,e0**님,치킨뱅이/1(치킨뱅이 선택(반반 치킨＋을지로골뱅이가득무침)),양만고 맛있어요오늘은 배달이 좀 늦어서 더 맛있네요,5,5,4,3,2021년 2월 26일
9,치킨,마포구 상암동,골뱅이닭컴-본점,wh**님,"오징어 덮밥/1,골뱅이 비빔국수/1",골뱅이비빔국수오징어덮밥 다 맛있어요 오징어덮밥 같은거 시키면 오징어 거의 없고 양배추만 잔뜩인데 오징어도 푸짐하고 살짝매콤한게 맛났어요,5,5,5,5,2021년 2월 25일
10,치킨,마포구 상암동,골뱅이닭컴-본점,ab**님,"후라이드/1,골뱅이 비빔국수/1",단골되었네요 골뱅이무침은 달지 않고 시원하고 후라이드는 느끼하지 않고 단백합니다,5,5,5,5,2021년 1월 21일
11,치킨,마포구 상암동,골뱅이닭컴-본점,ag**님,치킨뱅이/1(치킨뱅이 선택(반반 치킨＋을지로골뱅이가득무침)),반반 치킨도 맛있고 골뱅이 소면은 양이 많아서 좋았어요 셋이서 먹어도 남더라구요 서비스로 주신 탄산수도 잘 마셨습니다 다음에 또 시킬께요,5,5,5,5,2021년 1월 9일
12,치킨,마포구 상암동,골뱅이닭컴-본점,ab**님,"후라이드/1,골뱅이 비빔국수/1",배달도 빨리 해주시고 양도 푸짐합니다 그리고 변한없이 맛있네요,5,5,5,5,2021년 1월 5일
13,치킨,마포구 상암동,골뱅이닭컴-본점,in**님,"해물라면/1,골뱅이 비빔국수/1",해물라면은 오동통면같네요 매웠으면 했는데 좀 심심했어요 골뱅이국수 존맛 근데  너무 맛있어서 다 먹었습니다 좀 덜 달면 최고일듯요,5,4,5,5,2020년 12월 31일
14,치킨,마포구 상암동,골뱅이닭컴-본점,ab**님,"오징어 덮밥/1,골뱅이 비빔국수/1",양도 맛도 있습니다 조미료가 많이 들어가지 않았음에도 맛있네요 야채도 싱싱하고 매번 잘먹고 있습니다,5,5,5,5,2020년 12월 21일
15,치킨,마포구 상암동,골뱅이닭컴-본점,ky**님,치킨뱅이/1,맛도 양도 배달도 맘에드는데 위생은  조금만 더 신경써주세요,3,5,5,5,2020년 10월 7일
16,치킨,마포구 상암동,골뱅이닭컴-본점,bo**님,"을지로 골뱅이 가득 무침/1,진로/2",골뱅이랑 소면 너무맛있어요,5,5,5,5,2020년 9월 26일
17,치킨,마포구 상암동,골뱅이닭컴-본점,hj**님,을지로 골뱅이 가득 무침/1,골뱅이 양도 넉넉하고 간도 잘맞네요 맛있게 먹었습니다,5,5,5,5,2020년 9월 19일
