﻿,Category,Location,Restaurant,UserID,Menu,Review,Total,Taste,Quantity,Delivery,Date
0,치킨,마포구 상암동,골드킹365,ah**님,"치떡 1마리 반반 SET/1(치킨 반마리 선택 1(후라이드 치킨),치킨 반마리 선택 2(후라이드 치킨))",오랫만에 먹어도 언제나 최고의 가성비입니다 서비스도좋고 맛도 일품입니다,5,5,5,5,2021년 7월 2일
1,치킨,마포구 상암동,골드킹365,ka**님,"치떡 1마리 반반 SET/1(치킨 반마리 선택 1(후라이드 치킨),치킨 반마리 선택 2(양념 치킨),추가선택(알마니 알밥 추가))",너무 푸짐하고 너무 맛있네요  서비스도 잘 먹었습니당,5,5,5,5,2021년 5월 27일
2,치킨,마포구 상암동,골드킹365,je**님,"치.떡.튀 1마리 반반 SET/1(치킨 반마리 선택 1(후라이드 치킨),치킨 반마리 선택 2(마블슈프림))",배달받고 맛난 치킨에 막걸리 한잔 캬 정신차리고 사진한장 추가서비스로 업그레이 시켜주신 튀김도 맛있고담주에 또 시켜먹을께요,5,5,5,5,2021년 3월 27일
3,치킨,마포구 상암동,골드킹365,mk**님,"치떡 1마리 반반 SET/1(치킨 반마리 선택 1(후라이드 치킨),치킨 반마리 선택 2(양념 치킨),추가선택(알마니 알밥 추가))",양도 많고 맛있게 잘 먹었습니다 만족해요 굿 굿 ,5,5,5,5,2021년 3월 21일
4,치킨,마포구 상암동,골드킹365,tp**님,"치플 1마리 반반 SET/1(치킨 반마리 선택 1(마블슈프림),치킨 반마리 선택 2(간장 치킨))",우와  여기 너무 혜자입니다 서비스 만두도 주시고 콜라도  별도로 소스까지 왕창보내주셔서 맛있게 잘먹었습니다  와플도 정말 맛있어요  다음에 또 시켜먹겠습니다 ,5,5,5,5,2021년 3월 2일
5,치킨,마포구 상암동,골드킹365,oh**님,"치플 1마리 반반 SET/1(치킨 반마리 선택 1(양념 치킨),치킨 반마리 선택 2(마블슈프림),반마리 추가(치즈스노잉 반마리))",우선 서비스가 너무 좋은것 같아요 문자로 친절하게 추가서비스까지 챙겨주시고 소스도 가지수로 전부 보내주신것 같드라구요 푸짐하게 맛있게 잘먹었습니다 재주문 의향 있습니다 ,5,5,5,5,2021년 2월 16일
6,치킨,마포구 상암동,골드킹365,re**님,"치떡 1마리 반반 SET/1(치킨 반마리 선택 1(양념 치킨),치킨 반마리 선택 2(치즈스노잉))",치킨떡볶이 우리가 아는 그 맛있는 맛  동네맛집 추천입니다 특히 떡복이와 고객서비스는 근례 받아본것중 최고였습니다 고마워용,5,5,5,5,2021년 2월 9일
7,치킨,마포구 상암동,골드킹365,ah**님,"치떡 1마리 반반 SET/1(치킨 반마리 선택 1(후라이드 치킨),치킨 반마리 선택 2(후라이드 치킨))",몇번을 시켜도 최고의 가성비 최고의 구성 맛도 최곱니다,5,5,5,5,2021년 1월 21일
8,치킨,마포구 상암동,골드킹365,ye**님,"크리스피 2마리 치킨/1(치킨 1 선택(후라이드 치킨),치킨 2 선택(마블슈프림 치킨))",서비스도 좋고 상당히 맛있습니다,5,5,5,4,2021년 1월 17일
9,치킨,마포구 상암동,골드킹365,pi**님,"치떡 1마리 반반 SET/1(치킨 반마리 선택 1(후라이드 치킨),치킨 반마리 선택 2(양념 치킨))",순살치킨 잘 안 먹는데 골드킹은 맛있네요 순살 먹고플 땐 골드킹으로 시키겠습니다 기름도 깨끗한 것 같고 바삭바삭 맛있습니다 치킨집인데 떡볶이도 맛있어요 서비스도 감사합니다 배달도 빠르고 친정하셔서 자발적으로 리뷰합니다 번창하세요,5,5,5,5,2021년 1월 17일
10,치킨,마포구 상암동,골드킹365,hb**님,"치.떡.플 1마리 반반 SET/1(치킨 반마리 선택 1(양념 치킨),치킨 반마리 선택 2(마블슈프림),추가선택(모듬튀김B（야끼2,김말이2,왕오징어1,오뎅3）추가,콜라 사이즈업 추가))",눈 때문인지 배달은 조금 느졌지만 양도많고 맛있어서 좋네요 ,5,5,5,4,2021년 1월 14일
11,치킨,마포구 상암동,골드킹365,su**님,"치떡 1마리 반반 SET/1(치킨 반마리 선택 1(후라이드 치킨),치킨 반마리 선택 2(후라이드 치킨))",정말 친절하시네요  잘 먹었어요,5,4,4,5,2021년 1월 13일
12,치킨,마포구 상암동,골드킹365,im**님,"치.떡.플 1마리 반반 SET/1(치킨 반마리 선택 1(마블슈프림),치킨 반마리 선택 2(치즈스노잉))",진심으로 사장님이 미치셨어요이렇게 다 퍼주시면 장사 어떻게 하시나요 맛은 기본이고 치킨도 양이 푸짐하고 주문한 떡볶이도 푸짐하고 맛있었습니다 거기다 감동한건 와플인데요 잼이랑 크림이 다 발려오면 눅눅해지는건 어쩔수 없겠지했는데 사과잼 생크림 등등 모든 소스를 넉넉하다 못해 차고 넘칠 정도로 각각 통에 친절하게 담아서 주십니다 서비스로 주신 버터갈릭 감자튀김도 너무 맛있었구요 아 그리고 치킨찍어먹으라고 온갖소스 챙겨주셔서 남은 치킨 데워먹을 때도 맛있게 먹을것 같아요 이사가면 여기서 치킨 못먹어서 어떡하나요,5,5,5,5,2021년 1월 7일
13,치킨,마포구 상암동,골드킹365,ah**님,"치떡 1마리 반반 SET/1(치킨 반마리 선택 1(후라이드 치킨),치킨 반마리 선택 2(후라이드 치킨))",이번에 재주문햇습니다 여태껏 떡볶이랑 치킨 같이파는곳을 여러군대 시켜봣엇는데 이젠 이곳으로 고정햇습니다 맛 양 서비스 배달 전부 최곱니다,5,5,5,5,2021년 1월 3일
14,치킨,마포구 상암동,골드킹365,ah**님,"치떡 1마리 반반 SET/1(치킨 반마리 선택 1(후라이드 치킨),치킨 반마리 선택 2(양념 치킨))",일때문에 바빠서 연락도 못받앗는데 서비스도 잘챙겨주셔서 정말 감사합니다 떡볶이도 옛날에 먹던 추억의 맛이라 좋앗고 치킨도 푸짐하니 정말 맛잇엇습니다 대만족입니다 다음번에도 시키겟습니다,5,5,5,5,2020년 12월 17일
15,치킨,마포구 상암동,골드킹365,ha**님,"치떡 2마리 SET/1(치킨 1 선택(양념 치킨),치킨 2 선택(후라이드 치킨))",일만에 또 주문해서 먹었네요 중독된건가요 아이들과 집콕생활중인데 맛난 치킨 떡볶이로 기분 업됬네요 서비스 너무 잘 챙겨주셔서 감사합니다 양도 많고 맛도 좋고 가격도 착하고 가성비맛집 단골됬네요,5,5,5,5,2020년 12월 15일
16,치킨,마포구 상암동,골드킹365,ha**님,"치떡 2마리 SET/1(치킨 1 선택(후라이드 치킨),치킨 2 선택(양념 치킨))",완전 푸짐하네요 가성비 최고인 집 발견입니다 아이들이 앞으로 여기서만 시키자고 하네요 리뷰이벤트 외에도 따로 가게에서 전화도 주십니다 서비스 추가되는 기분좋은 집이네요 잘 먹겠습니다,5,5,5,5,2020년 12월 10일
17,치킨,마포구 상암동,골드킹365,jj**님,"치떡 1마리 반반 SET/1(치킨 반마리 선택 1(후라이드 치킨),치킨 반마리 선택 2(간장 치킨),추가선택(추억의 와플 추가,와플 화이트버터크림 추가,왕오징어튀김 3개 추가,참치마니 마요밥 추가,치킨무 추가,콜라 사이즈업 추가,불간장소스 추가))",여기 키친도 맛있고 떡복기 완전 맛있어요  그리고 써비스도 완전 좋아요 치킨이 참 부드러워용,5,5,5,5,2020년 11월 19일
18,치킨,마포구 상암동,골드킹365,ji**님,1마리（마블슈프림 곡물치킨）/1,정말정말 맛있어요 일단 치킨 바삭깔끔한 식감으로 맛있고 서비스로 주신 떡볶이와 샐러드 빵도 정말 맛있습니다 무엇보다 친절함에 감동  재구매 의사 에요 벌써 또 생각납니다 ,5,5,5,5,2020년 9월 1일
19,치킨,마포구 상암동,골드킹365,km**님,1마리（양념 곡물치킨）/1,뼈있는 닭인줄 알고 양 적다 생각했는데 순살이었어요 순살치곤 양 적지 않아요 개인적으로 순살 좋아해서 넘 좋았구요 맛도 깔끔 서비스로 떡볶이까지 추가로 더 주셨어요 여기 맨날 지나다니면서 솔직히 분식집인줄 알았거든요 치킨가게인줄 알았다면 진작에 이용 했을텐데 앞으로 자주 애용할거 같아요,5,5,5,,2020년 8월 26일
20,치킨,마포구 상암동,골드킹365,mo**님,2마리（양념치킨＋간장 곡물치킨）/1(음료 추가 선택(콜라 1.25L로 변경)),길게못써요 빨리쓰고 또 시켜먹을거에요,5,5,5,5,2020년 8월 25일
21,치킨,마포구 상암동,골드킹365,ca**님,"2마리（후라이드＋양념 곡물치킨）/1,치킨 무/2",서비스도 주시고 너무 맛있어요,5,5,5,5,2020년 8월 21일
22,치킨,마포구 상암동,골드킹365,em**님,"2마리（후라이드＋양념 곡물치킨）/1(음료 추가 선택(콜라 1.25L로 변경)),참치마니 마요밥/1",양이 너무 많아서 한 화면에 담기도 힘들어요 서비스도 왕창 주시고 맛있어요 치킨 소스도 여러개 담아주셔서 좋아요 번창하세요,5,5,5,5,2020년 8월 8일
23,치킨,마포구 상암동,골드킹365,mg**님,1마리（간장 곡물치킨）/1(음료 추가 선택(콜라 1.25L로 변경)),진짜 뭐야 너무 맛있어요 서비스 더 주신다고 전화주는곳 일 배달 인생동안 처음 빵 샐러드 떡볶이 다 맛있지만 무엇보다 치킨 너무 맛있네요 빠삭삐삭한데 촉촉하고 양념까지 다 완벽,5,5,5,5,2020년 8월 7일
24,치킨,마포구 상암동,골드킹365,mo**님,2마리（양념치킨＋간장 곡물치킨）/1(음료 추가 선택(콜라 1.25L로 변경)),무조건 여기서 드세요 양 서비스 맛 다 훌륭합니다 이 집 쉬는 날이면 치킨 자체를 안 먹어요 무조건 여기,5,5,5,5,2020년 8월 6일
25,치킨,마포구 상암동,골드킹365,tm**님,1마리（마블슈프림 곡물치킨）/1,와 너무 맛있어요 전화주셔서 맵기까지 물어보시고 어떻게먹어야 맛있는지도 알려주시는 정성에 먹어보기도전에 감동했습니다 근데 맛까지 있네요 치킨 떡볶이 햄버거 아쉬운맛이 없습니다 금주중이였는데 술꺼냈어요 취하기전에 씁니다 또 시키겠습니다 이 맛 오래오래 유지해주세요,5,5,5,5,2020년 8월 3일
26,치킨,마포구 상암동,골드킹365,01**님,1마리（마블슈프림 곡물치킨）/1,먹다가 너무 맛있어서 리뷰 사진도 잊을뻔 했어요 맛있게 잘먹었습니다,5,5,5,5,2020년 7월 31일
27,치킨,마포구 상암동,골드킹365,pr**님,3마리（후라이드＋양념＋마블슈프림 ）/1,이 치킨은 맛이 미쳤습니다 양이 돌았습니다 서비스가 환장입니다 왜 이런 곳이 성산 나타났을까요 그건 때가 되었기 때문입니다 예  한일 월드컵의 부흥으로 날아올랐던 그때의 성산이 이제 드디어 새로운 전성기를 맞이한 것입니다 혹시 아직 안드셔보셨다면 골목식당 백종원 선생님이 오시기 전에 드시는 것을 권해드립니다 고독한미식가의 고로가 출장 오기 전에 주문하실 것을 추천드립니다 저와 이 치킨을 먹은 제 지인은 이런 말을 남기고 떠났습니다 골드킹을 먹기 전의 나로 돌아가고 싶다 다시 이 감동을 느껴보고 싶다,5,5,5,5,2020년 7월 30일
28,치킨,마포구 상암동,골드킹365,bh**님,"1마리（곡물 후라이드）/1,떡볶이（더블）/1",일단은 사장님께서 너무나 친절하세요 사장님의 친절함에 한번 놀라고 바삭한 치킨의 맛에 또 한번 놀라고 매콤한 떡볶이의 맛과 양에 또 한번 놀라고 마지막 서비스에 놀라고 매번 서비스로 주시는 떡볶이가 너무 맛있어서 이번엔 추가로 주문했는데 진짜 양이 어마어마했어요    직접 만들어 먹는 햄버거도 꾸르맛 정말 사소한것 조차 세심하게 신경써주시는 사장님 완전 센스쟁이 재주문의사 프로 입니다 덕분에 감사히 잘 먹었습니동,5,5,5,5,2020년 7월 14일
29,치킨,마포구 상암동,골드킹365,im**님,1마리（마블슈프림 곡물치킨）/1,별점 만점을 안드릴수가 없는 맛양시간서비스섬세함친절함 퍼펙트입니다 맨날 스노윙 먹다가 오늘 수프림 먹었는데 이것도 너무 맛있고 같이 주신 맵칼달콤한 소스도 너무맛있어요 감튀도 짱맛입니다,5,5,5,5,2020년 7월 11일
30,치킨,마포구 상암동,골드킹365,wo**님,2마리（후라이드＋마블 슈프림 곡물치킨）/1,사장님이 정말 친절하시고 맛도 양도 별개,5,5,5,5,2020년 7월 10일
31,치킨,마포구 상암동,골드킹365,th**님,2마리（후라이드＋치즈스노잉 곡물치킨）/1,진짜 대박사건임 맛도좋고 양도 만족스럽고 전화주셔서 넘 친절하셧어여 잘먹었습니다,5,5,5,5,2020년 7월 8일
32,치킨,마포구 상암동,골드킹365,mo**님,2마리（양념치킨＋간장 곡물치킨）/1(음료 추가 선택(콜라 1.25L로 변경)),여기서 무조건 먹습니다 서비스도 매우 좋아요 첫손님도 잘대해주시고 단골은 더더 잘 신경써주십니다,5,5,5,5,2020년 7월 6일
33,치킨,마포구 상암동,골드킹365,da**님,1마리（곡물 후라이드）/1,배달도 빠르고 양도많고 맛도있어요 무엇보다 친절하시네요 잘먹었습니다,5,5,5,5,2020년 7월 3일
34,치킨,마포구 상암동,골드킹365,cp**님,1마리（마블슈프림 곡물치킨）/1,나무 친절하시고 맛잇습니당,5,5,4,5,2020년 7월 1일
35,치킨,마포구 상암동,골드킹365,dm**님,1마리（간장 곡물치킨）/1,나이스한 사장님 서비스도 좋고 맛도 좋아요,5,5,5,,2020년 6월 29일
36,치킨,마포구 상암동,골드킹365,ma**님,1마리（곡물 후라이드）/1,와 치킨 한마리가 이렇게 많나요 하하하,5,5,5,5,2020년 6월 28일
37,치킨,마포구 상암동,골드킹365,vi**님,1마리（곡물 후라이드）/1,리뷰 이벤트 남긴다고 하니까 버거랑 떡볶이에 뿌링클까지 푸짐하게 챙겨주셨어요 치킨도 완전 맛있어요,5,5,5,,2020년 6월 27일
38,치킨,마포구 상암동,골드킹365,jg**님,3마리（후라이드＋마블슈프림 ＋치즈스노잉 곡물치킨）/1,두번째 시켜먹는곳인데 너무 맛있어요 진짜로 여기는 맛집이예요,5,5,5,5,2020년 6월 25일
39,치킨,마포구 상암동,골드킹365,cu**님,3마리（후라이드＋간장＋마블슈프림 곡물치킨）/1,와 치킨 역대급으로 더 겉바속촉하고 맛있네 프라이드는 프라이드대로 간장양념과 마블슈프림의 양념 맛 모두 입안을 행복하게 만들어 주고 서비스로 보내준  햄버거 만들어 먹을수 있는 빵맛도 정말 일품인데 여기에 신선한 샐러드랑 치킨을 싸 먹으니 캬 비싼 수제햄버거 전문점이 부럽지 않은 맛 떡볶이 서비스도 완존 찐 감동 난 이곳을 치킨햄버거떡볶이의 찐맛집으로 완존인정 번 번 사세요 짱존맛탱,5,5,5,5,2020년 6월 25일
40,치킨,마포구 상암동,골드킹365,mo**님,2마리（양념치킨＋치즈스노잉 곡물치킨）/1(음료 추가 선택(콜라 1.25L로 변경)),양 맛 서비스 하나도 안빠집니다 아니 오히려 셋 다 최상입니다 무조건 여기에요,5,5,5,5,2020년 6월 25일
41,치킨,마포구 상암동,골드킹365,손님,3마리（후라이드＋간장＋마블슈프림 곡물치킨）/1,사장님께서 직접전화주셔서 설명과 서비스  너무감사드려요 맛잇게잘먹엇습니다 배달은 시간지나서오긴했지만그래도 한시간이내에와주셧어요,4,4,4,3,2020년 6월 24일
42,치킨,마포구 상암동,골드킹365,qn**님,2마리（후라이드＋치즈스노잉 곡물치킨）/1,첫 리뷰 쓴사람인데요 리뷰를 세번이나 쓴적은 처음이네요  그만큼 진짜 정말정말 칭찬이 안아깝습니다 떡볶이에 샐러드빵에 단골이라고 또 치즈감자튀김을 주셨네요 그렇다고 치킨이 맛이 없는게 아니에요 완전 바삭바삭하고 양도 많고 사장님이 직접 전화통화로 피드백도 받아주시고 제가 콜라를 안마시기 때문에 지극정성이십니다 맛 양 가격 서비스 인성 모든면에서 훌륭하십니다 믿고 한번 드셔보세요 다음엔 양념이나 간장도 먹어볼까 합니다 오리지날이랑 치즈스노윙이 너무 맛있네요,5,5,5,5,2020년 6월 17일
43,치킨,마포구 상암동,골드킹365,mo**님,2마리（양념치킨＋마블슈프림 곡물치킨）/1(음료 추가 선택(콜라 1.25L로 변경)),무조건 여기 친절 맛 양 하나도 빠지지 않습니다 남자 명이서 저녁 야식 으로 먹고도 남았습니다 맛있게 드세요,5,5,5,5,2020년 6월 17일
44,치킨,마포구 상암동,골드킹365,ba**님,"1마리（치즈스노잉 곡물치킨）/1,떡볶이（싱글）/1,양념소스/1",주문했는데 사장님께서 전화 주셔서 여러 가지 서비스 옵션을 설명해 주셨어요 사장님 엄청 친절하시고 배달도 빠르고 치킨도 완전 바삭하고 양도 많고요  전 치킨 끼 내내 먹었고 너무너무 맛있었어요 다음에도 치킨 먹고 싶을 때 꼭 주문하겠습니다,5,5,5,4,2020년 6월 13일
45,치킨,마포구 상암동,골드킹365,li**님,1마리（마블슈프림 곡물치킨）/1,맛있어요 양도 많고 떡볶이랑 빵도 완전 맛나요 ,5,5,5,,2020년 6월 13일
46,치킨,마포구 상암동,골드킹365,sm**님,1마리（곡물 후라이드）/1(음료 추가 선택(콜라 1.25L로 변경)),아 집앞에 새로 생긴 매장이라 맛이 궁금했는데 일단 사장님께서 부담될 정도로 친절하십니다  맛이없어도 맛있다고 해야만 할거 같은  근데 순살인지 몰랐는데 순살을 원래 안먹음 첨 먹어보고 반해서 순살도 이용 해야겠네요 서비스도 팍팍 주시고 소스류도 듬뿍 챙겨주시니 두끼에 나눠서 맛있게 먹었습니다 또 시킬게요 감사합니다 ,5,5,5,5,2020년 6월 12일
47,치킨,마포구 상암동,골드킹365,mo**님,2마리（양념치킨＋마블슈프림 곡물치킨）/1,이거 쓰고 또 시켜먹어야되서 짧게 씁니다 배달되는 지역이면 별 고민 없이 여기서 드시면 됩니다 맛 양 서비스 배달속도 어느 하나 어느 곳에서 뒤지지 않습니다 이사 생각 중인데 여기 배달 되는 곳으로만 갈겁니다,5,5,5,5,2020년 6월 10일
48,치킨,마포구 상암동,골드킹365,dd**님,2마리（후라이드＋마블 슈프림 곡물치킨）/1,첨 시켜봤는데 신경도 많이 써주시고 너무 맛있었어요 원래 프랜차이즈 치킨을 선호하는데 여기는 예외가 될거 같아요 ,5,5,5,5,2020년 6월 7일
49,치킨,마포구 상암동,골드킹365,mo**님,2마리（양념치킨＋간장 곡물치킨）/1,이번에 다른 친구랑 먹었는데 이 친구도 여기로 갈아탔습니다 양 맛 서비스 친절 부족한데가 없습니다 무조건 여기서 드시면 됩니다 다이어트 중이었는데 여기 알고나서 일주일에 번은 시켜 먹네요 ,5,5,5,5,2020년 6월 5일
50,치킨,마포구 상암동,골드킹365,li**님,1마리（마블슈프림 곡물치킨）/1,완전 맛있어요 친절하시고 전직원마스크하시고 매장도 깨끗해서 더 좋았어요 ,5,5,5,,2020년 6월 5일
51,치킨,마포구 상암동,골드킹365,no**님,"2마리（후라이드＋양념 곡물치킨）/1,떡볶이（싱글）/1(추가 선택(모짜렐라치즈 추가))",헉 음식 받고 왜 시키지 않은 것들이 이렇게나 많이 같이 배달이 되었는지 생각해볼만큼 참 많이 보내주셨어요 입가심으로 곰돌이 젤리 너무 귀여워요  맛있게 잘먹었습니다 치킨 넣어먹을 수 있는 햄버거 아이디어 좋아요 ,5,5,5,5,2020년 6월 4일
52,치킨,마포구 상암동,골드킹365,mo**님,2마리（양념치킨＋치즈스노잉 곡물치킨）/1,번째먹습니다 다이어트한다고 슈퍼클럽도 안했는데 여기 때문에 다시 해야할 것 같아요 치킨 떡볶이 햄버거 한방에 먹을 수 있습니다 맛도 쩔어요 배송 분내로 깔끔하게 오고 너무 친절하십니다 무조건 여기서 드세요,5,5,5,5,2020년 6월 1일
53,치킨,마포구 상암동,골드킹365,sj**님,2마리（마블슈프림 치킨＋치즈스노잉 곡물치킨）/1,왜 이제 찾은 걸까요 너무 친절하시고 배달도 빨리왔습니다 사장님 또한 너무 친절하시고 주문 후 전화로 여러가지 물어보시는데 엄마 생각났습니다 따뜻했습니다 무조건 다시 찾게되는 치킨집입니다 슬기로운 의사생활 마지막회 시간짜리 보는데 끝날 때까지 시간이 지나도 튀김이 빠삭빠삭하고 양너무 많아서 남겼어요 그래도 남으니 기분 좋더라구요 꼭 시켜드셔보세요 ,5,5,5,5,2020년 5월 29일
54,치킨,마포구 상암동,골드킹365,mo**님,2마리（양념치킨＋치즈스노잉 곡물치킨）/1(음료 추가 선택(콜라 1.25L로 변경)),무조건 여기서 드시면 됩니다 양 서비스 배달 모두 최상이에요 사진보시면 알겠지만 성인남자 명이서 저녁 및 야식으로 먹고도 남았습니다 서비스메뉴도 고객기호 맞춰서 조리해주실정도로 꼼꼼하십니다 평균적으로 분안에 배달왔습니다 마포에서 치킨이란 치킨집은 다 먹어봤는데 무조건 여기에서 먹습니다,5,5,5,5,2020년 5월 28일
55,치킨,마포구 상암동,골드킹365,so**님,1마리（곡물 후라이드）/1,바삭한 치킨텐더 다리살 같아 치킨이라기 보다 이것저것 요리 해먹는 느낌이었어요 버거로도 맛있고 가지맛 소스 찍어먹는 재미도 있네요 순살이라 양이 적은 듯 했으나 먹어보니 많아서 좀 남겨두었네요 집에 양상추가 있어서 같이 먹으니 상큼하니 좋았습니다 같이 챙겨주신 떡볶이도 잘 먹었습니다,5,5,5,5,2020년 5월 27일
56,치킨,마포구 상암동,골드킹365,ju**님,2마리（후라이드＋양념 곡물치킨）/1,사장님 응대 엄청 친절하시고 배달 빠르고 치킨 양 많고요 그냥 반반 기본 시켰는데도 사이드메뉴로 떡뽁이와 햄버거주문한 치킨을 패티로 사용하고 옛날 사라다를 채워넣습니다를 함께 보내주셨어요 치킨 완전 바삭해요 식구가 배불러 다 못먹었어요 싸장님대박 나세요,5,5,5,5,2020년 5월 27일
57,치킨,마포구 상암동,골드킹365,te**님,"1마리（양념 곡물치킨）/1,우유 촉촉크림빵/1",친절하고 자세한 설명덕에 맛있게 먹었습니다 떡볶이 햄버거 맛있네요 감사합니다 배불러서 빵은 못먹었네요 양념보다 후라이드 추천드립니다 정말 바삭하네요,5,5,5,5,2020년 5월 23일
58,치킨,마포구 상암동,골드킹365,ks**님,1마리（곡물 후라이드）/1,정말 맛있네요 순살이 퍽퍽하지않고 부드럽고 겉은 바삭하궁 사장님도 너무 친절하세요 무엇보다 빵 샐러드와 떡볶이는 진심조합최강 앞으로 단골예약입니당,5,5,5,5,2020년 5월 23일
59,치킨,마포구 상암동,골드킹365,mo**님,2마리（양념치킨＋치즈스노잉 곡물치킨）/1(음료 추가 선택(콜라 1.25L로 변경)),사장님 장사 이렇게 하면 안돼죠 이렇게 하시면 뭐가 남습니까 인건비도 안나오겠네요 짱맛 닭 마리 떡볶이 햄버거까지 마포 근처 치킨은 거의 다 먹어봤는데 여기가 제일 가성비 좋습니다 또 맛도 다른 메이저치킨 생각 안 날정도로 맛있어요 이제 앞으로 치킨 여기서만 먹습니다,5,5,5,5,2020년 5월 22일
60,치킨,마포구 상암동,골드킹365,pu**님,"1마리（곡물 후라이드）/1,왕오징어 튀김 3개/1",정말 친절하시고 치킨도 떡볶이도 맛나게 먹었습니다 설명 해 주신 버거 그대로 해 먹으니 꿀맛이요 행복한 하루 되세요,5,5,5,5,2020년 5월 21일
61,치킨,마포구 상암동,골드킹365,jo**님,1마리（마블슈프림 곡물치킨）/1,서비스도 더 챙겨주시고 전화로 먹는방법도 설명해주시고 맛있게 아주 잘 먹었습니다 ,5,5,5,5,2020년 5월 20일
62,치킨,마포구 상암동,골드킹365,dh**님,2마리（후라이드＋마블 슈프림 곡물치킨）/1,여기는 배달도 빨리오고  친절하시고 심지어 너무 맛있어요 소스도 종이나오고 정말 감동이예요 치빵이랑 떡볶이도 너무맛있어용 감사합니다,5,5,5,5,2020년 5월 19일
63,치킨,마포구 상암동,골드킹365,kl**님,"2마리（후라이드＋양념 곡물치킨）/1,스노우 버터갈릭 감자튀김/1",오랜만에 두 아들과 신랑이랑 치킨을 시켰어요후라이드랑 양념인데 뼈없는 살이더라구요입맛 까다로운 신랑은 치킨도 맛있고 감자가 너무 마음에 들었나봐요그리구 저 떡볶이 국물이 많아서 즉석에서 라볶이를 해먹었는데 그것두 맛있다구 하드라구요오늘 서비스너무 잘 챙겨주셔서 감사드리구 맛나게 잘먹었습니다햄버거는 빵자체가 맛있었어요애들도 자기전까지 치킨집 이름 뭐냐구 계속 물으면서 담에 또 여기서 시켜달라구 하더라구요넘 배부르게 잘 먹었구요요즘 코로나 때문에 많이 힘드실텐데 잘 이겨내시고 힘내세요,5,5,5,5,2020년 5월 17일
64,치킨,마포구 상암동,골드킹365,ma**님,2마리（후라이드＋양념 곡물치킨）/1,맛있고 양도 너무 많고 배달도 빨라요 그리고 전화주신분도 너무 친절하세요 그리고 마지막으로 한마디 할게요 남는게 있으세요,5,5,5,5,2020년 5월 16일
65,치킨,마포구 상암동,골드킹365,wn**님,2마리（양념치킨＋간장 곡물치킨）/1,맛있고 양도 많아요  단골될듯,5,5,5,5,2020년 5월 15일
66,치킨,마포구 상암동,골드킹365,dk**님,1마리（양념 곡물치킨）/1,왠만한치킨 많이먹어봤는데 양일단많구요 맛도 좋아요 근데 젤좋은건 서비스 서비스가 넘좋아서 애용하고있네요,5,5,5,5,2020년 5월 15일
67,치킨,마포구 상암동,골드킹365,ge**님,2마리（후라이드＋마블 슈프림 곡물치킨）/1,치킨 바삭하고 소스가 맛있습니다 사장님도 친절하시고 서비스도 든든하게 먹었습니다 강추,5,5,5,5,2020년 5월 14일
68,치킨,마포구 상암동,골드킹365,손님,2마리（후라이드＋마블 슈프림 곡물치킨）/1,배달도 빠르규 여전히 맛있는 치킨 특히 빵과 먹는 치킨은 정말 최고입니다,5,5,5,5,2020년 5월 14일
69,치킨,마포구 상암동,골드킹365,gk**님,"2마리（마블슈프림 치킨＋치즈스노잉 곡물치킨）/1,치킨 무/2",맜 좋습니다 양 맍습니다,5,5,5,5,2020년 5월 9일
70,치킨,마포구 상암동,골드킹365,손님,2마리（후라이드＋마블 슈프림 곡물치킨）/1,음식 너무 맛있고 서비스로 주시는 떡볶이 맵기까지 신경써주실려고 전화까지 주시는 친절함까지 너무 잘먹었습니다,5,5,5,5,2020년 5월 8일
71,치킨,마포구 상암동,골드킹365,ha**님,2마리（후라이드＋마블 슈프림 곡물치킨）/1,와 엄청 푸짐하고 치긘이 겁나 바삭삭함 추천,5,5,5,5,2020년 5월 6일
72,치킨,마포구 상암동,골드킹365,st**님,2마리（후라이드＋마블 슈프림 곡물치킨）/1(음료 추가 선택(콜라 1.25L로 변경)),순살로 오는데 바삭하고 양은 엄청나게 많이 오네요 리뷰 이벤트 떡볶이와 빵 맛있게 잘먹었어요,5,4,5,5,2020년 5월 1일
73,치킨,마포구 상암동,골드킹365,so**님,1마리（마블슈프림 곡물치킨）/1,친절하게 전화주셔서 싸이버거 만드는법 알려주셔서 감사해요 치킨 다 맛있구 서비스 떡볶이도 최고고 싸이버거보다 더 맛있고 최고예요 또 이용하겠습니다,5,5,5,5,2020년 4월 29일
74,치킨,마포구 상암동,골드킹365,go**님,"2마리（후라이드＋마블 슈프림 곡물치킨）/1,스노우 버터갈릭 감자튀김/1",양이 생각보다 많고 맛있었어요 두마리 치킨세트는 명이서 먹어도 좋을거같아요 보내주신 서비스도 맛났어용,5,5,5,5,2020년 4월 24일
75,치킨,마포구 상암동,골드킹365,bl**님,2마리（후라이드＋양념 곡물치킨）/1,최근에 먹은 치킨중에 최고입니다 긴말 안하겠습니다,5,5,5,5,2020년 4월 22일
76,치킨,마포구 상암동,골드킹365,go**님,"2마리（후라이드＋양념 곡물치킨）/1,스노우 버터갈릭 감자튀김/1",처음시켰는데 맛있게 잘 먹었습니다 후라이드가 바삭하니 맛있네요 소스 개를 종류별로 주셔서 찍어먹는 맛도 있구요  서비스로 주신 떡볶이랑 빵도 맛있었고 양도 푸짐해서 명이 배부르게 먹었습니다  앞으로도 종종 이용하겠습니다,5,5,5,5,2020년 4월 18일
77,치킨,마포구 상암동,골드킹365,dh**님,2마리（후라이드＋마블 슈프림 곡물치킨）/1(음료 추가 선택(콜라 1.25L로 변경)),받고 거의바로 리뷰쓰는건 처음입니다 그만큼 너무 존맛이고 양도 미쳤어요  아니 배달예상시간이 분이라 뭐지싶었는데 분안걸렸어요  그리고 리뷰 빵달라고했는데 전화로 떡볶이도 줘도되겠냐구 해주셔서 둘다 받았어요힝 감동 치킨 존맛입니당 떡볶이도 존맛 넘 완벽해요 ,5,5,5,5,2020년 4월 15일
78,치킨,마포구 상암동,골드킹365,cu**님,2마리（마블슈프림 치킨＋치즈스노잉 곡물치킨）/1,진짜 내가 요기요앱을 쓰는 이유 중의 가장 큰이유라고 해도 절대 과언이 아닌 집 여기 알고 나서 부터 거의 여기서만 시켜 먹게 되네요 오늘은 리뷰서비스로 맛난 떡볶이 뿐만 아니라 치킨 햄버거를 손수 만들어 먹을 수 있도록  유기농 햄버거 세트도 보내 주셨더라고요 내가 주문한 치킨을 유기농 햄버거 빵안에 넣고 주신 야채샐러드를 더 넣었더니 와 내가 좋아하는 싸이버거보다 더 맛있어서 깜놀핵존맛찐감동 쓰나미로 밀려왔네요 넘맛있게 잘먹었어요 여기절대 문닫지 마시고 앞으로 오래오래 장사해 주세요,5,5,5,5,2020년 4월 14일
79,치킨,마포구 상암동,골드킹365,im**님,1마리（치즈스노잉 곡물치킨）/1,양많고 맛있고 친절하고 또시킬거에요 좋은 리뷰가 많아서 시켜봤는데 사장님 너무 친절하시고 맛있습니다 그리고 양이 많아서 두마리 주신줄 알고 전화했었네요  한마리 시켰는데 두마리 주신거 아니냐면서  잘먹었습니다 떡볶이도 맛있고 빵도 샐러드도 맛있어요 너무 허겁지겁 먹어서 사진에는 치킨하고 빵만 조금 찍혔어요,5,5,5,5,2020년 4월 12일
80,치킨,마포구 상암동,골드킹365,su**님,2마리（후라이드＋마블 슈프림 곡물치킨）/1(음료 추가 선택(콜라 1.25L로 변경)),바삭바삭 후라이드 엄청 맛있네요  마블은 제가 단걸 안좋아해서  친구는 맛있게 먹네요 서비스 감사합니다,5,4,5,5,2020년 4월 11일
81,치킨,마포구 상암동,골드킹365,01**님,2마리（마블슈프림 치킨＋치즈스노잉 곡물치킨）/1,클라스 미쳤어요 맛있어요 ,5,5,5,5,2020년 4월 11일
82,치킨,마포구 상암동,골드킹365,71**님,"1마리（곡물 후라이드）/1,스노우 버터갈릭 감자튀김/1",아이들이 먹기에는 아주좋아요 어른이 먹기엔 좀 느끼한것 같아요 양이랑은 푸짐하고 좋아요,3,3,5,4,2020년 4월 11일
83,치킨,마포구 상암동,골드킹365,kb**님,1마리（마블슈프림 곡물치킨）/1(음료 추가 선택(콜라 1.25L로 변경)),후라이드 시킨줄 알앗는데 마블이 왔지만 맛잇네요 샐러드버거도 맛잇엇어요,5,4,5,5,2020년 4월 11일
84,치킨,마포구 상암동,골드킹365,qn**님,2마리（마블슈프림 치킨＋치즈스노잉 곡물치킨）/1,첫번째 리뷰 쓴 단골인데용 사장님의 변하지 않는 친절함과 단골을 지극히 아껴주시는 태도에 감동했습니다  여전히 대단히 많은 양이구요 맛도 일품이랍니다 서비스도 떡볶이에 이번엔 빵과 담백하면서도 입에 착맞는 샐러드를 주셨는데요 여기에 치킨을 끼워서 먹으면 맛있습니다 치킨은 진짜 여기서밖에 안먹어요 단골인 이유가 있습니다 착한 가격에 훌륭한 양 그리고 퀄리티까지 요새 코로나 때문에 장사가 힘드실텐데 초심 잃지않고 여전히 노력하시는 모습 너무 좋아요 응원합니다,5,5,5,5,2020년 4월 2일
85,치킨,마포구 상암동,골드킹365,be**님,2마리（후라이드＋마블 슈프림 곡물치킨）/1,양도 많고 맛있게 잘먹었습니다,5,5,5,5,2020년 3월 30일
86,치킨,마포구 상암동,골드킹365,cu**님,2마리（마블슈프림 치킨＋치즈스노잉 곡물치킨）/1,와 대박 치킨이 겉바속촉에 양도 푸짐하네요  보다 더맛있는 치즈 스노잉 때깔과 맛 처갓집보다 뛰어난 슈프림치킨 양념까지 오늘 하루 종일 배고프고 지쳤었는데 여기꺼 먹으면서 영양보충되니까 기분도 업되고 힘도 나네요 서비스로 주신 떡볶이랑 젤리도 정말 치킨과 잘 어울리고 맛좋아요 고마워요 엄지척,5,5,5,5,2020년 3월 30일
87,치킨,마포구 상암동,골드킹365,손님,"2마리（후라이드＋마블 슈프림 곡물치킨）/1,스노우 버터갈릭 감자튀김/1",맛있어서 또 시켯어요 저녁은 맨날여기서 시킬듯요 서비스도 항상 감사합니다짱,5,5,5,5,2020년 3월 27일
88,치킨,마포구 상암동,골드킹365,ha**님,2마리（마블슈프림 치킨＋치즈스노잉 곡물치킨）/1,저번에도 맛있어서 잘 먹었고 생각나서 또 주문했는데 오늘은 더 맛있네요 골드킹 치킨에 중독된듯 양도 푸짐하고 서비스 떡볶이도 매콤하고 넘 맛있어요 천연으로만 만드셨다니 믿음이 가요 안좋은 기름 먹으면 속이 불편해지는데 여기건 속도 편하고 정성으로 만드신다는게 느껴져서 좋아요 서비스 떡볶이랑 하리보도 잘 먹었어요 가성비 좋은 맛집으로 인정합니다 자주 시켜먹을께요,5,5,5,5,2020년 3월 26일
89,치킨,마포구 상암동,골드킹365,sa**님,2마리（마블슈프림 치킨＋치즈스노잉 곡물치킨）/1(음료 추가 선택(콜라 1.25L로 변경)),바삭한 안주를 찾으신다면 강추합니다,3,4,5,5,2020년 3월 25일
90,치킨,마포구 상암동,골드킹365,so**님,1마리（마블슈프림 곡물치킨）/1,양 완전 많구 너무 맛있어요,5,5,5,5,2020년 3월 23일
91,치킨,마포구 상암동,골드킹365,손님,2마리（마블슈프림 치킨＋치즈스노잉 곡물치킨）/1,순살치킨이 정말 부드럽네요 양도 푸짐해서 기분좋았어요 서비스로 주신 떡볶기에 치즈스노잉을 찍어서 같이 먹었더니 완존 일품  짱 이었어요대 만족임당,5,5,5,5,2020년 3월 20일
92,치킨,마포구 상암동,골드킹365,zx**님,2마리（후라이드＋마블 슈프림 곡물치킨）/1(음료 추가 선택(콜라 1.25L로 변경)),전산착오로 배달이조금 늦게왔는데 전화도 두번이나 하셔서 알려주시고 서비스도 빵빵하게 주셨어요 사장님 짱친절하심 양도 많고 존맛임 두번시켜드세요들,5,5,5,5,2020년 3월 19일
93,치킨,마포구 상암동,골드킹365,cu**님,"2마리（간장치킨＋마블슈프림 곡물치킨）/1,왕오징어 튀김 3개/2,참치마니 마요밥/1",여기 진짜 치킨 대박 맛집이에요 요새는 뭔가 외식하고 싶을 때 밖에 나가기가 쫌 그래서 이곳 골드킹 마블슈프림하고 간장 치킨에 참치마니마요밥 왕오징어튀김셋트를 시켜 먹었어요 맛도 진짜로 맛있는데 양도 정말 많이많이 주시고 정말 대박 맛집이네요 떡뽂이 서비스까지 맛있게 해 주셔서 너무 혜자스런 집,5,5,5,5,2020년 3월 17일
94,치킨,마포구 상암동,골드킹365,so**님,"2마리（마블슈프림 치킨＋치즈스노잉 곡물치킨）/1,튀김3개（야끼만두1＋김말이2）/1,왕오징어 튀김 3개/1",치킨이 빠삭 빠삭 양도 까득까득 맛에 깜놀랐고요 소스맛은 완전 압건 이고요 대박사건 입니다 앞으로 다른맛들도 하나씩 맛보려고 기대되는 치긴입니다 떡볶기 떡은 쫄깃 쫄깃 이런 떡맛은 첨 이에요 앞으로 자주 찾을거 같아요 이분위기로 쭉 가주세용,5,5,5,5,2020년 3월 12일
95,치킨,마포구 상암동,골드킹365,손님,1마리（마블슈프림 곡물치킨）/1,배달도 빠르고 맛도 좋았어요 양념인데도 불구하고 엄청 바삭했어요서비스로 떡볶이도 주시고 짱이에요 사장님도 착하시고 서비스도 짱이에요 추천,5,5,5,5,2020년 3월 10일
96,치킨,마포구 상암동,골드킹365,손님,2마리（마블슈프림 치킨＋치즈스노잉 곡물치킨）/1,제가 처가집 슈프림 좋아해서 비슷한 맛이라는 리뷰 보고 시켰는데 전 훨씬 맛있네요 치즈 스노잉도 뿌링클의 인위적인 맛이 아닌 풍부한 치즈맛이라서 아이들이 정말 잘 먹네요 치킨 양이 정말 많고 진짜 바싹하게 튀긴 튀김옷이 좋았어요 또 주문 할께요 떡볶이랑 하리보도 잘먹었습니다,5,5,5,5,2020년 3월 8일
97,치킨,마포구 상암동,골드킹365,ks**님,2마리（간장치킨＋마블슈프림 곡물치킨）/1(음료 추가 선택(콜라 1.25L로 변경)),양이 정말 많아요 과장안하고 마리가 마리양정도 됩니다 성인남자 명이 마리먹기도 버거울정도로 많음 튀김도 바삭하고 맛도 있음 단점하나만 말씀드리자면 먹다보니 살짝 느끼함 가슴살순살메뉴도 추가되면 좋을거같아요 번창하세요,5,5,5,5,2020년 3월 6일
98,치킨,마포구 상암동,골드킹365,cu**님,"2마리（간장치킨＋마블슈프림 곡물치킨）/1,튀김3개（야끼만두1＋김말이2）/1,왕오징어 튀김 3개/1,알마니 알밥/1,참치마니 마요밥/1",요즘 우리 가족들  제대로 된 영양보충을 못했었는데 오늘 여기서 간장치킨이랑 슈프림 치킨 겉바속촉 왕오징어랑 각종 튀김들 알밥이랑 참치마니 덮밥으로 맛있게 든든하게 몸보신 했어요 여기 매우 양이 푸짐해서 조금 남은 알마니 알밥과 참치마니 덮밥은 내일 아침에 든든하게 먹고 출근할려구요 게다가 서비스 떢볶이랑 젤리도 이 어려운 코로나시기에 많이 주니까 마음까지 따뜻해져서 감동받았네요 여기 진짜 맛집이고 진짜 착한 가게인거 같아요,5,5,5,5,2020년 3월 6일
99,치킨,마포구 상암동,골드킹365,hm**님,2마리（마블슈프림 치킨＋치즈스노잉 곡물치킨）/1,와우리뷰 보고 시켰는데 증말 쥐기네요 마블은 상상할수 없는 처음 먹어본 맛 죤맛탱 여기 자주 이용해야 겠어요 대박나세요,5,5,5,5,2020년 2월 29일
100,치킨,마포구 상암동,골드킹365,hm**님,"3마리（후라이드＋간장＋마블 곡물치킨）/1,튀김3개（야끼만두1＋김말이2）/1,왕오징어 튀김 3개/1",리뷰대로 정말 맛있네요 양도 진짜 많아요 왕오징어튀김 뿐만아니라 김말이 튀김이랑 만두튀김도 겉바속촉 너무너무 맛있네요 서비스 주신 떡볶이도 역대급으로 맛있게 먹었어요 또 주문할게요,5,5,5,5,2020년 2월 22일
101,치킨,마포구 상암동,골드킹365,wi**님,1마리（양념 곡물치킨）/1,뭐가 너무 많다 했더니 먹기 좋게 상자를 나눠주셧네요,5,5,5,5,2020년 2월 21일
102,치킨,마포구 상암동,골드킹365,su**님,2마리（양념치킨＋간장 곡물치킨）/1,퇴근길에 집에 가다가 깔끔하고 큐티한 분위가 나는 매장이라서 언제 한 번 쯤 가서 꼭 먹어봐야겠다고 생각했었던 곳이었는데 오늘 저녁식사 때 밖에 나가기도 쫌 그렇고해서 요기요에서 뭘 먹을까 검색하게 되었습니다 근데 그 와우골드킹이 요기요에 있어서 주문해 먹어보았습니다 진짜 주문한 간장치킨과 양념치킨 둘다 맛있었습니다 양도 매우 푸짐해서 놀랐습니다 떡볶이까지 서비스로 주셔서 감동적이고 맛있었습니다 여기 정말 괜찮은곳 같습니다 다음 번에는 밥종류도 있던데 다른것들도 더 시켜먹어봐야겠습니다,5,5,5,5,2020년 2월 20일
103,치킨,마포구 상암동,골드킹365,pi**님,2마리（후라이드＋양념 곡물치킨）/1,오늘같이 눈이와서 배달대행업체가 운영안하는날 그냥 일찍 문닫아버리는 집이 있는가하면 이곳처럼 사장님이 직접 늦은시간까지 배달을 뛰는곳도 있습니다 가게에 쏟는 열정과 정성이 느껴져 더 믿음이 가게됩니다 후라이드는 약간 카레향이 나는게 노통닭하고 비슷한 느낌이네요 튀긴정도도 딱 알맞습니다 순살치킨치고 양이 꽤 많습니다 여러명이서 편하게 집어먹을 순살치킨 시킬때는 여기만한곳 찾기힘들겠네요 저는 뼈닭을 좋아해서 뼈닭이 없는게 조금 아쉽지만 순살이 퍽퍽살은 없고 다 다리살같이 맛있는 살만 있어서 좋았습니다,5,5,5,5,2020년 2월 18일
104,치킨,마포구 상암동,골드킹365,손님,1마리（마블 곡물치킨）/1,처음보자 깜 놀랐어요 양이 정말 와우에요 처갓집 슈프림맛을 좋아했는데 훨 맛있는거같아요 가성비 짱이고 강추함당 계속 땡기는 그맛 서비스로 주신 떢볶이 이거 실화 맛나요 양도 맛도 진짜 끝장판입니다  강강 강추 ,5,5,5,5,2020년 2월 17일
105,치킨,마포구 상암동,골드킹365,손님,2마리（양념치킨＋치즈스노잉 곡물치킨）/1,저 여기서 매주시켜먹어요 사장님도 너무친절하시구 너무 맛있어서 제가 여기 시키면 다들 좋아해요,5,5,5,5,2020년 2월 17일
106,치킨,마포구 상암동,골드킹365,rl**님,2마리（양념치킨＋간장 곡물치킨）/1,두 마리 치킨 주문했는데 양이 정말 많네요 다른데 세 마리 주문한 양이랑 비슷해요 무엇보다 밀가루가 안 들어간 곡물 치킨이라 밤에 먹고 자도 속이 편하고 좋네요 아이가 아토피가 있어 치킨 주문할 때 신경을 많이 쓰는데 기름도 마리마다 갈고 카놀라유를 사용한다고 하니 믿고 먹을 수 있어 너무 좋아요 야채랑 무 두 가지나 보내주셨네요 서비스로 온 떡볶이도 치킨이랑 같이 먹으니 환상 궁합이네요 떡볶이 국물을 많이 주셔서 밥 말아 먹었는데 진짜 맛있었어요 이 가격에 이렇게 많은 양을 먹을 수 있어 너무 좋았어요,5,5,5,5,2020년 2월 15일
107,치킨,마포구 상암동,골드킹365,hm**님,"2마리（간장치킨＋마블 곡물치킨）/1,소고기마니 덮밥/1",너무 맛좋코 양이 후덜덜해셔 또 주문했어요 곡물치킨이라서 그런지 먹고나서 진짜 속이 편안했어요 소고기 마니 덮밥도 정말 맛있고 와우골드킹 왜 이제 나타난고야 진작나오지 나 여기 년단골하기루 킹왕짱 입니다  쥔짜 쵝오 돈주고 사먹어도 돈이 안아까울정도로 ,5,5,5,5,2020년 2월 12일
108,치킨,마포구 상암동,골드킹365,cu**님,"3마리（간장＋마블＋치즈스노잉 곡물치킨）/1,떡볶이（싱글）/1,왕오징어 튀김 3개/1",주문한 종류 치킨 모두 받아보고 푸짐하고 넘 맛있어서 깜짝 놀랐어요 치즈스노잉은 뿌링클보다 더 치즈가루가 맛있더라고요 그래서 여기 올라온 댓글이 진짜 맞구나했어요 게다가 추가로 보내주신 떡볶이 서비스에 또 감동받았구요 거기에 왕오징어튀김 찍먹했는데 정말 반해버렸어요 같이 먹던 절친들이 여기 쭉 단골하쟤요 ,5,5,5,5,2020년 2월 12일
109,치킨,마포구 상암동,골드킹365,to**님,2마리（양념치킨＋마블 곡물치킨）/1(음료 추가 선택(콜라 1.25L로 변경)),정말 맛있어요  양이  성인남자둘이서 먹는대 남겻네요 양념은 약간매콤하고 좋아요 서비스도 좋아요,5,5,5,5,2020년 2월 12일
110,치킨,마포구 상암동,골드킹365,hm**님,"간장치킨＋마블 곡물치킨/1,스노우 버터갈릭 감자튀김/1,왕오징어 튀김 3개/1",치킨양 정말 많구요 마블곡물치킨은 내가 요새 즐겨 먹던 처가집 슈프림 치킨보다 더맛있었어요 진짜핵존맛 글구 간장곡물치킨은 교촌치킨보다 존맛탱 스노우버터갈릭감튀 바삭한데다 뿌려진 스노우 버터갈릭맛이 또 얼마나 맛나던지 리뷰보고 맛있다구해서 시켰는데  찐존맛탱이었던 오징어튀김 진짜 바삭하고 고급진 왕오징어예요  감탄 서비스로 주신 떡볶이도 핵존맛 떡도 맛있고 소스가 짱 맛있어서 마지막국물에 밥 말아서 먹었는데 그맛이 또 역대급이었어요,5,5,5,5,2020년 2월 8일
111,치킨,마포구 상암동,골드킹365,ha**님,"곡물 후라이드＋양념＋간장/1,왕오징어 튀김 3개/2,소고기마니 덮밥/1",회사에서 야식으로 마리 치킨 주문했는데   양도 너무 많고 양념도 간장도 떡볶이도 정말  맛있었어요  무엇보다 곡물 후라이드 치킨이 너무 너무 바삭해서  다들 맛있다고 잘 시켰다고 칭찬해줘서 기분 좋았답니다 고기마니 덮밥도 불고기가 정말 많아서 좋았어요 제가 오징어 튀김 너무 좋아해서 시켰는데 오징어가 너무 굵고 바삭해서  깜짝    그 유명한 속초 오징어 튀김보다 훨 맛이 좋았어욤  앞으로도 쭉 왕오징어 크기 절대 줄이지 말고  지금 크기 그대로 쭈욱 유지해 주세욤 여튼 넘 맛나요 단골할께요,5,5,5,5,2020년 2월 6일
112,치킨,마포구 상암동,골드킹365,rl**님,후라이드＋양념 곡물치킨/1(음료 추가 선택(콜라 1.25L로 변경)),양도 정말 많고 서비스로 떡볶이까지 제 입맛에 딱 맞아서 맛있게 먹었습니다,5,5,5,5,2020년 2월 3일
113,치킨,마포구 상암동,골드킹365,qn**님,후라이드＋양념 곡물치킨/1(음료 추가 선택(콜라 1.25L로 변경)),순살 양념 둘다 너무 맛있구요 특히 순살은 바삭바삭하고 묘하게 중독되는 향이 납니다  콜라를 리터로 주문했는데 콜라가 매진되서 대신 콜라 두캔에 떡볶이까지 주셧네요  전화받으신분 배달하시는분 두분 모두 친절하셔서 좋았습니다 번창하세요,5,5,5,5,2020년 2월 2일
