﻿,Category,Location,Restaurant,UserID,Menu,Review,Total,Taste,Quantity,Delivery,Date
0,치킨,강남구 삼성동,군산짬뽕대가-강남본점,ki**님,짬뽕／볶음짬뽕/1(메뉴 선택(짬뽕)),짜다는 리뷰 있어도 그러거니 취향이겠거니 했는데 정말 짜도 너무 짜서,2,2,5,5,2021년 1월 13일
1,치킨,강남구 삼성동,군산짬뽕대가-강남본점,je**님,"냉면[물／비빔]/1(메뉴 선택(비빔냉면)),냉면[물／비빔]/1(메뉴 선택(물냉면))",물냉면 비빔냉면 맛 좋습니다,5,5,4,5,2021년 1월 6일
2,치킨,강남구 삼성동,군산짬뽕대가-강남본점,se**님,볶음밥＋짜장소스/1(음료&생수 추가선택(콜라500ml)),맛있구 배달빠르구 좋아요,5,5,5,5,2021년 1월 4일
3,치킨,강남구 삼성동,군산짬뽕대가-강남본점,mk**님,짬뽕／볶음짬뽕/1(메뉴 선택(볶음짬뽕)),엄청 맛있네요  크리스마스라 좀 가격대 있는 거 시켜먹었는데 만족합니다,5,5,4,5,2020년 12월 25일
4,치킨,강남구 삼성동,군산짬뽕대가-강남본점,xo**님,짬뽕／볶음짬뽕/1(메뉴 선택(순두부짬뽕)),순두부짬뽕 마싯어요 국밥느낌,5,5,5,5,2020년 12월 22일
5,치킨,강남구 삼성동,군산짬뽕대가-강남본점,ju**님,"짬뽕／볶음짬뽕/1(메뉴 선택(굴짬뽕)),짜장면／짜장밥/1(메뉴 선택(짜장면＋계란후라이))",기존짬뽕에 굴만 들어가면 굴짬뽕인가요 안먹는 돼지고기 오징어가 왜 굴짬뽕에 들어가나요,1,2,5,5,2020년 12월 14일
6,치킨,강남구 삼성동,군산짬뽕대가-강남본점,kn**님,짬뽕／볶음짬뽕/1(메뉴 선택(짬뽕밥)),피해드리기 싫어서 별은 개입니다 짬뽕밥을 주문했는데 밥을 안주시면 어쩌나요  할수 없이 또 식사를 주문해야겠네요,5,5,5,5,2020년 12월 13일
7,치킨,강남구 삼성동,군산짬뽕대가-강남본점,rl**님,짬뽕／볶음짬뽕/2(메뉴 선택(짬뽕)),엄청짭니다 먹다포기했습니다,1,2,4,5,2020년 12월 13일
8,치킨,강남구 삼성동,군산짬뽕대가-강남본점,sh**님,"짬뽕／볶음짬뽕/1(메뉴 선택(차돌짬뽕)),짜장면／짜장밥/1(메뉴 선택(짜장면＋계란후라이))",포장 굉장히 깔끔하구 맛있어요 단무지가 얇아서 개인적으로 좋았습니다 ,5,5,5,5,2020년 12월 13일
9,치킨,강남구 삼성동,군산짬뽕대가-강남본점,js**님,탕수육／사천탕수육/1(메뉴 선택(탕수육 미니)),일주일에 두번은 먹는것 같습니다 먹을때마다 이집 짬뽕하고 탕수육은 정말 예술이네요,5,5,5,5,2020년 12월 11일
10,치킨,강남구 삼성동,군산짬뽕대가-강남본점,tl**님,짬뽕／볶음짬뽕/1(메뉴 선택(짬뽕)),국물 면 따로 포장해주셔서 불지않고 잘 먹었습니당,5,5,5,5,2020년 12월 11일
11,치킨,강남구 삼성동,군산짬뽕대가-강남본점,손님,짜장면／짜장밥/1(메뉴 선택(짜장면＋계란후라이)),짜장이 진하고 맛있어요 굿굿,5,5,5,5,2020년 12월 11일
12,치킨,강남구 삼성동,군산짬뽕대가-강남본점,ls**님,짬뽕／볶음짬뽕/1(메뉴 선택(볶음짬뽕)),얼큰하게 해잘잘했습니다,5,5,5,5,2020년 12월 11일
13,치킨,강남구 삼성동,군산짬뽕대가-강남본점,ko**님,짬뽕／볶음짬뽕/1(메뉴 선택(짬뽕)),짬뽕너무맛있어요 감사합니다,5,5,5,5,2020년 12월 11일
14,치킨,강남구 삼성동,군산짬뽕대가-강남본점,ck**님,짬뽕／볶음짬뽕/1(메뉴 선택(짬뽕)),잘먹었어요맛있어서 리뷰씁니다,5,5,5,5,2020년 12월 11일
15,치킨,강남구 삼성동,군산짬뽕대가-강남본점,js**님,짬뽕／볶음짬뽕/1(메뉴 선택(짬뽕)),두번째 주문인데 짬뽕 정말 맛있네요 다음엔 탕수육도 시켜볼게요,5,5,5,5,2020년 12월 9일
16,치킨,강남구 삼성동,군산짬뽕대가-강남본점,vn**님,"짜장밥（후라이포함）/1,계란후라이/1",배달도 빠르고 맛나고 양도 많아요 서비스 음료도 너무 잘 먹었습니다 ,5,5,5,5,2020년 12월 8일
17,치킨,강남구 삼성동,군산짬뽕대가-강남본점,손님,군산황제짬뽕 or 짬뽕밥/1(짬뽕 메뉴 선택(짬뽕)),해장하려고 주문했는데 맛 괜차나요 속잘풀었어요 또 시켜먹을게요,5,5,5,5,2020년 12월 8일
18,치킨,강남구 삼성동,군산짬뽕대가-강남본점,손님,군산황제짬뽕 or 짬뽕밥/1(짬뽕 메뉴 선택(짬뽕)),아아아아아앙아아아아아아아,5,5,5,5,2020년 12월 7일
19,치킨,강남구 삼성동,군산짬뽕대가-강남본점,js**님,군산볶음짬뽕/1(짬뽕 메뉴 선택(짬뽕)),배송도 빠르고 볶음짬뽕 정말 맛있게 먹었습니다 무조건 단골입니다,5,5,5,5,2020년 12월 7일
20,치킨,강남구 삼성동,군산짬뽕대가-강남본점,ch**님,군산황제짬뽕 or 짬뽕밥/1(짬뽕 메뉴 선택(짬뽕밥)),국물은 맛있는데 건더기가 좀 없네요,2,4,2,5,2020년 12월 7일
21,치킨,강남구 삼성동,군산짬뽕대가-강남본점,손님,군산황제짬뽕 or 짬뽕밥/1(짬뽕 메뉴 선택(짬뽕)),한끼 맛있게먹었습니다 배달도 빠르네요 번창하세요,5,5,5,5,2020년 12월 6일
22,치킨,강남구 삼성동,군산짬뽕대가-강남본점,손님,군산황제짬뽕 or 짬뽕밥/1(짬뽕 메뉴 선택(짬뽕)),짬뽕국물이 대박이네여 최고최고,5,5,5,5,2020년 12월 5일
23,치킨,강남구 삼성동,군산짬뽕대가-강남본점,js**님,"짜장면（후라이포함）/1,짜장밥（후라이포함）/1",배송도 빠르고 짜장면 짜장밥 둘다 너무 맛있었습니다 단골찜입니다,5,5,5,5,2020년 12월 5일
24,치킨,강남구 삼성동,군산짬뽕대가-강남본점,ja**님,군산볶음짬뽕/1(짬뽕 메뉴 선택(짬뽕)),이게 볶음짬뽕 인가요 오전 시 분에 주문해서 시 분에 받앗네요 단무지에 고춧가루 여기저기 붙어있길래 더러워서 버리고 짬뽕도 그냥 갖다 버렷네요 가게나 라이더나 오늘 너무하네 성질나네요,2,1,1,1,2020년 12월 5일
25,치킨,강남구 삼성동,군산짬뽕대가-강남본점,손님,군산황제짬뽕 or 짬뽕밥/1(짬뽕 메뉴 선택(짬뽕)),생각보다 양이 많아서 배부르게 기분 좋게 먹었네요 맛도 돼지고기를 써서 그런 지 더욱 깊은 맛이 났습니다 또 시켜 먹겠습니다 고생하세요,5,5,5,5,2020년 12월 5일
26,치킨,강남구 삼성동,군산짬뽕대가-강남본점,wj**님,군산황제짬뽕 or 짬뽕밥/1(짬뽕 메뉴 선택(짬뽕)),맛있어요 담에 또 먹을께요,5,5,5,5,2020년 12월 5일
27,치킨,강남구 삼성동,군산짬뽕대가-강남본점,yu**님,육회비빔밥/1,여기 육회비빔밥 왜 이렇게 맛있어요 저번에 짬뽕 먹고 비빔밥 땡겨서 시켰는데 앞으로는 둘 다 시켜 먹으려구요 특히 비빔장에 고기까지 들어가서 개꿀맛이에용 사랑해요,5,5,5,5,2020년 12월 5일
28,치킨,강남구 삼성동,군산짬뽕대가-강남본점,손님,군산황제짬뽕 or 짬뽕밥/1(짬뽕 메뉴 선택(짬뽕)),면도 따로와서 너무좋아요,5,5,5,5,2020년 12월 5일
29,치킨,강남구 삼성동,군산짬뽕대가-강남본점,js**님,탕수육/1(사이즈 선택(小)),탕수육 너무 맛있네요 최고였습니다,5,5,5,5,2020년 12월 4일
30,치킨,강남구 삼성동,군산짬뽕대가-강남본점,op**님,군산황제짬뽕 or 짬뽕밥/1(짬뽕 메뉴 선택(짬뽕)),면이 따로 포장되어 와서 좋았지만 국물이 너무 짜서 한스푼도 못 먹어버고 면만 건져 먹었습니다 원래 그런건진 몰라도 야채도 너무 뭉개져 있어서 식감은 별로였어요 오징어 때문에 다 먹긴 했지만 다음엔 주문안 할 것 같아요,3,3,3,4,2020년 11월 25일
31,치킨,강남구 삼성동,군산짬뽕대가-강남본점,vn**님,"김치 덮밥/1(토핑 메뉴 선택(참치김치),사이드메뉴 추가 선택(계란후라이 추가))",양도 많고 배달도 빠르게 잘 먹었습니다,5,5,5,5,2020년 11월 12일
32,치킨,강남구 삼성동,군산짬뽕대가-강남본점,vn**님,"참치김치 덮밥/1,계란후라이/1",배달도 빠르고 맛있어요 ,5,5,5,5,2020년 10월 22일
33,치킨,강남구 삼성동,군산짬뽕대가-강남본점,ar**님,"군산황제짬뽕 or 짬뽕밥/1(짬뽕 메뉴 선택(짬뽕),만두 메뉴 선택(찐만두 5p))",짬뽕맛은 평범합니다 대신에 고기 많이들어있습니다 홍합알 오징어 알 있네요 만두는 다른분들 남기신 리뷰처럼 안줍니다 왜 체크하는지도 왜 안주시는건지는 모르겠네요,1,1,1,1,2020년 10월 5일
34,치킨,강남구 삼성동,군산짬뽕대가-강남본점,uj**님,"군산황제짬뽕 or 짬뽕밥/1(짬뽕 메뉴 선택(짬뽕),만두 메뉴 선택(군만두 8p))",맛도 별론데 만두도 안오고만두는 안줄거면 선택에서 빼세요,1,1,1,1,2020년 10월 5일
35,치킨,강남구 삼성동,군산짬뽕대가-강남본점,dn**님,"군산볶음짬뽕/1(짬뽕 메뉴 선택(짬뽕),사이드메뉴 추가 선택(간장버터계란밥 추가))",인분 주문했는데 군만두 서비스 주셨네요,5,5,5,5,2020년 10월 5일
36,치킨,강남구 삼성동,군산짬뽕대가-강남본점,tn**님,"군산황제짬뽕 or 짬뽕밥/1(짬뽕 메뉴 선택(짬뽕밥),만두 메뉴 선택(갈비만두 6p),음료&생수 추가 선택(식혜 340mL 추가))",맛있어요 국물이 진하네요 고기가 엄청 많이 들어가있어요 필수선택인 만두는 오지 않으니 참고하세요,4,4,5,5,2020년 10월 4일
37,치킨,강남구 삼성동,군산짬뽕대가-강남본점,ta**님,"군산황제짬뽕 or 짬뽕밥/1(짬뽕 메뉴 선택(짬뽕),만두 메뉴 선택(군만두 8p),음료&생수 추가 선택(사이다 500mL 추가))",만두안줌 짬뽕이랑사이다만 왔너여,1,1,1,1,2020년 10월 4일
38,치킨,강남구 삼성동,군산짬뽕대가-강남본점,a0**님,쭈삼불고기（메뉴만）/1(사이즈 선택(1人)),양적당하고 맛은 엄청 맛있어요,5,5,5,5,2020년 10월 4일
39,치킨,강남구 삼성동,군산짬뽕대가-강남본점,wh**님,"군산황제짬뽕 or 짬뽕밥/1(짬뽕 메뉴 선택(짬뽕),만두 메뉴 선택(군만두 8p))",익스프레스인데 배달도 느리고 만두는 도대체 어디간건지 안왔네요,1,1,1,1,2020년 10월 4일
40,치킨,강남구 삼성동,군산짬뽕대가-강남본점,sm**님,"군산황제짬뽕 or 짬뽕밥/1(짬뽕 메뉴 선택(짬뽕),만두 메뉴 선택(갈비만두 6p))",배달두 빨리오구 맛나요 고기 좋아하는 분들이 좀 좋아할듯 해용 고기양두많고 해산물두 싱싱 근데 야채가 작음 전 고기보다 야채파라서 그래두 맛나용,5,5,5,5,2020년 10월 2일
41,치킨,강남구 삼성동,군산짬뽕대가-강남본점,hc**님,"군산황제짬뽕 or 짬뽕밥/1(짬뽕 메뉴 선택(짬뽕밥),만두 메뉴 선택(미니간장숯불고기))",맛있게 잘먹었습니다 추천합니디,5,5,5,5,2020년 9월 30일
42,치킨,강남구 삼성동,군산짬뽕대가-강남본점,ra**님,"군산황제짬뽕 or 짬뽕밥/1(짬뽕 메뉴 선택(짬뽕),만두 메뉴 선택(양념물만두))",리뷰써달라고 망고음료 주셨길래 남겨보아용 일단 포장 너무깔끔하게 잘왔구요 양념만두진짜 맛있어요  짬뽕은 면도따로오고 굿  제가 매운걸좋아해서 제입엔 좀 심심했지만 그래도 맛있게잘먹었어요 종종 시켜먹을게요,5,5,5,5,2020년 9월 29일
43,치킨,강남구 삼성동,군산짬뽕대가-강남본점,le**님,"군산황제짬뽕 or 짬뽕밥/1(짬뽕 메뉴 선택(짬뽕),만두 메뉴 선택(군만두 8p)),탕수육/1(사이즈 선택(小))",몸이 피곤한 날은 웬지 일큰한 짬뽕이 땡기지요 깊우 맛에 불향까지 확 느껴지는 짬뽕 맛있게 먹었어요신속한 배달 감사합니다,5,5,5,5,2020년 9월 29일
44,치킨,강남구 삼성동,군산짬뽕대가-강남본점,ta**님,육회비빔밥/1,소고기 고추장이 쓰여서 엄청 맛있습니다,5,5,5,5,2020년 9월 28일
45,치킨,강남구 삼성동,군산짬뽕대가-강남본점,so**님,"탕수육/1(사이즈 선택(小)),간장버터계란밥/1",탕수육이랑 간장계란밥 너무 맛있어서 다 먹고 생각나서 찍어버렸어요  정말 맛있게 잘먹었습니다 번창하세요,5,5,5,5,2020년 9월 28일
46,치킨,강남구 삼성동,군산짬뽕대가-강남본점,sq**님,군산볶음짬뽕/1(짬뽕 메뉴 선택(짬뽕)),맛있긴했는데 볶음짬뽕 메뉴가 맞는지 모르겠네요 그냥 짬뽕인것같기도하고 어쨋튼 맛있었습니다,5,5,5,5,2020년 9월 27일
