﻿,Category,Location,Restaurant,UserID,Menu,Review,Total,Taste,Quantity,Delivery,Date
0,치킨,마포구 상암동,굽네치킨&피자-북가좌1호점,ph**님,갈릭마왕（한마리）/1,신메뉴라 맛이 궁금해 시켰어요 마늘향이 많이 날 줄 알았는데 달짝지근한 맛이 많이 안나서 쬐끔 아쉬웠지만 맛있게 잘 먹었어요 소스도 넉넉했고 서비스로 주신 바게트볼도 맛있었어요,5,5,5,5,11시간 전
1,치킨,마포구 상암동,굽네치킨&피자-북가좌1호점,zj**님,"고추바사삭,（한마리）/1",리뷰 이벤트로 주신 바게트볼 첨 먹어봤는데 너무 맛있었어요 고추바사삭은 언제나 맛있구요 감사히 잘 먹었습니다,5,5,5,5,13시간 전
2,치킨,마포구 상암동,굽네치킨&피자-북가좌1호점,y3**님,굽네 오리지널/1,이번에도 맛있는 치킨 빠른 배달 감사합니다,5,5,5,5,15시간 전
3,치킨,마포구 상암동,굽네치킨&피자-북가좌1호점,da**님,굽네 오리지널/1,정말 피자도 맛잇네요  시카고 피자 첨 먹어보는데 찐 맛있습니다 잘 먹었습니다,5,5,5,5,어제
4,치킨,마포구 상암동,굽네치킨&피자-북가좌1호점,su**님,"고추바사삭,（순살）/1,굽네 구운계란 3개 추가/1",배송은 제시간에 받았으나이번에도 눅눅해져서 왔어요 함께 온 콜라가 따뜻해져서 근데 맛은 있어요 사장님 잘못은 아니겠지만 배송만 조금 더 빠르면 고추바사삭을 바싹하게 먹을수 있을거 같아요,4,4,4,2,어제
5,치킨,마포구 상암동,굽네치킨&피자-북가좌1호점,jw**님,"고추바사삭,（순살）/1",맥주 안주로 맛있게 잘먹었습니다,5,5,5,5,어제
6,치킨,마포구 상암동,굽네치킨&피자-북가좌1호점,mo**님,반반A순살）오리지널 반＋볼케이노 반/1,볼케이노는 적당히 매콤하고 오리지날은 육즙이 있게 구워져 맛있게 잘먹었습니다 서비스로 온 웨지감자도 바삭하고 맛있었어요,5,5,5,5,어제
7,치킨,마포구 상암동,굽네치킨&피자-북가좌1호점,gk**님,"고추바사삭,（순살）/1",이번에도 여전히 맛있게 먹었습니다 아무리 생각해도 치킨중에 고바순이 젤 맛있네요 당분간 이것만 먹을 듯 해요 굳굳,5,5,5,,어제
8,치킨,마포구 상암동,굽네치킨&피자-북가좌1호점,se**님,볼케이노치킨＋허니멜로피자/1,적당히 맵고 적당히 달아서 적절한 조합입니다,5,5,5,5,어제
9,치킨,마포구 상암동,굽네치킨&피자-북가좌1호점,j2**님,"고추바사삭,（순살）/1,코카 콜라 1.25L¸¸¸/1",바게트볼 맛있게 냠냠 고추바사삭 언제나 맛있음요,5,5,5,5,2일 전
10,치킨,마포구 상암동,굽네치킨&피자-북가좌1호점,re**님,"고추바사삭,（순살）/1",푸짐하고 완전 맛있었어요  캬 제가 원래 순살은 퍽퍽할거같아서 안먹는 편인데요 뼈 치우기 귀찮아서 오늘은 순살 시켜봤거등요 굽네는 뼈없어도 육즙이 좔좔   매콤하고 넘 마시씀 오늘은 식구들이 아파서 혼밥이었는데 만족스러운 식사였습니다 굽네 오랜만에 먹으니가 존맛 그리고 리뷰이벤트로 부탁드린 감자가 엄청 많이 왔어요   배보다 배꼽이 더 클정도로 맛있음 이거두 맛있음  님들도 리뷰이벤트 참여하세야  다음에 가족들 있을때는 감자 단품도 시켜먹을라구요 핡,5,5,5,5,2일 전
11,치킨,마포구 상암동,굽네치킨&피자-북가좌1호점,on**님,"고추바사삭,（한마리）/1",리뷰이벤트로 주시는 감자 양이 엄청 많고 완전 맛있어요 구운계란도 하나 들어있고 양 많아요 그런데 치킨이 좀 메말랐어요 그래도 맛있음 그런데 일하시는 분들이 마스크 거의 안쓰고 포장도 정해진 시간보다 분 더 걸림 포장할거면 분 더 늦게 가세요,5,5,5,,3일 전
12,치킨,마포구 상암동,굽네치킨&피자-북가좌1호점,na**님,"고추바사삭,（순살）/1",치킨양이 너무 적네요기존에 나오는거보다 수량이 많이 적어요배달도 분정도 늦어서 그런지 식어서 도착했네요,4,4,3,3,3일 전
13,치킨,마포구 상암동,굽네치킨&피자-북가좌1호점,sc**님,"고추바사삭,（순살）/1",마이쪄요 바게트볼도 존맛,5,5,5,5,4일 전
14,치킨,마포구 상암동,굽네치킨&피자-북가좌1호점,jo**님,"고추바사삭,（한마리）/1",맛있게 잘먹었어요 조금 아쉽게도 눅눅한편이었지만 양념도 맛있고 리뷰이벤트 구운계란도 잘 먹었어요,5,5,5,5,5일 전
15,치킨,마포구 상암동,굽네치킨&피자-북가좌1호점,xh**님,굽네 스윗 볼케이노 순살/1,정말정말 맛있구 양도 진짜 많았습니다 이렇게 많이 주셔서 남는 게 있나 모르겠어요 잘 먹었어요 감사합니다,5,5,5,,5일 전
16,치킨,마포구 상암동,굽네치킨&피자-북가좌1호점,ka**님,"고추바사삭,（한마리）/1",역시 굽네다 이렇게 맛있고 리뷰이벤트도 받이먹고 리뷰를 안쓰는 사람들이 있다니이해가 가지 않습니다 넘 맛나요,5,5,5,5,5일 전
17,치킨,마포구 상암동,굽네치킨&피자-북가좌1호점,ka**님,고추바사삭＋슈림프시카고피자/1,서비스 닭이 식어서 왔구 딱딱했습니다 그외 본 품은 잘 먹었습니다,5,5,5,5,6일 전
18,치킨,마포구 상암동,굽네치킨&피자-북가좌1호점,an**님,굽네 오리지널/1,다이어트 중에 치킨이 너무 먹고싶어서 튀긴건 부담스럽고 구운걸로 시켜서 샐러드랑 같이 끼에 나눠 먹었어요 맛있었습니다,5,5,5,5,6일 전
19,치킨,마포구 상암동,굽네치킨&피자-북가좌1호점,qk**님,"굽네 오리지널/1,마블링 소스 추가/2",새벽늦게 배달해주셔서 감사합니다 배달빠르고 맛있어요,5,5,5,5,6일 전
20,치킨,마포구 상암동,굽네치킨&피자-북가좌1호점,db**님,굽네 갈비천왕 순살/1(사이드 메뉴(왕중왕 소스 추가)),예상배달시간보다 빨리오고 맛잇엇어요 동생이랑 같이 치밥까지 먹엇는데 원래 갈비천왕 보단 볼케이노 파인데 여기는 갈비천왕도 맛잇네요,5,5,5,5,6일 전
21,치킨,마포구 상암동,굽네치킨&피자-북가좌1호점,tu**님,굽네 오리지널/1(사이드 메뉴(달콤소스 추가)),맛있게 질 먹었습니다 감사합니다,5,5,5,5,6일 전
22,치킨,마포구 상암동,굽네치킨&피자-북가좌1호점,ar**님,굽네 스윗 볼케이노 순살/1,배달도 빠르고 저녁 치밥했어요 맛있게 잘먹었어요,5,5,5,5,6일 전
23,치킨,마포구 상암동,굽네치킨&피자-북가좌1호점,zj**님,"고추바사삭,（한마리）/1",항상 맛있게 잘 먹고 있습니다 배달 빨리 해주셔서 감사드려요,5,5,5,5,6일 전
24,치킨,마포구 상암동,굽네치킨&피자-북가좌1호점,aa**님,두마리）볼케이노＋볼케이노/1,여기지점이 닭크기 제일 큼 혼자서 번 나뉘 먹는거 번 나눠서 먹음 식욕은 이상없음,5,5,5,5,6일 전
25,치킨,마포구 상암동,굽네치킨&피자-북가좌1호점,au**님,굽네 볼케이노 순살/1,진짜 오랜만에 굽네 볼케이노 시켰는데 여전히 너무 맛있네요,5,5,5,4,6일 전
26,치킨,마포구 상암동,굽네치킨&피자-북가좌1호점,ro**님,"고추바사삭,（순살）/1(사이드 메뉴(매콤치즈 케이준감자))",진짜 최곱니다 맛이면 맛 서비스면 서비스 전 뼈묻단골할랍니다,5,5,5,5,6일 전
27,치킨,마포구 상암동,굽네치킨&피자-북가좌1호점,gu**님,볼케이노치킨＋허니멜로피자/1,볼케이노랑 허니멜로 피자의 맵단조합은 진리이구요 웨지감자 서비스를 엄청많이 주셔서 깜짝 놀랐습니다 정말 맛있게 배부르게 먹었습니다 굽네치킨 시킬때는 북가좌 호점서만 시킬려구요,5,5,5,5,일주일 전
28,치킨,마포구 상암동,굽네치킨&피자-북가좌1호점,94**님,굽네 오리지널 순살/1,와 정말 최고입니다 이런 서비스는 처음이네요 여태까지 시켜본 굽네중 여기가 최고인듯합니다,5,5,5,5,일주일 전
29,치킨,마포구 상암동,굽네치킨&피자-북가좌1호점,sp**님,굽네 갈비천왕 순살/1,맛있었습니다 감사합니다,5,5,5,5,2021년 7월 26일
30,치킨,마포구 상암동,굽네치킨&피자-북가좌1호점,ju**님,반반A）오리지널 반＋볼케이노 반/1,오잉 자세하게 쓰면 악용될거같아 자세하게는 안쓸게요 리뷰 써비스 생각지도 않았는데 너무 감사드립니다 늦은시간에 갑자기 땡겨서 주문했는데 굽네 자주먹진 않는데 먹어본 굽네중에 제일 담백하고 맛있는집 같아용 제일 깔끔하고 먹는데 물리지도 않고 잘먹었습니다 늦은시간에 배달 진짜 감사드려요,5,5,5,5,2021년 7월 26일
31,치킨,마포구 상암동,굽네치킨&피자-북가좌1호점,z3**님,"고추바사삭,（순살）/1(사이드 메뉴(고블링 소스 추가,볼케이노 치즈치밥))",볼케치밥 먹어보고 싶어서 시켰는데 없다고 하셔서 아쉬웠지만 볼케소스를 두개나 예전에 소스안주신거 보답인가요 바게트도 엄청 맛있어요,5,5,5,5,2021년 7월 26일
32,치킨,마포구 상암동,굽네치킨&피자-북가좌1호점,hy**님,굽네 오리지널/1,리뷰 못 적어 바로 전화해서 이야기했는데 영수증에 적혀있는데 안왔네요    흑흑,4,5,5,5,2021년 7월 25일
33,치킨,마포구 상암동,굽네치킨&피자-북가좌1호점,gk**님,"고추바사삭,（순살）/1",와 역대 먹은 굽네중에 제일 맛있네요  엄청 촉촉바삭하고 이때까지 먹은 굽네랑 비교되네요  마즐링소스는 첨 먹어 보는것 같은데 맛있어요  넘모좋습니다,5,5,5,5,2021년 7월 25일
34,치킨,마포구 상암동,굽네치킨&피자-북가좌1호점,na**님,"고추바사삭,（순살）/1",맛있게 잘 먹었습니다서비스로 주신 감자도 많이 주셔서 맛있게 먹었습니다,5,5,4,5,2021년 7월 25일
35,치킨,마포구 상암동,굽네치킨&피자-북가좌1호점,rk**님,굽네 오리지널 윙/1,요청사항을 잘 들어주셔서 정말 좋았어요 서비스로 받은 갈릭 바게트볼은 언제 먹어도 정말 맛있네요 잘 먹었습니다 ,5,5,5,5,2021년 7월 24일
36,치킨,마포구 상암동,굽네치킨&피자-북가좌1호점,zj**님,"고추바사삭,（한마리）/1",배가 마니 고팠는데 고추바사삭 진짜 역시는 역시 서비스로 주신 케이준감자도 양도 많고 맛있었어요 구운계란도 맛있었구요 감사히 잘먹었습니다,5,5,5,5,2021년 7월 24일
37,치킨,마포구 상암동,굽네치킨&피자-북가좌1호점,se**님,오리지널＋허니멜로 피자/1,언제나 변함없는 맛있는 맛 맛있게 잘 먹었습니다,5,5,5,5,2021년 7월 24일
38,치킨,마포구 상암동,굽네치킨&피자-북가좌1호점,dj**님,굽네 볼케이노 통다리/1,리뷰를 바로 안쓸수가 없다 오늘 볼케이노가 겉은 약간 단단하면서 잘 구워진 느낌이 물씬 나서 감탄했습니다 그리고 오늘따라 왤케 소스듬뿍인가요 소스는 어제처럼 똑같이 진하고요 너무 맛있었습니다제가 딱 원하던 맛이라 감동받았어요 그리고 항상 마그마소스를 딴소스로 바꿔달라고 부탁드리는데 왜 그러냐면 기분탓인지는 모르겠지만 마그마소스하고 볼케이노소스하고 다르게 느껴지더라고요 리뷰이벤트 콜라도 받았는데 죄송하니까 담부터는 꼭 바꿔주시기만 해주세요 계속 여기서 주문할거니까요 감사합니다,5,5,5,5,2021년 7월 24일
39,치킨,마포구 상암동,굽네치킨&피자-북가좌1호점,ze**님,"고추바사삭,（순살）/1,에그미니 타르트/1",기름 잘 빼주셔서 더 맛있었어용 ,5,5,5,5,2021년 7월 23일
40,치킨,마포구 상암동,굽네치킨&피자-북가좌1호점,i6**님,고추바사삭＋슈림프시카고피자/1,리뷰서비스로 주신 바게트 맛잇음요 ,5,5,5,5,2021년 7월 23일
41,치킨,마포구 상암동,굽네치킨&피자-북가좌1호점,si**님,"굽네 오리지널 순살/1,고추바사삭,（순살）/1",항상 믿을수 있는 맛입니다,5,5,5,5,2021년 7월 23일
42,치킨,마포구 상암동,굽네치킨&피자-북가좌1호점,ph**님,"고추바사삭,（한마리）/1",어제먹고 오늘도 다시 시켜먹고싶었지만 참았습니다 건강을 위해서 고추바사삭 진짜 너무 맛있고 갈릭바게트볼도 진짜 살살 녹아요 최고에요 정말 넘 맛있어요 사진은 먹다가 찍어서 바게트볼 반이 없네요 ,5,5,5,5,2021년 7월 23일
43,치킨,마포구 상암동,굽네치킨&피자-북가좌1호점,mo**님,고추바사삭 치킨 ＋ 시카고 딥디쉬 피자/1,두가지를 같이 먹을 수 있어서 좋네요 맛있어요,5,5,5,5,2021년 7월 23일
44,치킨,마포구 상암동,굽네치킨&피자-북가좌1호점,da**님,굽네 오리지널/1,역시 너무 맛있습니다 잘 먹었어용,5,5,5,5,2021년 7월 23일
45,치킨,마포구 상암동,굽네치킨&피자-북가좌1호점,ah**님,굽네 갈비천왕 순살/1,갈비천왕 좋아요 맛있어요,5,5,5,5,2021년 7월 23일
46,치킨,마포구 상암동,굽네치킨&피자-북가좌1호점,au**님,굽네 볼케이노 통다리/1,어제 밤에 주문했어요 이번엔 닭다리가 개여서 그런지 볼케이노소스가 부족했다는 저번에 닭다리개에 소스듬뿍 있는게 맛은 더 좋았어요 그래도 소스도 진하고 잘 구워주셔서 맛있게 잘 먹었습니다 이벤트 서비스도 감사합니다,5,5,5,5,2021년 7월 23일
47,치킨,마포구 상암동,굽네치킨&피자-북가좌1호점,jj**님,"고추바사삭,（순살）/1",집 가까이에 맛있는 굽네가 생겨서 너무 좋아요 오래오래 장사해주세요 코로나 끝나면 꼭 매장가서 피자랑 생맥마실거에요,5,5,5,5,2021년 7월 22일
48,치킨,마포구 상암동,굽네치킨&피자-북가좌1호점,mi**님,굽네 오리지널/1,배달도 빨랐고치킨도 맛났어용 항상 주문할때마다 만족하고 있네요,5,5,5,5,2021년 7월 22일
49,치킨,마포구 상암동,굽네치킨&피자-북가좌1호점,gu**님,"고추바사삭,（순살）/1(사이드 메뉴(마블링 소스 추가))",진리의 고바순 맛있게 잘먹었습니다,5,5,5,5,2021년 7월 22일
50,치킨,마포구 상암동,굽네치킨&피자-북가좌1호점,me**님,굽네 볼케이노 순살/1,맛있게 먹었습니다 다만 달걀이 안와서 아쉬웠어요,5,5,5,5,2021년 7월 21일
51,치킨,마포구 상암동,굽네치킨&피자-북가좌1호점,ky**님,굽네 시카고 딥디쉬 피자/1,굽네피자는 이번이 처음이였는데 생각보다 맛이 괜찮아서 놀랐습니다 ,5,5,5,5,2021년 7월 21일
52,치킨,마포구 상암동,굽네치킨&피자-북가좌1호점,po**님,"고추바사삭,（순살）/1",맛있게 잘 먹었어요 리뷰이벤트 웨지감자 부탁드렸는데 구운계란이 와서 뭐지했는데 애들이 맛있다고 오히려 잘 먹네요,5,5,5,5,2021년 7월 21일
53,치킨,마포구 상암동,굽네치킨&피자-북가좌1호점,y3**님,"고추바사삭,（순살）/1",죄송합니다후기가 늦었네요 배달원님의 친절한 문자 포장에 있는 정성 담긴 쪽지 훌륭한 맛 리뷰이벤트로 주신 서비스계란구 최고에요 너무너무 잘먹었습니다 다음에 또 주문할게요,5,5,5,5,2021년 7월 21일
54,치킨,마포구 상암동,굽네치킨&피자-북가좌1호점,je**님,고추바사삭＋시카고 딥디쉬 피자＋바게트볼/1,맛있게 잘 먹었습니다 다음에 또 시켜 먹을께요,5,5,5,5,2021년 7월 21일
55,치킨,마포구 상암동,굽네치킨&피자-북가좌1호점,pd**님,두마리）오리지널＋오리지널/1,사장님 이렇게 아낌없이 주시면 남는게 있으신가요 넘 맛있고 인심 좋으시고,5,5,5,5,2021년 7월 21일
56,치킨,마포구 상암동,굽네치킨&피자-북가좌1호점,da**님,"고추바사삭,（한마리）/1,스프라이트 1.5L¸¸/1",체인점도 조금씩 다른데 여기 괜찮네요 다른 곳에서 시켜봤는데 차갑게 와서 실망했던 기억이 있는데 따뜻한 치킨 잘 먹었어용 하하하하하 감사합니다,5,5,5,5,2021년 7월 21일
57,치킨,마포구 상암동,굽네치킨&피자-북가좌1호점,zo**님,"고추바사삭,（한마리）/1",맛있고 양도 많네요 리뷰이벤트 콜라도 잘 받았습니다,5,5,5,5,2021년 7월 21일
58,치킨,마포구 상암동,굽네치킨&피자-북가좌1호점,ha**님,굽네 볼케이노 통다리/1,일주일전쯤에 주문했어요 항상 북가좌점에서 주문해요,5,5,5,5,2021년 7월 20일
59,치킨,마포구 상암동,굽네치킨&피자-북가좌1호점,ln**님,"고추바사삭,（순살）/1",겉은 바삭하고 속은 쫄깃 소스도 잘 어울림,5,5,4,5,2021년 7월 20일
60,치킨,마포구 상암동,굽네치킨&피자-북가좌1호점,br**님,갈비천왕치킨＋허니멜로 피자/1,치킨이 맛있어요 피자도 담백하니 자극적이지 않아 좋았습니다,5,5,5,5,2021년 7월 20일
61,치킨,마포구 상암동,굽네치킨&피자-북가좌1호점,qk**님,"고추바사삭,（순살）/1(사이드 메뉴(치트킹-매콤치즈))",너무 맛있게 잘먹었습니다 메뉴얼대로 너무 잘하시는거 같아요,5,5,5,5,2021년 7월 20일
62,치킨,마포구 상암동,굽네치킨&피자-북가좌1호점,hh**님,"굽네 핫 갈비천왕 순살/1,굽네 오리지널 통다리（반）＋오리지널 윙（반）/1",배달속도 최고 맛최고 근사한 야식입니다 살안찌는 치킨 너무 맛나요 ,5,5,5,5,2021년 7월 19일
63,치킨,마포구 상암동,굽네치킨&피자-북가좌1호점,su**님,"고추바사삭,（순살）/1",역시 고추바사삭 입니당 잘먹겠습니다 ,5,5,4,4,2021년 7월 19일
64,치킨,마포구 상암동,굽네치킨&피자-북가좌1호점,se**님,굽네 허니멜로/1,울아들이 좋아하는 허니멜로 소스 넉넉하게 해달라는 요청에 소스 따로 주신 사장님의 센스 맛있게 잘 먹었습니다,5,5,5,5,2021년 7월 18일
65,치킨,마포구 상암동,굽네치킨&피자-북가좌1호점,wo**님,"고추바사삭,（순살）/1(사이드 메뉴(츄블링소스 추가))",맛있어요 서비스로 온감자도괜찮아요,5,5,5,5,2021년 7월 18일
66,치킨,마포구 상암동,굽네치킨&피자-북가좌1호점,tj**님,"고추바사삭,（순살）/1",너무맛있어사 먹을 때 맛나게 먹고 생각나서 남깁니다리 감사합니다,5,5,5,5,2021년 7월 18일
67,치킨,마포구 상암동,굽네치킨&피자-북가좌1호점,fe**님,갈릭마왕 반반（한마리）/1(사이드 메뉴(매콤소스 추가)),너무 맛있게 잘먹었어요 사장님이 서비스로 챙겨주신 따끈따끈한 계란도 잘 먹었어요,5,5,4,5,2021년 7월 18일
68,치킨,마포구 상암동,굽네치킨&피자-북가좌1호점,to**님,고추바사삭＋슈림프시카고피자/1,치킨에 살도많고 해서 다못먹었네요 피자도 맛있었어요,5,5,5,,2021년 7월 17일
69,치킨,마포구 상암동,굽네치킨&피자-북가좌1호점,he**님,"고추바사삭,（한마리）/1",마감할시간인데두 배달해주셔서 감사합니다 치킨넘 맛나구 양도 다른곳보다 많아요 치킨먹고싶을댄 요기로 굽네치킨잘먹구있어요 감사해요,5,5,5,5,2021년 7월 17일
70,치킨,마포구 상암동,굽네치킨&피자-북가좌1호점,yt**님,갈릭마왕 반반（한마리）/1,이벤트 확실하고 굽네는 역시 프리미엄치킨이네요 잘먹었습니다,5,5,5,5,2021년 7월 17일
71,치킨,마포구 상암동,굽네치킨&피자-북가좌1호점,di**님,"고추바사삭,（윙）/1",사장님 바뀌셧다던데 실력자가 오셧군요 정성 가득한 맛있는 요리입니다 다시 꼭 시켜막을께요,5,5,5,5,2021년 7월 17일
72,치킨,마포구 상암동,굽네치킨&피자-북가좌1호점,ro**님,"고추바사삭,（한마리）/1",다른지점은 구운계란 안주는데 여긴 꼭 주시네요 분 걸리다고 나오더니 분만에 도착  고추바삭은 치킨은 지존,5,5,5,5,2021년 7월 16일
73,치킨,마포구 상암동,굽네치킨&피자-북가좌1호점,qo**님,굽네 갈비천왕 순살/1,치킨 매번 맛있습니다 리뷰이벤트 콜라사이즈업했는데 일반 이왔어요,3,3,3,3,2021년 7월 16일
74,치킨,마포구 상암동,굽네치킨&피자-북가좌1호점,ls**님,반반A）오리지널 반＋볼케이노 반/1,오리지널은 말 안해도 맛있고 볼케이노 처음 먹어보는데 소스가 왜이리 맛이있는건지 중독이에요 리뷰 이벤트로 웨지감자도 받았는데 양 보고 너무 놀랐어여 한 사바리 주셔서 다 못먹고 내일 먹으려구용  두둑한 봉지 좀 보세요  소스도 서비스로 주신거 같더라구요 맛도 서비스도 감사합니다,5,5,5,5,2021년 7월 16일
75,치킨,마포구 상암동,굽네치킨&피자-북가좌1호점,th**님,굽네 볼케이노 순살/1,역시 볼케이노는 순살이네요 오늘도 잘먹고 갑니다,5,5,5,5,2021년 7월 15일
76,치킨,마포구 상암동,굽네치킨&피자-북가좌1호점,wl**님,굽네 볼케이노 순살/1,이번엔 저번보다 덜 바싹 구워져서 아쉬웠어요 다음에 요청사항에 바싹 구워달라고 요청드려야겠어요 그래도 볼케이노는 언제먹어도 맛있어요,5,4,5,4,2021년 7월 15일
77,치킨,마포구 상암동,굽네치킨&피자-북가좌1호점,mo**님,"고추바사삭,（순살）/1(사이드 메뉴(고블링 소스 추가))",맛있어요 근데소스추가했는데 안왔네욥,5,5,5,5,2021년 7월 14일
78,치킨,마포구 상암동,굽네치킨&피자-북가좌1호점,ro**님,"고추바사삭,（한마리）/1(사이드 메뉴(마그마 소스 추가))",고추바사삭 존맛 웨지감자도 잘 먹었어요,5,5,5,5,2021년 7월 13일
79,치킨,마포구 상암동,굽네치킨&피자-북가좌1호점,wl**님,"고추바사삭,（윙）/1",급하게 먹느라 사진을 못찍었네요 복날에 맛있는 치킨 먹어서 기분 좋았습니다,5,5,5,5,2021년 7월 13일
80,치킨,마포구 상암동,굽네치킨&피자-북가좌1호점,jm**님,"고추바사삭,（순살）/1",식후감 진짜 장난 아니게 맛있어요 새벽에 고바삭이 너무 먹고싶어서 찾아봤는데 늦은 시간에 연집이 있어서 바로 주문했어요 배달 받자마자 훅 올라오는 오븐 향기가 최고에요 다 다리살마냥 짱 부드러운 순살이라 진짜 녹아내렸고 고블링마블링 소스 찍어먹으니까 단짠맵 다 있고 좀 맵다 싶으면 바게트볼 먹으면 달게 녹여줘서 최고의 한끼였습니다,5,5,5,5,2021년 7월 13일
81,치킨,마포구 상암동,굽네치킨&피자-북가좌1호점,jj**님,"굽네 볼케이노/1,코카 콜라 500ml¸¸/1",전에 먹어보고 너무 만족해서 또 시켜 먹었어요 감자튀김 양이 정말 많고 치킨도 바삭바삭 맛있어요 최고,5,5,5,5,2021년 7월 13일
82,치킨,마포구 상암동,굽네치킨&피자-북가좌1호점,ha**님,"바게트볼（갈릭크림）2개/2,마블링 소스 추가/3,고블링 소스 추가/1",식후감 빵전체가 파슬리가 섞인 갈릭버터에 푹 담가져있다가 오븐에 골든브라운 색깔로 잘 구워져서 나온듯 합니다 윗부분의 겉은 바삭하고 빵 전체 특히 밑바닥은 마늘버터에 녹진하게 절여져 있어서 그 감칠맛이 환상적입니다 십자모양으로 잘려진 빵 사이사이에 달콤한 크림치즈가 발려져있어서 크리미한 식감에 고소한 맛까지 더해주네요 개는 맛보기용이고 개는 가뿐히 먹을수 있어요 빵은 보통 식은채로 먹는데 바로 구워주신 굽네 바게트볼을 먹으니 갓 구운 빵이 세상에서 제일 맛있다는걸 다시 한번 실감하게 됩니다,5,5,5,5,2021년 7월 13일
83,치킨,마포구 상암동,굽네치킨&피자-북가좌1호점,co**님,반반A순살）오리지널 반＋볼케이노 반/1,굽네 순살 항상 너무 맛있어요 서비스로 온 웨지감자도 양이 엄청 넉넉해서 알차게 잘먹었습니다,5,5,5,5,2021년 7월 13일
84,치킨,마포구 상암동,굽네치킨&피자-북가좌1호점,ha**님,굽네 볼케이노 통다리/1,너무맛있게 잘먹었습니다 감사합니다 또 주문할게요,5,5,5,5,2021년 7월 13일
85,치킨,마포구 상암동,굽네치킨&피자-북가좌1호점,ta**님,"고추바사삭,（순살）/1(사이드 메뉴(마블링 소스 추가))",뭔가 다른 매장보다 순살양이 적었던 느낌입니다만 대신 치킨이 딴 매장에비해 타지않고 잘 조리되어왔습니다,5,5,3,5,2021년 7월 11일
86,치킨,마포구 상암동,굽네치킨&피자-북가좌1호점,pa**님,반반A）오리지널 반＋볼케이노 반/1,볼케이노 찐 오랜만에 먹네욯 오랜만에 이렇게 먹으니깐 맛있었어요,5,5,5,5,2021년 7월 11일
87,치킨,마포구 상암동,굽네치킨&피자-북가좌1호점,se**님,굽네 오리지널/1,맛잇어요  자꾸 동네 아닌 타지점이 뜨는데 북가좌에서만 먹습니당,5,5,5,,2021년 7월 11일
88,치킨,마포구 상암동,굽네치킨&피자-북가좌1호점,ju**님,"고추바사삭,（순살）/1",고추바사삭은 순살이죠 잘먹었어요,5,5,5,5,2021년 7월 11일
89,치킨,마포구 상암동,굽네치킨&피자-북가좌1호점,da**님,굽네 오리지널/1,식후감 역시 좋아용  맛있는 치킨 감자 소스까지 완벽 합니다 조합이 최고입니다 ,5,5,5,5,2021년 7월 11일
90,치킨,마포구 상암동,굽네치킨&피자-북가좌1호점,jn**님,"고추바사삭,（한마리）/1(사이드 메뉴(고블링 소스 추가))",진짜 너무 좋아요 한 주에 한 번은 시켜먹는중,5,5,5,5,2021년 7월 11일
91,치킨,마포구 상암동,굽네치킨&피자-북가좌1호점,na**님,"고추바사삭,（순살）/1(사이드 메뉴(고블링 소스 추가))",전 중독되어버렸습니다 너무 맛있음 또 주문할게요 잘먹었슴니다,5,5,5,5,2021년 7월 10일
92,치킨,마포구 상암동,굽네치킨&피자-북가좌1호점,he**님,"페퍼로니 찹찹 피자/1,고추바사삭,（순살）/1,추가-마그마소스/3",빠른배달이라 따뜻하게 먹었어요 맛있게 잘 먹었습니다,5,5,5,5,2021년 7월 10일
93,치킨,마포구 상암동,굽네치킨&피자-북가좌1호점,hh**님,"고추바사삭,（순살）/1",바삭바삭하고 맛있습니다,5,5,5,5,2021년 7월 10일
94,치킨,마포구 상암동,굽네치킨&피자-북가좌1호점,da**님,굽네 오리지널/1,식후감 정말 언제 시켜 먹어도 맛있습니다  이벤트 서비스가 너무 좋아용,5,5,5,5,2021년 7월 10일
95,치킨,마포구 상암동,굽네치킨&피자-북가좌1호점,bb**님,굽네 볼케이노 순살/1,바싹 구워진게 취향인데 너무 맛있게 잘먹었습니다 볼케이노랑 고바삭이랑 번갈아 먹고 있는데 둘다 맛있어요 그리고 리뷰이벤트 감자가 지인짜 많아요 여기만큼 많이 주는 곳을 본적이 없어서,5,5,5,,2021년 7월 10일
96,치킨,마포구 상암동,굽네치킨&피자-북가좌1호점,rl**님,"고추바사삭,（한마리）/1(사이드 메뉴(치킨 무,고블링 소스 추가))",처음 시켜봤는데 다들 맛있다고 하네요  다음에도 시켜먹을거같아요,5,5,5,5,2021년 7월 9일
97,치킨,마포구 상암동,굽네치킨&피자-북가좌1호점,wh**님,굽네 오리지널/1,맛있게 먹었습니다 서비스도 최고,5,5,5,5,2021년 7월 9일
98,치킨,마포구 상암동,굽네치킨&피자-북가좌1호점,wh**님,"고추바사삭,（한마리）/1",진짜 너뮤 맛있게 먹었어영,5,5,5,5,2021년 7월 9일
99,치킨,마포구 상암동,굽네치킨&피자-북가좌1호점,ii**님,"고추바사삭,（한마리）/1",취소했다가 재차 주문했는데도 너그러이 받아주셔서 감사드립니다 언제나 만족하며 먹는 매장입니다수고하세요,5,5,5,,2021년 7월 8일
100,치킨,마포구 상암동,굽네치킨&피자-북가좌1호점,mi**님,"고추바사삭,（한마리）/1",너무 맛있어요 서비스로 주신 통다리도 잘 먹었습니다  다음에 또 시켜먹을게요,5,5,5,5,2021년 7월 8일
101,치킨,마포구 상암동,굽네치킨&피자-북가좌1호점,ne**님,굽네 오리지널/1,정말 맛있어요 맛있게 잘 먹었습니다,5,5,5,5,2021년 7월 8일
102,치킨,마포구 상암동,굽네치킨&피자-북가좌1호점,qk**님,"굽네 오리지널 순살/1(사이드 메뉴(마블링 소스 추가,고블링 소스 추가))",오리지널 오랜만에 먹으니까 존맛이에요 리뷰로 받은건데도 감자튀김 양 엄청 많네여  최고촤고,5,5,5,5,2021년 7월 7일
103,치킨,마포구 상암동,굽네치킨&피자-북가좌1호점,wr**님,"고추바사삭,（순살）/1",잘먹었습니다 서비스도 감사합니다,5,5,5,5,2021년 7월 7일
104,치킨,마포구 상암동,굽네치킨&피자-북가좌1호점,db**님,"고추바사삭,（순살）/1",정말 맛있어용 최고예요,5,5,5,5,2021년 7월 7일
105,치킨,마포구 상암동,굽네치킨&피자-북가좌1호점,lu**님,양념 히어로 반반（한마리）/1,너무 자극적이지 않은 담백하고 맛있는 치킨이예요 배달도 빠르고 맛도 좋고 야식으로 딱이예요 재주문 의사 아주 많아요,5,5,5,5,2021년 7월 7일
106,치킨,마포구 상암동,굽네치킨&피자-북가좌1호점,jh**님,"고추바사삭,（한마리）/1",믿고 먹는 고추바사삭 역시 넘 맛있더라구요 서비스 감튀를 엄청 많이 주셔서 깜짝 놀랐네요 감사합니다 잘 먹었습니다,5,5,5,5,2021년 7월 6일
107,치킨,마포구 상암동,굽네치킨&피자-북가좌1호점,ma**님,"고추바사삭,（순살）/1",잘먹었습니다 항상맛나여,5,5,5,5,2021년 7월 5일
108,치킨,마포구 상암동,굽네치킨&피자-북가좌1호점,go**님,"고추바사삭,（한마리）/1",역시 고추바사삭맛있어요,5,5,5,,2021년 7월 5일
109,치킨,마포구 상암동,굽네치킨&피자-북가좌1호점,pa**님,"고추바사삭,（한마리）/1",오랜만에 먹은 치킨인데 배달도 빨리 오고 너무 맛있게 잘 먹었습니다 다음에 또 시켜먹을게요,5,5,5,5,2021년 7월 5일
110,치킨,마포구 상암동,굽네치킨&피자-북가좌1호점,he**님,"고추바사삭,（한마리）/1,굽네 불닭발¸¸/1",깜박하고 사진을 못찍었어요 특히 굽네불닭발 오랜만에 먹으니 좋았습니다,5,5,5,5,2021년 7월 5일
111,치킨,마포구 상암동,굽네치킨&피자-북가좌1호점,na**님,"고추바사삭,（한마리）/1(사이드 메뉴(치트킹-매콤치즈,마블링 소스 추가,고블링 소스 추가))",치킨은 여기서만 시키고있는듯  서비스도 주셔서 잘먹었습니다 너무 맛있네요 조만간 또 주문할게요 ,5,5,5,5,2021년 7월 4일
112,치킨,마포구 상암동,굽네치킨&피자-북가좌1호점,jw**님,"고추바사삭,（순살）/1",맥주 안주로 맛있게 잘먹었습니다,5,5,5,5,2021년 7월 4일
113,치킨,마포구 상암동,굽네치킨&피자-북가좌1호점,tm**님,"고추바사삭,（한마리）/1",이 가격에 이렇게나 푸짐하고 맛도 최고입니다,5,5,5,,2021년 7월 4일
114,치킨,마포구 상암동,굽네치킨&피자-북가좌1호점,z3**님,"고추바사삭,（한마리）/1(사이드 메뉴(고블링 소스 추가))",배달도 시간안에오고 치킨도 맛잇는데요 저는 소스 부족해서 하나 더 추가해서먹는데 추가한개 안왔네요 리뷰콜라도 너무 미지근하구요원래 냉장보관하던거 주는게아닌가요,4,4,5,5,2021년 7월 4일
115,치킨,마포구 상암동,굽네치킨&피자-북가좌1호점,al**님,갈릭마왕 반반（한마리）/1,맛있게 잘 먹었어요 웨지감자도 너무 감사합니다다음에 또 시킬게요,5,5,5,5,2021년 7월 4일
116,치킨,마포구 상암동,굽네치킨&피자-북가좌1호점,da**님,굽네 오리지널/1,식후감 겉은 기름기 쏙 빠져서 아주 쫀득한 껍질이 되고 살속은 정말 말랑합니다 너무 맛있습니당 이벤트로 주시는 감자도 최고구요  잘 먹었습니다,5,5,5,5,2021년 7월 4일
117,치킨,마포구 상암동,굽네치킨&피자-북가좌1호점,jj**님,"고추바사삭,（순살）/1",이벤트로 감자튀김을 이만큼 주시는 곳은 처음 봤어요 제가 사진을 맛있게 잘 못 찍어서 너무 아쉬운데 진짜 치킨 양도 많고 서비스로 콜라까지 사실 프랜차이즈는 다 똑같을 거라고 생각해 왔는데 지점마다 이렇게 다를 수도 있구나 하고 생각을 바꾸게 되었어요 앞으로는 여기에서만 시켜 먹으려구요 맛있는 치킨 감사합니다,5,5,5,5,2021년 7월 4일
118,치킨,마포구 상암동,굽네치킨&피자-북가좌1호점,sh**님,"고추바사삭,（순살）/1",치킨도 맛있었고 리뷰 이벤트 웨지감자도 맛있었습니다,5,5,5,5,2021년 7월 4일
119,치킨,마포구 상암동,굽네치킨&피자-북가좌1호점,so**님,굽네 오리지널 순살/1(사이드 메뉴(마그마 소스 추가)),리뷰를 이제야 쓰네용  오리지널 순살 첨 먹어보는데 너무 제스타일이여서 놀랫서요  존맛탱  리뷰이벤트 케이준감자 요청 드렸는데 늦을것같다구 암튼 가게 사정으로 바게트볼로 바꿔서 드려도 괜찮으시겠냐구 직접 연락 주셨는데 연락 주셔서 감사합니당  원래 그러면 그냥 안 주는데도 많은데 연락주셔서 감사했어용 바게트볼 짱맛입니다  다음엔 추가로 직접 주문할듯해요  최고 ,5,5,5,5,2021년 7월 3일
120,치킨,마포구 상암동,굽네치킨&피자-북가좌1호점,wj**님,"고추바사삭,（순살）/1",맛있게 잘 먹었습니다 ,5,5,5,5,2021년 7월 3일
121,치킨,마포구 상암동,굽네치킨&피자-북가좌1호점,vk**님,"고추바사삭,（순살）/1",항상 맛있습니다 감사합니다,5,5,5,5,2021년 7월 3일
122,치킨,마포구 상암동,굽네치킨&피자-북가좌1호점,wa**님,"고추바사삭,（한마리）/1",치킨이랑 소스 향이 너무 좋아요 감자와 계란도 잘먹었습니다,5,5,5,5,2021년 7월 3일
123,치킨,마포구 상암동,굽네치킨&피자-북가좌1호점,se**님,굽네 오리지널/1,리뉴얼한 북가좌점 굽네 깨끗하고 너무 좋아요  포장할인도 되어서 애용하고 있습니다 ,5,5,5,,2021년 7월 2일
124,치킨,마포구 상암동,굽네치킨&피자-북가좌1호점,na**님,"고추바사삭,（순살）/1(사이드 메뉴(고블링 소스 추가)),마블링 소스 추가/1",너무 맛있게 잘먹었습니다 굽네는 여기서만 시킬거같네요  또 주문할게요,5,5,5,5,2021년 7월 2일
125,치킨,마포구 상암동,굽네치킨&피자-북가좌1호점,wr**님,"고추바사삭,（한마리）/1",막 먹는디 넘맛있습니다 굿굿,5,5,5,5,2021년 7월 1일
126,치킨,마포구 상암동,굽네치킨&피자-북가좌1호점,al**님,"고추바사삭,（순살）/1",포장도 꼼꼼하게 해주시고 고추바사삭도 맛있게 잘 구워 졌어요 서비스로 케이준감자를 이렇게 많이 주시고 근데 맛있어서 다 먹었요 저번에도 이번에도 실망없이 완전 잘 먹었습니다,5,5,5,5,2021년 6월 30일
127,치킨,마포구 상암동,굽네치킨&피자-북가좌1호점,th**님,굽네 볼케이노 순살/1(사이드 메뉴(찹쌀 치즈볼)),오랜만에 굽네 먹으니까 엄청맛있네요 너무 잘먹었습니다,5,5,5,5,2021년 6월 30일
128,치킨,마포구 상암동,굽네치킨&피자-북가좌1호점,bi**님,굽네 오리지널/1,오랫만에 굽네오리지날이 먹고싶어서 주문했어요 제가 거리가 먼 곳에서 주문을 하는 바람에 배달이 좀 걸릴거 같아 걱정했는데 생각보다 너무 빨리 와주셔서 놀랐어요 맛은 역시나 맛있었어요 저한테는 굽네가 간이 조금 짠편이라 밥이랑 같이 먹었는데 진짜 맛있더라고요 맛있게 잘 먹었습니다,5,5,5,5,2021년 6월 29일
129,치킨,마포구 상암동,굽네치킨&피자-북가좌1호점,da**님,굽네 오리지널/1,맛나게 잘 먹었어용  굿 입니다,5,5,5,5,2021년 6월 28일
130,치킨,마포구 상암동,굽네치킨&피자-북가좌1호점,nd**님,굽네 허니멜로/1,맛있게 잘먹었습니당 제취향이에여 ,5,5,5,5,2021년 6월 28일
131,치킨,마포구 상암동,굽네치킨&피자-북가좌1호점,na**님,"고추바사삭,（순살）/1(사이드 메뉴(고블링 소스 추가)),치트킹 （매콤치즈맛）/1",맛있게 잘먹었습니다 요청사항도 잘들어주시고 바삭해서 좋았습니다 또 주문할게요 ,5,5,5,5,2021년 6월 28일
132,치킨,마포구 상암동,굽네치킨&피자-북가좌1호점,hp**님,굽네 스윗 볼케이노/1,배달 짱말리 왓어요 뜨끈 한게 맛잇엇흔니당,5,4,4,5,2021년 6월 28일
133,치킨,마포구 상암동,굽네치킨&피자-북가좌1호점,ee**님,"고추바사삭,（순살）/1",맛있습니다 또 먹었어요,5,5,5,,2021년 6월 27일
134,치킨,마포구 상암동,굽네치킨&피자-북가좌1호점,vv**님,"고추바사삭,（순살）/1(사이드 메뉴(마블링 소스 추가,고블링 소스 추가))",맛있게 잘먹었습니다 바게트볼도 넘 맛있었어요 북가좌호점 좋아요 감사합니다,5,5,5,5,2021년 6월 27일
135,치킨,마포구 상암동,굽네치킨&피자-북가좌1호점,no**님,"고추바사삭,（한마리）/1",맛있어요 맛있는데 이거는 좀 덜익은거 아닌가요,4,4,4,5,2021년 6월 27일
136,치킨,마포구 상암동,굽네치킨&피자-북가좌1호점,co**님,"굽네 불닭발¸¸/1,갈비천왕 치즈치밥/1",배달도 빠르고 맛있어요,5,5,5,5,2021년 6월 27일
137,치킨,마포구 상암동,굽네치킨&피자-북가좌1호점,손님,"굽네 볼케이노 순살/1(사이드 메뉴(마블링 소스 추가,고블링 소스 추가))",너무 맛있게 잘 먹었습니다 ,5,5,5,5,2021년 6월 26일
138,치킨,마포구 상암동,굽네치킨&피자-북가좌1호점,la**님,굽네 오리지널 순살/1,아이가 딱 집어 굽네치킨 먹고싶대서 주문했어요 치킨은 뭐 두말할 것도 없이 맛있었구요 리뷰이벤트로 주신 웨지감자도 바삭해서 좋았습니다 ,5,5,5,5,2021년 6월 25일
139,치킨,마포구 상암동,굽네치킨&피자-북가좌1호점,eu**님,"굽네 갈비천왕 윙/1(세트 선택(허니멜로 피자（3,000원 할인가）),사이드 메뉴(고블링 소스 추가))",벌써 번째 올리는 글이네요 매번 같은 메뉴만 먹어서 좀 그렇지만 저희 아이들의 최애 메뉴라서  딸 손이 피자로 급하게 가네요 그대신 오늘은 허니멜로 피자도 같이 먹었답니다같이 시키면 천원 할인되는건 안비밀 전 고블링 소스 추가해서 피자 찍어먹어요 매콤하니 맛있어요 모듀들 맛있는 저녁 드세요,5,4,5,5,2021년 6월 24일
140,치킨,마포구 상암동,굽네치킨&피자-북가좌1호점,rb**님,"고추바사삭,（한마리）/1",살짝 탔는데 맛있었어요,5,5,5,5,2021년 6월 24일
141,치킨,마포구 상암동,굽네치킨&피자-북가좌1호점,da**님,굽네 오리지널/1,더운신데 고생이 많습니다 맛있게 잘 먹었습니다  역시 굽네중에서 제일 좋은것 같아요 ,5,5,5,5,2021년 6월 23일
142,치킨,마포구 상암동,굽네치킨&피자-북가좌1호점,ca**님,"고추바사삭,（순살）/1",사진 찍는 걸 깜빡하고 정신없이 먹다가 생각나서 찍은 거라 비어 있는 점 양해해주세요  치킨 중에 굽네를 선호하긴 하지만 오늘이 특히 맛있는 것 같은 느낌 배달도 빨랐구요 바삭하고 양도 많고 더욱이 리뷰이벤트로 받은 바게트볼 너무 맛있어서 사진도 다 못찍고 먹어버렸네요 정말 맛있게 잘 먹었습니다 우리 동네 근처 굽네 중에 제일 맛있는 거 같아요,5,5,5,5,2021년 6월 23일
143,치킨,마포구 상암동,굽네치킨&피자-북가좌1호점,jy**님,굽네 딥치즈 순살/1,맛도 좋고 콜라도 큰거주시고 좋아요 젊은 장님이신듯한분이 배달을 정말 친절하게 해주셨고 맛있게 드시라고 진심을 담아 얘기해주신게 인상깊어요 담에 또 주문할께요,5,5,5,5,2021년 6월 22일
144,치킨,마포구 상암동,굽네치킨&피자-북가좌1호점,al**님,"고추바사삭,（한마리）/1",맛있었습니다  리뷰이벤트도 최고였어요,5,5,5,5,2021년 6월 21일
145,치킨,마포구 상암동,굽네치킨&피자-북가좌1호점,a_**님,굽네 볼케이노 순살/1,리뷰 이벤트로 주신 닭다리도 맛있고 원래 시킨 볼케이노도 맛있고 같이 주신 달걀도 맛있었어요 며칠전에 시켰는데 이제서야 올려요,5,5,5,5,2021년 6월 21일
146,치킨,마포구 상암동,굽네치킨&피자-북가좌1호점,da**님,굽네 오리지널/1,항상 맛있게 잘 먹고있어용 수고하세용,5,5,5,5,2021년 6월 21일
147,치킨,마포구 상암동,굽네치킨&피자-북가좌1호점,sh**님,"고추바사삭,（순살）/1",역시 고추바사삭이 진리입니다 순살로요,5,5,5,,2021년 6월 21일
148,치킨,마포구 상암동,굽네치킨&피자-북가좌1호점,rk**님,"고추바사삭,（한마리）/1",너무 맛있게 먹었어요 리뷰이벤트도 다른 지점에 비해 좋았어요 근데 치킨몇조각의 끝부분이 조금 탔어요  탄부분이 작아서 때어내고 먹으면 되긴 했지만 모르고 먹었을때 조금 당황스러웠습니다 그래도 맛있게 먹어서 별 개 드릴게요,5,5,5,5,2021년 6월 21일
149,치킨,마포구 상암동,굽네치킨&피자-북가좌1호점,손님,"고추바사삭,（순살）/1",역시 치밥은 진리입니다,5,5,5,5,2021년 6월 21일
150,치킨,마포구 상암동,굽네치킨&피자-북가좌1호점,im**님,"굽네 오리지널 순살/1(사이드 메뉴(마블링 소스 추가,매콤소스 추가))",포토리뷰 회차 원래 시키던 지점이 있었는데 음식이 초반과는 달라져서  여기서 첫 주문 해봤습니다 감자도 많이 주시고 닭도 적당히 구워져서 맛있었어요,5,5,5,5,2021년 6월 20일
151,치킨,마포구 상암동,굽네치킨&피자-북가좌1호점,jn**님,"고추바사삭,（한마리）/1(사이드 메뉴(마블링 소스 추가,고블링 소스 추가))",아주아주아주아주 잘먹었어요,5,5,5,5,2021년 6월 19일
152,치킨,마포구 상암동,굽네치킨&피자-북가좌1호점,bb**님,"갈릭마왕 반반（한마리）/1,배달생맥주 1000ml¸¸/2",좀멀어서 미안했어요 애가 맛있게먹네요 서비스갈릭볼도 맛있네요,5,5,4,5,2021년 6월 19일
153,치킨,마포구 상암동,굽네치킨&피자-북가좌1호점,il**님,"고추바사삭,（순살）/1",맛있었어요 바삭바삭하고 근데 서비스로 주신 케이준이 조금 눅눅해서 아쉬웠습니다 그러나 치킨은 진짜진짜 맛있어요,5,5,5,5,2021년 6월 18일
154,치킨,마포구 상암동,굽네치킨&피자-북가좌1호점,ck**님,"고추바사삭,（순살）/1",고추바사삭이 조금 눅눅하구 기름기가 다 안빠져서 뚝뚝 새기도 했지만 맛있었어요 요즘 계란값도 비싼데 계란도 주시구 리뷰이벤트로 갈릭바게트볼 처음 먹어보는데 맛있었어용 안에 크림치즈에 겉바속쫄입니당 다음에도 또 생각나서 시켜먹을 것 같아요,5,4,5,5,2021년 6월 18일
155,치킨,마포구 상암동,굽네치킨&피자-북가좌1호점,dl**님,"고추바사삭,（한마리）/1",배달빠르고 맛있고 양많고 짱,5,5,5,5,2021년 6월 18일
156,치킨,마포구 상암동,굽네치킨&피자-북가좌1호점,ch**님,두마리）오리지널＋볼케이노/1(사이드 메뉴(마그마 소스 추가)),예상시간보다 빨리왔구요 항상먹던거라 맛있게 잘 먹었습니다 다만 달콤소스가 맛이좀 바뀌어서 별로였어요,5,5,5,5,2021년 6월 16일
157,치킨,마포구 상암동,굽네치킨&피자-북가좌1호점,so**님,"굽네 오리지널/1(사이드 메뉴(찹쌀 치즈볼)),고추바사삭,（한마리）/1",퍽퍽살 부분도 촉촉해서 목막힘 없이 맛있게 먹었습니다,5,5,5,5,2021년 6월 16일
158,치킨,마포구 상암동,굽네치킨&피자-북가좌1호점,ee**님,"고추바사삭,（순살）/1",맛이 좋네요 또 먹겠습니다,5,5,5,,2021년 6월 16일
159,치킨,마포구 상암동,굽네치킨&피자-북가좌1호점,zx**님,"고추바사삭,（순살）/1(사이드 메뉴(마블링 소스 추가,매콤치즈 웨지감자))",오랜만에 시켰는대 너무 맛있어요,5,5,5,5,2021년 6월 16일
160,치킨,마포구 상암동,굽네치킨&피자-북가좌1호점,sp**님,굽네 스윗 볼케이노 순살/1,항상 맛있게 잘 시켜먹고있습니다 배달도 빠르고 맛있어요,5,5,5,5,2021년 6월 15일
161,치킨,마포구 상암동,굽네치킨&피자-북가좌1호점,im**님,굽네 오리지널 순살/1,맛있어요근데 생각보다 조금 기름지네요 다른지점 이용하다가 북가좌점 있는 거 확인하고 시켰는데 서비스로 계란도 주네요 잘 먹었심다감사요,5,4,4,5,2021년 6월 15일
162,치킨,마포구 상암동,굽네치킨&피자-북가좌1호점,cj**님,굽네 오리지널 순살/1,굽네 역시 뭘 먹어도 짱짱 맛,5,5,5,5,2021년 6월 14일
163,치킨,마포구 상암동,굽네치킨&피자-북가좌1호점,ms**님,굽네 오리지널/1,오랜만에 가족이랑 같이 먹으려고 굽네 오리지널을 시켜봤어요 예상대로 너무 기름지지 않으면서도 정말 맛있어서 다같이 맛나게 먹었습니다 이벤트로 주신 케이준 감자튀김도 이렇게 많을 줄 몰랐어서 열어보고 깜짝 놀랐어요 치킨도 감튀도 서비스로 주신 구운달걀도 다 너무 맛있었어서 다음번에도 여기서 주문하려고요 감사합니다 ,5,5,5,,2021년 6월 14일
164,치킨,마포구 상암동,굽네치킨&피자-북가좌1호점,pi**님,"고추바사삭,（순살）/1",이번년도에 먹은 치킨중에 제일 맛있음 ,5,5,5,5,2021년 6월 13일
165,치킨,마포구 상암동,굽네치킨&피자-북가좌1호점,se**님,고추바사삭＋허니멜로 피자/1(사이드 메뉴(허니멜로 소스 추가)),당일날 리뷰하려던게  서비스 웨지케이준 감잔데도 후라이팬 한판 꽉채울만큼 많이왔어요 허니멜로 처음먹어보는데 어른들도 진짜맛있게드셨어요,5,5,5,5,2021년 6월 13일
166,치킨,마포구 상암동,굽네치킨&피자-북가좌1호점,kn**님,"고추바사삭,（한마리）/1",자주 먹는건데도 항상 맛있네요 지난번 매장 방문도 해봤는데 직원분들도 친절하시고 북가좌호점 최고 입니다,5,5,5,5,2021년 6월 13일
167,치킨,마포구 상암동,굽네치킨&피자-북가좌1호점,be**님,굽네 오리지널 순살/1,굽네치킨 언제먹어도 짱맛입니다,5,5,5,5,2021년 6월 13일
168,치킨,마포구 상암동,굽네치킨&피자-북가좌1호점,dl**님,"고추바사삭,（한마리）/1(사이드 메뉴(핫왕중왕 소스 추가,츄블링소스 추가))",언제나 맛있는 고추바사삭 개중에 더 맛있는 북가좌호점,5,5,5,5,2021년 6월 12일
169,치킨,마포구 상암동,굽네치킨&피자-북가좌1호점,se**님,굽네 볼케이노/1,맛있게 잘 먹었습니다 친절하고 좋아요,5,5,5,5,2021년 6월 12일
170,치킨,마포구 상암동,굽네치킨&피자-북가좌1호점,li**님,"고추바사삭,（순살）/1",맛있어요 서비스도 양이 거의 메인처럼 주시네요 잘먹었습니다,5,5,5,5,2021년 6월 12일
171,치킨,마포구 상암동,굽네치킨&피자-북가좌1호점,sm**님,"고추바사삭,（순살）/1,굽네 웨지 감자¸¸/1",굽네고추바사삭 최고에요,5,5,5,5,2021년 6월 11일
172,치킨,마포구 상암동,굽네치킨&피자-북가좌1호점,ka**님,페퍼로니 피자＋갈릭마왕/1,평소보다 이상하게 좀 짜게 느껴졌습니다 그래도 맛있게 먹었습니다,5,4,5,5,2021년 6월 10일
173,치킨,마포구 상암동,굽네치킨&피자-북가좌1호점,gi**님,"굽네 오리지널 순살/1,고추바사삭,（순살）/1",맛도 서비스도 아주 좋습니다 자주 시켜 먹을께요,5,5,5,5,2021년 6월 10일
174,치킨,마포구 상암동,굽네치킨&피자-북가좌1호점,da**님,굽네 오리지널/1,맛있습니다  오리지널을 좋아해서 먹지만 질리지가 않네요  잘 먹었습니다,5,5,5,5,2021년 6월 10일
175,치킨,마포구 상암동,굽네치킨&피자-북가좌1호점,ze**님,"고추바사삭,（순살）/1,찹쌀 치즈볼/1",엄청 따끈따끈하게 와서 더 맛있었어여,5,5,5,5,2021년 6월 9일
176,치킨,마포구 상암동,굽네치킨&피자-북가좌1호점,da**님,굽네 오리지널/1,정말 좋네요  배달도 빠르고 서비스까지 정말 최고 입니다 코로나로 힘든 시기에 화이팅 입니다,5,5,5,5,2021년 6월 9일
177,치킨,마포구 상암동,굽네치킨&피자-북가좌1호점,dy**님,굽네 볼케이노/1,오랜만에 먹게 됬는데 여전히 너무 맛있어요,5,5,5,,2021년 6월 9일
178,치킨,마포구 상암동,굽네치킨&피자-북가좌1호점,et**님,"고추바사삭,（순살）/1",맛있게 잘 먹었습니다 ,5,5,5,5,2021년 6월 9일
179,치킨,마포구 상암동,굽네치킨&피자-북가좌1호점,da**님,굽네 오리지널/1,맛있게 잘 먹었습니다 굿굿 ,5,5,5,5,2021년 6월 8일
180,치킨,마포구 상암동,굽네치킨&피자-북가좌1호점,eu**님,"굽네 갈비천왕 윙/1,고추바사삭,（윙）/1(사이드 메뉴(마블링 소스 추가))",애들이 좋아하는 갈비천왕 저랑 남편은 고추바사삭 먹었지요 늘 변함없이 맛있어요,4,4,5,5,2021년 6월 7일
181,치킨,마포구 상암동,굽네치킨&피자-북가좌1호점,na**님,"고추바사삭,（순살）/1",맛있게 먹었습니다리뷰 이벤트인데 감자가 푸짐하게 왔어요,5,5,4,5,2021년 6월 7일
182,치킨,마포구 상암동,굽네치킨&피자-북가좌1호점,ki**님,"고추바사삭,（순살）/1",서비스 맛 너뮤조아요 전문 치믈리에로써 북가좌점이 치킨집중 위인듯 다른가까운곳많아도 일부러여기서시키고싶음,5,5,5,5,2021년 6월 7일
183,치킨,마포구 상암동,굽네치킨&피자-북가좌1호점,12**님,"고추바사삭,（한마리）/1",벨 누르지 말라고 했는데 왜 누릅니까,1,5,5,1,2021년 6월 7일
184,치킨,마포구 상암동,굽네치킨&피자-북가좌1호점,gg**님,갈릭마왕（한마리）/1,마늘향 좋고 맛있게 잘먹었습니다,5,5,5,5,2021년 6월 6일
185,치킨,마포구 상암동,굽네치킨&피자-북가좌1호점,qo**님,굽네 갈비천왕/1,콜라 사이즈업신청했는데 콜라가왔어요,3,3,3,3,2021년 6월 6일
186,치킨,마포구 상암동,굽네치킨&피자-북가좌1호점,ka**님,굽네 오리지널/1,감사합니다 잘먹겠습니다,5,5,5,5,2021년 6월 6일
187,치킨,마포구 상암동,굽네치킨&피자-북가좌1호점,sh**님,갈릭마왕（순살）/1,갈릭마왕 마늘맛이 알싸하니 맛있어요 ,5,5,5,,2021년 6월 6일
188,치킨,마포구 상암동,굽네치킨&피자-북가좌1호점,ky**님,두마리）오리지널＋오리지널/1,배달도 빠르고 맛있게 먹겠습니다 감사해요,5,5,5,5,2021년 6월 6일
189,치킨,마포구 상암동,굽네치킨&피자-북가좌1호점,da**님,굽네 오리지널/1,역시는 역시입니다  정말 좋네요 잘 먹었습니다,5,5,5,5,2021년 6월 5일
190,치킨,마포구 상암동,굽네치킨&피자-북가좌1호점,ma**님,"굽네 갈비천왕 순살/1(사이드 메뉴(갈비천왕 치즈치밥)),바게트볼（갈릭크림）2개/1,코카 콜라 1.25L¸¸¸/1",잘먹겠습니다 감사합니다,5,5,5,5,2021년 6월 5일
191,치킨,마포구 상암동,굽네치킨&피자-북가좌1호점,au**님,"볼케이노 치즈치밥/1,갈비천왕 치즈치밥/1,왕중왕 소스 추가/1,핫 왕중왕 소스 추가/1,갈릭디핑 소스/5",치즈치밥에 왕중왕소스 뿌려먹으면 핵존맛  감사합니다,5,5,5,5,2021년 6월 4일
192,치킨,마포구 상암동,굽네치킨&피자-북가좌1호점,qh**님,굽네 오리지널 윙/1(사이드 메뉴(찹쌀 치즈볼)),너무너무 맛있어요 깔끔하게 맛있는 치킨 먹을때는 역시굽네인것같아요,5,5,5,5,2021년 6월 4일
193,치킨,마포구 상암동,굽네치킨&피자-북가좌1호점,wh**님,"고추바사삭,（한마리）/1",맛있게 잘먹었습니다  사장님들 친절하시네용,5,5,5,,2021년 6월 4일
194,치킨,마포구 상암동,굽네치킨&피자-북가좌1호점,cj**님,"고추바사삭,（한마리）/1",리뷰 구운달걀도 있구 넘 좋아요 고추바사삭도 짱맛,5,5,5,5,2021년 6월 4일
195,치킨,마포구 상암동,굽네치킨&피자-북가좌1호점,cy**님,"고추바사삭,（순살）/1",배달 빠르고 맛있게 잘 먹었습니다,5,5,5,5,2021년 6월 4일
196,치킨,마포구 상암동,굽네치킨&피자-북가좌1호점,bb**님,굽네 볼케이노 순살/1,북가좌점 없어지는 줄 알고 서운했는데 새로 생겨서 너무 좋네요 양도 많고 매콤하고 맛있어요 소스를 진짜 많이 발라주셔서 너무 맛있게 잘 먹었습니다,5,5,5,,2021년 6월 4일
197,치킨,마포구 상암동,굽네치킨&피자-북가좌1호점,gh**님,"굽네 오리지널 순살/1,고추바사삭,（순살）/1",오븐에구워서 더욱맛잇네요,5,5,5,5,2021년 6월 3일
198,치킨,마포구 상암동,굽네치킨&피자-북가좌1호점,ba**님,"두마리）볼케이노＋갈비천왕/1,찹쌀 치즈볼/1",기름에 튀긴 치킨을 못먹는 저 때문에 저희 가족은 늘 구운 치킨을 애용한답니다 집 근처 굽네가 있어 행복해요 딸부터 친정 엄마까지 모두 만족시켜주는 굽네 별미 바게트볼과 찹쌀치즈볼은 살 딸내미 독점메뉴 서비스로 받는 구운 계란은 치킨 먹는 제 부담감을 달래주기에 최적화 늘 맛있게 조리해 주셔서 감사합니다,5,5,5,5,2021년 6월 3일
199,치킨,마포구 상암동,굽네치킨&피자-북가좌1호점,pd**님,두마리）오리지널＋오리지널/1,사장님 넘 멋져요 이렇게 이것저것 많이 퍼주셔도 되는건지  맛도 최고에요,5,5,5,5,2021년 6월 3일
200,치킨,마포구 상암동,굽네치킨&피자-북가좌1호점,dm**님,볼케이노치킨＋허니멜로피자/1(사이드 메뉴(치트킹-콘스프)),너무 오랜만에 먹은 세트 메뉴인데 역시 세트메뉴가 가성비도 좋고 맛도 너무 좋아요 리뷰이벤트로 주신 갈릭 바게트도 너무 맛있구 콜라도 큰 거 주셔서 친구랑 나눠먹기 부족함 없었어요 담에 또 시켜먹겠습니다,5,5,5,5,2021년 6월 3일
201,치킨,마포구 상암동,굽네치킨&피자-북가좌1호점,oh**님,고추바사삭＋허니멜로 피자/1(사이드 메뉴(갈릭소스（피자）)),예상 시간보다 빠르게 배달 왔어요 맛있습니다,5,5,5,5,2021년 6월 2일
202,치킨,마포구 상암동,굽네치킨&피자-북가좌1호점,da**님,굽네 오리지널/1,정말 최고네요  굽기 정도가 딱 먹기 좋습니다 배달도 빠르고 감자 서비스도 엄청납니다  여기가 굽네중에선 제일 좋은거 같아요,5,5,5,5,2021년 6월 2일
203,치킨,마포구 상암동,굽네치킨&피자-북가좌1호점,j2**님,"고추바사삭,（순살）/1,굽네 구운계란 3개 추가/1",전에는 계란이 항상개가 왔던거 같은데 그것도 가게마다 다른가요 그래서 추가주문 했어요 바사삭은 언제 먹어도 맛있는데 계란도 따끈할때 먹으니 꿀맛이에요,5,5,5,5,2021년 6월 2일
204,치킨,마포구 상암동,굽네치킨&피자-북가좌1호점,aa**님,두마리）볼케이노＋볼케이노/1,여기 굽네 치킨 완전 크고 맛나요 그냥 여기만 시킬래요,5,5,5,5,2021년 6월 1일
205,치킨,마포구 상암동,굽네치킨&피자-북가좌1호점,sh**님,"고추바사삭,（순살）/1",진짜 맛있어요 오늘 또 시켜먹을 예정 ,5,5,5,,2021년 5월 31일
206,치킨,마포구 상암동,굽네치킨&피자-북가좌1호점,ki**님,"고추바사삭,（한마리）/1",일단 너무 친절하셔서 기분이 좋았습니다 가게측 실수이긴 했지만 저로썬 순살이 더 좋았고 어쩔수 없다면 차액 지불하려고 했는데 그럴 필요 없다며 그냥 보내주시겠다고 하면서 음료까지 큰 사이즈로 주셨네요 친절하고 맛도 좋아서 굽네 먹고싶으면 여기서 주문해야겠어요  리뷰서비스도 잘먹었습니다 번창하세요,5,5,5,5,2021년 5월 31일
207,치킨,마포구 상암동,굽네치킨&피자-북가좌1호점,go**님,굽네 핫 갈비천왕 순살/1(사이드 메뉴(매콤치즈 웨지감자)),갈비천왕은 처음 맛보았습니다 국물이 있어서 닭볶음탕이 생각나요,5,5,5,5,2021년 5월 31일
208,치킨,마포구 상암동,굽네치킨&피자-북가좌1호점,on**님,"고추바사삭,（윙）/1",너무너무 맛있어용 좋아요,5,5,5,5,2021년 5월 31일
209,치킨,마포구 상암동,굽네치킨&피자-북가좌1호점,vv**님,"고추바사삭,（순살）/1(사이드 메뉴(마블링 소스 추가,고블링 소스 추가))",역시 고바 너무 맛있어요 북가좌호점 재오픈해서 넘 좋아요,5,5,5,5,2021년 5월 30일
210,치킨,마포구 상암동,굽네치킨&피자-북가좌1호점,wl**님,갈비천왕 치킨 ＋ 시카고 딥디쉬 피자/1,너무 맛있게 잘 먹었습니다,5,5,5,5,2021년 5월 30일
211,치킨,마포구 상암동,굽네치킨&피자-북가좌1호점,ti**님,"고추바사삭,（순살）/1",어우 배고파서 받자마자 다 먹어버려서 사진이 굽네는 역시 고바순 순실이 근본이죠  리뷰이벤트로 주신 케이준 감튀도 잘 먹었습니다 ,5,5,5,3,2021년 5월 30일
212,치킨,마포구 상암동,굽네치킨&피자-북가좌1호점,xo**님,"고추바사삭,（순살）/1",믿고먹는 바사삭입니다 너무 맛있어요 뼈바르기 귀찮아서 순살 시켰는데 배터지게 먹었습니다,5,5,5,5,2021년 5월 30일
213,치킨,마포구 상암동,굽네치킨&피자-북가좌1호점,08**님,고추바사삭 치킨 ＋ 시카고 딥디쉬 피자/1,마이들이 너무 좋아해요 피자는 진짜 강추입니다,5,5,4,5,2021년 5월 29일
214,치킨,마포구 상암동,굽네치킨&피자-북가좌1호점,sp**님,굽네 핫 갈비천왕 순살/1,운동하면서 단백질 맛난거 먹고싶을때마다 시키는데 이것저것 많이 챙겨주시고 배달도 빠르고 뜨겁게오는거같아요 다른 곳에서 많이 시켜먹다가 여기 계속 시키게되네요 잘먹었습니다,5,5,5,5,2021년 5월 29일
215,치킨,마포구 상암동,굽네치킨&피자-북가좌1호점,ln**님,"고추바사삭,（순살）/1(사이드 메뉴(치킨 무))",겉은 바삭하고 속은 쫀득해서 식감이 좋음 기본으로 코카콜라  소스개  후식으로 멘토스도 있음 리뷰 이벤트로 계란 개 많이 먹어도 느낌 하지않음,5,5,5,5,2021년 5월 29일
216,치킨,마포구 상암동,굽네치킨&피자-북가좌1호점,cd**님,"반반A）오리지널 반＋볼케이노 반/1(세트 선택(갈비천왕 피자（3,000원 할인가）)),코카 콜라 500ml¸¸/1",빠른 배달로 맛있게 잘 먹었습니다 즐건 주말 되시구요,5,5,5,5,2021년 5월 29일
217,치킨,마포구 상암동,굽네치킨&피자-북가좌1호점,lo**님,"고추바사삭,（순살）/1",맛있게 먹을게요 배달도 빨리와서 좋네요,5,5,5,5,2021년 5월 29일
218,치킨,마포구 상암동,굽네치킨&피자-북가좌1호점,jo**님,"페퍼로니 찹찹 피자/1,고추바사삭,（순살）/1",고추바사삭 맛있는건 굳이 언급안해도 될테고 뒤에 페퍼로니 찹찹 피자가 맛있었네요 뇌물로 멘토스가 딸려왔는데 제가 뇌물을 좋아해서 리뷰 좀 더 길게 씁니다 아무래도 치킨집이다보니 피자에 별 기대안했는데 진짜 맛있게 먹었어요 보통 도우도 치즈 크러스트나 씬 도우아니면 그냥 남기는데 이건 좀 구운 빵 느낌이 나서 도우도 같이 다 먹게 되다보니 이것도 장점같아서 도우도 찍어올리려 했을 땐 이미 다 뱃 속에 들어가있어서 못 찍었네요  글구 원래 그런건지 몰겠는데 콜라도 큰 거 주셔서 동생이랑 덜 싸웠어요 감사합니다 잘먹었어요,5,5,5,5,2021년 5월 29일
219,치킨,마포구 상암동,굽네치킨&피자-북가좌1호점,qh**님,고추바사삭＋슈림프시카고피자/1,역시 고추바사삭이지만 처음시켜본 피자는 왠만한피자보다 맛있네요 임신한 와이프도 맛있다고합니다,5,5,5,5,2021년 5월 28일
220,치킨,마포구 상암동,굽네치킨&피자-북가좌1호점,ee**님,"고추바사삭,（순살）/1",서비스도 많고 닭도 맛있네요 또 먹을게요,5,5,5,,2021년 5월 28일
221,치킨,마포구 상암동,굽네치킨&피자-북가좌1호점,hs**님,굽네 오리지널 순살/1(바게트볼 추가(바게트볼（갈릭크림）1개)),굽네는 언제나 옳습니다,5,5,5,5,2021년 5월 28일
222,치킨,마포구 상암동,굽네치킨&피자-북가좌1호점,wj**님,갈릭마왕（한마리）/1(사이드 메뉴(치킨 무)),와 요즘은 콜라 안주는 곳도 많은데 이렇게 푸짐할 수가 빨리 도착해서 뜨끈뜨끈허이 진짜 맛있게 먹었습니다 단골 될게요 번창하세요,5,5,5,5,2021년 5월 27일
223,치킨,마포구 상암동,굽네치킨&피자-북가좌1호점,ka**님,갈릭마왕＋시카고 피자/1,깜박하고 리뷰이벤트 참여를 못했네요 그래도 맛나게 잘 먹었습니다,5,5,5,5,2021년 5월 27일
224,치킨,마포구 상암동,굽네치킨&피자-북가좌1호점,ss**님,"고추바사삭,（순살）/1",고추바사삭 말해모해여 순살로 시켰는데 역시 맛있었어요 리뷰혜택으루 주신 웨지감자 양도 많아서 배 터질뻔 했네요 다음에 또 이용하겠습니다,5,5,5,5,2021년 5월 27일
225,치킨,마포구 상암동,굽네치킨&피자-북가좌1호점,dw**님,"고추바사삭,（순살）/1",되게 맛있게 잘 먹었습니다 역시 고바순은 진리네요 서비스로주신 닭다리도 맛있었습니다 음식에 신경쓰시는게 느껴지네요 다음에 또 이용하겠습니다,5,5,5,5,2021년 5월 27일
226,치킨,마포구 상암동,굽네치킨&피자-북가좌1호점,aa**님,두마리）볼케이노＋볼케이노/1,주말엔 역시 치킨이지 리뷰 깜빡했어요 일단 타지점보다 닭이 크고 맛있어요 정말 다른 곳보다 커요,5,5,5,5,2021년 5월 26일
227,치킨,마포구 상암동,굽네치킨&피자-북가좌1호점,ze**님,"고추바사삭,（순살）/1,찹쌀 치즈볼/1",낮에 갑자기 먹고싶었는데 덕분에 잘 먹었습니당  번창하세요,5,5,5,5,2021년 5월 26일
228,치킨,마포구 상암동,굽네치킨&피자-북가좌1호점,an**님,"고추바사삭,（한마리）/1(사이드 메뉴(찹쌀 치즈볼))",굽네 여러지점에서 먹어봤지만 여기 북가좌점 진짜 최고에여 배달도 빨리왔구 처음에 봉투 들자마자 뭐가 이렇게 묵직하지싶었는데 리뷰이벤트로 받은 감자두 진짜 많이왔고 치킨양이 더 많은느낌닭다리가 다른지점보다 커서 좋았어용 헤헤 고추바사삭 맛은 뭐 말하기도 입아프니 생략하겠슴다 덕분에 야식으로 맛있게 잘먹었습니다자주 올게요,5,5,5,5,2021년 5월 26일
229,치킨,마포구 상암동,굽네치킨&피자-북가좌1호점,dg**님,갈릭마왕（순살）/1,내가 사랑하는 맛집이 되어버림,5,5,5,5,2021년 5월 25일
230,치킨,마포구 상암동,굽네치킨&피자-북가좌1호점,in**님,고추바사삭 치킨 ＋ 시카고 딥디쉬 피자/1,고추 바사삭 치킨은 오븐에 구워서인지 담백하고 살짝 매콤하네요 시카고 피자는 좀 느끼하긴 했지만 아이가 치킨과 피자를 맛있게 잘 먹었습니다,4,4,5,5,2021년 5월 25일
231,치킨,마포구 상암동,굽네치킨&피자-북가좌1호점,14**님,"고추바사삭,（순살）/1",맛있게 잘먹었습니당 너무맛있어요,5,5,5,5,2021년 5월 24일
232,치킨,마포구 상암동,굽네치킨&피자-북가좌1호점,gi**님,"굽네 오리지널 순살/1(세트 선택(시카고 피자（3,000원 할인가）))",피자는 처음 시켰는데 아이들 먹기에 좋아요 서비스 감자도 많이 주셔서 잘 먹었습니다,5,5,5,5,2021년 5월 24일
233,치킨,마포구 상암동,굽네치킨&피자-북가좌1호점,eu**님,굽네 갈비천왕 윙/1,주말에 애들 밥을 뭘 먹일지 항상 고민하는 저는 오늘도 갈비천왕 치트키를 썼습니다 점심 먹고 콩나물국만 끓여서 냉장고에 차갑게 두고 갈비천왕을 시켜서 함께 먹으면 밥 한 두그릇은 그냥 먹습니다  양념도 많고 양도 많네요 감사합니당,5,5,5,5,2021년 5월 24일
234,치킨,마포구 상암동,굽네치킨&피자-북가좌1호점,tm**님,"고추바사삭,（순살）/1(사이드 메뉴(마그마 소스 추가))",고추바사삭이 정말 맛있네요,5,5,5,5,2021년 5월 24일
235,치킨,마포구 상암동,굽네치킨&피자-북가좌1호점,bo**님,굽네 오리지널 통다리（반）＋오리지널 윙（반）/1,맛이야 굽네의 담백하고 느끼하지 않는 그맛 아는 그 맛으로 맛있게 먹었어요 특히 윙  닭다리조합을 넘 좋아하는 아이들을 위해 탁월한선택 서비스로 주신것도 넘 많나게 잘 먹었습니다,5,5,4,5,2021년 5월 23일
236,치킨,마포구 상암동,굽네치킨&피자-북가좌1호점,rb**님,슈림프 시카고 딥디쉬 피자/1,와 굽네 피자 엄청 맛있네요 가격도 저렴하고  잘먹었습니다,5,5,5,5,2021년 5월 22일
237,치킨,마포구 상암동,굽네치킨&피자-북가좌1호점,ii**님,"고추바사삭,（한마리）/1",처음 북가좌점에서 주문했는데 여느 다른 지점보다 양 대박 많아요 물론 맛이야 보장되구요 닭이 좀 큰건가 닭다리도 크고 쫄깃합니다 집근처 지점도 있지만 앞으론 멀어도 여기서 주문합니다 정말 맛있게 잘먹었습니다 감사합니다 힘내세요,5,5,5,,2021년 5월 22일
238,치킨,마포구 상암동,굽네치킨&피자-북가좌1호점,db**님,갈릭마왕（한마리）/1,기대했던 마늘향 엄청 가득이라 만족스러웠습니다 잘먹었어요,5,5,5,5,2021년 5월 22일
239,치킨,마포구 상암동,굽네치킨&피자-북가좌1호점,qo**님,갈릭마왕（한마리）/1,북가좌점 처음 시켜봤는데 맛있어요,5,5,5,5,2021년 5월 22일
240,치킨,마포구 상암동,굽네치킨&피자-북가좌1호점,pa**님,"고추바사삭,（한마리）/1",속이 촉촉한 치킨  감자튀김 맛있었어용,5,5,5,5,2021년 5월 22일
241,치킨,마포구 상암동,굽네치킨&피자-북가좌1호점,ch**님,갈비천왕 그릴드비프 피자/1,배고플때 배달이 빨라서 맛나게 먹었습니다,5,5,5,5,2021년 5월 22일
242,치킨,마포구 상암동,굽네치킨&피자-북가좌1호점,gu**님,"고추바사삭,（윙）/1",너무 맛있게 잘 먹었습니다,5,5,5,5,2021년 5월 21일
243,치킨,마포구 상암동,굽네치킨&피자-북가좌1호점,sp**님,굽네 갈비천왕 순살/1,정말 배달도 빠르고 친절하세요 뇌물도 센스넘치고 치킨도 정말 맛있었습니다 잘먹었습니다 오자마자 벌써 다먹었습니다,5,5,5,5,2021년 5월 21일
244,치킨,마포구 상암동,굽네치킨&피자-북가좌1호점,jh**님,"고추바사삭,（순살）/1",두번째 주문한 집인데 단골될듯 합니다 사장님의 뇌물에 홀라당 맛도 최고 센스도 최고 담에 또 주문할께요,5,5,5,5,2021년 5월 21일
245,치킨,마포구 상암동,굽네치킨&피자-북가좌1호점,da**님,굽네 오리지널/1,굽네치킨 개인적으로 많은 점포에서 먹어봣는데 정말 괜찮았습니다 굽기정도가 딱 좋고 서비스 감자도 양 정말 엄청나네여 잘 먹었습니다,5,5,5,5,2021년 5월 20일
246,치킨,마포구 상암동,굽네치킨&피자-북가좌1호점,be**님,갈릭마왕 반반（한마리）/1,맛있어요 배달도 빨랐습니다,5,5,5,5,2021년 5월 20일
247,치킨,마포구 상암동,굽네치킨&피자-북가좌1호점,lg**님,"고추바사삭,（한마리）/1",너무 맛있습니다 감사합니다,5,5,5,5,2021년 5월 20일
248,치킨,마포구 상암동,굽네치킨&피자-북가좌1호점,tm**님,반반C윙）볼케이노 반＋갈비천왕 반/1,역시 믿고먹는 굽네치킨 오늘은 핑킹현상이 좀 심한편이었어요 그래도 완전 맛있게 먹었습니다,5,5,5,5,2021년 5월 19일
249,치킨,마포구 상암동,굽네치킨&피자-북가좌1호점,96**님,"고추바사삭,（순살）/1",요청사항도 잘 들어주시고 깔끔하게 잘오네요 맛있게 잘먹었습니다,5,5,5,5,2021년 5월 19일
250,치킨,마포구 상암동,굽네치킨&피자-북가좌1호점,an**님,"고추바사삭,（한마리）/1",배달 빠르게 왔고 맛있게 먹었습니다 콜라 구운계란 젤리 선물에 리뷰이벤트 바게트볼까지 엄청 많네요 감사합니다,5,5,5,5,2021년 5월 19일
251,치킨,마포구 상암동,굽네치킨&피자-북가좌1호점,we**님,굽네 오리지널 순살/1,맛과 배달 최고 양만 쬐금 아쉬운 정도 비빔면은 제꺼예요,5,5,4,5,2021년 5월 19일
252,치킨,마포구 상암동,굽네치킨&피자-북가좌1호점,me**님,고추바사삭윙＋바게트볼/1,아침에서야 리뷰남기네요 맛이야 당연히 맛나고요 깔끔히 포장에도 신경써 주셨네요  번창하셔요,5,5,5,5,2021년 5월 19일
253,치킨,마포구 상암동,굽네치킨&피자-북가좌1호점,ba**님,굽네 시카고 딥디쉬 피자/1,새벽 시가 다되어가는 시간에도 빠른배달로 너무 만족했어요 괜히 늦은 시간이라서 죄송했는데 맛까지 정말 맛있어서 자주 주문할게요 콜라 서비스 감사합니다 덕분에 맛있게 잘먹었습니다,5,5,5,5,2021년 5월 19일
254,치킨,마포구 상암동,굽네치킨&피자-북가좌1호점,se**님,"고추바사삭,（한마리）/1(사이드 메뉴(찹쌀 치즈볼))",천원짜리 웨지감잔데도 양 진짜 많이 주시고 시즈닝 미쳤습니다  서비스 진짜 최고예요 치킨도 맛있게 먹었어요,5,5,5,5,2021년 5월 18일
255,치킨,마포구 상암동,굽네치킨&피자-북가좌1호점,do**님,"고추바사삭,（순살）/1",배달 엄청 빨리 왔어요 고추바사삭은 역시 실망시키지 않네요 너무 맛있어서 금방 먹었다는 ,5,5,5,5,2021년 5월 18일
256,치킨,마포구 상암동,굽네치킨&피자-북가좌1호점,uy**님,"고추바사삭,（한마리）/1",믿고먹는 고추바사삭  벌써 세번째에요 리뷰이벤트 감자도 양많고 정말 만족했습니다 ,5,5,5,5,2021년 5월 18일
257,치킨,마포구 상암동,굽네치킨&피자-북가좌1호점,wo**님,굽네 오리지널/1,진짜 신규매장이라 그런지 하나하나 다 정성이 보여요 오늘도 잘 먹었슴다,5,5,5,5,2021년 5월 18일
258,치킨,마포구 상암동,굽네치킨&피자-북가좌1호점,wi**님,갈릭마왕（한마리）/1,배달이 엄청빨랏어용 감샇핮니다,5,5,5,5,2021년 5월 18일
259,치킨,마포구 상암동,굽네치킨&피자-북가좌1호점,손님,굽네 오리지널/1,어플에 나온 시간대로 분만에 칼같이 도착했네요 맛도 너무 좋았어요,5,5,5,5,2021년 5월 17일
260,치킨,마포구 상암동,굽네치킨&피자-북가좌1호점,gk**님,굽네 오리지널/1,다른지점보다맛있고 사장님도친절하시고 좋았어요,5,5,5,5,2021년 5월 17일
261,치킨,마포구 상암동,굽네치킨&피자-북가좌1호점,vs**님,갈릭마왕（한마리）/1,완전 친절하시구 배달도 빠르고 치킨도 맛있네요 앞으로 자주 시켜먹을꺼같아요 감사합니다,5,5,5,5,2021년 5월 17일
262,치킨,마포구 상암동,굽네치킨&피자-북가좌1호점,kd**님,갈릭마왕＋시카고 피자/1,새로 오픈했다길래 바로 시켜먹어봤는데 다른곳이랑 다르게 연하고 간도 잘배여있고 더 맛있더라구요  지나가다 매장도 봤는데 굉장히 깔끔하고 들어가서 먹고싶더라구요  그래도 비와서 시켜먹었는데 대성공입니다 이제굽네는 여기서만 시켜먹을게요,5,5,5,5,2021년 5월 17일
263,치킨,마포구 상암동,굽네치킨&피자-북가좌1호점,yu**님,갈릭마왕 반반（한마리）/1,사는곳은 다르지만 엄마가 맛있게 잘 먹었다고 하시네요,5,5,5,5,2021년 5월 17일
264,치킨,마포구 상암동,굽네치킨&피자-북가좌1호점,wn**님,두마리）오리지널＋볼케이노/1,볼케이노 매운맛이 좀 약해진것 같아요 저만 그렇게 느낀건지 매운걸 잘 못먹어도 볼케이노 좋아하는 신랑을 맛있다고 잘 먹습니다 제 입맛에는 한단계 낮아진 매운맛 이었습니다 오리지널 먹고 남은건 볶음밥으로도 맛 있게 먹었어요,5,4,5,4,2021년 5월 16일
265,치킨,마포구 상암동,굽네치킨&피자-북가좌1호점,oh**님,"고추바사삭,（순살）/1",맛은 말할것도 없고 비도 오는데 배달 너무빨리와서 감사합니다 잘먹었습니다 믿고 시키세요 ,5,5,5,5,2021년 5월 16일
266,치킨,마포구 상암동,굽네치킨&피자-북가좌1호점,손님,굽네 오리지널/1,집가는길에 새로오픈한거 같아서 시켰는데 역시 맛있네요 오리지날은 오랜만에 먹는데 기름도 쫙빼주셨고 잘먹었습니다 베달도 예상시간보다 빨리 오셔서 놀랬어요 비오는데도 빨리가져다주셔서 감사하고 배달하시는분이 친절하셔서 기분까지 좋네요 앞으로 자주시켜먹을게요 감사합니다,5,5,5,5,2021년 5월 16일
267,치킨,마포구 상암동,굽네치킨&피자-북가좌1호점,uy**님,"고추바사삭,（한마리）/1",고추바사삭은 저의 최애 메뉴입니다 두번째 주문인데 역시 기대를 저버리지않는 매장이네요 포장상태가 너무좋아서 받자마자 좋았습니다 ,5,5,5,5,2021년 5월 16일
268,치킨,마포구 상암동,굽네치킨&피자-북가좌1호점,rk**님,"고추바사삭,（순살）/1",원래 굽네 좋아하는데 신규 오픈점이라 그런지 더 신경써주신게 느껴져요 바삭하니 정말 최고입니다 고추바사삭은 사랑 요청사항 빼먹어서 매장에 전화드렸는데 넘 친절하게 응대해주셔서 감사합니다 자주 애용할게용,5,5,5,5,2021년 5월 16일
269,치킨,마포구 상암동,굽네치킨&피자-북가좌1호점,my**님,굽네 오리지널/1,오랜만에 치킨 먹고싶어서 시켰는데 후회없는 맛이여서 너무 행복했어요 원래 후라이드 잘 안먹는데 여기 후라이드 엄청 맛있음 배달도 빠르고 친절하시고 맛있게 잘 먹었습니다 ,5,5,5,5,2021년 5월 16일
270,치킨,마포구 상암동,굽네치킨&피자-북가좌1호점,wo**님,갈릭마왕（한마리）/1,어제먹고 또 생각나서 주문했어요 포장이벤트 하는데 비 맞는거 싫어해서 배달시켰는데 비오는데도 배달도 적당한시간에 받고 따뜻하게 맛있었어요 감사해요내일은 포장이벤트로 할인받고 또 먹을게요,5,5,5,5,2021년 5월 16일
271,치킨,마포구 상암동,굽네치킨&피자-북가좌1호점,wi**님,"고추바사삭,（순살）/1",하 진짜 너무너무 맛있고 친절해요  하루의 마지막이 완벽해졌네요 자주시켜먹을 예정입니다 파하하,5,5,5,5,2021년 5월 15일
272,치킨,마포구 상암동,굽네치킨&피자-북가좌1호점,rd**님,굽네 볼케이노 순살/1,역시 구운 매운치킨은 볼케이노 쵝오,4,4,4,4,2021년 5월 15일
273,치킨,마포구 상암동,굽네치킨&피자-북가좌1호점,vv**님,"굽네 볼케이노 순살＋쌀떡볶이/1,바게트볼（갈릭크림）1개/1",자주 주문하던 곳인데 재오픈해서 너무좋아요 오늘도 역시 너무 맛있었어요 서비스로 주신 음식도 감사히 잘먹었습니다 추천합니다,5,5,5,5,2021년 5월 15일
274,치킨,마포구 상암동,굽네치킨&피자-북가좌1호점,xd**님,고추바사삭＋갈비천왕피자/1,콜라사이즈업 부탁드렸는데 캔콜라도 없는거보니 바빠서 콜라빼먹으신듯 하네요음식은 잘 먹었습니다,5,5,5,5,2021년 5월 15일
275,치킨,마포구 상암동,굽네치킨&피자-북가좌1호점,uy**님,갈릭마왕（한마리）/1,배달도 빨랐고 생각이상으로 너무너무 잘먹었습니다  신규치고는 너무 만족했습니다 ,5,5,5,5,2021년 5월 15일
276,치킨,마포구 상암동,굽네치킨&피자-북가좌1호점,su**님,"고추바사삭,（순살）/1,바게트볼（갈릭크림）1개/1",처음시켜보는 곳인데 금요일 저녁이라 늦을거라 생각은 했지만 시간분 걸렸고 담아있는 박스는 보면 알겠지만 눅눅해져 물먹고 서비스로 주신 감자튀김은 흐물흐물해져 감자전이 되어버렸어요 고추바사삭 시켰는데 고추눅눅이 되어서 왔네요 늦더라도 상태가 좋았으면 잘 먹겠지만 상태도 넘 안좋네요 이런상태로 배달 오는거면 다시 시키진 않을거 같네요,1,1,3,1,2021년 5월 14일
277,치킨,마포구 상암동,굽네치킨&피자-북가좌1호점,wo**님,갈릭마왕（한마리）/1,급하게 먹느라 사진 못찍었는데 맛도 좋고 엄청 빨리와서 좋았어요  사장님 번창하세요,5,5,5,5,2021년 5월 14일
