﻿,Category,Location,Restaurant,UserID,Menu,Review,Total,Taste,Quantity,Delivery,Date
0,치킨,마포구 상암동,금다래회관,di**님,순살 3종세트/1,어으 좋다 매장 오픈클로즈 시간이 달라졋네요 코로나 때문인가 그래도 매번 맛잇게먹고잇습니다,5,5,5,5,2020년 12월 17일
1,치킨,마포구 상암동,금다래회관,ki**님,순살 3종세트/1,짜글이 맛이 조금 아쉽지만 전체적으로 괜찮네요,4,4,5,5,2020년 12월 14일
2,치킨,마포구 상암동,금다래회관,dl**님,순살 3종세트/1,늦게 리뷰해서 죄송해요 너무 잘먹었습니다,5,5,5,5,2020년 12월 13일
3,치킨,마포구 상암동,금다래회관,55**님,순살3종세트/1,양이 이렇게 많은게 실화 다음날 먹었는데도 맛있었어요,5,5,5,5,2020년 12월 8일
4,치킨,마포구 상암동,금다래회관,di**님,간장깐풍치킨/1,아 못참고 하루만에 또시켯네요이런 간장 소스가 보통 생각나는 소스들보다 묽은데 이것도 괜찮네요 서비스로 주신 뿌링클 감튀도 야식에 어울리게 맛잇엇는데 양이 빵봉지 만큼 와서 너무 좋앗구요 토마토 빼주신 센스 감사합니다,5,5,5,5,2020년 12월 6일
5,치킨,마포구 상암동,금다래회관,di**님,"쫄면/1,짜글이/1,주먹밥/1",와 배달은 왠일로 일찍오고 좋앗어요 쫄면 양도 많고 주먹밥도 대접으로오고 짜글이도 넉넉하게오고 맛도잇고 딱 제 값하는 음식이네요 근데 쫄면에도 토마토가 오네요 요건 다음에 빼달라고 말씀드려야겟네요 매번 느끼는데 짜글이가 제 입에는 심심하네요,5,4,5,5,2020년 12월 4일
6,치킨,마포구 상암동,금다래회관,zl**님,순살3종세트/1,맛있어요 양도 많고 가격도 저렴하고요,5,5,5,5,2020년 12월 1일
7,치킨,마포구 상암동,금다래회관,di**님,순살3종세트/1,주말마다 먹는듯해요 크,5,5,5,5,2020년 11월 22일
8,치킨,마포구 상암동,금다래회관,tn**님,"순살3종세트/1,짜글이/1",맛있고 양도 진짜 많네요 잘 먹었어요,5,5,5,5,2020년 11월 16일
9,치킨,마포구 상암동,금다래회관,p4**님,순살3종세트/1,사장님들 왜 이러시나요 박스 열자마자 양에 한번 놀라고 서비스로 주신 짜글이 클라스에 두번 놀라네요 이렇게 많이 퍼주시다니 가게 정리하는거 아니죠 맛은 당연 맛있고 따로 챙겨준 소스들이 아주아주 센스쟁이들 이시네요 소스들이 다른가게 천원씩 더줘야 오는 양의 소스 그리고 서비스 짜글이 안에 들어있는 닭고기 크기 실화 겁나 크고 양이 어마어마 하네요 진심 저거 한식 배달집에서 천원 받는 클라스 넘었음 여자친구랑 첨부터 다먹을때까지 여기 대박 대박 하면서 먹었어요 사장님들 대박 나세요,5,5,5,5,2020년 11월 13일
10,치킨,마포구 상암동,금다래회관,di**님,순살3종세트/1,크새벽에 못참고 시킵니다 야식에 걸맞는 음식이에요 짜글이도 다른걸로와서 좋네요,5,5,5,5,2020년 11월 9일
11,치킨,마포구 상암동,금다래회관,yu**님,순살 3종세트/1,배달도 삐르고 양도 맛도 좋았습니다 얇으면서 바삭거리는 튀김옷도 좋고 순살도 다리살인지 맛있네용 순살세트 진짜 추천이에요,5,5,5,5,2020년 11월 8일
12,치킨,마포구 상암동,금다래회관,tk**님,순살3종세트/1,언제 먹어도 최고입니다 늘 맛있게 먹고있습니다,5,5,5,5,2020년 11월 6일
13,치킨,마포구 상암동,금다래회관,di**님,순살3종세트/1,와진짜 구성에 가격에 실물까지 괜찮은적이없엇는데 여긴 진짜 마음에드네요 메인인 치킨은 당연 맛잇고 서비스로온 짜글이는 단품메뉴 시킨줄알앗어요 서비스 시키는건 보통 감질나게 햄스터 목욕물만큼 오는데 맛 과 양 모두 좋습니다 아주 주말 저녁 맛잇게 먹고 잠들거같습니다,5,5,5,5,2020년 11월 6일
14,치킨,마포구 상암동,금다래회관,qu**님,금다래치킨/1,가격도 착하고 너무 맛있게 잘먹었습니다,5,5,5,5,2020년 11월 6일
15,치킨,마포구 상암동,금다래회관,li**님,순살3종세트/1,순살치킨은 이곳이 진리 프랜차이즈 치킨보다 훨씬맛잇네요,5,5,4,4,2020년 11월 5일
16,치킨,마포구 상암동,금다래회관,ka**님,순살3종세트/1,양 엄청 푸짐하고 요즘은 잘 주지 않는 양배추 샐러드까지 주셔서 느끼하지않게 잘 먹었습니다 치킨도 맛있지만 서비스로 받은 쫄면에 싸먹으니 더 맛있네요,5,5,5,5,2020년 10월 30일
17,치킨,마포구 상암동,금다래회관,cd**님,"순살3종세트/1,납작만두（쫄비빔사리）/1",맛있게 잘 먹었습니다 양도 많구요 다만 납작만두는 많이 별로에요,5,5,5,5,2020년 10월 22일
18,치킨,마포구 상암동,금다래회관,ds**님,금다래치킨/1,박스가 터질정도로 혜자 양많고 맛있음 배달로 먹긴 처음인데 역시 믿음을 저버리지 않네요,5,5,5,5,2020년 10월 22일
19,치킨,마포구 상암동,금다래회관,im**님,순살3종세트/1,이상하다 양 적어보엿는데 개배불렁 맛있는데 많이 먹을 수 있숨 우왕 굳 ,5,5,5,5,2020년 10월 19일
20,치킨,마포구 상암동,금다래회관,cs**님,순살 3종세트/1,미친양과 맛입니다야식으로는 최고네요,5,5,5,5,2020년 10월 10일
21,치킨,마포구 상암동,금다래회관,al**님,순살3종세트/1,가격대비 진짜 좋네용 짜글이가 넘치다못해 터진거 같아서 배달만 점 했습니다 그래도 맛 하나만큼은 진짜네요 잘먹었습니다,5,5,5,1,2020년 10월 10일
22,치킨,마포구 상암동,금다래회관,ne**님,순살3종세트/1,배송빠르고 양도많고 맛있게 잘 먹었습니다,5,5,5,5,2020년 10월 9일
23,치킨,마포구 상암동,금다래회관,tk**님,순살3종세트/1,리뷰가 좀 늦어서 죄송합니다 역시 언제 먹어도 맛있고 행복한 맛입니다 감사히 잘 먹었습니다 번창 하시길 바라겠습니다,5,5,5,5,2020년 10월 6일
24,치킨,마포구 상암동,금다래회관,zl**님,순살 3종세트/1,깜빡하고 못찍었는데 가성비 갑입니다 맛도 좋아요,5,5,5,5,2020년 10월 4일
25,치킨,마포구 상암동,금다래회관,pu**님,순살3종세트/1,양과 맛에서 가성비 되게 좋았어요 리뷰이벤트로 주신 쫄면까지 맛있게 먹었습니다,5,5,5,5,2020년 9월 30일
26,치킨,마포구 상암동,금다래회관,ne**님,순살3종세트/1,양도 엄청많고 배달도 빨랐어요 다음에도 주문예정,5,5,5,5,2020년 9월 29일
27,치킨,마포구 상암동,금다래회관,gu**님,순살3종세트/1,무난하게 맛있어요 다음에 또 시킬거 같아요,5,5,5,5,2020년 9월 28일
28,치킨,마포구 상암동,금다래회관,go**님,순살3종세트/1,맛있게 잘 먹었습니다 기본적으로 후라이드가 바삭하니 맛있고 크림양파랑 양념도 괜찮았어요 양념이 간이 약간 센듯 한데 짭짤한거 좋아하시는분은 괜찮을듯 합니다 이벤트로 주신 쫄면도 맛있었어요 토마토가 들어있던데 잘 어울렸습니다 종종 이용하겠습니다 번창하세요,5,5,5,5,2020년 9월 27일
29,치킨,마포구 상암동,금다래회관,qu**님,금다래치킨/1,양도 맛도 가성비도 최고 진짜 맛있게 잘먹었습니다,5,5,5,5,2020년 9월 27일
30,치킨,마포구 상암동,금다래회관,wl**님,순살3종세트/1,진짜 너우 만족스럽습니다,5,5,5,5,2020년 9월 26일
31,치킨,마포구 상암동,금다래회관,tk**님,순살 3종세트/1,진짜 양이면 양 맛이면 맛 모두 완벽합니다 감사히 잘 먹었습니다,5,5,5,5,2020년 9월 23일
32,치킨,마포구 상암동,금다래회관,di**님,set5 금다래치킨＋（비빔쫄면＋납짝만두）/1,진짜 왠만해선 리뷰 안남기는데 여긴 찐존맛임,5,5,5,5,2020년 9월 19일
33,치킨,마포구 상암동,금다래회관,jo**님,순살3종세트/1,정말 알찬 가성비 인정합니다 양도 최고네요 대만족 이었어요 여러가지 맛도 먹을수있다는 장점도,5,5,5,5,2020년 9월 17일
34,치킨,마포구 상암동,금다래회관,ne**님,"유린기샐러드/1,짜글이/1,뿌링클 감자튀김/1",감자튀김 양도 맛도 그냥 양념감자 유린기고기 몇점밖에 없고 왜이리 짠거죠 특히 짜글이는 짜고 고기냄새나서 한입먹고 아무도 안 먹었어요,1,2,2,5,2020년 9월 3일
35,치킨,마포구 상암동,금다래회관,jo**님,순살3종세트/1,양많고 가성비 좋습니다,5,4,5,5,2020년 8월 31일
36,치킨,마포구 상암동,금다래회관,wo**님,순살 3종세트/1,배달이 좀 늦긴 했는데 맛도 있고 양도 많고 좋았어요 가성비 지림 이런 곳을 지금이라도 알아서 다행이네요 ,5,5,5,4,2020년 8월 30일
37,치킨,마포구 상암동,금다래회관,ri**님,순살3종세트/1,양이 푸짐합니다 서비스도 혜자스럽고요,5,5,5,4,2020년 8월 17일
38,치킨,마포구 상암동,금다래회관,po**님,순살 3종세트/1,짜지않고 맛있어요 세가지맛을 한번에 먹을 수 있어 가성비도 좋습니다 요청사항도 잘 반영해주시고 감사합니다,5,5,5,5,2020년 7월 12일
39,치킨,마포구 상암동,금다래회관,ha**님,골드후라이드/1,여기는 진리 이글은 성지 고민하는 니들 시켜먹어봐 여기 찐임,5,5,5,5,2020년 7월 10일
40,치킨,마포구 상암동,금다래회관,ha**님,"짜글이/2,주먹밥/1",먓있어요 다 직접만든거 같아요 홍대에 살아서 다행이에요 다음에도 이렇게 섭스줄거죠,5,5,5,5,2020년 7월 3일
41,치킨,마포구 상암동,금다래회관,ha**님,골드후라이드/1,이거 뭐야 존맛 이제까지의 맛이아님  쫄면  닥고기  시켜 걍 누나믿어,5,5,5,5,2020년 7월 3일
