﻿,Category,Location,Restaurant,UserID,Menu,Review,Total,Taste,Quantity,Delivery,Date
0,치킨,마포구 상암동,꼬꼬네CCoCCo,kh**님,"꼬꼬네 반반 치킨/1(추가 선택(누룽지 마늘간장,파닭))",처음보는 업체라서 혹시나 했는데 맛도 좋고 배송도 빠르고 너무 좋네요 누릉지 치킨이 너무 맛있었어요,5,5,5,5,2021년 7월 1일
1,치킨,마포구 상암동,꼬꼬네CCoCCo,손님,"꼬꼬네 반반 치킨/1(추가 선택(오리지널 후라이드,파닭))",배달이 특히나 마음에 들었습니다 맛있는 음식 또 먹고 싶습니다 감사합니다 이만,5,5,5,5,2021년 6월 3일
2,치킨,마포구 상암동,꼬꼬네CCoCCo,se**님,"꼬꼬네 반반 치킨/1(추가 선택(누룽지 양념,누룽지 마늘간장))",양념 간장 누룽지 시켰는데 이 뿌러지는 줄 알았음 누룽지가 아직도 이빨에 끼여있음 그냥 더 고소할 줄 알고 시킨 내 잘못 많이 파세요,3,3,4,5,2021년 5월 31일
3,치킨,마포구 상암동,꼬꼬네CCoCCo,ne**님,"꼬꼬네 반반 치킨/1(추가 선택(오리지널 후라이드,파닭))",파닭에 파가 적은게 아쉬워요 딴건 다 괜찮움,4,4,5,5,2021년 5월 30일
4,치킨,마포구 상암동,꼬꼬네CCoCCo,jb**님,"꼬꼬네 반반 치킨/1(추가 선택(누룽지 양념,파닭))",맛잇게먹엇습니다 소스가 좀 샜어요 ,5,5,5,5,2021년 5월 21일
5,치킨,마포구 상암동,꼬꼬네CCoCCo,11**님,"꼬꼬네 반반 치킨/1(추가 선택(뽀모도로 （토마토소스）,파닭))",따뜻하게 받았습니다 감사합니다,5,5,5,5,2021년 5월 20일
6,치킨,마포구 상암동,꼬꼬네CCoCCo,ev**님,"국물떡볶이/1,꼬꼬네 반마리 치킨/1(추가 선택(누룽지 양념))",감사합니다 친절하신 사장님 많이파세요,5,5,5,,2021년 5월 18일
7,치킨,마포구 상암동,꼬꼬네CCoCCo,do**님,꼬꼬네 누룽지 마늘간장/1,감사합니다 덕분에 맛나게 먹었습니다 ,5,5,5,,2021년 5월 16일
8,치킨,마포구 상암동,꼬꼬네CCoCCo,11**님,꼬꼬네 누룽지 마늘간장/1,누룽지 씹히는 맛이 아주 좋아요 떡튀김도 같이 주셨어요 맛있게 먹었습니다,5,5,5,5,2021년 5월 15일
9,치킨,마포구 상암동,꼬꼬네CCoCCo,rl**님,"꼬꼬네 반반 치킨/1(추가 선택(누룽지 마늘간장,파닭))",맛있어요  특히 누룽지치킨은 처음먹어봤는데 맛있네요,5,5,5,,2021년 5월 14일
10,치킨,마포구 상암동,꼬꼬네CCoCCo,wo**님,"꼬꼬네 반반 치킨/1(추가 선택(누룽지 양념,누룽지 마늘간장))",와 맛있어요  잘 먹겠슴니다,5,5,5,5,2021년 5월 13일
11,치킨,마포구 상암동,꼬꼬네CCoCCo,24**님,꼬꼬네 누룽지 마늘간장/1,두번째주문 정말 맛있고 추천합니다,5,5,5,5,2021년 5월 10일
12,치킨,마포구 상암동,꼬꼬네CCoCCo,si**님,꼬꼬네 파닭/1,파닭 소스가 다 새어 흘러서 좀 찝찝했습니다 포장 부분 개선하면 좋을 것 같습니다,4,5,4,3,2021년 4월 20일
13,치킨,마포구 상암동,꼬꼬네CCoCCo,pi**님,꼬꼬네 누룽지 양념/1(맛 선택(매운맛)),퇴근길에 보여서 포장 해갔어요 갑작스런 선택 이었는데 만족스러웠습니다,5,5,5,,2021년 4월 9일
14,치킨,마포구 상암동,꼬꼬네CCoCCo,or**님,꼬꼬네 파닭/1,리뷰가 얼마 없어 망설이다 시켰는데 맛있게 먹었어요  파의 매움이 눈까지 맵게해서 중간 중간 눈을 감아야 했지만 느낌함을 잡아주는 파와 달콤하면서 알싸한 소스는 치킨과 너무 잘 어울려요  맛있게 잘 먹었습니다 감사합니다,5,5,5,5,2021년 4월 6일
15,치킨,마포구 상암동,꼬꼬네CCoCCo,mi**님,꼬꼬네 누룽지 마늘간장/1(음료 추가 선택(콜라 500mL 추가)),양도 되게 많았고 양념이 진하지 않은데 중독성 있어서 먹기 너무 좋아요 원래 치킨은 조금 먹으면 질려서 많이 못먹는디 여기는 오래 먹을 수 있을 것 같아요,5,5,5,5,2021년 3월 19일
16,치킨,마포구 상암동,꼬꼬네CCoCCo,wj**님,꼬꼬네 누룽지 마늘간장/1,양도 충분하고 맛도 좋았습니다 번창하세요,5,5,5,4,2021년 3월 17일
17,치킨,마포구 상암동,꼬꼬네CCoCCo,ba**님,"꼬꼬네 오리지널 후라이드/1,꼬꼬네 누룽지 마늘간장/1,스프라이트 500mL/1",배달 굉장히 빠릅니다 맛있어요 할인하길래 시켜봤는데 굿굿 누룽지마늘간장 특히 누룽지 섞여있어서 특이하고 맛나네요 종종시켜먹을게요,5,5,5,5,2021년 2월 27일
