﻿,Category,Location,Restaurant,UserID,Menu,Review,Total,Taste,Quantity,Delivery,Date
0,치킨,마포구 상암동,네네치킨-성산점,gm**님,순살레드마요치킨/1,소스 중독성 최고에욤 네네 순살 역시 짱 잘먹었습니다,5,5,5,,2021년 7월 22일
1,치킨,마포구 상암동,네네치킨-성산점,su**님,네네마늘치킨/1,역시 네네는 후라이드의 바삭함이 좋아요 개인적으로 마늘 소스가 좀 아쉽더라구요 양도 많고 배달도 빠르고 맛있게 잘 먹었어요,5,4,5,5,2021년 7월 18일
2,치킨,마포구 상암동,네네치킨-성산점,ni**님,후라이드/1,후라이드 맛있네요 잘 먹었습니다,5,5,5,5,2021년 7월 15일
3,치킨,마포구 상암동,네네치킨-성산점,xo**님,오리엔탈파닭/1(소스 추가(청양마요소스)),이 근처 네네는 무조건 성산점입니다 빠르고 친절한 배달 산더미같은 양의 파 바삭한 치킨 뭐 하나 부족한 게 없습니다 강추,5,5,5,5,2021년 7월 15일
4,치킨,마포구 상암동,네네치킨-성산점,mi**님,양념치킨/1,배달도 빠르고 맛있어요,5,5,5,5,2021년 7월 15일
5,치킨,마포구 상암동,네네치킨-성산점,ju**님,순살오리엔탈파닭/1,순살로 맛있게먹었습니다 ,5,5,5,5,2021년 7월 15일
6,치킨,마포구 상암동,네네치킨-성산점,ko**님,후라이드/1,좀 많이 튀겨졌나봐요 약간 딱딱한 배달 엄청 빨리와서 뜨겁게 먹었습니다,5,4,5,5,2021년 7월 15일
7,치킨,마포구 상암동,네네치킨-성산점,s_**님,"순살 반반/1(반마리 선택(순살양념반,순살오리엔탈파닭반))",파닭 진짜 맛있어요 파닭은 역시 네네,5,5,5,5,2021년 7월 14일
8,치킨,마포구 상암동,네네치킨-성산점,rk**님,"순살 반반/1(반마리 선택(순살오리엔탈파닭반,순살후라이드반),사이드 추가(네네볼（치즈맛）))",받고 열자마자 리뷰 씁다 아니 파닭을 시켰는데 파가 무슨 몇백그램이 온거같아요 치킨이 적은것도 아닙니다 완전좋아요,5,5,5,5,2021년 7월 13일
9,치킨,마포구 상암동,네네치킨-성산점,eu**님,"뼈 반반/1(반마리 선택(쇼킹핫반,후라이드반))",잘먹었습니다 재주문할께요,5,5,5,5,2021년 7월 9일
10,치킨,마포구 상암동,네네치킨-성산점,82**님,윙봉/1,윙봉 후라이드 너무바삭해서 좋아요,5,5,5,5,2021년 7월 9일
11,치킨,마포구 상암동,네네치킨-성산점,ju**님,"크리미언치킨/1,양념치킨/1",배달도 빨리오고 맛있어요,5,5,5,5,2021년 7월 9일
12,치킨,마포구 상암동,네네치킨-성산점,qw**님,어니언스노윙치킨＋네네소떡/1,배달이 진짜빨랐어요 맨날 스노윙치즈만먹다가 첨으로 어니언먹는데 이것도 맛있네용,5,5,5,5,2021년 6월 27일
13,치킨,마포구 상암동,네네치킨-성산점,ip**님,"닭다리반＋닭날개반/1(사이드 추가(네네볼（치즈맛）,네네칩（포테이토칩）),음료 업그레이드(콜라1.25L 업그레이드))",인기가 좋은지 날개가 다 떨어졌다고 하시더라구요 닭다리만으로 바꿔먹었습니다 닭다리만 먹으니 좀 아쉽긴 했는데 맛있네요,4,4,4,4,2021년 6월 23일
14,치킨,마포구 상암동,네네치킨-성산점,ks**님,순살치즈스노윙치킨/1,요청사항도 잘봐주시고 배달도 완전 빠르고 맛있게 잘먹었습니다,5,5,5,5,2021년 6월 22일
15,치킨,마포구 상암동,네네치킨-성산점,ke**님,"순살 반반/1(반마리 선택(순살오리엔탈파닭반,순살후라이드반))",잘먹었습니다 양도 많아 청소년명에 성인남자한명 넉넉히먹었어요,5,5,5,5,2021년 6월 3일
16,치킨,마포구 상암동,네네치킨-성산점,ji**님,순살양념반＋순살반/1,우리집 꼬맹이가 애정하는 메뉴 네네는 양념도 맛나고 후라이드는 사랑이죠,5,5,5,5,2021년 5월 18일
17,치킨,마포구 상암동,네네치킨-성산점,to**님,닭다리/1,배달도 엄청 빠르고 맛있어요,5,5,5,5,2021년 4월 21일
18,치킨,마포구 상암동,네네치킨-성산점,ji**님,순살양념반＋순살반/1,늘 맛있게 먹고 있어요 오늘도 잘 먹었습니다 ,5,5,5,5,2021년 4월 14일
19,치킨,마포구 상암동,네네치킨-성산점,tl**님,닭다리반＋닭날개반/1,엄청 맛나다  이틀연속 돼지가 되었다,5,5,5,5,2021년 4월 11일
20,치킨,마포구 상암동,네네치킨-성산점,to**님,닭다리/1,애기들이 순식간에 먹었어요,5,5,5,5,2021년 4월 10일
21,치킨,마포구 상암동,네네치킨-성산점,qw**님,스노윙치킨（치즈）/1,근처 네네에서 젤맛있던거같아요,5,5,5,5,2021년 4월 9일
22,치킨,마포구 상암동,네네치킨-성산점,ji**님,순살청양마요치킨/1,금강선은 신이고 로아는 무적이다,5,5,5,5,2021년 3월 26일
23,치킨,마포구 상암동,네네치킨-성산점,ki**님,순살오리엔탈파닭/1,파가 요새 너무 비싸는데 많이 주셨어요 ,5,5,5,5,2021년 3월 20일
24,치킨,마포구 상암동,네네치킨-성산점,sd**님,순살오리엔탈파닭/1,오늘도 맛있게 잘 먹었습니다,5,5,5,5,2021년 3월 19일
25,치킨,마포구 상암동,네네치킨-성산점,ge**님,순살양념반＋순살반/1,올만에 먹는 네네치킨 찐맛,5,5,5,5,2021년 3월 19일
26,치킨,마포구 상암동,네네치킨-성산점,th**님,후라이드（핫）/1,핫후라이드 오랜만에 먹는데 엄청 맛있네요 그리고 배달도 빨리와서 뜨거운 상태로 먹을 수 있었어요,5,5,5,5,2021년 3월 19일
27,치킨,마포구 상암동,네네치킨-성산점,fa**님,오리엔탈파닭/1,파닭 최고 항상 맛있게 잘 먹고 있습니다 감사합니다,5,5,5,5,2021년 3월 19일
28,치킨,마포구 상암동,네네치킨-성산점,u1**님,양념치킨/1,소스 양 많고 맛있고 빠르고 진짜 너무 감동입니다,5,5,5,5,2021년 3월 18일
29,치킨,마포구 상암동,네네치킨-성산점,go**님,닭다리/1,으악 닭날개를 닭다리로 잘못시켰네요  그래도 잘 먹었습니다,5,5,5,5,2021년 3월 13일
30,치킨,마포구 상암동,네네치킨-성산점,go**님,닭날개/1,배달도 빠른고 항상 바삭 고소하게 잘 먹는 성산점 입니다,5,5,5,5,2021년 3월 4일
31,치킨,마포구 상암동,네네치킨-성산점,ai**님,"후라이드/1,양념치킨/1",신선하고 바삭하고 담백하고 깔끔하니 맛있어요 아기도 잘 먹네요 감사합니다,4,4,4,4,2021년 2월 20일
32,치킨,마포구 상암동,네네치킨-성산점,sd**님,순살오리엔탈파닭/1,파닭은 처음 먹는데 양도 많고 맛있었어요 바삭하게 먹으려고 파는 따로 빼서 먹었어요 파가 아린 맛도 없어서 아이들도 잘 먹고 훌륭한 선택이었습니다 신속배달 덕분에 따끈해서 더 맛있네요,5,5,5,5,2021년 2월 19일
33,치킨,마포구 상암동,네네치킨-성산점,lj**님,양념반＋후라이드반/1,후라이드는 무난하고 양념은 단맛이 강하지만 전반적으로 무난했습니다 사진을 못 찍어서 아쉽네요 잘 먹었어요,4,4,5,5,2021년 2월 5일
34,치킨,마포구 상암동,네네치킨-성산점,wj**님,오리엔탈파닭/1,파닭 너무맛나요또먹을게요,5,5,5,5,2021년 2월 4일
35,치킨,마포구 상암동,네네치킨-성산점,go**님,"닭다리/1,윙봉/1",역시 따뜻하고 고소 바삭 맛있습니다,5,5,5,5,2021년 1월 28일
36,치킨,마포구 상암동,네네치킨-성산점,eu**님,양념반＋후라이드반/1,반반치킨 언제나 맛나요 잘먹었습니다,5,4,5,4,2021년 1월 28일
37,치킨,마포구 상암동,네네치킨-성산점,su**님,후라이드/1,치킨은 역시 후라이드죠 바삭촉촉 기본에 충실한 맛,4,4,4,4,2021년 1월 28일
38,치킨,마포구 상암동,네네치킨-성산점,mi**님,"후라이드（핫）/1,네네짜용 스위트갈릭맛/1",맛있어요  근데 튀김이 약간 쓴맛 쓴향 마묘하게 났었습니다,5,4,5,5,2021년 1월 26일
39,치킨,마포구 상암동,네네치킨-성산점,qk**님,순살청양마요치킨/1,맛있어요 네네치킨 청양마요 첨먹어보는데  양파도 많고 소스도 맛있네요 순살로 시켰는데 괜찮네요 양도 괜찮아요 양파가 위에 덮여있는데 먹으면서 한쪽으로 놓는게 팁 양파때문에 치킨이 물러짐 소스가 두개라 넉넉하니 먹었습니다 살짝 아쉬운건 고추양치킨 개씩먹어도 양파에 비해 부족하더라구요,5,5,4,5,2021년 1월 25일
40,치킨,마포구 상암동,네네치킨-성산점,se**님,순살크리미언반＋순살핫블링반/1,맛있어요 크리미어니언 맛나요 매운양념도 짱,5,5,5,5,2021년 1월 25일
41,치킨,마포구 상암동,네네치킨-성산점,ap**님,소이크런치콤보/1,소이소스가 짜네요 모르고 많이 묻혀달라고했는데 제잘못이니  맛은 좋아여 감튀도 맛나구요 근데 다리에서 안좋은 냄새가나요 다른부위는 안그런데 다리부위 확인해보셔야할것같습니다,5,5,5,5,2021년 1월 24일
42,치킨,마포구 상암동,네네치킨-성산점,go**님,순살청양마요치킨/1,배달이 엄청 빨라요 주문하고 분만에 왔어요 저같은 맵찔이에게는 청양고추 안넣어도 소스부터 매워요 그래도 고추매운맛이라 그런지 맛있습니다,5,5,5,5,2021년 1월 23일
43,치킨,마포구 상암동,네네치킨-성산점,ss**님,오리엔탈파닭/1,맛있게 잘 먹었습니다 감사합니다,5,5,5,5,2021년 1월 23일
44,치킨,마포구 상암동,네네치킨-성산점,sc**님,"순살오리엔탈파닭/1,치킨무/1,네네짜용 스위트갈릭맛/1",파도 듬뿍 넣어 주시고 맛도 감동이고 너무 맛있게 먹었습니다 역시 파닭의 진리는 네네 다음 네네도 파닭으로 가겠습니다,5,5,5,5,2021년 1월 23일
45,치킨,마포구 상암동,네네치킨-성산점,손님,청양마요치킨/1,미안해요 음식이 제 취행이 아니었나봐요 그래도 어머니랑 집에서 나름 오붓하게 먹으면서 추억거리 생겼어요 소스가 생각보다 정말 칼칼하니 맵구요 그래서 양파랑 후라이드치키니랑 먹었는데 후라이드도 제 취향이 아니었네요 그래도 배달음식 추억 생겨서 재미졌어요 감사합니다,3,2,5,5,2021년 1월 22일
46,치킨,마포구 상암동,네네치킨-성산점,12**님,소이갈릭치킨/1,소스 양념이 조금 부족했던 것 같습니다 그래도 맛있어요 ,5,4,5,5,2021년 1월 14일
47,치킨,마포구 상암동,네네치킨-성산점,mc**님,순살/1,항상 맛있게 먹고 있습니다,5,5,5,5,2021년 1월 12일
48,치킨,마포구 상암동,네네치킨-성산점,yc**님,후라이드/1,이벤트해서 싸게 먹은건 좋았는데 속살이 안 익어서 뻑뻑한 부분이 많았네요,2,1,4,5,2021년 1월 12일
49,치킨,마포구 상암동,네네치킨-성산점,br**님,양념반＋후라이드반/1,너무 맛있었습니다 배달 시간까지 자리에 없었는데 전화주시고 기다려 주셔서 안전하게 잘 먹었습니다,5,5,5,5,2021년 1월 10일
50,치킨,마포구 상암동,네네치킨-성산점,eu**님,스노윙（치즈）반＋양념반/1,따끈따끈 넘 맛이써요 잘먹었습니당,5,5,5,5,2021년 1월 10일
51,치킨,마포구 상암동,네네치킨-성산점,fa**님,양념반＋후라이드반/1,감사합니다 항상 맛있게 잘먹고 있습니다 반반 최고,5,5,5,5,2021년 1월 10일
52,치킨,마포구 상암동,네네치킨-성산점,da**님,후라이드/1,여윽시 그럼요 당연하죠 네네치킨,5,5,5,5,2021년 1월 10일
53,치킨,마포구 상암동,네네치킨-성산점,jx**님,스노윙치킨（치즈）/1,                         ,4,4,4,4,2021년 1월 10일
54,치킨,마포구 상암동,네네치킨-성산점,ya**님,"닭다리/1,핫블링치킨/1",배달도 예상시간보다 빠르고 따뜻하게 배달해주셔서 맛있게 잘 먹었어요,5,5,5,5,2021년 1월 9일
55,치킨,마포구 상암동,네네치킨-성산점,pa**님,"크리미언반＋양념반＋후라이드반/1,네네연유볼（연유치즈맛）/1,쇼킹핫소스/1",후라이드 완전 껍질 바삭바삭하니 너무 좋았어요  다만 양파는 매워서 매운거 못 드시는 분은 물에 한 번 담궜다가 드세요 다른 지점은 따로 챙겨주시던데 여긴 치킨 위에 바로 올려주셔서 양파만 따로 그릇에 덜어서 소스 같이 버무리고 반찬 먹듯이 같이 먹었어요 ,5,5,5,5,2021년 1월 8일
56,치킨,마포구 상암동,네네치킨-성산점,ch**님,,네네는 항상 훌륭합니다,5,5,5,5,2021년 1월 6일
57,치킨,마포구 상암동,네네치킨-성산점,se**님,크리미언반＋핫블링반/1,감사합니다 정성이 느껴지는맛,5,5,5,5,2021년 1월 6일
58,치킨,마포구 상암동,네네치킨-성산점,bs**님,양념치킨/1,맛있지만 식어서 왔어요 별개는뺍니다,4,4,4,3,2021년 1월 6일
59,치킨,마포구 상암동,네네치킨-성산점,fi**님,양념반＋후라이드반/1,지금 벌써 몇번째 재주문 재주문 항상 최고에요,5,5,5,5,2021년 1월 1일
60,치킨,마포구 상암동,네네치킨-성산점,dm**님,순살오리엔탈파닭/1,전 오리엔탈 파닭이 너무 좋아요 ,5,5,5,5,2021년 1월 1일
61,치킨,마포구 상암동,네네치킨-성산점,ho**님,양념반＋후라이드반/1,기름이 깨끗한것 같아요 튀김의 정도나 맛이 깔끔하니 아주 맛있어요 자주 시켜먹을 듯 해요 여기 굿 맛 보장,5,5,5,5,2021년 1월 1일
62,치킨,마포구 상암동,네네치킨-성산점,wh**님,스노윙치킨（치즈）/1,언제나처럼 너무 맛있었어요 극강의 단짠이더군요 일에 나눠먹었습니다 한꺼번에 먹기 아까워서요 강추해요,5,5,5,5,2020년 12월 31일
63,치킨,마포구 상암동,네네치킨-성산점,do**님,"스노윙（치즈）반＋쇼킹핫반/1,네네연유볼（연유치즈맛）/1,청양마요소스/1",바삭하고 배달도 빠르고 맛있네요 근데 핫쇼킹이랑 연유치즈볼 첨먹어봤는데 제 취향은 아니네요  잘못시켰어요 ,5,5,5,5,2020년 12월 30일
64,치킨,마포구 상암동,네네치킨-성산점,gi**님,"스노윙（치즈）반＋핫블링반＋후라이드반/1,콜라1.25L/1",맛있어요 늘 따뜻하게와서 좋아요,5,5,5,5,2020년 12월 29일
65,치킨,마포구 상암동,네네치킨-성산점,mo**님,오리엔탈파닭/1,파채 따로 주셔서 치킨도 더 바삭하게 맛있게 먹었습니다,5,5,5,5,2020년 12월 29일
66,치킨,마포구 상암동,네네치킨-성산점,wo**님,순살오리엔탈파닭/1,요청사항도 잘 들어주시고 맛도 좋고 배달도 빠릅니다 먹느라 사진을 못 찍었는데 담엔 포토리뷰 남길게요,5,5,5,5,2020년 12월 28일
67,치킨,마포구 상암동,네네치킨-성산점,un**님,윙봉/1,배달 엄청빠르네요 잘먹었습니다,5,5,5,5,2020년 12월 28일
68,치킨,마포구 상암동,네네치킨-성산점,eu**님,후라이드/1,가심비 만족합니다 성산점이 맛나네요,5,4,4,4,2020년 12월 28일
69,치킨,마포구 상암동,네네치킨-성산점,wn**님,순살오리엔탈파닭/1,네네치킨 성산점 맛있어요,5,5,5,5,2020년 12월 28일
70,치킨,마포구 상암동,네네치킨-성산점,ch**님,양념반＋후라이드반/1,잘먹었습니다 요청사항도 굿굿,5,5,5,5,2020년 12월 28일
71,치킨,마포구 상암동,네네치킨-성산점,jo**님,"스노윙（치즈）반＋양념반/1,네네연유볼（연유치즈맛）/1",스노윙에 양념 반반 최고에요,5,5,5,5,2020년 12월 27일
72,치킨,마포구 상암동,네네치킨-성산점,le**님,후라이드/1,네네치킨은 맛은 괜찮은데 닭이 너무 건조해요,3,3,5,5,2020년 12월 27일
73,치킨,마포구 상암동,네네치킨-성산점,sn**님,크리미언치킨/1,어니언소스가 차가워서 안섞이는 맛이라 그런지 애매했어요,5,2,4,5,2020년 12월 27일
74,치킨,마포구 상암동,네네치킨-성산점,ka**님,순살오리엔탈파닭/1,순살파닭 주문했습니다 개인적으로는 치킨이 좀 덜 짜면 더 좋을 것 같습니다 부모님은 크리미어니언보다 더 깔끔해서 좋다고 하시더라고요 잘 먹었습니다,5,4,4,5,2020년 12월 27일
75,치킨,마포구 상암동,네네치킨-성산점,wh**님,청양마요치킨/1,양 진짜 많아요그리고 양파도 엄청 많고 다음에 또 시켜먹을 의향 있습니다,5,5,5,5,2020년 12월 26일
76,치킨,마포구 상암동,네네치킨-성산점,fa**님,오리엔탈파닭/1,감사합니다 항상 맛있게 잘 먹고 있습니다 파닭 최고,5,5,5,5,2020년 12월 26일
77,치킨,마포구 상암동,네네치킨-성산점,96**님,크리미언치킨/1,배달 빠르고 따뜻하고 맛있고 최고 굳굳굳,5,5,5,5,2020년 12월 26일
78,치킨,마포구 상암동,네네치킨-성산점,je**님,청양마요치킨/1,또 시켜먹었네요  살빼야하는뎅 ,5,5,5,5,2020년 12월 26일
79,치킨,마포구 상암동,네네치킨-성산점,ho**님,후라이드/1,역시 맛깔나네유 후라이드는 네네쥬 크리스마스라 배달 많이 늦을줄알았는데 빠르고 일단 깨끗한것같아서 너무 만족스럽습니다,5,5,5,5,2020년 12월 26일
80,치킨,마포구 상암동,네네치킨-성산점,s_**님,순살오리엔탈파닭/1,지금까지 여러지점 시켜봤지만 여기만큼 파채 듬뿍 주는곳은 처음입니다 최고에요,5,5,5,5,2020년 12월 26일
81,치킨,마포구 상암동,네네치킨-성산점,jo**님,순살양념반＋순살반/1,맛있게 잘 먹었습니다 어려운 시기에 힘내세요,5,5,5,5,2020년 12월 25일
82,치킨,마포구 상암동,네네치킨-성산점,sn**님,스노윙치킨（치즈）/1,맛있게 잘 먹었습니다 ,5,5,5,5,2020년 12월 25일
83,치킨,마포구 상암동,네네치킨-성산점,sa**님,스노윙（치즈）반＋쇼킹핫반/1,그거아세요 네네치킨 성산점은 넘넘 맛잇다는거 ,5,5,5,5,2020년 12월 22일
84,치킨,마포구 상암동,네네치킨-성산점,go**님,윙봉/1,바삭 꼬소 너무 맛있습니딘,5,5,5,5,2020년 12월 21일
85,치킨,마포구 상암동,네네치킨-성산점,kh**님,순살크리미언반＋순살핫블링반/1,핫블링 치킨과 크리미어 반반 시켰는데 핫블링 첨 먹어봤는데 생각보다 맛이 아쉽네여  그래도 양많고 배달도 빠르고 괜찮았어요,3,3,5,5,2020년 12월 21일
86,치킨,마포구 상암동,네네치킨-성산점,ss**님,양념반＋후라이드반/1,크기도 먹기편하고 맛있어요,5,5,5,5,2020년 12월 21일
87,치킨,마포구 상암동,네네치킨-성산점,la**님,순살청양마요치킨/1,이야 맛있다 양도 많고 양파 양도 넉넉하니 좋네요 너무 맛있어요 고추도 많고 치킺도 많고 이거 푸라닭 고추마요보다 맵고 자담치킨 맵슐랭 보단 덜 매웁 상쾌하고 깔끔히 매움 뒤에 설사도 안함,5,5,5,5,2020년 12월 18일
88,치킨,마포구 상암동,네네치킨-성산점,ch**님,후라이드/1,후라이드는 역시 네네네요  잘먹었습니다,5,5,5,5,2020년 12월 16일
89,치킨,마포구 상암동,네네치킨-성산점,se**님,양념반＋후라이드반/1,오랜만에 할인해서 먹었는데 부드럽고 겉바속촉 달달고소하게 잘먹었습니다,5,5,5,5,2020년 12월 13일
90,치킨,마포구 상암동,네네치킨-성산점,sa**님,네네마늘치킨/1,맛있어요 완전 맛있어요 굿굿,5,5,5,5,2020년 12월 9일
91,치킨,마포구 상암동,네네치킨-성산점,mo**님,"청양마요치킨/1,오리엔탈파닭/1",건강하게 맛있는 잘 먹었습니다,5,5,5,5,2020년 12월 5일
92,치킨,마포구 상암동,네네치킨-성산점,dl**님,"청양마요치킨/1,네네땅（치즈）/1,파닭소스/1",양 정말 엄청 많아요 양파 대박 기사님 친절하세요,5,5,5,5,2020년 12월 4일
93,치킨,마포구 상암동,네네치킨-성산점,mo**님,오리엔탈파닭/1,오리엔탈 파닭 맛있어요,5,5,5,5,2020년 12월 3일
94,치킨,마포구 상암동,네네치킨-성산점,je**님,청양마요치킨/1,또 먹었어요 근데 이번엔 콘은 왜 안 왔나요  무만 주지 말란 거였는데 ,5,5,5,5,2020년 12월 3일
95,치킨,마포구 상암동,네네치킨-성산점,ks**님,양념반＋후라이드반/1,오랜만에 먹어서 그런가양념이 너무 단 느낌이였는데 후라이드는 역시 바삭하고 맛있네요,4,4,4,4,2020년 12월 2일
96,치킨,마포구 상암동,네네치킨-성산점,sa**님,오리엔탈파닭/1,상암사는데성산에서만 시키는데 진짜 존맛탱 특히오늘 더맛잇엇어요  튀김고소하고 대존맛 파 따로 담아달라고 부탁드렷는데 해주셧습니다감사합니다 파가진자엄청엄청많고 푸짐해요 역시 파닭은 네네,5,5,5,5,2020년 11월 27일
97,치킨,마포구 상암동,네네치킨-성산점,da**님,후라이드（핫）/1,배달두 빠르고 진짜 맛있어요,5,5,5,5,2020년 11월 27일
98,치킨,마포구 상암동,네네치킨-성산점,jj**님,순살매콤치즈스노윙반＋순살양념반/1,맛있어요 맛있어요 역시,5,5,5,5,2020년 11월 25일
99,치킨,마포구 상암동,네네치킨-성산점,SO**님,양념반＋후라이드반/1,잘먹었습니다 작성이 늦었네요 다음에 또주문할께요,5,5,5,5,2020년 11월 24일
100,치킨,마포구 상암동,네네치킨-성산점,ms**님,순살크리미언반＋순살양념반＋순살반/1,배달도 빠르고 맛도 좋아요,5,5,5,5,2020년 11월 23일
101,치킨,마포구 상암동,네네치킨-성산점,lu**님,청양마요치킨/1,네네치킨 오랜만에 먹는데 맛있네요,5,5,5,5,2020년 11월 23일
102,치킨,마포구 상암동,네네치킨-성산점,sd**님,양념반＋후라이드반/1,저렴한 가격에 잘 먹었어요,4,4,4,4,2020년 11월 22일
103,치킨,마포구 상암동,네네치킨-성산점,jm**님,양념치킨/1,양념이 좀 아쉬웠어요 ,4,4,4,4,2020년 11월 22일
104,치킨,마포구 상암동,네네치킨-성산점,ki**님,윙봉/1,양도 푸짐 맛도 최고 배달 신속,5,5,5,5,2020년 11월 20일
105,치킨,마포구 상암동,네네치킨-성산점,fa**님,오리엔탈파닭/1,이틀연속 파닭 감사합니다 맛있게 잘 먹었습니다,5,5,5,5,2020년 11월 20일
106,치킨,마포구 상암동,네네치킨-성산점,uh**님,크리미언반＋핫블링반/1,맛나요근데 양파가 좀 많이 맵네요,4,4,3,5,2020년 11월 19일
107,치킨,마포구 상암동,네네치킨-성산점,fa**님,오리엔탈파닭/1,항상 맛있게 잘먹고 있습니다 감사합나다,5,5,5,5,2020년 11월 19일
108,치킨,마포구 상암동,네네치킨-성산점,pu**님,순살청양마요치킨/1,요청사항 들어주셔서 맛있게 잘 먹었습니다,5,5,5,5,2020년 11월 18일
109,치킨,마포구 상암동,네네치킨-성산점,ji**님,양념반＋후라이드반/1,배달도 빠르고 개인적으론 순살보다 뼈가 더 좋아용 비오는날 치킨은 진리입니다,5,5,5,5,2020년 11월 18일
110,치킨,마포구 상암동,네네치킨-성산점,je**님,청양마요치킨/1,일주일에 한번은 꼭 먹는듯요 ,5,5,5,5,2020년 11월 16일
111,치킨,마포구 상암동,네네치킨-성산점,ri**님,순살매콤치즈스노윙반＋순살후라이드반/1,도착 예정시간 보다 빨리 오셨습니다 힘들게 일하고 맛있는 치킨으로 하루를 보상 받고 싶었는데 빠른 배달 따뜻한 치킨으로 아주 기분 좋게 하루를 마감 합니다 정말 맛있게 잘먹었습니다,5,5,5,5,2020년 11월 12일
112,치킨,마포구 상암동,네네치킨-성산점,손님,"청양마요치킨/1,청양마요소스/1",양파도 많고 소스도 맛있었습니다,5,5,5,5,2020년 11월 12일
113,치킨,마포구 상암동,네네치킨-성산점,je**님,청양마요치킨/1,또 먹음 정신없이 먹다 찌금,5,5,5,5,2020년 11월 7일
114,치킨,마포구 상암동,네네치킨-성산점,he**님,순살포테이토짜용치킨/1,항상 잘 시켜먹구있어요 바삭바삭하고 맛있어요,5,5,5,5,2020년 11월 6일
115,치킨,마포구 상암동,네네치킨-성산점,je**님,청양마요치킨/1,소스도 마니 주시고 넘 맛있어서 또 먹었네용,5,5,5,5,2020년 11월 4일
116,치킨,마포구 상암동,네네치킨-성산점,sh**님,"순살크리미언반＋순살핫블링반/1,네네연유볼（연유치즈맛）/1,콜라1.25L/1",배달도 빠르고 맛있어요,5,5,5,5,2020년 11월 1일
117,치킨,마포구 상암동,네네치킨-성산점,mi**님,소이갈릭치킨/1,소이갈릭치킨은 많이 느끼했어요 약간 아쉬워요,4,4,5,5,2020년 11월 1일
118,치킨,마포구 상암동,네네치킨-성산점,mo**님,크리미언반＋핫블링반/1,맛있게 맵네요 양파 소스가 부족했네요,5,5,5,5,2020년 11월 1일
119,치킨,마포구 상암동,네네치킨-성산점,cc**님,순살매콤치즈스노윙반＋순살후라이드반/1,조금더 뜨거웠으면 차가운날씨라 이해 해요,4,3,3,3,2020년 10월 31일
120,치킨,마포구 상암동,네네치킨-성산점,ai**님,후라이드（핫）/1,튀김옷이 어른들 입맛에는 안 맞시는듯,4,4,4,4,2020년 10월 31일
121,치킨,마포구 상암동,네네치킨-성산점,qk**님,순살스노윙（치즈）반＋순살양념반/1,양많구 맛은 무난합니다,4,4,5,4,2020년 10월 31일
122,치킨,마포구 상암동,네네치킨-성산점,ji**님,순살양념반＋순살반/1,오늘 넘 힘든 날이었는데 치킨으로 힐링했어요  배달기사님 주인분이신지 넘 친절하고 이벤트기간인데도 시간내 배송해주셨어요 잘먹었습니다,5,5,5,5,2020년 10월 31일
123,치킨,마포구 상암동,네네치킨-성산점,fa**님,오리엔탈파닭/1,감사합니다 항상 맛있게 잘먹고 있습니다 파닭 최고,5,5,5,5,2020년 10월 30일
124,치킨,마포구 상암동,네네치킨-성산점,de**님,청양마요치킨/1,양파가 엄청많아서 놀랐어요  치킨은 바삭하게 튀겨져서 맛있게 잘 먹었습니다,5,5,5,5,2020년 10월 30일
125,치킨,마포구 상암동,네네치킨-성산점,le**님,스노윙치킨（치즈）/1,오늘은 겉바속촉으로 아주 맛있었습니다,5,5,5,5,2020년 10월 30일
126,치킨,마포구 상암동,네네치킨-성산점,ja**님,순살크리미언반＋순살핫블링반/1,맛있게 먹었습니다 자주 애용할게요,5,5,5,5,2020년 10월 30일
127,치킨,마포구 상암동,네네치킨-성산점,je**님,청양마요치킨/1,음 이거 넘 맛나네요 가족들도 맛나다구 난리,5,5,5,5,2020년 10월 30일
128,치킨,마포구 상암동,네네치킨-성산점,ch**님,양념반＋후라이드반/1,안 짜고 고소한 게 맛있네요,5,5,5,5,2020년 10월 30일
129,치킨,마포구 상암동,네네치킨-성산점,ci**님,양념치킨/1,잘 먹었습니다 빠르게 뜨끈뜨끈하게 도착해서 좋았어요,4,4,5,3,2020년 10월 29일
130,치킨,마포구 상암동,네네치킨-성산점,s_**님,네네마늘치킨/1,프로모션기간인데도 아주 잘 튀겨져서왔네요,5,5,5,5,2020년 10월 29일
131,치킨,마포구 상암동,네네치킨-성산점,le**님,후라이드（핫）/1,너무 오래 튀긴 건지 너무 수분이 적고 마른 느낌이었어요 덕분에 바삭하긴 했는데,3,2,5,5,2020년 10월 29일
132,치킨,마포구 상암동,네네치킨-성산점,fa**님,오리엔탈파닭/1,배달도 빠르고  맛있게 잘 먹었습니다 감사합니다,5,5,5,5,2020년 10월 29일
133,치킨,마포구 상암동,네네치킨-성산점,hi**님,양념반＋후라이드반/1,딸램쓰 오랜만에 치킨 사주니 너무 좋아해서 흐뭇하네요 저렴하지만 큰 행복을 줄 수 있는 음식 같습니다 배달도 빨리왔고 덕분에 잘 먹었습니다 딸래미랑 다음에 또 시켜먹을게요 고맙습니다,5,5,5,5,2020년 10월 28일
134,치킨,마포구 상암동,네네치킨-성산점,co**님,"순살청양마요치킨/1,파닭소스/1",청량마요 추천합니다 청양이가 필요없이 매콤하니 맛있어요 역시 네네의 소스는 너무 맛있어요 양파 양이 어마 어마해서 놀라울 정도 였는데 아쉬운점은 양파가 치킨위에 올라가 있어 숨도 다 죽고 양파 닿는 부분 치킨이 좀 눅눅해져서 그점이 아쉽습니다 다음엔 따로 비닐 포장으로 요청하겠지만 미리 그 점 신경써 주셨음 좋겠습니다,4,4,5,5,2020년 10월 27일
135,치킨,마포구 상암동,네네치킨-성산점,sa**님,오리엔탈파닭/1,파도엄청많고진짜맛있어툐미쳣아여,5,5,5,5,2020년 10월 23일
136,치킨,마포구 상암동,네네치킨-성산점,fa**님,오리엔탈파닭/1,감사합니다 배달도 빠르고 맛있게 잘 먹었습니다,5,5,5,5,2020년 10월 16일
137,치킨,마포구 상암동,네네치킨-성산점,an**님,순살크리미언반＋순살핫블링반/1,오늘 유독 양파가 이상하네요 평소에도 종종 시켜먹었는데 맛이 굉장히 써서 못먹을정도입니다 양파치킨시키시는분은 참고하세여,3,3,4,5,2020년 10월 13일
138,치킨,마포구 상암동,네네치킨-성산점,he**님,순살포테이토짜용치킨/1,언제나 그랫듯 치킨 뜨끈 바삭하고 배달도 빨리와서 좋았어요,5,5,5,5,2020년 10월 8일
139,치킨,마포구 상암동,네네치킨-성산점,ak**님,"후라이드（핫）/1,청양마요소스/1",귀찮아서 후기 잘 안쓰는데 바삭한 후라이드가 먹고 싶어서 고르다가 주문 했는데 와  사장님 이래도 되나요 바삭한 튀김옷이 정말 기가 막히네요 거기다 같이 주문한 청양마요 소스 찍어먹으니 그냥 끝 다음에도 네네 로 갑니다 잘 먹었습니다,5,5,5,5,2020년 10월 7일
140,치킨,마포구 상암동,네네치킨-성산점,ch**님,후라이드/1,요즘 후라이드에 꽂혀서 자주 시키는데 튀김옷이 정말최고예요,5,5,5,5,2020년 10월 7일
141,치킨,마포구 상암동,네네치킨-성산점,gu**님,청양마요치킨/1,생각보다 양념 디게 매움 근데 순살로 먹어야 맛나게 먹을듯,5,5,5,5,2020년 10월 2일
142,치킨,마포구 상암동,네네치킨-성산점,손님,소이크런치콤보/1,치킨을 주문했는데 바쁘셨는지 콤보시켰는데 윙봉으로 주셨어요 앞에 소이크런치만 봤다고 콤보는 잘 안 나가는 메뉴라 윙봉인지 알앗다고 그러곤 웃으시며 죄송하다하시더라구요 시댁이라 별말 못 하고 그냥 먹겠다하고 끊었어요 제가 전화했을때 메뉴가 잘 못 나간것도 사장님께서 인지하고 계셨어요  전 이런 업장은 첨이라  번창하세요,4,4,4,4,2020년 10월 1일
143,치킨,마포구 상암동,네네치킨-성산점,qk**님,청양마요치킨/1,신메뉴라 먹어봤는데 제 입에는 넘 매웠어요 그래도 매운거 좋아하시는 분들은 좋아하실것 같네요 애들이랑 같이 먹어서 양파 따로 달라고 요청했는데 따로 담아주셔서 감사했습니다 ,5,5,5,5,2020년 9월 30일
144,치킨,마포구 상암동,네네치킨-성산점,fa**님,오리엔탈파닭/1,항상 맛있게 잘 먹고 있습니다 감사합니다 파닭 최고,5,5,5,5,2020년 9월 28일
145,치킨,마포구 상암동,네네치킨-성산점,xi**님,양념반＋후라이드반/1,맛있어요 역시반반은 진리,5,5,4,5,2020년 9월 27일
146,치킨,마포구 상암동,네네치킨-성산점,au**님,청양마요치킨 ＋ 네네볼/1,양파양은 엄청 많은데 이상한 오래된듯한 향이 나서 못먹고 집에 있는 냉장고에 있는 양파 잘라 먹었습니다 치킨은 괜찮았어요 소스는 개인 취향이긴 한데 저는 오이향이 나서 별로였습니다 크리미언 소스가 훨배 나아요,2,1,5,5,2020년 9월 23일
147,치킨,마포구 상암동,네네치킨-성산점,kw**님,청양마요치킨 ＋ 네네볼/1,양파시켰는데 치킨도오네,5,5,5,5,2020년 9월 21일
148,치킨,마포구 상암동,네네치킨-성산점,dj**님,"네네연유볼（연유치즈맛）/1,네네볼（치즈맛）/4",치즈볼이 원래 색깔과 너무 달라요 원래 연노란색이었는데요 연유치즈볼은 겉만 봐서는 초코볼인줄 알았어요,2,2,5,5,2020년 9월 20일
149,치킨,마포구 상암동,네네치킨-성산점,ch**님,청양마요치킨 ＋ 네네볼/1,저녁시간이라 늦게올줄 알았는데 주문한지 십몇분만에 온듯해요 처음 시켜봤는데 배달도 맛도 양도 만족합니다 청양마요 맛있네요  늦게 찍어서 먹다남은 사진 밖에 없네요 ,5,5,5,5,2020년 9월 20일
150,치킨,마포구 상암동,네네치킨-성산점,dd**님,청양마요치킨/1,완전 넉넉하게 주신 양파채와 청양고추를 청양마요소스에 버무려서 치킨과 함께 먹으니 끝도 없이 들어갑니다양파채네 놀라서 소스사진 찍은 것을 까먹었네요,5,5,5,5,2020년 9월 19일
151,치킨,마포구 상암동,네네치킨-성산점,th**님,매콤치즈스노윙반＋후라이드반/1,매콤치즈스노윙 엄청 맵네요    맛있긴합니다 불닭볶음면 못드시는분은 못드실정도,5,5,5,5,2020년 9월 18일
152,치킨,마포구 상암동,네네치킨-성산점,ga**님,순살핫블링치킨/1,매콤하고 정말 맛있어요,5,5,5,5,2020년 9월 10일
153,치킨,마포구 상암동,네네치킨-성산점,62**님,매콤치즈스노윙반＋스노윙치즈반/1,배달도 빠르고 맛있었어요,5,5,5,5,2020년 9월 7일
154,치킨,마포구 상암동,네네치킨-성산점,no**님,"매콤치즈스노윙반＋후라이드반/1,네네스위틱/1,양념소스/1",잘 먹었습니다 배송도 빠르고 맛있게 잘 먹었어요,4,4,3,4,2020년 8월 30일
155,치킨,마포구 상암동,네네치킨-성산점,we**님,양념반＋후라이드반/1,맛있게 잘 먹었습니다 번창하세요 ,5,5,5,5,2020년 8월 29일
156,치킨,마포구 상암동,네네치킨-성산점,ss**님,양념반＋후라이드반/1,맛있었습니다 잘 막었습니다,5,5,5,5,2020년 8월 29일
157,치킨,마포구 상암동,네네치킨-성산점,rl**님,스노윙치킨（치즈）/1,존맛탱이에요 상암사는데 엄청 뜨겁고 바삭바삭하고 맛있어요  가루도 엄철 뿌려주셔서 즐겁게먹엇답니다,5,5,5,5,2020년 8월 27일
158,치킨,마포구 상암동,네네치킨-성산점,pl**님,후라이드/1,예상시간보다 빨랐구요 맛도 좋아용,5,5,5,5,2020년 8월 27일
159,치킨,마포구 상암동,네네치킨-성산점,sk**님,스노윙치킨（치즈）/1,맛있어요 배달 빠릅니다,5,5,5,5,2020년 8월 27일
160,치킨,마포구 상암동,네네치킨-성산점,jo**님,순살양념반＋순살반/1,찐찐찐이야 겁나 맛있게 잘 먹었습니다,5,5,5,5,2020년 8월 26일
161,치킨,마포구 상암동,네네치킨-성산점,82**님,소이크런치윙봉/1,맛있어요 바삭바삭합니다,5,5,5,5,2020년 8월 15일
162,치킨,마포구 상암동,네네치킨-성산점,ek**님,"스노윙（치즈）반＋양념반/1,콜라1.25L/1",오랜만에 먹었는데 정말 맛있어요 최고최고,5,5,5,5,2020년 8월 8일
163,치킨,마포구 상암동,네네치킨-성산점,ko**님,양념반＋후라이드반/1,배송도 빠르고 맛도 좋아요 순삭했네요,5,5,5,5,2020년 7월 29일
164,치킨,마포구 상암동,네네치킨-성산점,ks**님,순살스노윙치킨（치즈）/1,항상먹는곳 넘나맛있고 배달도빠르고 배달요청사항 감사합니다,5,5,5,5,2020년 7월 27일
165,치킨,마포구 상암동,네네치킨-성산점,th**님,순살매콤치즈스노윙반＋순살후라이드반/1,네네 순살 닭가슴살 넘많아여  맛은 굿굿,5,4,5,5,2020년 7월 22일
166,치킨,마포구 상암동,네네치킨-성산점,al**님,소이크런치윙봉/1,허콤 맛나요 소이갈릭 최고입니당 감자튀김도 있어서 좋네요 그리구 분만에 배달 왔어요  ,5,5,5,5,2020년 7월 21일
167,치킨,마포구 상암동,네네치킨-성산점,sd**님,순살양념반＋순살반/1,프로모션 중이어서 저렴하게 잘 먹었어요,4,4,4,5,2020년 7월 21일
168,치킨,마포구 상암동,네네치킨-성산점,le**님,양념반＋후라이드반/1,마시써요 맨날먹고싶은맛,5,5,5,5,2020년 7월 20일
169,치킨,마포구 상암동,네네치킨-성산점,ju**님,소이크런치콤보/1,가격대비 맛도좋고 양도 적당,5,5,5,5,2020년 7월 20일
170,치킨,마포구 상암동,네네치킨-성산점,fa**님,오리엔탈파닭/1,감사합니다 항상 맛있게 잘먹고 있습니다 파닭 최고,5,5,5,5,2020년 7월 20일
171,치킨,마포구 상암동,네네치킨-성산점,손님,소이크런치윙봉/1,양도 많고 맛도 있고 잘 먹었습니다 ,4,4,4,4,2020년 6월 27일
172,치킨,마포구 상암동,네네치킨-성산점,pu**님,"스노윙（치즈）반＋양념반/1,네네스위틱/1",배달도 빨랐고 치킨도 너무 맛있었어요,5,5,5,5,2020년 6월 24일
173,치킨,마포구 상암동,네네치킨-성산점,62**님,매콤치즈스노윙반＋스노윙치즈반/1,양도 많고 맛있어요 다음에 또 시킬게요,5,5,5,5,2020년 6월 8일
174,치킨,마포구 상암동,네네치킨-성산점,my**님,스노윙（치즈）반＋양념반/1,배달요금 총원이맞나요 결재시원 실배송시원 황당합니다 네네치킨성산점전화하니 원이맞다는데 그럼주문전명기가되어야하지않나요,1,4,3,1,2020년 6월 7일
175,치킨,마포구 상암동,네네치킨-성산점,ji**님,쇼킹핫양념치킨/1,매운맛 완전 강추입니다  징짜 매워요,5,5,5,5,2020년 5월 5일
176,치킨,마포구 상암동,네네치킨-성산점,ja**님,매콤치즈스노윙반＋후라이드반/1,맛있게 먹었습니다 자주 애용할게요,5,5,5,5,2020년 4월 23일
177,치킨,마포구 상암동,네네치킨-성산점,th**님,순살양념반＋순살반/1,모든 지점이 그런지 모르겠지만 네네순살은 닭가슴살부위가 너무 많아여  맛있긴한데 쉽게 물려서 아쉽네요,4,5,5,5,2020년 4월 22일
178,치킨,마포구 상암동,네네치킨-성산점,fa**님,오리엔탈파닭/1,항상 맛있게 잘 먹고 있습니다 감사합니다,5,5,5,5,2020년 4월 21일
179,치킨,마포구 상암동,네네치킨-성산점,ji**님,양념반＋후라이드반/1,배달 완전 빠르네요  오늘도 바삭한후라이드 달당한 양념 둘다 너무 맛있어여,5,5,5,5,2020년 4월 21일
180,치킨,마포구 상암동,네네치킨-성산점,jm**님,순살스노윙（치즈）반＋순살양념반/1,순살이라 먹기도 편하고 양념도 듬뿍 주시고 너무 맛있어요,5,5,5,5,2020년 4월 21일
181,치킨,마포구 상암동,네네치킨-성산점,hi**님,소이크런치윙봉/1,잘 먹었습니다 친절해요,5,5,5,5,2020년 4월 21일
182,치킨,마포구 상암동,네네치킨-성산점,ek**님,스노윙（치즈）반＋양념반/1,맛있게 먹었습니다  스노윙치즈반 양념반은 진리에요,5,5,5,5,2020년 4월 19일
183,치킨,마포구 상암동,네네치킨-성산점,tt**님,"스노윙치킨（치즈）/1,콜라1.25L/1",배달도 빠르고 하나도 식지않게왔어요맛있지만 제 입엔 조금 짜서 밥이랑 먹었어요,5,4,5,5,2020년 4월 17일
184,치킨,마포구 상암동,네네치킨-성산점,lo**님,스노윙치킨（치즈）/1,맛있었어요 또시켜먹을예정입니다,5,5,5,5,2020년 4월 17일
185,치킨,마포구 상암동,네네치킨-성산점,do**님,양념반＋후라이드반/1,후라이드 맛있게먹었어요,5,5,5,5,2020년 4월 16일
186,치킨,마포구 상암동,네네치킨-성산점,97**님,후라이드/1,늘 약속시간에 맛있는 치킨 보내주셔서 감사합니다,5,5,5,5,2020년 4월 16일
187,치킨,마포구 상암동,네네치킨-성산점,gh**님,순살스노윙（치즈）반＋순살양념반/1,배달은 정말 빨랐어요 치킨은 푸석푸석하고 너무 맛없어요  다시는 안먹을것 같아요 배달은 정말 빨랐어요 치킨은 푸석푸석하고 너무 맛없어요  다시는 안먹을것 같아요 배달은 정말 빨랐어요 치킨은 푸석푸석하고 너무 맛없어요  다시는 안먹을것 같아요 배달은 정말 빨랐어요 치킨은 푸석푸석하고 너무 맛없어요  다시는 안먹을것 같아요,5,3,4,5,2020년 4월 15일
188,치킨,마포구 상암동,네네치킨-성산점,fa**님,오리엔탈파닭/1,항상 맛있게 잘먹고 있습니다 배달도 빠르고 파 따로주셔서 감사합니다,5,5,5,5,2020년 4월 15일
189,치킨,마포구 상암동,네네치킨-성산점,ji**님,스노윙（치즈）반＋쇼킹핫반/1,오래전부터 먹던집이라 무조건 믿는 맛집입니다 ,5,5,5,5,2020년 4월 15일
190,치킨,마포구 상암동,네네치킨-성산점,al**님,순살크리미언반＋순살양념반＋순살반/1,반반반 메뉴인데 왜 반반 메뉴 같은지,2,3,1,5,2020년 4월 14일
191,치킨,마포구 상암동,네네치킨-성산점,qh**님,"소이크런치윙봉/1,짜용 소스/1,네네볼（치즈볼）/1",소이크런치 정말 너무너무 맛있어요 짭조름 달달 바삭 트리플크라운 드립니다,5,5,5,5,2020년 4월 8일
192,치킨,마포구 상암동,네네치킨-성산점,97**님,후라이드/1,맛좋은 치킨을 빠른 시간에 친절하게 배달해 주셔서 감사합니다,5,5,5,5,2020년 4월 7일
193,치킨,마포구 상암동,네네치킨-성산점,ce**님,순살크리미언치킨/1,양이 엄청 많네요 다른데 순살보다 많은듯 양파소스는 저한테는 좀 달긴한데 양파도 싱싱,5,5,5,5,2020년 3월 15일
194,치킨,마포구 상암동,네네치킨-성산점,ks**님,순살스노윙치킨（치즈）/1,네네치킨 성산점은 사랑입니당 치즈스노윙 맛있어요 항상 맛있는치킨 감사합니다,5,5,5,5,2020년 3월 12일
195,치킨,마포구 상암동,네네치킨-성산점,손님,후라이드（핫）/1,음  후라이드 매운맛 시켰는데 오리지널이 온건지 아님 원래 맛이이런건지 진짜 도 안매웠어용그냥 가성비로 먹는 치킨,3,3,4,4,2020년 2월 21일
196,치킨,마포구 상암동,네네치킨-성산점,yo**님,순살양념반＋순살반/1,후라이드는 바삭바삭 양념도 아주 맛났어요,5,5,5,5,2020년 2월 19일
197,치킨,마포구 상암동,네네치킨-성산점,ks**님,"양념치킨/1,매콤치즈스노윙반＋후라이드반/1",부드러운살 맛있어요 양념을한마리시키고 후라이드랑 스노윙반 주문했는데 후라이드가 겁나 맛있고 먹고싶게생겼어요 잘먹었습니다,5,5,5,5,2020년 2월 9일
198,치킨,마포구 상암동,네네치킨-성산점,pj**님,스노윙（치즈）반＋양념반/1,맛있었어요 배달 빠르게 왔고 요청사항 들어주셔 좋았습니다 스노윙 가루도 많이 뿌려주시고 양념은 소스도 낭낭하게 주셔서 좋았습니다,4,4,4,5,2020년 2월 8일
199,치킨,마포구 상암동,네네치킨-성산점,ks**님,스노윙（치즈）반＋양념반/1,항상 맛있어요 아이들도 좋아합니다,5,5,5,5,2020년 2월 4일
200,치킨,마포구 상암동,네네치킨-성산점,tn**님,"순살스노윙（치즈）반＋순살쇼킹핫반/1,네네볼（치즈볼）/1",배달빠르고 좋았는데 쇼킹핫 양에 비해서 스노우윙 양이 너무 적어서 좀 이상한부분이 있네요,3,4,2,4,2020년 1월 26일
201,치킨,마포구 상암동,네네치킨-성산점,eu**님,매콤치즈스노윙반＋스노윙치즈반/1,매콤한 맛이 중독성있습니다,5,5,5,5,2020년 1월 25일
202,치킨,마포구 상암동,네네치킨-성산점,go**님,스노윙（치즈）반＋핫블링반＋후라이드반/1,가지 맛이여서 좋았어요맛있어요,5,4,5,4,2020년 1월 24일
203,치킨,마포구 상암동,네네치킨-성산점,ba**님,양념반＋후라이드반/1,네네는 닭이 커서 먹을게 많다고 생각해왔었는데 말이죠 이번엔 너무 달라서 실망 아니면 정말 한두조각 사라진걸까요,2,4,1,4,2020년 1월 12일
204,치킨,마포구 상암동,네네치킨-성산점,kw**님,치킨이 떡볶이라면（치즈）/1,아주 맛있게 잘먹었습니다 네네치킨 성산점 너무좋아요,5,5,5,5,2020년 1월 1일
205,치킨,마포구 상암동,네네치킨-성산점,손님,"스노윙치킨（치즈）/1,네네볶이/1,감자튀김/1",떡뽁기 양이 조금 줄엇나  맛 진짜 좋았네요,4,4,4,4,2019년 12월 14일
206,치킨,마포구 상암동,네네치킨-성산점,손님,닭날개/2,후라이드 윙 기가 막히네요,5,5,5,5,2019년 12월 12일
207,치킨,마포구 상암동,네네치킨-성산점,ko**님,"양념반＋후라이드반/1,콜라1.25L/1",맛있었던 한 끼였습니다,5,5,5,5,2019년 12월 4일
208,치킨,마포구 상암동,네네치킨-성산점,qk**님,치킨이 떡볶이라면（치즈）/1,맛있고 양도많고 잘먹었습니다,5,5,5,5,2019년 11월 15일
209,치킨,마포구 상암동,네네치킨-성산점,se**님,치킨이 떡볶이라면（치즈）/1,완전 대박맛있게 잘 먹었습니다,5,5,5,5,2019년 11월 13일
210,치킨,마포구 상암동,네네치킨-성산점,wo**님,치킨이 떡볶이라면（매콤치즈）/1,치킨만 먹으면 짜지만 떡볶이라 같이 먹어서 그런지 짠맛을 잡아줘서 그런지 되게 만족 그리고 옥수수콘 짱짱 맛,4,3,4,4,2019년 11월 12일
211,치킨,마포구 상암동,네네치킨-성산점,dk**님,"순살오리엔탈파닭/1,네네볼（치즈볼）/1",파닭은 네네에서만 시켜먹는데 맛있고 파도 듬뿍 주셔서 좋아요,5,5,5,5,2019년 11월 12일
212,치킨,마포구 상암동,네네치킨-성산점,dl**님,순살양념반＋순살반/1,항상 믿고 먹는 치킨입니다,5,5,5,5,2019년 11월 8일
213,치킨,마포구 상암동,네네치킨-성산점,손님,너에게란（스노윙치즈）/1,너무 맛있게 잘 만들어주셔서 잘먹었습니다 스노윙에 떡볶이 조합 좋아요,5,5,5,5,2019년 11월 1일
214,치킨,마포구 상암동,네네치킨-성산점,ks**님,스노윙（치즈）반＋양념반/1,넘나맛있는스노윙 역시 네네,5,5,5,5,2019년 10월 28일
215,치킨,마포구 상암동,네네치킨-성산점,ki**님,양념반＋후라이드반/1,만족해요 맛있어요 양이더많으면좋겠어요,5,5,5,5,2019년 10월 9일
216,치킨,마포구 상암동,네네치킨-성산점,ss**님,순살양념반＋순살반/1,배달도 빠르고 맛도 좋고 만족,5,5,5,5,2019년 10월 9일
217,치킨,마포구 상암동,네네치킨-성산점,ks**님,순살스노윙（치즈）반＋순살양념반/1,제가 귀찮게 양념치즈가루 많이달라그러고 소금도 챙겨달라고 했는데 빠짐없이 다 잘 만족할만큼 챙겨주셨어요 그리고 적당히 바삭하면서 너무 맛있습니다,5,5,5,5,2019년 10월 4일
218,치킨,마포구 상암동,네네치킨-성산점,th**님,"후라이드（핫）/1,네네볼（치즈볼）/1",네네치킨 후라이드가 이렇게 맛있는 줄 예전에는 미처 몰랐어요 너무 맛있고 같이 오는 옥수수콘도 사랑 합니다 잘먹었습니다 많이 파세요,5,5,5,5,2019년 9월 28일
219,치킨,마포구 상암동,네네치킨-성산점,02**님,양념반＋후라이드반/1,맛있었고 배달이 빨리 와서 좋았어요,5,5,5,5,2019년 9월 15일
220,치킨,마포구 상암동,네네치킨-성산점,손님,양념반＋후라이드반/1,애들먹기좋은 치킨이예요 매운맛없는 바삭함이랑 달달한 양념,4,4,4,4,2019년 9월 12일
221,치킨,마포구 상암동,네네치킨-성산점,wj**님,양념반＋후라이드반/1,그냥 뭐 믿고먹는 네네치킨 그 이상 그 이하도 아님 무난그자체,4,4,4,5,2019년 8월 20일
222,치킨,마포구 상암동,네네치킨-성산점,le**님,양념반＋후라이드반/1,늦은시간인데 배달도 빠르고 맛있게 잘먹었습니다감사합니다,5,5,5,5,2019년 7월 23일
223,치킨,마포구 상암동,네네치킨-성산점,손님,스노윙（치즈）반＋양념반/1,배달도 빨랐고 치킨양도 많네요 맛있게 잘 먹었어요,5,5,5,5,2019년 7월 17일
224,치킨,마포구 상암동,네네치킨-성산점,si**님,순살양념반＋순살반/1,언제나 그렇듯 맛있습니다 감사해요,5,5,5,5,2019년 7월 15일
225,치킨,마포구 상암동,네네치킨-성산점,qw**님,"매콤치즈스노윙（순살）/1,콜라1.25L/3",포카 남는거 달라고 했더니 진짜 있어서 감동 ,5,5,5,5,2019년 7월 13일
226,치킨,마포구 상암동,네네치킨-성산점,by**님,"매콤치즈스노윙반＋스노윙치즈반/1,콜라1.25L/1",매콤스노윙 웅앵 먹었는데 제 입맛엔 안맞네요  매운 치토스맛 그치만 배달도 빠르고 치킨도 따뜻하고 다 좋았어요,5,5,5,5,2019년 7월 10일
227,치킨,마포구 상암동,네네치킨-성산점,sm**님,스노윙（치즈）반＋쇼킹핫반/1, 닭다리 하나 온거 실화     전화했더니 담에 개 챙겨준다는게 참 담에 안시킨다는데도 꿋꿋이 세개 챙겨주신다 하시네용 죄송하다고 제대로 말이라도 친절하게 해주시면 괜찮은데 기분만 상했네요   화이팅 하세여,1,1,1,1,2019년 7월 10일
228,치킨,마포구 상암동,네네치킨-성산점,손님,"양념반＋후라이드반/1,네네볼（치즈볼）/1,콜라1.25L/1",생각보다일찍왔어요 바로먹었는데 맛있네요 그런데 무랑 콘이 좀 오래된것 같았어요 무랑 콘 색깔이 오래되보였어요 치킨은 맛있었습니다,4,4,4,4,2019년 7월 5일
229,치킨,마포구 상암동,네네치킨-성산점,ye**님,매콤치즈스노윙반＋양념반/1,맛있어요다음에 또 시킬거에요,5,5,5,5,2019년 7월 1일
230,치킨,마포구 상암동,네네치킨-성산점,dk**님,크리미언반＋양념반＋후라이드반/1,역시나역시맛이너무너무좋아연,5,5,5,5,2019년 6월 24일
231,치킨,마포구 상암동,네네치킨-성산점,fa**님,오리엔탈파닭/1,항상 맛있게 잘먹고 있습니다 감사합니다,5,5,5,5,2019년 6월 24일
232,치킨,마포구 상암동,네네치킨-성산점,손님,매콤치즈스노윙반＋후라이드반/1,처음 시켜봤는데 너무 매워서 못먹을 정도네요 ,3,2,2,4,2019년 6월 16일
233,치킨,마포구 상암동,네네치킨-성산점,sd**님,양념반＋후라이드반/1,푸짐하고 맛있게 잘 먹었습니다,5,5,5,5,2019년 6월 10일
234,치킨,마포구 상암동,네네치킨-성산점,kw**님,"매콤치즈스노윙반＋스노윙치즈반/1,네네볼（치즈볼）/1",자주시켜먹는데 항상 뜨겁고 맛있어서 실망한적이없네요,5,5,5,5,2019년 6월 7일
235,치킨,마포구 상암동,네네치킨-성산점,손님,오리엔탈파닭/1,배달빠르고 친절하셨어요,5,5,5,5,2019년 6월 6일
236,치킨,마포구 상암동,네네치킨-성산점,th**님,"매콤치즈스노윙반＋스노윙치즈반/1,네네볼（치즈볼）/1",시즈닝 많고 맛있오요 ,5,5,5,5,2019년 6월 6일
237,치킨,마포구 상암동,네네치킨-성산점,손님,"매콤치즈스노윙반＋스노윙치즈반/1,쇼킹핫소스/1",후기가 늦었어요  네네치즈스노윙 정말좋아하는뎅 매콤치즈나왔대서 쇼킹핫이랑 고민하다가 따로소스추가하는걸로 선택잘한거같아요 생각했던거보다 훨씬 맛있어요 ,5,5,5,4,2019년 6월 6일
238,치킨,마포구 상암동,네네치킨-성산점,손님,스노윙치킨（치즈）/1,치즈가루 많이 부탁드렸는데 정말 많이 주셨습니다 배달 겁나 빨라서 상자 열었을 때 치킨에서 튀김 딱딱 튀는 소리가 들렸습니다,5,5,5,5,2019년 6월 4일
239,치킨,마포구 상암동,네네치킨-성산점,ss**님,순살스노윙（치즈）반＋순살양념반/1,순살에 빡뻑살이 너무 많아요 맛은있지만 조금 아쉬워요,5,5,5,5,2019년 6월 1일
240,치킨,마포구 상암동,네네치킨-성산점,th**님,"매콤치즈스노윙/1,네네볼（치즈볼）/1",생각보다 더 맵지만 진짜 맛있었어요,5,5,5,5,2019년 5월 22일
241,치킨,마포구 상암동,네네치킨-성산점,cj**님,매콤치즈스노윙반＋양념반/1,깜박하고 사진을 못찍었네요 살짝 매콤한게 느끼하지않고 맛있었어요 빨리 보내주셔서 감사합니다,5,5,5,5,2019년 5월 19일
242,치킨,마포구 상암동,네네치킨-성산점,gr**님,"매콤치즈스노윙반＋스노윙치즈반/1,콜라1.25L/1",소스가 정말 맛있어용 치킨도 좋아용,5,5,5,5,2019년 5월 18일
243,치킨,마포구 상암동,네네치킨-성산점,손님,순살매콤치즈스노윙반＋순살후라이드반/1,맛있긴한데 너무 퍽퍽해서 씹을 수가 없어요,4,4,5,5,2019년 5월 17일
244,치킨,마포구 상암동,네네치킨-성산점,손님,순살매콤치즈스노윙반＋순살후라이드반/1,맛있긴한데 너무 퍽퍽해서 씹을 수가 없어요,4,4,5,5,2019년 5월 17일
245,치킨,마포구 상암동,네네치킨-성산점,손님,순살쇼킹핫치킨/1,정말 맛있었다 짱이엇다,5,5,5,5,2019년 5월 17일
246,치킨,마포구 상암동,네네치킨-성산점,dr**님,매콤치즈스노윙/1,매운거 좋아하면 괜찮은듯,4,4,4,4,2019년 5월 17일
247,치킨,마포구 상암동,네네치킨-성산점,손님,매콤치즈스노윙반＋스노윙치즈반/1,매콤스노윙 생각보다 매콤하면서 달달하고 맛있어요,5,5,5,5,2019년 5월 16일
248,치킨,마포구 상암동,네네치킨-성산점,hi**님,매콤치즈스노윙/1,냠냠얌냐무맛있데머겄어오,5,5,5,5,2019년 5월 15일
249,치킨,마포구 상암동,네네치킨-성산점,ph**님,매콤치즈스노윙/1,먹을때는 모르다가 나중에 좀 매콤해요 맛있어요,4,4,4,4,2019년 5월 14일
250,치킨,마포구 상암동,네네치킨-성산점,ta**님,"후라이드/1,양념치킨/1",배달도 빠르고 양도 맛도 좋네요,4,4,4,4,2019년 5월 13일
251,치킨,마포구 상암동,네네치킨-성산점,go**님,매콤치즈스노윙반＋후라이드반/1,닭이 작아요 맛있게 매워요,4,4,2,4,2019년 5월 13일
252,치킨,마포구 상암동,네네치킨-성산점,jj**님,매콤치즈스노윙/1,배달 빠르고 치킨도 맛있어요 신메뉴라 먹었는데 맛있게 잘먹었어요,5,5,5,5,2019년 5월 13일
253,치킨,마포구 상암동,네네치킨-성산점,do**님,"순살쇼킹핫치킨/1,순살스노윙치킨（치즈）/1",쇼킹핫은 꽤나 매워요 그래도 맛나게 먹엇습니다,5,5,5,5,2019년 5월 12일
254,치킨,마포구 상암동,네네치킨-성산점,kg**님,매콤치즈스노윙반＋스노윙치즈반/1,맛있어여여여여오어어어어어,5,5,5,5,2019년 5월 12일
255,치킨,마포구 상암동,네네치킨-성산점,yk**님,후라이드/1,아이들이 일반후라이드 매워서 잘못먹는데 여기 후라이드는 맛있게 잘먹네요,4,4,4,4,2019년 5월 12일
256,치킨,마포구 상암동,네네치킨-성산점,ch**님,"매콤치즈스노윙/1,네네짜용 스위트갈릭맛/1",신메뉴 맛있고 배달도 빨라요,5,5,5,5,2019년 5월 11일
257,치킨,마포구 상암동,네네치킨-성산점,si**님,순살크리미언치킨/1,생각보다 괜찮네요 순살 스노잉도 시켜봅니다,4,4,4,5,2019년 5월 11일
258,치킨,마포구 상암동,네네치킨-성산점,co**님,매콤치즈스노윙반＋스노윙치즈반/1,맛있게 먹어서 먹던 중에 리뷰 남겨요,5,5,5,5,2019년 5월 10일
259,치킨,마포구 상암동,네네치킨-성산점,ss**님,매콤치즈스노윙/1,너무너무 맛있어요 또 시켜먹을께요,5,5,5,5,2019년 5월 10일
260,치킨,마포구 상암동,네네치킨-성산점,손님,순살매콤치즈스노윙반＋순살후라이드반/1,진짜 네네치킨은 순살후라이드가 짱야 매콤치스노윙은 약간 과자 먹는 느낌이라 질리기 쉬울 수 있음 그리고 생각보다 매웠다 맵찔이는 아닌디 그래도 맛있다 여긴 콘샐러드준다 최고야 뭣보다 짜릿한 건 펩시콜라,5,4,5,5,2019년 5월 6일
261,치킨,마포구 상암동,네네치킨-성산점,qw**님,"순살매콤치즈스노윙반＋순살후라이드반/1,네네스위틱/1,콜라1.25L/2",어제 빠트린 포카 챙겨주심 매콤스노윙 진짜매움,5,5,5,5,2019년 5월 5일
262,치킨,마포구 상암동,네네치킨-성산점,su**님,매콤치즈스노윙반＋후라이드반/1,감사히 먹었습니다 감사합니다,5,5,5,5,2019년 5월 5일
263,치킨,마포구 상암동,네네치킨-성산점,my**님,"스노윙치킨（치즈）/1,네네볼（치즈볼）/1,네네칩（포테이토칩）/1",스노잉은 사이드가 별미죠 가루 넉넉히 달라했더니 많이 주셔서 좋아요잘 먹겠습니다,5,5,5,5,2019년 4월 19일
264,치킨,마포구 상암동,네네치킨-성산점,fa**님,오리엔탈파닭/1,배달도 빠르고 정말 맛있게 잘 먹었습니다 감사합니다,5,5,5,5,2019년 4월 18일
265,치킨,마포구 상암동,네네치킨-성산점,eo**님,"후라이드（핫）/1,순살네네마늘치킨/1,네네볼（치즈볼）/1",친구랑 같이 배터지게 먹었습니다 집앞이라 배달도 빨랐어요,5,5,5,5,2019년 4월 17일
266,치킨,마포구 상암동,네네치킨-성산점,dl**님,순살양념반＋순살반/1,맛있어용  잘먹었습니당,5,5,5,5,2019년 3월 26일
267,치킨,마포구 상암동,네네치킨-성산점,di**님,"순살스노윙（치즈）반＋순살쇼킹핫반/1,크리미언소스/1",축구보면서 먹었는데 맛있어서 축구가 더 재밌었네요 이겨서 다행,5,5,5,5,2019년 3월 23일
268,치킨,마포구 상암동,네네치킨-성산점,손님,순살소이갈릭치킨/1,영롱하다진짜존맛탱 근데 왜 소스 안 주셨어요 힝,5,5,5,5,2019년 1월 30일
269,치킨,마포구 상암동,네네치킨-성산점,손님,순살양념반＋순살반/1,친절하고 맛있는곳입니다 다음에 또 시켜먹을 거에요,5,5,5,5,2019년 1월 26일
270,치킨,마포구 상암동,네네치킨-성산점,손님,"순살스노윙치킨（치즈）/1,콜라1.25L/1",항상 먹던 느낌 그대로 언제나처럼 좋습니다,5,5,5,5,2019년 1월 24일
271,치킨,마포구 상암동,네네치킨-성산점,jh**님,스노윙（치즈）반＋쇼킹핫반/1,맛이있네요 매워요 스노윙은 달갈 구숛,5,5,5,5,2019년 1월 21일
272,치킨,마포구 상암동,네네치킨-성산점,fu**님,순살스노윙（치즈）반＋순살쇼킹핫반/1,아주 좋아요 진짜 넘나 맛있음 사진 올리려했는데 자꾸 오류나네요 일부러 찍었는데,5,5,5,5,2019년 1월 16일
273,치킨,마포구 상암동,네네치킨-성산점,le**님,"윙봉/1,양념소스/1",예상시간보다 빨리오셨어요 평일이라 그런듯 잘먹을께요 주말에는 한시간 예상하고 배고프기 전에 주문하세요 팁입니다 ,4,4,3,5,2019년 1월 14일
274,치킨,마포구 상암동,네네치킨-성산점,hy**님,,젓가락을 넣어줫음 좋겟어욤,4,4,4,4,2019년 1월 14일
275,치킨,마포구 상암동,네네치킨-성산점,손님,양념반＋후라이드반/1,배달빠르고 맛은 그냥그래요,3,3,5,5,2019년 1월 14일
276,치킨,마포구 상암동,네네치킨-성산점,mu**님,양념반＋후라이드반/1,맛있게 잘 먹었습니다 ,5,4,5,5,2019년 1월 14일
277,치킨,마포구 상암동,네네치킨-성산점,손님,순살스노윙치킨（치즈）/1,조용히 배달해달라고 요청했는데 주문서 다시 작성하면서 내용이 지워졌었나보네요  스노윙 좋아해서 주문 했는데 양은 많은데 약간 닭 누린내가 났어요  치즈 양념도 쪼끔 아쉬웠구요,3,3,4,4,2019년 1월 8일
278,치킨,마포구 상암동,네네치킨-성산점,lo**님,순살크리미언반＋순살양념반＋순살반/1,순살 시켰는데 일반으로 왔어요그냥 먹었습니다,2,2,4,5,2019년 1월 1일
279,치킨,마포구 상암동,네네치킨-성산점,sk**님,스노윙（치즈）반＋쇼킹핫반/1,핫쇼킹 이렇게 매운지몰랐네요 스노윙없이 못먹을듯해요 ,4,4,4,4,2018년 12월 31일
280,치킨,마포구 상암동,네네치킨-성산점,손님,순살스노윙치킨（치즈）/1,음기다렸는데 음식은 도착하지 않은데 배송완료됐어왜이래요,1,1,1,1,2018년 12월 29일
281,치킨,마포구 상암동,네네치킨-성산점,손님,순살스노윙（치즈）반＋순살양념반/1,배달도 빠르고 맛있어요,5,5,5,5,2018년 12월 28일
282,치킨,마포구 상암동,네네치킨-성산점,in**님,,치킨 맛있고 다 좋은데 나무젓가락 요청해도 안주셔서 손으로 먹음 ,4,4,4,4,2018년 12월 26일
283,치킨,마포구 상암동,네네치킨-성산점,손님,"스노윙（치즈）반＋쇼킹핫반/1,네네츄（츄러스）/1",치킨은 맛있었어요 배달도 괜찮았습니다 다만 같이 시킨 츄러스가 너무 딱딱해서 하나먹고 버렸어요 재주문의사는 없습니다 그럼 번창하시고 크리스마스 잘 보내세요,4,4,4,5,2018년 12월 25일
284,치킨,마포구 상암동,네네치킨-성산점,0z**님,"후라이드/1,콜라1.25L/1",최고 최고 최고  치킨은 역시네네,5,5,5,5,2018년 12월 16일
285,치킨,마포구 상암동,네네치킨-성산점,손님,순살양념반＋순살반/1,바삭 바삭 아주 좋았어요,5,5,5,5,2018년 12월 14일
286,치킨,마포구 상암동,네네치킨-성산점,ks**님,스노윙（치즈）반＋양념반/1,스노윙에 치즈가루가 조금 모자랐어요 양념과 닭맛은 굿이었습니다,4,5,4,5,2018년 12월 13일
287,치킨,마포구 상암동,네네치킨-성산점,kj**님,순살양념치킨/1,치킨은 항상 여기 것만 먹어요,5,5,5,5,2018년 12월 13일
288,치킨,마포구 상암동,네네치킨-성산점,qw**님,순살양념반＋순살반/1,식어도 바삭 양념도 바삭 대박 맛나요,5,5,5,5,2018년 12월 12일
289,치킨,마포구 상암동,네네치킨-성산점,do**님,스노윙（치즈）반＋쇼킹핫반/1,이게 뭔지먹다가 찝찝하네요,1,1,1,1,2018년 12월 11일
290,치킨,마포구 상암동,네네치킨-성산점,sp**님,후라이드/1,정말 잘먹었어요늘 후라이드는 네네치킨먹습니다 양도많고 좋네요,5,5,5,5,2018년 12월 11일
291,치킨,마포구 상암동,네네치킨-성산점,손님,스노윙（치즈）반＋양념반/1,맛있었어요뿌링클 가루도 많이 뿌려주시고 배달도 생각보다 분 빨리 왔어요 젓가락도 넣어주셔서 편하게 먹었습니다 ,5,5,5,5,2018년 12월 4일
292,치킨,마포구 상암동,네네치킨-성산점,손님,스노윙치킨（치즈）/1,네네치킨 안먹은지 꽤 되었고 오랜만에 생각나서 시켰는데 세상에 이렇게 네네치킨이 맛있었나요 정말 깜짝놀랐어요 겉은 바삭 속은 촉촉 치즈 듬뿍 ,5,5,5,5,2018년 11월 26일
293,치킨,마포구 상암동,네네치킨-성산점,hy**님,,마싯어염 근데 젓가락 챙겨줫음 좋겟어여,4,4,4,3,2018년 11월 25일
294,치킨,마포구 상암동,네네치킨-성산점,su**님,순살양념반＋순살반/1,맛은 있는데 배달이 시간 넘게 걸렸네요,3,4,4,2,2018년 11월 24일
295,치킨,마포구 상암동,네네치킨-성산점,sp**님,순살양념반＋순살반/1,순살치킨은 노통닭만 먹었는데 여기가 더 맛있네요 양도 맛도 최고예요다음에 또 시켜먹을게요,5,5,5,5,2018년 11월 10일
296,치킨,마포구 상암동,네네치킨-성산점,pa**님,순살（핫）/1,저번에 소스가 넘 적게 왔길래 넉넉하게 넣어달라고 부탁드렸더니 정말 넘치기 직전까지 담아주셔서 감동했어요 맛도 최고네요 핫 후라이드는 사랑임니다,5,5,5,5,2018년 10월 30일
297,치킨,마포구 상암동,네네치킨-성산점,pa**님,순살（핫）/1,저번에 먹었던것보다 엄청 매워졌네요 그래도 맛은 있었어요 입천장 다 까지는거만 빼면 ,3,3,3,5,2018년 10월 20일
298,치킨,마포구 상암동,네네치킨-성산점,손님,"후라이드/1,콜라1.25L/1",다른곳에비해 양이 많고 맛있네요,5,5,5,5,2018년 10월 9일
299,치킨,마포구 상암동,네네치킨-성산점,ba**님,"후라이드/1,핫블링치킨/1,네네마늘치킨/1",바삭바삭 뜨겁고 맛있네요,5,5,5,5,2018년 9월 25일
300,치킨,마포구 상암동,네네치킨-성산점,손님,스노윙치즈 반＋쇼킹 반/1(음료 사이즈 변경(콜라 1.25L로 변경)),매운거 먹고 싶어서 싫어하는 스노윙반 그리고 쇼킹반 주문 했는데 도대체 왜 스노윙반 양념반이 오는건가요,2,3,3,3,2018년 8월 29일
301,치킨,마포구 상암동,네네치킨-성산점,mr**님,양념 반＋후라이드 반/1(음료 사이즈 변경(변경 안 함)),양념통닭 중 아이들이 먹을 수 있는 유일한 집 애들이 양념만 먹네요,4,3,5,5,2018년 7월 24일
302,치킨,마포구 상암동,네네치킨-성산점,pa**님,"순살후라이드치킨/1(맛 선택(핫),음료 사이즈 변경(변경 안 함))",생각보다 양이 많았는데 기름이 너무 많아요,3,3,3,3,2018년 6월 12일
303,치킨,마포구 상암동,네네치킨-성산점,손님,반반반（양파크리미언＋양념＋후라이드）/1(음료 사이즈 변경(변경 안 함)),처음시켜봤는데 왜이렇게 빠짝튀긴건지 한마리 반이 먹을게없을줄이야 완전 실망,2,3,2,4,2018년 6월 3일
304,치킨,마포구 상암동,네네치킨-성산점,jk**님,"후라이드치킨/1(맛 선택(마일드),음료 사이즈 변경(변경 안 함)),스노윙치즈 반＋양념 반/1(음료 사이즈 변경(변경 안 함))",프랜차이즈 치킨은 역시 비싸,2,2,2,2,2018년 4월 11일
305,치킨,마포구 상암동,네네치킨-성산점,ra**님,"양념 반＋후라이드 반/1(음료 사이즈 변경(변경 안 함),순살로 변경(순살로 변경))",늦은시간까지 배달가능하고 맛도좋아요,5,5,5,5,2018년 4월 9일
306,치킨,마포구 상암동,네네치킨-성산점,mr**님,양념 반＋후라이드 반/1(음료 사이즈 변경(변경 안 함)),배달 엄청 빨랐음 아이가 좋아하는 양념치킨임,3,3,5,5,2018년 3월 3일
307,치킨,마포구 상암동,네네치킨-성산점,손님,"양념 반＋후라이드 반/1(음료 사이즈 변경(변경 안 함),순살로 변경(순살로 변경))",좋아용 순살 진짜 맛있어요,5,5,5,5,2018년 3월 2일
308,치킨,마포구 상암동,네네치킨-성산점,손님,"양념치킨/1(음료 사이즈 변경(변경 안 함),순살로 변경(순살로 변경))",치킨을 오랜만에 먹어서 인지 몰라도 착한 가격은 아니지만 딱 그 가격에서 약간 더 주는 느낌 이에요,3,4,5,5,2018년 2월 27일
309,치킨,마포구 상암동,네네치킨-성산점,di**님,양념 반＋후라이드 반/1(음료 사이즈 변경(변경 안 함)),후라이드는 늘 갑이지만 양이 점점 줄어드는듯 아쉽,3,4,1,4,2018년 1월 28일
310,치킨,마포구 상암동,네네치킨-성산점,za**님,양념 반＋후라이드 반/1(음료 사이즈 변경(콜라 1.25L로 변경)),신속배달 편이한 주문 할인혜택 요기요 짱인듯,4,4,4,4,2018년 1월 14일
311,치킨,마포구 상암동,네네치킨-성산점,le**님,"순살후라이드치킨/1(맛 선택(핫),음료 사이즈 변경(변경 안 함))",빠른 배송 친절한 응대 따듯하고 맛난 음식으로 행복을 주셔서 감사합니다,5,5,5,5,2018년 1월 5일
312,치킨,마포구 상암동,네네치킨-성산점,손님,"양념치킨/1(음료 사이즈 변경(변경 안 함)),네네볼（3개입）/1",가격도 괜찮고 맛도 좋은데 양이 많아보이지만 뼈가 많아요,5,5,4,5,2017년 12월 12일
313,치킨,마포구 상암동,네네치킨-성산점,손님,양념 반＋후라이드 반/1(음료 사이즈 변경(변경 안 함)),자주시켜먹어요 배달도 빠르고 괜찮네요,5,5,5,5,2017년 12월 12일
314,치킨,마포구 상암동,네네치킨-성산점,hy**님,네네옛날통닭/1(맛 선택(마일드)),배달원이전달만하고쌩가버리네요,3,5,4,2,2017년 12월 10일
315,치킨,마포구 상암동,네네치킨-성산점,qk**님,양념 반＋후라이드 반/1(음료 사이즈 변경(변경 안 함)),네네치킨먹으면 항상 애용하는 집 배달도 빠르고 친절하시구 기본적으로 맛도 보장되니 좋아용 ,5,4,4,4,2017년 12월 3일
316,치킨,마포구 상암동,네네치킨-성산점,ge**님,"스노윙치즈 반＋양념 반/1(음료 사이즈 변경(변경 안 함),순살로 변경(순살로 변경))",양념이랑 스노윙이랑 잘어울려서 맛있네요,5,5,5,5,2017년 11월 26일
317,치킨,마포구 상암동,네네치킨-성산점,ch**님,포테이토짜용/1(음료 사이즈 변경(변경 안 함)),따뜻하고 맛있게먹었습니다,5,5,5,5,2017년 11월 21일
318,치킨,마포구 상암동,네네치킨-성산점,손님,"양념치킨/1(음료 사이즈 변경(변경 안 함)),네네볼（3개입）/1",배달도 생각보다 빠르고 완전 맛있어요,5,5,5,5,2017년 11월 19일
319,치킨,마포구 상암동,네네치킨-성산점,jk**님,"후라이드치킨/1(맛 선택(마일드),음료 사이즈 변경(콜라 1.25L로 변경)),양념치킨/1(음료 사이즈 변경(변경 안 함))",닭을 두마리나 시켰는데 치킨무 하나 더주시지,4,3,2,3,2017년 11월 15일
320,치킨,마포구 상암동,네네치킨-성산점,손님,"스노윙치즈 반＋양념 반/1(음료 사이즈 변경(변경 안 함),순살로 변경(순살로 변경))",맛도 좋았고 배달이 빠르네요 ,5,5,5,5,2017년 11월 2일
321,치킨,마포구 상암동,네네치킨-성산점,ma**님,양념치킨/1(음료 사이즈 변경(변경 안 함)),역시 성산 네네 양념치킨 혜자양념 닭 자체가 신선해서 담날 남은거 볶아먹어도 짱임 강추요,5,5,5,5,2017년 10월 31일
322,치킨,마포구 상암동,네네치킨-성산점,ma**님,양념치킨/1(음료 사이즈 변경(변경 안 함)),항상 맛있는 양념치킨 성산네네,5,5,5,5,2017년 10월 25일
323,치킨,마포구 상암동,네네치킨-성산점,sa**님,"양파크리미언치킨/1(음료 사이즈 변경(콜라 1.25L로 변경),순살로 변경(순살로 변경))",조금 느끼하긴 했지만 맛있었어요,5,4,5,5,2017년 10월 8일
324,치킨,마포구 상암동,네네치킨-성산점,손님,반반반（양파크리미언＋양념＋후라이드）/1(음료 사이즈 변경(콜라 1.25L로 변경)),맛있네요배달도 빠르구요  자주 시킬게요 앞으로도 깨끗하게 잘 부탁드려요,5,5,5,5,2017년 10월 5일
325,치킨,마포구 상암동,네네치킨-성산점,ma**님,,완전 믿고먹는집 배달 분만에옴 튀김옷이 살짝 두꺼웠던것도 같지만 넘 맛있었다는거,5,,,,2017년 9월 5일
326,치킨,마포구 상암동,네네치킨-성산점,ma**님,,다이어트 때문에 오랫만에 시킴 역시 맛남,5,,,,2017년 8월 28일
327,치킨,마포구 상암동,네네치킨-성산점,손님,,양념반 후라이드 반 항상 진리죠 닭상태도 좋았고 맛있어요,5,,,,2017년 8월 6일
328,치킨,마포구 상암동,네네치킨-성산점,ma**님,양념치킨/1(음료 사이즈 변경(변경 안 함)),항상 대만족 성산 네네   신선 깔끔 친절 혜자,5,,,,2017년 6월 26일
329,치킨,마포구 상암동,네네치킨-성산점,손님,,정말맛있습니다다음에도 이걸할게요,5,,,,2017년 6월 10일
330,치킨,마포구 상암동,네네치킨-성산점,ma**님,양념치킨/1(음료 사이즈 변경(변경 안 함)),오늘 양념 드실거세요 그럼 당장 전화하세욬 이구역 양념통닭왕은 성산 네네임 이거 사먹다가 중독되서 계속 시키다보니 요기요 레벨 미식왕 됐네요 배달오시는 분이 되게 친절하신데 안전운전하세요 주문하면 너무 빨리 갖다주셔서 날아오시는건 아닌지 의심되는것 다치실까 걱정됨오늘도 혜자스러운 치킨소스 인증합니닼 짱짱임,5,,,,2017년 6월 8일
331,치킨,마포구 상암동,네네치킨-성산점,ad**님,,맛나고 배송빨라좋았어요,5,,,,2017년 5월 18일
332,치킨,마포구 상암동,네네치킨-성산점,in**님,,파닭에 파가 많은건 좋았으나 파가 따로 포장된게 아니고 치킨위에 바로 얹어있어서 치킨이 눅눅해진건 별로였어요 치킨은 늘 맛있어요 다음엔 파 따로 포장해주세요,5,,,,2017년 5월 8일
333,치킨,마포구 상암동,네네치킨-성산점,ma**님,양념치킨/1(음료 사이즈 변경(변경 안 함)),배달음식 좋아해서 여기저기 시켜먹는데 요즘 자주 생각나는 성산 네네 양념치킨여기는 이제 고정임 양념을 묻혀주는게 아니라 거의 부어주는수준 존맛,5,,,,2017년 5월 3일
334,치킨,마포구 상암동,네네치킨-성산점,손님,"반반반（양파크리미언＋핫블링＋후라이드）/1(음료 사이즈 변경(변경 안 함),순살 변경 선택(순살로 변경))",근 만원 돈인데 너무 양이 적네요 혹시나 해서 주문 노트에 남겼는데 역시나군요 맛은 좋습니다 가성비로 치자면 안먹을듯 싶습니다 많이 파세요,3,,,,2017년 4월 28일
335,치킨,마포구 상암동,네네치킨-성산점,ma**님,양념치킨/1(음료 사이즈 변경(변경 안 함)),역시 기본 양념치킨은 성산 네네 달달하니 맛남 치킨 닭 매우신선 추천합니다,5,,,,2017년 4월 21일
336,치킨,마포구 상암동,네네치킨-성산점,ri**님,쇼킹핫 양념치킨/1(음료 사이즈 변경(변경 안 함)),믿고 먹는 네네치킨이죠 핫쇼킹하게 매운건 아니지만 은근 매워서 좋아해요 근데 쿠폰을 깜박하셨네요 아주 예전이지만 지난번에도 잊으셨었는데 그래서 별하나 뺍니다 ,4,,,,2017년 4월 9일
337,치킨,마포구 상암동,네네치킨-성산점,ma**님,양념치킨/1(음료 사이즈 변경(변경 안 함)),매주 사먹고 있는듯여 기본 양념 통닭이 달달하니 맛있어요 여전히 신선하고 양념도 많이주시고 배달도 빠르고 친절하시고 양념통닭은 어디나 있는 메뉴지만 다른데보다 더 맛있어요 추천합니다,5,,,,2017년 3월 23일
338,치킨,마포구 상암동,네네치킨-성산점,bs**님,"반반반（양파크리미언＋핫블링＋후라이드）/1(음료 사이즈 변경(콜라 1.25L로 변경),순살 변경 선택(순살로 변경))",배달 예상시간보다 빨리 오고 배달하시는 분이 친절하십니다,5,,,,2017년 3월 20일
339,치킨,마포구 상암동,네네치킨-성산점,손님,,콜라가 같이 안와서 다시 가져다달라했는데 콜라 맛이 수돗물이랑 섞여있는 맛이었어요 다른데서 시켜야겠네요,3,,,,2017년 3월 13일
340,치킨,마포구 상암동,네네치킨-성산점,ma**님,양념치킨/1(음료 사이즈 변경(변경 안 함)),또 시켰는데 또 맛있어요 양념도 여전히 듬뿍주고 신선합니다 배달도 빠르고 주말에 티비보면서 먹기 딱이네요추천이요,5,,,,2017년 3월 12일
341,치킨,마포구 상암동,네네치킨-성산점,ma**님,,옛날 생각나서 간만에 기본 양념통닭 시켰는데 양념도 많이 묻혀주시고 빨리오고 신선하네요 닭 신선하지 않으면 그담날 먹을때 비린내나는데 방금한것처럼 맛있게 데워먹었어요 또 시킬게요,5,,,,2017년 3월 5일
342,치킨,마포구 상암동,네네치킨-성산점,손님,,배달도 빠르고 바삭하구맛도 굿 대만족입니다,5,,,,2017년 2월 22일
343,치킨,마포구 상암동,네네치킨-성산점,손님,"스노윙치즈 반＋쇼킹 반/1(음료 사이즈 변경(변경 안 함),순살로 변경(순살로 변경))",그럼요 당연하죠 네네치킨,4,,,,2017년 1월 24일
344,치킨,마포구 상암동,네네치킨-성산점,손님,,닭이 너무 퍽퍽하고 튀김옷이 살에 비해 너무 많아 먹는데 불편한 감이 있었다,3,,,,2016년 7월 18일
