﻿,Category,Location,Restaurant,UserID,Menu,Review,Total,Taste,Quantity,Delivery,Date
0,치킨,마포구 상암동,노랑통닭-상암점,jo**님,"엄청 큰 반반 치-킨 /1(뼈or순살 선택(순살),맛 선택(후라이드＋양념),젓가락 필요(젓가락필요O),음료 추가(콜라 1.25L로 변경))",배달도 늦구 박스도 젖어서 치킨이 너무 눅눅하네요 ,3,3,3,3,21시간 전
1,치킨,마포구 상암동,노랑통닭-상암점,do**님,순살3종셋-트/1(젓가락 필요(젓가락필요X)),오랜만에 먹어서그런가 더 맛있게먹었어요,5,5,5,5,어제
2,치킨,마포구 상암동,노랑통닭-상암점,dp**님,"알싸한 마늘치킨/1(사이즈 선택(Size Up),젓가락 필요(젓가락필요O),마늘치킨용기 필요(마늘소스용기x))",친절해요 이중 결제 되었는데 번 주문 한거 맞는지 확인 전화도 오고 완전 최고요,5,4,3,5,2일 전
3,치킨,마포구 상암동,노랑통닭-상암점,si**님,"알싸한 마늘치킨/1(사이즈 선택(Size Up),젓가락 필요(젓가락필요O),마늘치킨용기 필요(마늘소스용기O),소스 선택(맵싸한 디핑소스))",잘 먹었습니다 치킨무가 없어서 조금 아쉬웠어요,5,5,4,5,3일 전
4,치킨,마포구 상암동,노랑통닭-상암점,is**님,순살3종셋-트/1(젓가락 필요(젓가락필요O)),무가 이만해요치킨무 저만큼주는곳 처음,4,4,3,4,5일 전
5,치킨,마포구 상암동,노랑통닭-상암점,ju**님,순살3종셋-트/1(젓가락 필요(젓가락필요X)),일단 가지다 맛 먹어본 결과 깐풍기 후라이드 양념 순으로 맛잇음 깐풍기가 예상외로 맛잇고 양념은 너무 달고 후라이드는 그럭저럭 다음에는 깐풍기 한마리만 시키거나 간장을 도전해볼꺼임,4,5,5,5,6일 전
6,치킨,마포구 상암동,노랑통닭-상암점,ne**님,"엄청 큰 후라이드 치-킨/1(뼈or순살 선택(뼈),젓가락 필요(젓가락필요X))",닭에 간을 원래 안하시나봐요 저희는 원래 짜게 먹지 않는데 그래도 너무 싱거웠어요 그래도 잘 먹었습니다,5,4,5,5,2021년 7월 16일
7,치킨,마포구 상암동,노랑통닭-상암점,du**님,"엄청 큰 반반 치-킨 /1(뼈or순살 선택(순살),맛 선택(후라이드＋양념),젓가락 필요(젓가락필요X))",후라이드 치킨 간이 아예없어서 다 버렸어요,1,1,1,5,2021년 7월 14일
8,치킨,마포구 상암동,노랑통닭-상암점,wi**님,순살3종셋-트/1(젓가락 필요(젓가락필요O)),정말 맛나게 먹었습니다,5,5,5,,2021년 7월 12일
9,치킨,마포구 상암동,노랑통닭-상암점,ek**님,"순살3종셋-트/1(젓가락 필요(젓가락필요X),사이드메뉴(눈꽃치즈 떡볶이))",늘 저희는 상암점에서 주문해 먹어요,5,5,5,5,2021년 7월 10일
10,치킨,마포구 상암동,노랑통닭-상암점,yb**님,순살3종셋-트/1(젓가락 필요(젓가락필요X)),빠르게 배송되어 먹다보니 사진을 놓쳤어여 먹고 조금 남은사진이라도 정말 맛난 치킨노랑치킨입니다,5,5,5,5,2021년 7월 5일
11,치킨,마포구 상암동,노랑통닭-상암점,wh**님,"순살3종셋-트/1(젓가락 필요(젓가락필요O),소스메뉴(무 1개 추가))",무에서 나온 벌레 치킨포장곽 아래에서 새어나온 양념 주문사항에 현관비번 적었는데도 아무내용없어서 못들어간다는 배달원 맛평가에 의미가없을정도,1,1,1,1,2021년 6월 12일
12,치킨,마포구 상암동,노랑통닭-상암점,gp**님,"맵싸한 3종세트/1(뼈or순살 선택(순살),젓가락 필요(젓가락필요X))",항상 순살세트 자주시키는데 이번에 매운버전 한번 도전했거든요어우 역시 노랑통닭,5,5,5,5,2021년 6월 3일
13,치킨,마포구 상암동,노랑통닭-상암점,do**님,"알싸한 마늘치킨/1(사이즈 선택(Size Up),젓가락 필요(젓가락필요O),마늘치킨용기 필요(마늘소스용기O)),김말이（8개）/1",허겁지겁먹느라 많이먹고찍었네요 오랜만에 먹었더니 더 맛있었어요,5,5,5,5,2021년 6월 3일
14,치킨,마포구 상암동,노랑통닭-상암점,y9**님,"엄청 큰 반반 치-킨 /1(뼈or순살 선택(뼈),맛 선택(후라이드＋양념),젓가락 필요(젓가락필요O),사이드메뉴(김말이 8개),소스메뉴(무 1개 추가))",치킨에서 약간 냄새가 나긴 하지만 많이는 아니어서 괜찮았어요 맛있게 잘 먹었습니다,4,4,4,4,2021년 5월 31일
15,치킨,마포구 상암동,노랑통닭-상암점,pp**님,"엄청 큰 반반 치-킨 /1(뼈or순살 선택(순살),맛 선택(후라이드＋깐풍),젓가락 필요(젓가락필요X)),노랑치즈볼（오리지날맛）/1",조카때문에 시켰는데 맛있게 먹었습니다,5,5,5,5,2021년 5월 10일
16,치킨,마포구 상암동,노랑통닭-상암점,fr**님,순살3종셋-트/2(젓가락 필요(젓가락필요O)),배달도 빠르고 따뜻하게 맛있게 와서 잘 먹었습니다,5,5,5,5,2021년 5월 6일
17,치킨,마포구 상암동,노랑통닭-상암점,jh**님,"알싸한 마늘치킨/1(사이즈 선택(Size Up),젓가락 필요(젓가락필요X),마늘치킨용기 필요(마늘소스용기O))",알싸한 마늘 치킨 먹고 감기도 낫는 기붘,5,5,5,5,2021년 4월 26일
18,치킨,마포구 상암동,노랑통닭-상암점,je**님,"엄청 큰 반반 치-킨 /1(뼈or순살 선택(순살),맛 선택(후라이드＋양념),젓가락 필요(젓가락필요O),사이드메뉴(똥집감자튀김),음료 추가(사이다 1.25L로 변경),소스 선택(맵싸한 디핑소스))",맛있게 잘 먹었습니다 예상배달시간보다도 훨씬 빨리 도착했어요,5,5,5,5,2021년 4월 25일
19,치킨,마포구 상암동,노랑통닭-상암점,dd**님,"엄청 큰 반반 치-킨 /1(뼈or순살 선택(순살),맛 선택(후라이드＋깐풍),젓가락 필요(젓가락필요X),사이드메뉴(찹쌀볼도그 6개),음료 추가(콜라 500ml로 변경))",배달시간이 너무 오래걸렸어요,5,5,5,4,2021년 4월 19일
20,치킨,마포구 상암동,노랑통닭-상암점,wk**님,"알싸한 마늘치킨/1(사이즈 선택(Regular（음료별도구매）),젓가락 필요(젓가락필요X),마늘치킨용기 필요(마늘소스용기O)),노랑치즈볼（오리지날맛）/1",너무 맛있게 잘먹었어요,5,5,5,5,2021년 4월 18일
21,치킨,마포구 상암동,노랑통닭-상암점,ai**님,"맵싸한 고추치킨/1(뼈or순살 선택(순살),젓가락 필요(젓가락필요O),맛 선택(후라이드＋깐풍))",노랑통닭 또 많이 주문해서 먹어야겠어요 그런데 배달비는 천원 안되나요,5,5,5,3,2021년 4월 13일
22,치킨,마포구 상암동,노랑통닭-상암점,gl**님,"순살3종셋-트/1(젓가락 필요(젓가락필요O),사이드메뉴(찹쌀볼도그 6개))",배달 하신 분 공원까지 안전하고 신속하게 배달해주셔서 감사합니다,5,5,5,5,2021년 4월 10일
23,치킨,마포구 상암동,노랑통닭-상암점,je**님,"알싸한 마늘치킨/1(사이즈 선택(Regular（음료별도구매）),젓가락 필요(젓가락필요O),마늘치킨용기 필요(마늘소스용기O),소스메뉴(양념소스 2개 추가,무 2개 추가))",여고추리반 보다가 충동적으로 시킴 진짜 맛있던데요 ,5,5,5,5,2021년 4월 8일
24,치킨,마포구 상암동,노랑통닭-상암점,7t**님,"맵싸한 고추치킨 3종세트/1(뼈or순살 선택(뼈)),엄청 큰 후라이드 치-킨/1(뼈or순살 선택(뼈),젓가락 필요(젓가락필요X))",후라이드가 간이 쎄지 않아 좋아요,5,5,5,5,2021년 4월 5일
25,치킨,마포구 상암동,노랑통닭-상암점,de**님,"알싸한 마늘치킨/1(사이즈 선택(Regular（음료별도구매）),젓가락 필요(젓가락필요X),마늘치킨용기 필요(마늘소스용기O),사이드메뉴(매콤노랑치즈볼 5개))",딸램강추로 첨시켜봤는데 완전바삭바삭 너무맛있어요 담에 또시낄께요,5,5,5,5,2021년 4월 4일
26,치킨,마포구 상암동,노랑통닭-상암점,rl**님,"알싸한 마늘치킨/1(사이즈 선택(Size Up),젓가락 필요(젓가락필요X),마늘치킨용기 필요(마늘소스용기O),소스메뉴(양념소스 1개 추가))",알싸하구 맛있어요 다음에 또 시켜먹을것같아요,5,5,5,5,2021년 3월 30일
27,치킨,마포구 상암동,노랑통닭-상암점,ki**님,"알싸한 마늘치킨/1(사이즈 선택(Size Up),젓가락 필요(젓가락필요X),마늘치킨용기 필요(마늘소스용기x))",맛있었어요 비와서 배달 늦는다고 연락주셔서 감사합니다,5,5,5,5,2021년 3월 29일
28,치킨,마포구 상암동,노랑통닭-상암점,ji**님,"알싸한 마늘치킨/1(사이즈 선택(Regular（음료별도구매）),젓가락 필요(젓가락필요X),마늘치킨용기 필요(마늘소스용기O),소스메뉴(양념소스 2개 추가,무 2개 추가))",바삭한 노랑통닭 맛있게 먹었어요 다음에 또 먹을게요,5,5,5,1,2021년 3월 28일
29,치킨,마포구 상암동,노랑통닭-상암점,mu**님,"엄청 큰 후라이드 치-킨/1(뼈or순살 선택(뼈),젓가락 필요(젓가락필요X))",늘 시켜먹는 곳입니다 바싹하고 담백하고 최고의 후라이드네요,5,5,5,5,2021년 3월 28일
30,치킨,마포구 상암동,노랑통닭-상암점,mu**님,순살3종셋-트/1(젓가락 필요(젓가락필요X)),맛있어요 적당히 간도 맞아용,5,5,5,5,2021년 3월 20일
31,치킨,마포구 상암동,노랑통닭-상암점,lu**님,"엄청 큰 반반 치-킨 /1(뼈or순살 선택(뼈),맛 선택(후라이드＋깐풍),젓가락 필요(젓가락필요O))",근처 노랑통닭이 휴무여서 상암점 주문 했어요 받자마자 비닐 봉지에도 물이 있고 상자종이봉투 등등 빗물처럼 물기가 있어서 밖에 비 오나 싶었는데 튀기자마자 바로 뚜껑 닫으셔서 그로인한 수증기로 엄청 눅눅해진거더라고요 안쪽에만 수증기 있는 경우는 봤었어도 밖에까지 수증기 차고 심지어 겉 봉지까지 축축한거 보고선  음식이 좀 식더라도 배달 하시는 분 엔 차라리 열어놓았으면 노랑통닭 특유의 바삭함이 유지 됐을텐데 아쉬울 뿐 입니다 이 바삭함 때문에 노랑 통닭이 땡겼던건데 ,3,2,4,3,2021년 3월 17일
32,치킨,마포구 상암동,노랑통닭-상암점,ga**님,엄청 큰 후라이드 치-킨/1(뼈or순살 선택(순살)),배송예상시간과 같고 날씨 추운거 감안해서 살짝 식었으나 바삭해요 배송기사분이 정확하게 배송해 주신 게 젤 좋아요,4,4,4,5,2021년 3월 6일
33,치킨,마포구 상암동,노랑통닭-상암점,ht**님,알싸한 마늘치킨/1(사이즈 선택(Size Up)),맛 있고 좋네요 사이즈 업이 생각보다 양이 많이 추가되서 좋아요,5,5,5,5,2021년 2월 27일
34,치킨,마포구 상암동,노랑통닭-상암점,ga**님,"알싸한 마늘치킨/1(사이즈 선택(Size Up)),순살3종셋-트/1(추가 선택(파 추가)),노랑치즈볼（오리지날맛）/2",알마치는 사랑입니다최고,5,5,5,5,2021년 2월 24일
35,치킨,마포구 상암동,노랑통닭-상암점,ph**님,순살3종셋-트/1,양이 생각보다 너무 적어요,4,3,3,4,2021년 2월 20일
36,치킨,마포구 상암동,노랑통닭-상암점,ky**님,"엄청 큰 반반 치-킨 /1(뼈or순살 선택(순살),맛 선택(후라이드＋양념))",늘 시켜 먹는 곳인데 오늘은 이상했네요 후라이드는 바삭함 없이 눅진거렸고 양념도 양념이 골고루 무쳐지지 않고 군데군데 양념 없는 곳이 있었으나 양도 적어 더 무쳐 먹을수도 없었네요 일부는 씹히지 않는 부위까지 있었구요 담에는 나아지기를 바랍니다,3,3,4,5,2021년 2월 11일
37,치킨,마포구 상암동,노랑통닭-상암점,sm**님,알싸한 마늘치킨/1(사이즈 선택(Size Up)),맛은 괜찮았는데 양이 점점 줄어드는 느낌이네요,4,3,2,3,2021년 2월 11일
38,치킨,마포구 상암동,노랑통닭-상암점,손님,"알싸한 마늘치킨/1(사이즈 선택(Size Up)),눈꽃 치즈 떡볶이/1",치즈떡볶이를 시켰는데 치즈 양이 적어서 아쉬웠어요,5,5,4,4,2021년 2월 6일
39,치킨,마포구 상암동,노랑통닭-상암점,lj**님,순살3종셋-트/1,노랑통닭 처음 먹어봤는데 별로예요,2,2,4,5,2021년 2월 5일
40,치킨,마포구 상암동,노랑통닭-상암점,fo**님,순살3종셋-트/1,노랑통닭 정말 맛있어요,5,5,5,5,2021년 2월 5일
41,치킨,마포구 상암동,노랑통닭-상암점,wn**님,순살3종셋-트/1,후라이드는 바삭한데 양념은 너무 눅눅했어요,2,3,4,3,2021년 1월 23일
42,치킨,마포구 상암동,노랑통닭-상암점,do**님,순살3종셋-트/1(추가 선택(파 추가)),생각보단 배달도 빨리왔고 맛있게 잘먹었어요 파는 재고가없어서 다음에 주시기로했어요 ,5,5,5,5,2021년 1월 7일
43,치킨,마포구 상암동,노랑통닭-상암점,ry**님,"엄청 큰 반반 치-킨 /1(뼈or순살 선택(순살),맛 선택(후라이드＋양념))",간만에 먹으니 맛나네요 양념 맛있습니다 치킨조각이 큰편인것같아 조금 아쉽긴하네요,5,5,5,5,2021년 1월 2일
44,치킨,마포구 상암동,노랑통닭-상암점,19**님,순살3종셋-트/1,배달이 조금 늦었지만 만족합니다,5,5,5,5,2020년 12월 31일
45,치킨,마포구 상암동,노랑통닭-상암점,a0**님,알싸한 마늘치킨/1(사이즈 선택(Size Up)),늘 시키던 마늘치킨 사이즈업주문 근데 치킨량이 턱없이 부족하게 와서 전화했는데 매장에 외국인직원분 한분이계시다고 잠시후 사장인듯한분이 학인후 전화주신다기에 기다려도 답없기에 문자넣었더니 정확한량이 나간거라고 실망입니다 일주일에 한번씩 거의 노랑통닭시켜먹는데 치킨량을 모를까요 망원점에서 늘 시켰는데 오늘 상암점으로 시켜서 완전 실망입니다 좋은날 애들이 섭섭해 하니까 미안해지네요 암튼 이제 상암점은 주문안합니다,1,2,1,3,2020년 12월 25일
46,치킨,마포구 상암동,노랑통닭-상암점,ra**님,"순살3종셋-트/1,매콤 후라이드 치-킨/1(뼈or순살 선택(순살)),똥집감자튀김/1,노랑치즈볼（오리지날맛）/2",치즈볼 개주문했는데 한개만왔어요,1,1,2,2,2020년 12월 21일
47,치킨,마포구 상암동,노랑통닭-상암점,de**님,알싸한 마늘치킨/1(사이즈 선택(Size Up)),빠삭 후라이는 노랑이 최고인듯 마늘소스도 맛있고,4,4,4,4,2020년 12월 16일
48,치킨,마포구 상암동,노랑통닭-상암점,pa**님,"깐풍똥집/1,노랑치즈볼（매콤한맛）5개/1",망원점엔 감튀 같이 주던데 상암점엔 왜 없는거죠 전화로 물어보니깐 원래 없다고 하더라구요  설명에는 분명 감튀 얘기가 있는데 맛은 있어요 맛은 있는데 내 감튀  치즈볼도 매콤한거 재고가 없어서 그냥 오리지널 받았는데 맛은 있었어요  다른 치즈볼이랑 다른 점은 이건 진짜 모짜렐라 치즈만 들어있어요 젤 아쉬운건 감튀,3,4,4,4,2020년 12월 9일
49,치킨,마포구 상암동,노랑통닭-상암점,el**님,매콤 후라이드 치-킨/1(뼈or순살 선택(뼈)),맛있어요 양도 엄청 많아요,5,5,5,5,2020년 12월 9일
50,치킨,마포구 상암동,노랑통닭-상암점,do**님,순살3종셋-트/1,오랜만에 시켜봤는데 맛있게 잘먹었습니다,5,5,5,5,2020년 11월 21일
51,치킨,마포구 상암동,노랑통닭-상암점,yo**님,"엄청 큰 반반 치-킨 /1(뼈or순살 선택(순살),맛 선택(후라이드＋양념))",아이들이 넘 맛있다고 하네요,5,5,5,5,2020년 11월 20일
52,치킨,마포구 상암동,노랑통닭-상암점,ji**님,엄청 큰 후라이드 치-킨/1(뼈or순살 선택(순살)),애기랑 먹기에는 많이 짜지않고 좋아서 노랑통닭 좋아하는데 배달이 자꾸 앞동 다른데로 가요 지난번에도 하도 안와서 전화하니 배달완료 했다고다른 곳으로 가서 두시간 만에 받았는데 요번에 빌라이름 확인 꼭 부탁드린다고 썼는데 오토바이 소리에 여기예요 소리소리 질렀는데도 앞동으로 가셔서 누르시더라구요 여기라고 계속 소리질러서 받았네요,4,5,5,2,2020년 11월 17일
53,치킨,마포구 상암동,노랑통닭-상암점,1s**님,순살3종셋-트/1,깐풍 소스가 거의 없이 후라이드에 말린고추 몇개만 있어서 아쉬웠어요,3,3,4,4,2020년 11월 17일
54,치킨,마포구 상암동,노랑통닭-상암점,fk**님,엄청 큰 후라이드 치-킨/1(뼈or순살 선택(순살)),상암점 생각날때 늘 시켜먹는곳이죠 후라이드는 노랑따라올곳없죠 늘 순살만 먹는데 고기많은부분은 아들 튀김옷 많은건 제가먹어요  튀김가루 넘 좋아해서 부스러기 튀김부분 마니 줬음좋겄어요담에주문할땐 사장님 튀김가루 암튼 바삭한 자투리 마니 넣어주세요 사진 못찍었네,5,5,5,4,2020년 11월 7일
55,치킨,마포구 상암동,노랑통닭-상암점,wo**님,순살3종셋-트/1,바삭한걸 기대했는데 그리 바삭하지 않았어여,3,3,4,4,2020년 10월 28일
56,치킨,마포구 상암동,노랑통닭-상암점,gu**님,순살3종셋-트/1,세가지맛골고루 잡셔봐여,4,4,4,4,2020년 10월 27일
57,치킨,마포구 상암동,노랑통닭-상암점,bb**님,순살3종셋-트/1,튀김옷 조금 벗겨지는 거 빼고 넘 맛있어연,5,5,5,5,2020년 10월 27일
58,치킨,마포구 상암동,노랑통닭-상암점,yo**님,엄청 큰 후라이드 치-킨/1(뼈or순살 선택(순살)),배달도 빠르고 친절하시고바삭바삭 넘 맛있어요,5,5,5,5,2020년 10월 23일
59,치킨,마포구 상암동,노랑통닭-상암점,go**님,"엄청 큰 후라이드 치-킨/1(뼈or순살 선택(순살),추가 선택(파 추가))",염지를 안하는건지 닭이 좀 닝닝한거 말고는 최고에요,5,3,5,5,2020년 10월 21일
60,치킨,마포구 상암동,노랑통닭-상암점,gu**님,"엄청 큰 반반 치-킨 /1(뼈or순살 선택(순살),맛 선택(후라이드＋양념))",맛있어여 노랑통닭은 후라이드가 진리입니다,5,5,5,5,2020년 10월 14일
61,치킨,마포구 상암동,노랑통닭-상암점,hs**님,순살3종셋-트/1,배달도 빠르고 맛있어요,4,4,4,4,2020년 10월 12일
62,치킨,마포구 상암동,노랑통닭-상암점,js**님,"엄청 큰 후라이드 치-킨/1(뼈or순살 선택(순살)),엄청 큰 반반 치-킨 /1(뼈or순살 선택(순살),맛 선택(양념＋깐풍))",맛있게 잘 먹었습니다 깐풍치킨 완전 맛있어요,5,5,5,5,2020년 10월 11일
63,치킨,마포구 상암동,노랑통닭-상암점,bo**님,순살3종셋-트/1,맛있었어요 역시 종셋이 진짜 딱 먹기 좋음,5,5,5,4,2020년 10월 9일
64,치킨,마포구 상암동,노랑통닭-상암점,lo**님,"엄청 큰 반반 치-킨 /1(뼈or순살 선택(뼈),맛 선택(후라이드＋깐풍))",깐풍은 먹기 딱 좋은 맵기였고요 후라이드는 먹다보니 살짝 느끼하더라구요 양 많고 맛있어요,4,4,5,5,2020년 10월 6일
65,치킨,마포구 상암동,노랑통닭-상암점,s-**님,"알싸한 마늘치킨/1(사이즈 선택(Regular)),노랑치즈볼（오리지날맛）/1",정말 맛있는데 홀에서 먹었던것보다 양이 적더라고요 진짜 적었어요,5,5,3,5,2020년 10월 3일
66,치킨,마포구 상암동,노랑통닭-상암점,do**님,알싸한 마늘치킨/1(사이즈 선택(Size Up)),자주시켜먹는데 항상 맛있어용,5,5,5,5,2020년 10월 1일
67,치킨,마포구 상암동,노랑통닭-상암점,손님,"알싸한 마늘치킨/1(사이즈 선택(Regular)),순살3종셋-트/1",맛있었습니다 하지만 튀김옷이 좀 두껍긴하네요,5,2,5,5,2020년 9월 30일
68,치킨,마포구 상암동,노랑통닭-상암점,be**님,순살3종셋-트/1,후라이드도 눅눅하고 양념도 겉돌고 맛이없어요,1,1,3,4,2020년 9월 23일
69,치킨,마포구 상암동,노랑통닭-상암점,jw**님,엄청 큰 후라이드 치-킨/1(뼈or순살 선택(순살)),제가 주문할 때 항상 배달요청사항에 층현관번호 알려드리고 문앞에 놔달라고 적는데 오실때마다 층에서 벨누르시고 문두들기고 가세요 보니까 기사님한테 요청사항이 제대로 전달되지 않는거 같은데 그부분만 신경좀 써주세요 치킨은 너무 맛있습니다,4,5,5,4,2020년 9월 17일
70,치킨,마포구 상암동,노랑통닭-상암점,kt**님,"엄청 큰 반반 치-킨 /1(뼈or순살 선택(뼈),맛 선택(후라이드＋양념))",음식맛 괜찮고 맛있었습니다 양도 괜찮고요 그런데 배달 두개중에 한개는 치킨 박스로 잘 쌓여왔는데 나머지 한개는 좀 부실하게 온거같네요 배달올때 바람이 다들어갈정도 티비에서 나온것처럼 맘만 먹음 빼서 먹을수 있을거같네요 배송박스에 좀 신경써주시면 좋겠습니다,4,4,4,3,2020년 9월 15일
71,치킨,마포구 상암동,노랑통닭-상암점,ti**님,엄청 큰 후라이드 치-킨/1(뼈or순살 선택(뼈)),맛도양도 모두 만족스러운 아주 괜찮은 곳입니다,4,4,5,4,2020년 9월 13일
72,치킨,마포구 상암동,노랑통닭-상암점,gr**님,엄청 큰 후라이드 치-킨/1(뼈or순살 선택(순살)),두명이서 먹기에도 충분한양에 맛입니다,5,5,5,5,2020년 9월 12일
73,치킨,마포구 상암동,노랑통닭-상암점,ca**님,"순살3종셋-트/1,깐풍똥집/1",맛있게 잘 먹었습니다 좀남아서 식은후에 먹었는데도 맛있더라구요,4,4,5,3,2020년 9월 5일
74,치킨,마포구 상암동,노랑통닭-상암점,kj**님,"엄청 큰 후라이드 치-킨/1(뼈or순살 선택(순살)),엄청 큰 깐풍 치-킨/1(뼈or순살 선택(순살)),눈꽃 치즈 떡볶이/2",기분 좋게 주문했는데 기분이 정말 안좋아 졌네요 주소 맞게 입력했는데도 배달기사가 변명하면서 주소 맞게 입력했냐고만 묻고 비오는 날 분거리 나가서 받았네요 배달 업체를 쓰시겠지만 배달업체나 기사도 가려서 쓰셔야 할 것 같습니다 봉지에 떡볶이 국물도 좀 세고 이렇게 기분 나쁜 배달은 처음 받아 봅니다 그 배달기사한테 배달 받느니 여기다가 안시켜 먹을 것 같네요,2,4,4,1,2020년 9월 2일
75,치킨,마포구 상암동,노랑통닭-상암점,손님,순살3종셋-트/1,정말 맛있어요 먹다가 찍었어요,5,5,5,5,2020년 9월 1일
76,치킨,마포구 상암동,노랑통닭-상암점,do**님,순살3종셋-트/1,순살종 잘 먹었습니다 후라이드는 바삭하고 양념간장 그리 짜지않고 맛은 있는데 양념 간장 소스는 골고루 버무려 주셨음합니다,4,4,4,4,2020년 8월 28일
77,치킨,마포구 상암동,노랑통닭-상암점,ch**님,엄청 큰 깐풍 치-킨/1(뼈or순살 선택(순살)),양도많도푸짐했으면 더욱 맛있을것같아요,5,5,5,5,2020년 8월 23일
78,치킨,마포구 상암동,노랑통닭-상암점,wi**님,순살3종셋-트/1,정말 맛나게 잘 먹었습니다 담에도 맛나게 부탁드립니다,5,5,5,5,2020년 8월 16일
79,치킨,마포구 상암동,노랑통닭-상암점,손님,엄청 큰 후라이드 치-킨/1(뼈or순살 선택(순살)),돈 많이없는데 둘이서 치킨 개많이 먹고싶으면 이거 먹어,5,5,5,5,2020년 8월 15일
80,치킨,마포구 상암동,노랑통닭-상암점,je**님,"순살3종셋-트/1,눈꽃 치즈 떡볶이/1",빠른 배달 잘 먹었습니다,5,5,5,5,2020년 8월 12일
81,치킨,마포구 상암동,노랑통닭-상암점,di**님,순살3종셋-트/1,치킨배달 번 중 한번은 노랑통닭먹을정도로 자주 찾는데 양이 점점 달라지는 것같은 건 기분탓이라고 믿고싶네요 배달 시간을 항상 분 찍어주시는 것같은데 가게 상황에 따라 달라지는 정확한 시간으로 입력해주시면 좋겠어요 배달 알바 경험자라 시스템 인지하고있습니다 그리고 요기요로 주문할 때는 매콤 후라이드 종 세트랑 콜라 주문은 아예 없더라구요 배민이랑 차이 없도록 개선해주시길 바랍니다,5,5,4,5,2020년 8월 12일
82,치킨,마포구 상암동,노랑통닭-상암점,ej**님,순살3종셋-트/1,배달도 빠르고 양도 많고 다만 양념치킨은 좀 양념이 너무 적었어요,3,3,5,5,2020년 8월 9일
83,치킨,마포구 상암동,노랑통닭-상암점,jh**님,순살3종셋-트/1,맛있게 잘먹었습니다 양도 충분했고 맛도 괜찮았어요 다만 메뉴에 음료가 따로 없는게 아쉽네요 콜라캔 작은걸로 솔직히 부족했어요 따로 음료 추가가 가능했으면 합니다 번창 하시고 치킨 생각날때 재주문 하겠습니다,5,4,5,5,2020년 8월 9일
84,치킨,마포구 상암동,노랑통닭-상암점,lo**님,엄청 큰 후라이드 치-킨/1(뼈or순살 선택(순살)),역시 노랑통닭 바삭하고 안짜고 매장에서만 먹다 처음 시켰는데 조낸 맛남,5,5,5,5,2020년 8월 9일
85,치킨,마포구 상암동,노랑통닭-상암점,mi**님,엄청 큰 후라이드 치-킨/1(뼈or순살 선택(순살)),좋아요 맛잇구 양 마나료,5,5,5,5,2020년 8월 8일
86,치킨,마포구 상암동,노랑통닭-상암점,et**님,알싸한 마늘치킨/1(사이즈 선택(Regular)),염지가 덜 됐는지 고기 냄새나고요 다른 점포랑 달리 너무 조각들이 커서 식감이 질겨요 노랑통닭은 튀김맛으로 먹는데 여기는 약간 맛없는 시장 통닭 먹는 느낌,2,2,3,3,2020년 8월 7일
87,치킨,마포구 상암동,노랑통닭-상암점,yj**님,순살3종셋-트/1,맛있어요 튀김 바삭바삭,5,5,5,5,2020년 8월 1일
88,치킨,마포구 상암동,노랑통닭-상암점,ki**님,순살3종셋-트/1,맛있게 먹었어요 배달도 엄청 빠르고 친절,5,5,5,5,2020년 7월 27일
89,치킨,마포구 상암동,노랑통닭-상암점,mi**님,순살3종셋-트/1,역시 노랑통닭 너무너무 맛있었습니다 특히 비가 많이 오는 날이었는데도 배달해주시고 맛있게 튀겨주신 사장님 알바생분과 비를 뚫고 배달해주신 배달원분께 너무너무 감사합니다,5,5,5,5,2020년 7월 26일
90,치킨,마포구 상암동,노랑통닭-상암점,fo**님,순살3종셋-트/1,노랑통닭은 말씀 안드려두 알쥬,5,5,5,5,2020년 7월 18일
91,치킨,마포구 상암동,노랑통닭-상암점,ma**님,엄청 큰 후라이드 치-킨/1(뼈or순살 선택(순살)),역시 후라이드굿입니다  순살로 먹어야더 맛나요 간장맛도 있으면 좋겠어요 ,4,4,4,4,2020년 7월 16일
92,치킨,마포구 상암동,노랑통닭-상암점,ki**님,순살3종셋-트/1,배달도 금방오고 종세트 맛있었어요,5,5,5,5,2020년 7월 12일
93,치킨,마포구 상암동,노랑통닭-상암점,hu**님,순살3종셋-트/1,맛있습니다 또먹고싶네요,5,5,5,5,2020년 7월 10일
94,치킨,마포구 상암동,노랑통닭-상암점,js**님,"엄청 큰 후라이드 치-킨/1(뼈or순살 선택(순살)),엄청 큰 반반 치-킨 /1(뼈or순살 선택(순살),맛 선택(양념＋깐풍))",배달 오자마자 순식간에 다 먹었어요 완전 맛있어요,5,5,5,5,2020년 7월 9일
95,치킨,마포구 상암동,노랑통닭-상암점,ch**님,순살3종셋-트/1,맛있습니다 또 먹으러 올게요,5,5,5,1,2020년 7월 8일
96,치킨,마포구 상암동,노랑통닭-상암점,do**님,알싸한 마늘치킨/1(사이즈 선택(Size Up)),급히먹으라 사진을늦게찍었네요 맛있었어요,5,5,5,5,2020년 7월 2일
97,치킨,마포구 상암동,노랑통닭-상암점,손님,"순살3종셋-트/1,똥집감자튀김/1",양이 너무 많아요 명이서 다 못먹었네요,5,5,5,5,2020년 6월 28일
98,치킨,마포구 상암동,노랑통닭-상암점,손님,"알싸한 마늘치킨/1(사이즈 선택(Regular)),노랑치즈볼（오리지날맛）/1",야구보다가 티비광고보고 주문했는데 생각보다 ,4,4,4,5,2020년 6월 27일
99,치킨,마포구 상암동,노랑통닭-상암점,tj**님,엄청 큰 후라이드 치-킨/1(뼈or순살 선택(순살)),맛나여아들이 노랑통닭 너무 좋아해서,5,5,5,5,2020년 6월 25일
100,치킨,마포구 상암동,노랑통닭-상암점,ma**님,"엄청 큰 반반 치-킨/1(뼈or순살 선택(순살),맛 선택(후라이드＋깐풍))",예전부터 포장해서 먹던곳이라 부담없이 먹긴했는데 아이가 간장치킨맛에 꽂혀서 간장맛과 섞는다는걸 깐풍기맛이 그건줄알고 잘못시켜서 혼났네요 매운맛이였어요  그래도 맛나게 잘먹었습니다,4,4,4,4,2020년 6월 22일
101,치킨,마포구 상암동,노랑통닭-상암점,kk**님,"엄청 큰 반반 치-킨/1(뼈or순살 선택(순살),맛 선택(후라이드＋양념))",빠르고 맛있어요 니니니,4,4,3,3,2020년 6월 17일
102,치킨,마포구 상암동,노랑통닭-상암점,js**님,"엄청 큰 후라이드 치-킨/1(뼈or순살 선택(순살)),엄청 큰 반반 치-킨/1(뼈or순살 선택(순살),맛 선택(양념＋깐풍))",순살로 했는데도 양이 많아서 남겼네요 맛있게 온 식구가 잘 먹었어요,5,5,5,5,2020년 6월 7일
103,치킨,마포구 상암동,노랑통닭-상암점,hy**님,"엄청 큰 반반 치-킨/1(뼈or순살 선택(순살),맛 선택(후라이드＋깐풍))",처음으로 주문했는데 소문대로 맛있네요,5,5,5,5,2020년 6월 2일
104,치킨,마포구 상암동,노랑통닭-상암점,sa**님,"엄청 큰 반반 치-킨/1(뼈or순살 선택(순살),맛 선택(후라이드＋양념))",배달도 빠르고 양도 많아서 좋아요,4,5,5,5,2020년 5월 31일
105,치킨,마포구 상암동,노랑통닭-상암점,DE**님,"엄청 큰 반반 치-킨/1(뼈or순살 선택(순살),맛 선택(후라이드＋깐풍))",노랑통닭이야 원체 맛있죠 담엔 좀더 바삭했으면,5,5,5,5,2020년 5월 25일
106,치킨,마포구 상암동,노랑통닭-상암점,lu**님,순살3종셋-트/1,배달한시간이 지나도안옵니다,1,3,3,1,2020년 5월 24일
107,치킨,마포구 상암동,노랑통닭-상암점,82**님,순살3종셋-트/1,맛있었어요 양이 쫌금 아쉽,4,5,3,3,2020년 5월 21일
108,치킨,마포구 상암동,노랑통닭-상암점,fl**님,"순살3종셋-트/1(추가 선택(파 추가)),눈꽃 치즈 떡볶이/1",다른 지점보다 멀어도 여기서만 시켜 먹어요 제일 바삭하고양념도 안 아끼고 배달도 빨라요 떡볶이도 더 이빨에 찰지게 맛있는 식감이에요 좀 더 늦게까지 하면 좋겠어요,5,5,5,5,2020년 5월 18일
109,치킨,마포구 상암동,노랑통닭-상암점,or**님,"알싸한 마늘치킨/1(사이즈 선택(Regular)),눈꽃 치즈 떡볶이/1",바삭하고 마늘소스랑 진짜 맵고 쫄깃한 떡볶이가 맛나요,5,5,5,5,2020년 5월 15일
110,치킨,마포구 상암동,노랑통닭-상암점,gu**님,순살3종셋-트/1,분걸린거같아요 배달짱 근데 양이 많이 줄어든거 같은데 식당에서먹을때는 산더미인데 배달은 좀 적어요  그것빼고는 모 항상먹던 맛 입니다,4,5,3,5,2020년 5월 12일
111,치킨,마포구 상암동,노랑통닭-상암점,do**님,알싸한 마늘치킨/1(사이즈 선택(Size Up)),배달이빨랐네용 항상맛있게먹고있어요,5,5,5,5,2020년 5월 10일
112,치킨,마포구 상암동,노랑통닭-상암점,sv**님,"엄청 큰 반반 치-킨/1(뼈or순살 선택(순살),맛 선택(후라이드＋양념))",맛과 양 모두 만족합니다 자주 주문할듯 해요,5,5,5,5,2020년 5월 8일
113,치킨,마포구 상암동,노랑통닭-상암점,dl**님,엄청 큰 후라이드 치-킨/1(뼈or순살 선택(순살)),맛있어용배달도 괜찮구요,5,5,5,5,2020년 5월 5일
114,치킨,마포구 상암동,노랑통닭-상암점,손님,"알싸한 마늘치킨/1(사이즈 선택(Size Up)),엄청 큰 후라이드 치-킨/1(뼈or순살 선택(순살)),엄청 큰 깐풍 치-킨/1(뼈or순살 선택(순살))",저희 가족명이 좀 많이 먹는 편이라 세마리 시켰는데 진짜 너무 많이 주셔서 남겼어요 새로 나온 마늘치킨도 맛있어요 많이파세요,5,5,5,5,2020년 5월 3일
115,치킨,마포구 상암동,노랑통닭-상암점,ah**님,"알싸한 마늘치킨/1(사이즈 선택(Regular)),엄청 큰 반반 치-킨/1(뼈or순살 선택(뼈),맛 선택(후라이드＋양념))",예상시간보다 빠르게 받았습니다,5,5,5,5,2020년 5월 2일
116,치킨,마포구 상암동,노랑통닭-상암점,jy**님,알싸한 마늘치킨/1(사이즈 선택(Size Up)),알싸한 마늘치킨은 따로 그릇을 안주나봐요 쏘스랑 종이봉투에 담아주면 어떻게 뿌려 먹나요  맛은 맛나요,4,4,3,4,2020년 5월 1일
117,치킨,마포구 상암동,노랑통닭-상암점,ky**님,순살3종셋-트/1(추가 선택(파 추가)),소스때문에 종세트를 주문했는데 메모도 없고 전화했는데 소스가 없다고 성의없는 답변 씁쓸해요,3,4,4,4,2020년 4월 30일
118,치킨,마포구 상암동,노랑통닭-상암점,yn**님,엄청 큰 후라이드 치-킨/1(뼈or순살 선택(순살)),큰일남 노랑통닭 중독되버림,5,5,5,5,2020년 4월 30일
119,치킨,마포구 상암동,노랑통닭-상암점,ka**님,순살3종셋-트/1,포장 주문 할 때 보다 양이 좀 줄어든 느낌같은 느낌 그래도 믿고 먹는 노랑통닭입니다,4,4,3,5,2020년 4월 25일
120,치킨,마포구 상암동,노랑통닭-상암점,dl**님,엄청 큰 후라이드 치-킨/1(뼈or순살 선택(순살)),항상 즐겨먹어요 좋아요,5,5,5,5,2020년 4월 25일
121,치킨,마포구 상암동,노랑통닭-상암점,lm**님,"알싸한 마늘치킨/1(사이즈 선택(Size Up)),눈꽃 치즈 떡볶이/1",마늘처음먹어봤는대 처음엔맛있다가 점점너무느끼해서  그래도 별미예요 떡볶이도맛있네요,5,4,5,5,2020년 4월 25일
122,치킨,마포구 상암동,노랑통닭-상암점,ia**님,순살3종셋-트/1,맛있었어요 잘먹었습니다,4,5,3,4,2020년 4월 25일
123,치킨,마포구 상암동,노랑통닭-상암점,cy**님,순살3종셋-트/1,빨라서 좋네요 맛있어요,5,5,4,5,2020년 4월 25일
124,치킨,마포구 상암동,노랑통닭-상암점,ys**님,알싸한 마늘치킨/1(사이즈 선택(Size Up)),배달 엄청 빨라서 놀랬어요 마늘치킨은 찍먹인가봐요 부먹했더니 짜고 눅눅해서 별로였어요 마늘소스 알싸한게 맛나요,5,4,5,5,2020년 4월 20일
125,치킨,마포구 상암동,노랑통닭-상암점,so**님,알싸한 마늘치킨/1(사이즈 선택(Size Up)),안심배달이니 뭐니 말 많은데 봉지 묶어주시지도 않고 그냥 가운데 테이프 하나만 딱 붙어져 오는거 뭔가 되게 불안하네요  신메뉴라서 먹어봤는데 그냥 치킨만 먹는 게 더 맛있어요 딱히 특별한 맛은 아닌듯합니다,3,3,3,3,2020년 4월 20일
126,치킨,마포구 상암동,노랑통닭-상암점,jm**님,"엄청 큰 반반 치-킨/1(뼈or순살 선택(순살),맛 선택(후라이드＋양념))",배달도 빠르고 잘먹었어요,5,5,5,5,2020년 4월 19일
127,치킨,마포구 상암동,노랑통닭-상암점,dl**님,엄청 큰 후라이드 치-킨/1(뼈or순살 선택(순살)),후라이드는 역시 노랑통닭,5,5,5,5,2020년 4월 19일
128,치킨,마포구 상암동,노랑통닭-상암점,wh**님,순살3종셋-트/1(추가 선택(파 추가)),잘 먹었어요 파를 추가해서 먹으니  맛나네요,4,4,4,4,2020년 4월 17일
129,치킨,마포구 상암동,노랑통닭-상암점,손님,"알싸한 마늘치킨/1(사이즈 선택(Regular)),엄청 큰 후라이드 치-킨/1(뼈or순살 선택(뼈)),눈꽃 치즈 떡볶이/1",오 맛있어요유해진 아저씨가 알싸한 마늘치킨 맛있게 먹어서 시켰는데 뭔가 알싸하고 달콤하고 개운한 한국인의 고급진 맛 소스 떡볶이에 후라이드 찍먹하는데 그것도 안질리고 맛점입니다다음에는 알싸한 마늘치킨이랑 양념이나 반반시켜서 먹어볼게요 맛있는 치킨 열심히 튀겨주시고 배달까지 해 주심 감사합니다,5,5,5,5,2020년 4월 15일
130,치킨,마포구 상암동,노랑통닭-상암점,do**님,순살3종셋-트/1,집에 손님이와서 주문했는데 다들잘먹었어요 맛있었습니당,5,5,5,5,2020년 4월 13일
131,치킨,마포구 상암동,노랑통닭-상암점,ji**님,"엄청 큰 후라이드 치-킨/1(뼈or순살 선택(순살)),눈꽃 치즈 떡볶이/1",혹시 제가 수저 필요없다 했나요 집이 아닌 곳에서 시켰는데 수저가 안와서 당황했어요 치킨은 그냥 저냥 아는 맛인데 떡볶이는 정말 맛없어요 치즈도 다 떡져있고 떡은 딱딱하고 엄청 식어있어요 이런 퀄리티로 파실거면 떡볶이는 배달 안 하셔야죠 양념소스도 돈내고 추가할 수 있는 게 없길래 요청사항에 개 부탁드렸는데요 읽지도 않을 요청사항란을 왜 만들었는지 하나부터 열까지 다 맘에 안 드네요 이 지점에서는 다신 안 시키려고요,3,2,3,5,2020년 4월 11일
132,치킨,마포구 상암동,노랑통닭-상암점,ar**님,순살3종셋-트/1,어째 요즘 치킨은 맨날 노랑통닭이네요  것두 맨날 순살종세트 ,4,5,4,5,2020년 4월 10일
133,치킨,마포구 상암동,노랑통닭-상암점,am**님,"순살3종셋-트/2,김말이（8개）/1",배달료도 비싼데 원 더내라고 하니 어이가 없네요 미리 공지하지도 않고 배달 출발 해놓고 돈 더내라고 하는건 날강도인가요 저같으면 원 추가는 안받을거 같은데 어이가 없네요 장사 진짜 잘하시는거 같아요,1,1,1,1,2020년 4월 7일
134,치킨,마포구 상암동,노랑통닭-상암점,lj**님,알싸한 마늘치킨/1(사이즈 선택(Size Up)),마늘만스윗하게 많이들어가면 좋겠네요 식초에 마늘만있는거같아서 제 취향은 아닌듯,5,4,5,4,2020년 4월 5일
135,치킨,마포구 상암동,노랑통닭-상암점,손님,알싸한 마늘치킨/1(사이즈 선택(Size Up)),치킨은 진짜 맛있어요근데 배달이 너무너무 늦고요치킨 봉투가 열려있어서 찜찜합니다,3,5,4,1,2020년 4월 4일
136,치킨,마포구 상암동,노랑통닭-상암점,sh**님,알싸한 마늘치킨/1(사이즈 선택(Size Up)),소스는 따로 주셔서 너무 맛있게 먹었어요,5,5,5,5,2020년 4월 3일
137,치킨,마포구 상암동,노랑통닭-상암점,ke**님,매콤 후라이드 치-킨/1(뼈or순살 선택(순살)),적당히 매콤한 튀김옷이다보니 어린이들두 잘먹네요질리지않고 끝까지 다먹은 유일한 치킨이었어요,5,5,5,5,2020년 4월 3일
138,치킨,마포구 상암동,노랑통닭-상암점,do**님,알싸한 마늘치킨/1(사이즈 선택(Size Up)),완전맛있었어요 근데 매번 사이즈업시켰었는데 오늘은 양이좀 적은거같았어요,5,5,4,5,2020년 4월 3일
139,치킨,마포구 상암동,노랑통닭-상암점,go**님,엄청 큰 후라이드 치-킨/1(뼈or순살 선택(뼈)),오늘 아주 맛있었어요 배달도 빨랐어요,5,5,5,5,2020년 4월 2일
140,치킨,마포구 상암동,노랑통닭-상암점,ar**님,순살3종셋-트/1(추가 선택(파 추가)),노랑통닭이야 어디든 표준의 맛은 해주니까 만족할 만 합니다 근데 코로나 때문인가요 배달기사님께 전화가 오더니 대뜸 층으로 내려오라네요  가타부타 설명도 없이 그냥 친절하게 말씀해 주시면 될 듯 한데,4,5,4,3,2020년 4월 1일
141,치킨,마포구 상암동,노랑통닭-상암점,ii**님,"순살3종셋-트/1,똥집감자튀김/1",잘받았습니다 배달도 빨리왓어요,5,5,5,5,2020년 3월 29일
142,치킨,마포구 상암동,노랑통닭-상암점,gl**님,"엄청 큰 반반 치-킨/1(뼈or순살 선택(뼈),맛 선택(후라이드＋깐풍))",노랑통닭 맛있습니다 우리 아이들이 순삭해버렸어요,5,5,4,5,2020년 3월 28일
143,치킨,마포구 상암동,노랑통닭-상암점,so**님,순살3종셋-트/1,양도 많고 맛있네요 다음에 또 주문할께요,5,4,4,4,2020년 3월 28일
144,치킨,마포구 상암동,노랑통닭-상암점,al**님,순살3종셋-트/1,아이랑 먹을려구 반반 시켰는데 너무 잘먹네요,5,5,5,5,2020년 3월 28일
145,치킨,마포구 상암동,노랑통닭-상암점,vn**님,"엄청 큰 반반 치-킨/1(뼈or순살 선택(뼈),맛 선택(후라이드＋깐풍))",기름을 안갈은건지 태운건지늘 시켜먹던곳이랑 치킨 색부터가 다르고 퍽퍽하고 겉은 딱딱하고 별로였어요,1,3,5,4,2020년 3월 28일
146,치킨,마포구 상암동,노랑통닭-상암점,ji**님,"엄청 큰 반반 치-킨/1(뼈or순살 선택(순살),맛 선택(후라이드＋양념))",배달은 엉뚱한데 갔다 늦게 와서 치킨눅눅하고 순살인데 뼈갖다주고 구림,1,2,4,1,2020년 3월 27일
147,치킨,마포구 상암동,노랑통닭-상암점,do**님,알싸한 마늘치킨/1(사이즈 선택(Size Up)),엄청맛있었어요 저번에 처음 먹어보고나서 넘맛있어서 또 시켰는데 주문폭주로 취소  한번은일찍마감이시라 주문못하구 오늘아예일찍시켰어요 ,5,5,5,5,2020년 3월 26일
148,치킨,마포구 상암동,노랑통닭-상암점,ze**님,순살3종셋-트/1(추가 선택(파 추가)),처음 먹어보는데 맛있네요 아이들이 후라이드 순살이 맛있었는지 양이 부족했나봐요 더 달라 아우성이었네요  다음엔 후라이드순살만 넉넉하게 주문해볼께요 ,5,5,5,5,2020년 3월 26일
149,치킨,마포구 상암동,노랑통닭-상암점,pe**님,알싸한 마늘치킨/1(사이즈 선택(Size Up)),지금 아주 잘 먹고 있어요,5,5,5,5,2020년 3월 25일
150,치킨,마포구 상암동,노랑통닭-상암점,be**님,알싸한 마늘치킨/1(사이즈 선택(Size Up)),맛있어요 양은 적당한듯하고 배달은 예상보다 빨라서 좋았어요,5,5,3,4,2020년 3월 25일
151,치킨,마포구 상암동,노랑통닭-상암점,on**님,알싸한 마늘치킨/1(사이즈 선택(Size Up)),알싸한 마늘치킨 정말 맛있게 먹었습니다 마늘소스 짱,5,5,5,5,2020년 3월 24일
152,치킨,마포구 상암동,노랑통닭-상암점,ai**님,"엄청 큰 반반 치-킨/1(뼈or순살 선택(뼈),맛 선택(후라이드＋깐풍))",행복한 맛이에요 낮에 먹으니까 더 맛있어요,4,4,4,3,2020년 3월 24일
153,치킨,마포구 상암동,노랑통닭-상암점,ys**님,"엄청 큰 반반 치-킨/1(뼈or순살 선택(순살),맛 선택(후라이드＋양념))",노랑통닭은 역시 순살이죠 양념 후라이드 둘다 맛난데 후라이드가 바삭바삭하고 카레맛나서 더좋아여,5,5,5,5,2020년 3월 24일
154,치킨,마포구 상암동,노랑통닭-상암점,ke**님,순살3종셋-트/1,노통 맛있음 배달 아주 빠르게     ,5,5,5,5,2020년 3월 23일
155,치킨,마포구 상암동,노랑통닭-상암점,do**님,순살3종셋-트/1,잘먹었습니다 종세트 맛있네요 다음에 주문할게요,4,4,4,4,2020년 3월 23일
156,치킨,마포구 상암동,노랑통닭-상암점,손님,알싸한 마늘치킨/1(사이즈 선택(Regular)),튀김 부스러기가 많고 양이 적었음,3,4,3,4,2020년 3월 23일
157,치킨,마포구 상암동,노랑통닭-상암점,yo**님,"순살3종셋-트/1,눈꽃 치즈 떡볶이/1",여기 그냥 시키면 안와요 먹고싶은 시간 세시간 전에 전화하시면 딱 알맞아요,1,1,1,1,2020년 3월 22일
158,치킨,마포구 상암동,노랑통닭-상암점,손님,순살3종셋-트/1,노랑통닭하면 양도 많고 맛있잖아요 순살종세트는 닭을 좋아하는 저희 식구들에게는 부족한 느낌이 가득한 양이였습니다 그래서 다음엔 한마리 더주문하려고요 잘먹었습니다,3,4,3,4,2020년 3월 19일
159,치킨,마포구 상암동,노랑통닭-상암점,so**님,알싸한 마늘치킨/1(사이즈 선택(Size Up)),양은 명이 먹기에 적당했고 소스가 정말 맛있어요 다음에 또 주문할게요,5,5,4,5,2020년 3월 19일
160,치킨,마포구 상암동,노랑통닭-상암점,so**님,"순살3종셋-트/1,눈꽃 치즈 떡볶이/1,노랑치즈볼（5개）/1",노랑통닭 넘나 맛있는것 쵝오의 조합이예요 순살 종  치즈볼  떡볶이 시켰는데 맛이 감동이예요 ,5,5,4,4,2020년 3월 15일
161,치킨,마포구 상암동,노랑통닭-상암점,do**님,"알싸한 마늘치킨/1(사이즈 선택(Size Up)),노랑치즈볼（5개）/1",처음먹어봤는데 소스짱맛 강추합니다,5,5,5,5,2020년 3월 14일
162,치킨,마포구 상암동,노랑통닭-상암점,dd**님,"엄청 큰 반반 치-킨/1(뼈or순살 선택(순살),맛 선택(후라이드＋깐풍))",언제나처럼 맛나네요 감사합니다,5,5,5,5,2020년 3월 13일
163,치킨,마포구 상암동,노랑통닭-상암점,hw**님,"순살3종셋-트/1,엄청 큰 반반 치-킨/1(뼈or순살 선택(뼈),맛 선택(후라이드＋양념))",다 맛있는데 빠삭한게 없어서 좀 아쉽네요 다음에는 후라이드로 주문하고 양념을 따로 가져와서 먹어야 되겠어요 그래도 맛있게 잘 먹을께요,4,4,5,5,2020년 3월 6일
164,치킨,마포구 상암동,노랑통닭-상암점,dl**님,"엄청 큰 반반 치-킨/1(뼈or순살 선택(뼈),맛 선택(후라이드＋양념))",양이 너무많아서 진짜 끊임없이 먹었습니다 행복쓰 양념이 더맛있었던듯 많이파세용,5,5,5,5,2020년 3월 3일
165,치킨,마포구 상암동,노랑통닭-상암점,ya**님,순살3종셋-트/1,많이 눅눅하네요 아쉽습니다,3,2,4,3,2020년 2월 24일
166,치킨,마포구 상암동,노랑통닭-상암점,dz**님,순살3종셋-트/1,배달도 빠르고 맛있스빈다 ,5,5,5,5,2020년 2월 15일
167,치킨,마포구 상암동,노랑통닭-상암점,fo**님,"엄청 큰 반반 치-킨/1(뼈or순살 선택(뼈),맛 선택(후라이드＋양념)),눈꽃 치즈 떡볶이/1",뼈로 처음 시켜 봤는데 다음 부터 시키게 된다면 그냥 순살로 시키려구요 병아리 수준 인 닭을 잡아서 먹기 미안할 정도 였습니다 토막난 부위도 뼈가 날카롭게 그냥 남아 있어서 먹다가 입도 찔렸구요,5,5,3,5,2020년 2월 15일
168,치킨,마포구 상암동,노랑통닭-상암점,sh**님,"엄청 큰 반반 치-킨/1(뼈or순살 선택(순살),맛 선택(후라이드＋양념))",아이들이 노랑통닭 순살만좋아해요,5,4,4,3,2020년 2월 11일
169,치킨,마포구 상암동,노랑통닭-상암점,gu**님,엄청 큰 후라이드 치-킨/1(뼈or순살 선택(순살)),바삭바삭 푸짐한 후라이드 치킨이네요,5,4,5,5,2020년 2월 10일
170,치킨,마포구 상암동,노랑통닭-상암점,ky**님,순살3종셋-트/1,자주 시켜 먹다가 오랫만에 주문을 했더니 맛이 예전 같지가 않네요영롱한 노란빛의 바삭한 후라이드였었는데 기름지고양도 적어졌구요 아쉽네요,4,3,4,5,2020년 2월 2일
171,치킨,마포구 상암동,노랑통닭-상암점,ju**님,엄청 큰 후라이드 치-킨/1(뼈or순살 선택(순살)),다식어서 도착 했는데 원래 친킨무를 이렇게 비닐에 싸서 보내는지 치킨도 다 식어서인지 기름만 가득하고 최악,1,2,3,1,2020년 2월 1일
172,치킨,마포구 상암동,노랑통닭-상암점,sd**님,"엄청 큰 양념 치-킨/1(뼈or순살 선택(순살)),노랑 봉투 감자/1",음 일단 시킨게 아닌 다른게 왔구요 음 후라이드 너무 별로 왜냐면 안 시켰는데 왔거든요 늦은 시간이라 귀찮아서 연락 안 하고 그냥 먹었는데 별로 감자는 그럭저럭 양념은 평범했습니다 장사 번창하세요 화이팅,1,1,3,5,2020년 1월 21일
173,치킨,마포구 상암동,노랑통닭-상암점,se**님,"엄청 큰 반반 치-킨/1(뼈or순살 선택(순살),맛 선택(양념＋깐풍))",평일 저녁에 배달시켰는데 예상시간보다 분 더 늦게 오네요 총 시간 분 걸렸습니다 젓가락도 안 넣어주셨네요,3,5,4,1,2020년 1월 20일
174,치킨,마포구 상암동,노랑통닭-상암점,19**님,"엄청 큰 반반 치-킨/1(뼈or순살 선택(순살),맛 선택(후라이드＋깐풍),추가 선택(파 추가))",잘 받았습니다 노랑통닭 처음인데 맛있네요,4,4,4,4,2020년 1월 18일
175,치킨,마포구 상암동,노랑통닭-상암점,x8**님,"엄청 큰 반반 치-킨/1(뼈or순살 선택(순살),맛 선택(후라이드＋깐풍))",별로입니다배달은 빨라요,1,1,1,4,2020년 1월 15일
176,치킨,마포구 상암동,노랑통닭-상암점,kt**님,순살3종셋-트/1(추가 선택(파 추가)),양은 가격에 비해 많다는 느낌은 아니였고 배송과 맛은 괜찮았습니다 수고하셨습니다,4,4,3,5,2020년 1월 8일
177,치킨,마포구 상암동,노랑통닭-상암점,손님,"엄청 큰 반반 치-킨/1(뼈or순살 선택(순살),맛 선택(후라이드＋깐풍))",저주 시켜먹는데 먹을때마다 맛있네요,5,5,5,5,2020년 1월 5일
178,치킨,마포구 상암동,노랑통닭-상암점,손님,엄청 큰 양념 치-킨/1(뼈or순살 선택(순살)),순살 시키면 일반 보다 양이 확실히 적은데 양이 많아서 좋습니다 누나랑 둘이 먹다 다 못먹고 다음날에 또 먹었습니다 다른곳 보다짜지 않아서 좋네요 굳이 단점을 따지자면 제 입맛에는 좀 달긴 합니다,5,5,5,5,2020년 1월 5일
179,치킨,마포구 상암동,노랑통닭-상암점,ge**님,엄청 큰 후라이드 치-킨/1(뼈or순살 선택(순살)),참 맛잇게 먹으면서도 짜증나네요 자기들이 감당안될거같으면 미리 가게를 내려놓던가 주문하니깐 취소해놓고 가게 내리는건 도대체 무슨 의미인가 싶어요 못할거 같으면 차라리 망원점에서 상암까지 배달되게 해주던가,1,5,5,5,2020년 1월 1일
180,치킨,마포구 상암동,노랑통닭-상암점,손님,"순살3종셋-트/1,눈꽃 치즈 떡볶이/1",순살 종에 떡볶이 먹었어요 명이 먹기에 적당한 양이었어요,5,4,4,3,2020년 1월 1일
181,치킨,마포구 상암동,노랑통닭-상암점,dj**님,"엄청 큰 반반 치-킨/1(뼈or순살 선택(뼈),맛 선택(후라이드＋양념)),노랑 봉투 감자/1",배달도 빠르고 맛도있어요,4,5,4,4,2019년 12월 27일
182,치킨,마포구 상암동,노랑통닭-상암점,ja**님,엄청 큰 후라이드 치-킨/1(뼈or순살 선택(뼈)),바싹한것은 좋은데 부스러기가 너무많아 비쥬얼이 먹다남은게 오아보낸것같은게,1,1,1,1,2019년 12월 23일
183,치킨,마포구 상암동,노랑통닭-상암점,dd**님,"엄청 큰 반반 치-킨/1(뼈or순살 선택(순살),맛 선택(후라이드＋깐풍))",언제가 기대만큼 맛나다,5,5,5,5,2019년 12월 22일
184,치킨,마포구 상암동,노랑통닭-상암점,do**님,엄청 큰 후라이드 치-킨/1(뼈or순살 선택(뼈)),오랜만에 시켰는데 맛있게 잘먹었습니다,5,5,5,5,2019년 12월 13일
185,치킨,마포구 상암동,노랑통닭-상암점,oo**님,엄청 큰 후라이드 치-킨/1(뼈or순살 선택(뼈)),급하게 먹느라 사진을 못찍었네요 처음으로 시켜봤는데 하나도 안식구 아주 따뜻하고 양도 엄청 많아서 신랑이 몇개 시켰냐고 했네요  너무 맛있어용,5,5,5,5,2019년 12월 13일
186,치킨,마포구 상암동,노랑통닭-상암점,yo**님,엄청 큰 후라이드 치-킨/1(뼈or순살 선택(뼈)),양 많아요 남을 정도로요,5,4,5,4,2019년 12월 11일
187,치킨,마포구 상암동,노랑통닭-상암점,a9**님,엄청큰후라이드치킨/1(뼈or순살 선택(뼈)),진짜 양도 많고 완전 맛있었어요 술 안주로 딱인거 같습니다,5,5,5,4,2018년 12월 20일
188,치킨,마포구 상암동,노랑통닭-상암점,ha**님,"웰빙파닭/1(뼈or순살 선택(순살),맛 선택(후라이드＋양념))",맛은 좋은데 후라이드에 튀김부스러기가 없어서 아쉽네요 ,5,5,5,5,2018년 12월 13일
189,치킨,마포구 상암동,노랑통닭-상암점,ho**님,순살3종셋트/1,배달이 좀 늦고 많이 딱딱 했습니다 아쉽네요,5,3,5,3,2018년 12월 5일
190,치킨,마포구 상암동,노랑통닭-상암점,ge**님,순살3종셋트/1,원래 후라이드의 양의 절반정도네요  양념이랑 깐풍기가 양이 많아진거면 모를까 그냥 후라이드 반토막내서 주시는건 도대체 뭡니까 항상 시켜먹고 좋아하는데 이런경우는 참 황당하네요,2,4,1,5,2018년 11월 25일
191,치킨,마포구 상암동,노랑통닭-상암점,손님,"엄청큰반반치킨/1(뼈or순살 선택(뼈),맛 선택(후라이드＋양념))",생각보다 맛이 별루였어요 전에 다른데서 노랑통닭 먹었을땐 맛났는데 이상하게 이번엔 닭냄새도나고 양념은 매콤해서 좋아요,3,3,5,5,2018년 11월 23일
192,치킨,마포구 상암동,노랑통닭-상암점,wa**님,"엄청큰반반치킨/1(뼈or순살 선택(뼈),맛 선택(후라이드＋깐풍))",바삭해서 맛있게 먹었습니다 후라이드도 맛있는데 깐풍도 맛있네요,4,4,5,4,2018년 11월 20일
193,치킨,마포구 상암동,노랑통닭-상암점,손님,"순살3종셋트/1,파추가/1",마시써요오 자주 먹을거에영배달 하시는 분도 친절하세용,5,5,5,5,2018년 10월 30일
194,치킨,마포구 상암동,노랑통닭-상암점,so**님,순살3종셋트/1,언제나 잘 먹고 있습니다,4,4,4,4,2018년 10월 23일
195,치킨,마포구 상암동,노랑통닭-상암점,yu**님,순살3종셋트/1,노란통닭은 늘 실망을 시키지 않아요,5,5,5,5,2018년 10월 6일
196,치킨,마포구 상암동,노랑통닭-상암점,손님,"엄청큰반반치킨/1(뼈or순살 선택(순살),맛 선택(후라이드＋양념))",걍 맛있어요쓸필요도 없는 노총,5,5,5,5,2018년 10월 3일
197,치킨,마포구 상암동,노랑통닭-상암점,손님,엄청큰후라이드치킨/1(뼈or순살 선택(뼈)),즐겨먹는 노통기름기없어 맛있어요,5,5,5,5,2018년 10월 3일
198,치킨,마포구 상암동,노랑통닭-상암점,hs**님,"엄청큰반반치킨/1(뼈or순살 선택(뼈),맛 선택(후라이드＋양념)),즉석치즈떡볶이/1",치즈떡볶이에치즈는없고 배달은 시간분만에오고 닭은 다식어서버리고 뭡니까이렇게장사합지맙시다,1,1,1,1,2018년 9월 30일
199,치킨,마포구 상암동,노랑통닭-상암점,손님,엄청큰후라이드치킨/1(뼈or순살 선택(뼈)),늘 맛있게 먹는 노랑통닭 후라이드,5,5,5,5,2018년 9월 10일
200,치킨,마포구 상암동,노랑통닭-상암점,be**님,"엄청큰반반치킨/1(뼈or순살 선택(뼈),맛 선택(양념＋깐풍)),똥집감자튀김/1",노랑통닭 순헌맛이네요 음근대알러지가 올라오는게저는 피해야겠네요,4,4,4,5,2018년 9월 2일
201,치킨,마포구 상암동,노랑통닭-상암점,wj**님,"엄청큰반반치킨/1(뼈or순살 선택(순살),맛 선택(후라이드＋양념))",오늘 축구볼려고 시분쯤에 시켰는데 시간분 요소된다고 기다리고 있었음 근데 시간이 지나도 배달이 오지 않아 전화를 했더니 좀있음 배달 시작을 한다고 함 그래서 또 기다렸더니 분을 지나도 오지 않아 다시전화함 똑같은 직원이 전화를 받았지만 처음듣는 소리같이 다시 확인해본뒤 배달출발 지금 시작한다고 분 기다리라고 함 분뒤 아주 따뜻한 치킨이 옴 내가 옛날부터 노랑통닭 좋아하고 많이 시켜먹고 그랬는데 아무리 바쁘다고 해도 타 치킨브랜드에 비해 배달이 너무 늦음 조금 많이 배신감을 느낌 그래도 맛은 있음,1,4,4,1,2018년 9월 1일
202,치킨,마포구 상암동,노랑통닭-상암점,ge**님,순살3종셋트/1,요즘 시킬때마다 배달 형편없었는데 오늘은 괜찮네요 앞으로도 잘부탁드립니다,5,5,5,5,2018년 8월 28일
203,치킨,마포구 상암동,노랑통닭-상암점,손님,순살3종셋트/1,맛있어요 양념하고 깐풍도 맛있었어요,5,5,5,5,2018년 8월 26일
204,치킨,마포구 상암동,노랑통닭-상암점,sd**님,순살3종셋트/1,맛있습니다 배달시간도 정확하고요 가격이 아쉬워서 별 한개 뺏어요,5,5,4,5,2018년 8월 23일
205,치킨,마포구 상암동,노랑통닭-상암점,손님,"엄청큰반반치킨/1(뼈or순살 선택(순살),맛 선택(후라이드＋양념))",예정시간 반이 골리네요 양은 원래 혜자치킨인건 알고 있었고 기본메뉴인데도 넘 맛있어요 남자 명이서 배터지게 먹었어요,5,4,5,5,2018년 8월 18일
206,치킨,마포구 상암동,노랑통닭-상암점,ad**님,순살3종셋트/1,배달이 시간 반엄게 걸렸어요 맛있다는 얘기듣고 기대하고 시켰는데 생각보다 별로 닭조각이 너무 크고 매운맛은 너무 강하네요,2,3,2,1,2018년 8월 16일
207,치킨,마포구 상암동,노랑통닭-상암점,ge**님,순살3종셋트/1,다 좋았는데 배달할때 상자위에 콜라를 두셔서 물에 젖어있고 안에 치킨은 뒤죽박죽좀 짜증났습니다,5,5,5,1,2018년 8월 14일
208,치킨,마포구 상암동,노랑통닭-상암점,손님,"엄청큰반반치킨/1(뼈or순살 선택(뼈),맛 선택(후라이드＋양념))",기대이하였음 그냥 그럼 잔뼈가 너무 많음,1,2,3,2,2018년 8월 14일
209,치킨,마포구 상암동,노랑통닭-상암점,in**님,순살3종셋트/1,순살종 기대에는 못미쳤어요,3,3,5,5,2018년 8월 14일
210,치킨,마포구 상암동,노랑통닭-상암점,손님,순살3종셋트/1,치킨진짜 빠삭해요 양도 많고 콜라도 미리 주심,4,5,5,5,2018년 8월 5일
211,치킨,마포구 상암동,노랑통닭-상암점,ge**님,순살3종셋트/1,맛있는 야식됬습니다감사합니다,5,5,5,5,2018년 7월 17일
212,치킨,마포구 상암동,노랑통닭-상암점,ge**님,순살3종셋트/1,갑자기 양이 줄어든거 같아서 실망입니다  맛은 항상최고,5,5,2,5,2018년 7월 16일
213,치킨,마포구 상암동,노랑통닭-상암점,손님,순살3종셋트/1,헤헤맨날먹음스먹어요다들,5,5,5,5,2018년 7월 16일
214,치킨,마포구 상암동,노랑통닭-상암점,em**님,순살3종셋트/1,양은 샹각보다 적었지만 육질도 부두럽고 너무 맛있게 잘먹었습니다 ,5,5,3,4,2018년 7월 13일
215,치킨,마포구 상암동,노랑통닭-상암점,손님,순살3종셋트/1,맛있어요 가성비짱입니당,5,5,5,5,2018년 7월 8일
216,치킨,마포구 상암동,노랑통닭-상암점,손님,"엄청큰반반치킨/1(뼈or순살 선택(순살),맛 선택(후라이드＋깐풍)),똥집감자튀김/1",배달시간이 좀 걸리기는 했지만 맛있었습니다,4,5,5,4,2018년 7월 7일
217,치킨,마포구 상암동,노랑통닭-상암점,손님,순살3종셋트/1,예상 소요시간 분 실제 도착시간 분 매장에서 집까지 분도 안걸리는거리,3,4,4,1,2018년 7월 7일
218,치킨,마포구 상암동,노랑통닭-상암점,손님,"순살3종셋트/1,웰빙파닭/1(뼈or순살 선택(순살),맛 선택(후라이드＋깐풍)),노랑봉투감자/1,즉석치즈떡볶이/1,부산어묵탕/1,후라이드 반마리（순살）/1",맛있게 먹었어요 근데 파닭 포장은 원래 따로따로 주는 건가보네요 그리고 그거 종세트가 한 상자에 나오는 줄 알았더니 아니네요 포장 외에는 만족했습니다,4,4,4,3,2018년 7월 1일
219,치킨,마포구 상암동,노랑통닭-상암점,손님,순살3종셋트/1,맛있습니다 양도 많고요,5,5,5,5,2018년 6월 29일
220,치킨,마포구 상암동,노랑통닭-상암점,ge**님,순살3종셋트/1,노랑통닭은 역시 종셋트,5,5,5,5,2018년 6월 22일
221,치킨,마포구 상암동,노랑통닭-상암점,손님,"엄청큰반반치킨/1(뼈or순살 선택(뼈),맛 선택(후라이드＋깐풍))",항상 찿아먹는 노랭이 맛 좋아요,5,5,5,5,2018년 6월 15일
222,치킨,마포구 상암동,노랑통닭-상암점,손님,엄청큰후라이드치킨/1(뼈or순살 선택(순살)),후라이드 항상 맛있어요,5,5,5,5,2018년 6월 10일
223,치킨,마포구 상암동,노랑통닭-상암점,손님,엄청큰후라이드치킨/1(뼈or순살 선택(순살)),늘 엄청큰 후라이드 잘먹고 있습니다 배달도 친절하구요 예전보다 살짝 양이준거 같은건 느낌이겠죵 무튼 맛있습니다 바삭바삭,4,4,4,4,2018년 6월 4일
224,치킨,마포구 상암동,노랑통닭-상암점,손님,,치킨이 다 식어서 왔네요 그리고 양이 원래보다 작아진 거 같네요,3,3,2,2,2018년 6월 2일
225,치킨,마포구 상암동,노랑통닭-상암점,ge**님,엄청큰후라이드치킨/1(뼈or순살 선택(순살)),오랜만에 맛있게 먹었습니다,5,5,5,5,2018년 5월 26일
226,치킨,마포구 상암동,노랑통닭-상암점,손님,순살3종셋트/1,양도 푸짐하고 맛있는데 배달료 원 받는 거 아쉬워요 쿠폰 주시는 건 없어진건가요,4,4,4,3,2018년 5월 12일
227,치킨,마포구 상암동,노랑통닭-상암점,wa**님,,치킨 맛납니다 떡볶이도요,5,5,5,5,2018년 5월 11일
228,치킨,마포구 상암동,노랑통닭-상암점,qw**님,"순살3종셋트/1,똥집감자튀김/1",배달비 안받는줄알고 주문했는데 배달오셔서 천원달라하시니 날강도같네요 차라리 걍 첨부터 배달비 써두고 받으세요,2,2,3,1,2018년 5월 7일
229,치킨,마포구 상암동,노랑통닭-상암점,be**님,"엄청큰반반치킨/1(뼈or순살 선택(순살),맛 선택(양념＋깐풍)),깐풍똥집/1",뜨거운 튀깁음식이다 보니 어쩔수없는 눅눅함 본점부터 여러지점의 노랑통닭을 먹었지만 지점마다 양과 맛이 조금씩은 차이가 있나봄 하지만 역시 이름값하며 기본적으로 맛은 있음 배달비 원적혀있진 않았지만 지불함주문하실때 참조바람,4,4,4,4,2018년 5월 6일
