﻿,Category,Location,Restaurant,UserID,Menu,Review,Total,Taste,Quantity,Delivery,Date
0,치킨,마포구 상암동,누구나홀딱반한닭-망원역점,so**님,"후레쉬쌈닭/1(▶미니메뉴(치빵치킨샐러드),▶음료변경(서비스음료를 콜라 1.25L 변경)),치빔면/1",닭과샐러드는 너무 맛있게 잘먹었습니다 아쉬운점이 있다면 국수가 떡이되어 덩어리가되어있어 먹지를 못하고 버렸습니다 담부터 국수가퍼지지않게 신경을 쓰셔야 할것같습니다 더우신데 건강챙기면서 하세요,5,4,5,5,2일 전
1,치킨,마포구 상암동,누구나홀딱반한닭-망원역점,my**님,바베큐쌈닭/1(▶음료변경(서비스음료를 콜라 1.25L 변경)),요즘 이거만 시켜먹어요  강추,5,5,5,5,2021년 6월 15일
2,치킨,마포구 상암동,누구나홀딱반한닭-망원역점,so**님,"후레쉬쌈닭/1(▶음료변경(서비스음료를 콜라 1.25L 변경)),바베큐쌈닭/1",사진을 못 찍었네요 바베큐가 너무 맛있었습니다 수고하세요,5,5,5,5,2021년 6월 1일
3,치킨,마포구 상암동,누구나홀딱반한닭-망원역점,ik**님,"후레쉬쌈닭/1(▶쌈추가(쌈무추가),▶미니메뉴(오다리튀김)),미안한포테이토/1",배달도 빠르고 맛나게 먹었어요,5,5,5,5,2021년 5월 28일
4,치킨,마포구 상암동,누구나홀딱반한닭-망원역점,my**님,바베큐쌈닭/1,아주 맛나요 자주 먹을듯 ,5,5,5,5,2021년 5월 25일
5,치킨,마포구 상암동,누구나홀딱반한닭-망원역점,bl**님,후레쉬쌈닭/1(▶미니메뉴(코코넛쉬림프&깡)),쌈을 싸먹으니깜 더 단백하고 맛있는거같아요 또 주문할께요,5,5,5,5,2021년 5월 23일
6,치킨,마포구 상암동,누구나홀딱반한닭-망원역점,pi**님,바베큐쌈닭/1,바베큐이니까 조금 매콤합니다 소스가 다양하고 야채 많이 주셔서 좋아요,5,5,5,5,2021년 5월 14일
7,치킨,마포구 상암동,누구나홀딱반한닭-망원역점,ka**님,"후레쉬쌈닭/1(▶쌈추가(후레쉬쌈닭 야채추가,또띠아 추가))",비대면인데 계속 직접전달하려고 기다리고 계시고 가격대비 양은 많지않아요,3,3,3,1,2021년 5월 8일
8,치킨,마포구 상암동,누구나홀딱반한닭-망원역점,vi**님,"시실리안 치킨퀘사디아/1,오다리튀김/1,생맥주1000/1,처음처럼/1",재주문 의사 프로입니다,5,5,5,5,2021년 5월 6일
9,치킨,마포구 상암동,누구나홀딱반한닭-망원역점,ms**님,"후레쉬쌈닭/1(▶미니메뉴(체다 치즈볼),▶소스추가(레드소스,칠리소스,콘샐러드 추가))",넘맛있어요다이어트에최고,5,5,5,5,2021년 5월 6일
10,치킨,마포구 상암동,누구나홀딱반한닭-망원역점,pi**님,후레쉬쌈닭/1,치킨 시키고 차은우 카드도 받네요 보면서 먹으니까 두배 더 맛있었어요 ,5,5,5,5,2021년 4월 28일
11,치킨,마포구 상암동,누구나홀딱반한닭-망원역점,tl**님,"후레쉬쌈닭/1(▶쌈추가(후레쉬쌈닭 야채추가)),생맥주1000/1",야채추가가 쪼매 아쉽지만 맛나게 잘먹었습니다,5,5,5,5,2021년 4월 25일
12,치킨,마포구 상암동,누구나홀딱반한닭-망원역점,hh**님,바베큐쌈닭/1(▶쌈추가(깻잎추가)),맛있는데 야채가 넘 부족해요 샐러드가 파채위주라 아쉬워요,4,5,4,5,2021년 4월 16일
13,치킨,마포구 상암동,누구나홀딱반한닭-망원역점,pi**님,후레쉬쌈닭/1,맛있어요 야채 다양한 색깔이라 보기 좋네요 ,5,5,4,5,2021년 3월 5일
14,치킨,마포구 상암동,누구나홀딱반한닭-망원역점,my**님,순살양념반반치킨（순살바사칸닭 반＋순살양념 반）/1,맛있어요 다음엔 쌈닭 먹어볼게요,5,5,5,5,2021년 2월 14일
15,치킨,마포구 상암동,누구나홀딱반한닭-망원역점,wl**님,순살달콤허니치킨/1,오늘은 양도 적고 고기가 으깨져있네요눅눅하고 몇개 드신줄 알았네요원래 안이랬는데 좀 그렇네요 오늘은고기굽는분이 바뀌신건지,1,1,1,5,2021년 2월 9일
16,치킨,마포구 상암동,누구나홀딱반한닭-망원역점,hn**님,바베큐쌈닭/1(▶미니메뉴(똥집강정)),오우 정말 맛나네요 살사소스가 무지하게 맛낳어요  매운소스는 먹지못햏어요 많이 매워서  담에 또 시킬게오,5,5,5,5,2021년 2월 4일
17,치킨,마포구 상암동,누구나홀딱반한닭-망원역점,go**님,후레쉬쌈닭/1,맛있어요 또 시켜먹을거같아요,5,5,3,5,2021년 2월 2일
18,치킨,마포구 상암동,누구나홀딱반한닭-망원역점,wl**님,순살달콤허니치킨/1,역시 자주 먹는곳이 젤 편하네요 매주 시켜먹는데 이제 단골인가요,5,5,5,5,2021년 1월 28일
19,치킨,마포구 상암동,누구나홀딱반한닭-망원역점,wl**님,순살달콤허니치킨/1,허니 순살 시켰는데 마늘갈릭이 와서 당황했었네요전화해보니 다시 해드린다길래 또 당황했어요 그래도 늘 찾던곳이라 항상 감사드립니다 요즘 시국이 이래서 힘드실텐데 응원합니다 ,5,5,5,5,2021년 1월 17일
20,치킨,마포구 상암동,누구나홀딱반한닭-망원역점,wl**님,순살달콤허니치킨/1(▶소스추가(땡초소스)),역시 가게에서 먹던 집에서 먹던 존맛탱,5,5,5,5,2020년 12월 14일
21,치킨,마포구 상암동,누구나홀딱반한닭-망원역점,sh**님,"후레쉬쌈닭/1(▶쌈추가(쌈무추가,후레쉬쌈닭 야채추가),▶음료변경(서비스음료를 콜라 1.25l 변경))",너어무 맛있었어요 야채들도 같이 오는게 진짜 맘에 들더라구요 치킨 먹으면 항상 속이 더부룩했는데 야채랑 쌈쓰서 먹으니까 그런거 하나 없고 넘 깔끔하게 잘 먹었습니당  또 시킬거에요,5,5,5,5,2020년 12월 3일
22,치킨,마포구 상암동,누구나홀딱반한닭-망원역점,do**님,바베큐쌈닭/1,헐오자마자 순삭하느라 사진을 못찍음 바베큐라 양이 작게 느껴짐 그래도 야채와 쌈맛남,5,5,4,5,2020년 11월 5일
23,치킨,마포구 상암동,누구나홀딱반한닭-망원역점,jo**님,바사칸닭 뼈/1,배달시켜서 먹어도 맛있는 같은 맛이네요 앞으로도 좋은재료로 맛있는 닭 부탁드려요,5,5,4,4,2020년 8월 23일
24,치킨,마포구 상암동,누구나홀딱반한닭-망원역점,ko**님,후레쉬쌈닭/1,맛도 양도 배달시간도 전부 만족 입니다,5,5,5,5,2020년 8월 18일
25,치킨,마포구 상암동,누구나홀딱반한닭-망원역점,ki**님,후레쉬쌈닭/1(추가선택(또띠아 추가)),아 사장님 죄송하네요 지난번 바비큐맛을 먹고 리뷰도 같이 먹어버렸어요 오늘은 후레쉬하게 먹어보려 했는데  다만 양이 부족해요 고기 양 추가 같은 메뉴가 있다면 무조건 추가할께요 너무 맛있게 잘 먹었어요 다음에 다른거 또 먹을께요,5,5,3,5,2020년 8월 17일
26,치킨,마포구 상암동,누구나홀딱반한닭-망원역점,손님,파닥파닭/1,닭고기는 따뜻하게 야채는 신선하고 정갈하게 손질되서 와서 자주 이용하고 있어요,4,4,3,4,2020년 6월 8일
27,치킨,마포구 상암동,누구나홀딱반한닭-망원역점,jr**님,후레쉬쌈닭/1,맛있게 너무 잘먹었습니다,5,5,5,5,2020년 6월 4일
28,치킨,마포구 상암동,누구나홀딱반한닭-망원역점,mo**님,"바삭이 먹태/1,치즈볼（5개）/1",오늘은 좀 덜 바삭해서 아쉬웠어요,5,5,5,5,2020년 6월 2일
29,치킨,마포구 상암동,누구나홀딱반한닭-망원역점,mo**님,"코코넛쉬림프 새우머리튀김/1,바삭이 먹태/1",와 먹태랑 소스 넘 맛있어요,5,5,5,5,2020년 5월 9일
30,치킨,마포구 상암동,누구나홀딱반한닭-망원역점,lo**님,"후레쉬쌈닭/1,오다리튀김/1",맛있게잘먹었어요 야채가조금더많았으면하긴했지만아이들도잘먹어서즐거운시간보냈어요,4,3,3,3,2020년 5월 8일
31,치킨,마포구 상암동,누구나홀딱반한닭-망원역점,ja**님,"후레쉬쌈닭/1(추가선택(땡초소스 추가)),참이슬 후레쉬/1,카스（병）/2",색다르네요 일회용 으로 쓰는 것은 않왔지만 제가 좋아하는 맛에 담에 한번 더 먹고싶네요,5,5,4,5,2020년 3월 29일
32,치킨,마포구 상암동,누구나홀딱반한닭-망원역점,ar**님,쌈닭화이타/1(추가선택(또띠아 추가)),닭을 먹는 새로운 방법이에요 원래 싸먹는걸 좋아하는데 채소와 닭 또띠야 그리고 다양한 소스가 잘 어우러져 색다르고 맛있는 경험 이었습니다,5,5,4,4,2020년 2월 4일
33,치킨,마포구 상암동,누구나홀딱반한닭-망원역점,sw**님,"바베큐맵닭 순살/1(추가선택(소스（갈리치즈＋칠리소스）추가,무 추가))",양이넘적어욘   다른 치킨 집 가격이랑 비교해서,4,4,3,5,2020년 1월 6일
34,치킨,마포구 상암동,누구나홀딱반한닭-망원역점,na**님,바베큐쌈닭/1,어제 먹고 또주문 맛있어요,5,5,5,5,2019년 12월 20일
35,치킨,마포구 상암동,누구나홀딱반한닭-망원역점,na**님,바베큐쌈닭/1,완전 너무 맛나요 두리 먹기엔 모잘라요,5,5,5,5,2019년 12월 20일
36,치킨,마포구 상암동,누구나홀딱반한닭-망원역점,rk**님,후레쉬쌈닭/1,항상 기본은 하는 닭집 맛나요,5,5,5,5,2019년 12월 4일
37,치킨,마포구 상암동,누구나홀딱반한닭-망원역점,ho**님,바베큐쌈닭/1,이름 값 하내요 정말 맛있어요,5,5,4,5,2019년 11월 23일
38,치킨,마포구 상암동,누구나홀딱반한닭-망원역점,ch**님,쌈닭화이타/1,아주 맛있었는데 과카몰리가 왜 얼어서 온건지모르겠어요 원래 얼어서 오는건가요 너무 당황했어요,4,5,5,5,2019년 11월 16일
39,치킨,마포구 상암동,누구나홀딱반한닭-망원역점,j1**님,바베큐쌈닭/1,맛있게 잘먹었습니다 잘먹었습니다,5,5,5,5,2019년 10월 20일
40,치킨,마포구 상암동,누구나홀딱반한닭-망원역점,id**님,후레쉬쌈닭/1(추가선택(포테이토 추가)),배달도 빠르고 맛도 좋고 양도 좋고,5,5,5,5,2019년 10월 16일
41,치킨,마포구 상암동,누구나홀딱반한닭-망원역점,bi**님,후레쉬쌈닭/1,맛은 항상 더할나위 없이 좋아요 가격이 싸진 않은데 배달비까지 좀 부담되긴 한데 요기요 쿠폰이 있어서 잘 시켜먹었네요 여자둘이 넉넉하게 먹을 수 있는 양이에요 맛은 최곱니다,4,5,4,4,2019년 8월 29일
42,치킨,마포구 상암동,누구나홀딱반한닭-망원역점,cj**님,바사칸닭 뼈/1(추가선택(땡초소스 추가)),배달실수가 있었는지 너무 식어서 왔어요 매장에서 먹을때 그 바삭한 식감이 좋아서 시켰는데 식어서 그런지 겉은 조금 딱딱하고 살은 퍽퍽했어요 감자튀김은 눅눅해서 도저히 못먹겠더라구요 기대하고 시켰는데 좀 실망스러웠어요,3,3,5,1,2019년 8월 27일
43,치킨,마포구 상암동,누구나홀딱반한닭-망원역점,손님,바베큐쌈닭/1(추가선택(또띠아 추가)),배송때문에 화가났만 말복이고 정신 없다 하시니 알겠다고 했어요 배송사고 인지 닭이 다 봉지밖으로 나가있었구요  시간 반 기다렸어요 다시 새 닭으로 보내주셨는데 추가한 또띠아도 없고 환불도 못받고 다음번에 챙겨 주신다고 죄송 하다 하셨는데 배송에 신경 써주세요  그리고 기억해 주셨다가 다음번에 또띠아 꼭 부탁 드릴께요 환불도 아니고 내돈 주고 주문 한건데 다음번에 드린다하니 좀 당황 했네요 ,1,1,2,1,2019년 8월 14일
44,치킨,마포구 상암동,누구나홀딱반한닭-망원역점,co**님,바사칸닭 순살/1,맛있었어요 또 시킬거에여,5,5,5,5,2019년 8월 4일
45,치킨,마포구 상암동,누구나홀딱반한닭-망원역점,le**님,후레쉬쌈닭/1,야채랑 싸먹는치킨 맛있네요,3,4,3,2,2019년 7월 29일
46,치킨,마포구 상암동,누구나홀딱반한닭-망원역점,손님,바사칸닭 순살/1(추가선택(포테이토 추가)),베리굿 여전히 맛이요 ,5,5,5,5,2019년 7월 21일
47,치킨,마포구 상암동,누구나홀딱반한닭-망원역점,14**님,후레쉬쌈닭/1,건강에도좋고 맛있어요 대박나세요,5,5,3,5,2019년 7월 17일
48,치킨,마포구 상암동,누구나홀딱반한닭-망원역점,gh**님,바사칸닭 순살/1,아 사장님 무슨일에요너무 맛있어요진짜 양도 적당하고 겉은 바삭하고 속은 촉촉해서 소스랑 찰떡이에요 너무 맛있어서 자주 이용할게요 건강조심하시고 번창하세요,5,5,5,5,2019년 7월 13일
49,치킨,마포구 상암동,누구나홀딱반한닭-망원역점,ki**님,후레쉬쌈닭/1,가격이 좀 비싼감이 있지만 건강하게 먹는 치킨이라 좋아요 쌈야채랑 치킨 궁합도 좋고 먹고나면 상큼든든해요,5,5,4,4,2019년 6월 24일
50,치킨,마포구 상암동,누구나홀딱반한닭-망원역점,e4**님,쌈닭화이타/1(추가선택(또띠아 추가)),맛있어요 또띠아추가하니까 치킨이랑 또띠아비율이 대이되네요 신기해요,5,5,4,5,2019년 6월 21일
51,치킨,마포구 상암동,누구나홀딱반한닭-망원역점,손님,바베큐쌈닭/1,부모님 입맛없다셔서 시켜드렸는데 맛있게 드셨다네요,5,5,5,5,2019년 5월 17일
52,치킨,마포구 상암동,누구나홀딱반한닭-망원역점,손님,바사칸닭 뼈/1(추가선택(포테이토 추가)),진짜 빨르고 진짜 맛있었어요,5,5,5,5,2019년 5월 15일
53,치킨,마포구 상암동,누구나홀딱반한닭-망원역점,ek**님,후레쉬쌈닭/1,야채도 싱싱하고 배달도 빠른데 양이 가격대비 둘다 대식가도 아닌데 둘이 먹기는 모자라요,4,4,3,5,2019년 5월 13일
54,치킨,마포구 상암동,누구나홀딱반한닭-망원역점,gi**님,후레쉬쌈닭/1,너무너무 맛있어서 또먹고 싶어요,5,5,3,5,2019년 5월 13일
55,치킨,마포구 상암동,누구나홀딱반한닭-망원역점,손님,바사칸닭 순살/1,제일 맛이는 치킨집 인 서같애욬,5,5,5,5,2019년 5월 8일
