﻿,Category,Location,Restaurant,UserID,Menu,Review,Total,Taste,Quantity,Delivery,Date
0,치킨,마포구 연남동,대한맥주집-홍대직영점,12**님,마약치킨/1(추가 선택(순살로 변경)),서비스 감사합니다 배달이 빨라요 잘먹겠늡니다,5,5,5,5,2021년 2월 13일
1,치킨,마포구 연남동,대한맥주집-홍대직영점,ly**님,"가마솥오징어치킨/1,콜라 500mL/1",옛날에 매장 가서 먹었던게 생각나서 시켜먹었어요 치킨이 담백하고 고소하고 맛있고 양도 꽤 많아요 떡볶이는 양이 많을까봐 안시켰는데 매운소스를 같이 주셔서 오징어튀김이랑 같이 맛있게 먹었습니다 추천합니당,5,5,5,4,2021년 1월 16일
2,치킨,마포구 연남동,대한맥주집-홍대직영점,fr**님,마약치킨/1,대학로 홍대 모두 매장에서만 먹어봤는데 혹시나해서 검색해보니 배달도 되길래 시켜봤습니다 원래는 오징어가마솥에 마약치킨으로 변경해서 먹는데 혼자 시켜본거라 그냥 마약치킨으로  맛있게 잘 먹었어요 매장에서 먹는게 최고긴한데 배달도 예정시간보다 많이 빨리와서 맛있게먹었습니다 튀김옷이 바삭하지만 얇아서 물리지 않으면서 감칠맛 나는게 매력이죠,5,5,5,5,2020년 11월 10일
3,치킨,마포구 연남동,대한맥주집-홍대직영점,ka**님,마떡세트（마약치킨 1마리＋국민떡볶이）/1,대한맥주집 치킨 떡볶이 잘 먹었습니다,5,5,5,5,2020년 10월 10일
4,치킨,마포구 연남동,대한맥주집-홍대직영점,se**님,마떡세트（마약치킨 1마리＋국민떡볶이）/1(추가 선택(오징어튀김 추가)),빠른배달 맛있는 음식 감사합니다,5,4,5,5,2020년 7월 25일
5,치킨,마포구 연남동,대한맥주집-홍대직영점,ju**님,가마솥오징어치킨/1,치즈소스 넘 조음 여전히 맛있네요,5,5,5,5,2020년 7월 5일
6,치킨,마포구 연남동,대한맥주집-홍대직영점,ju**님,가마솥오징어치킨/1(추가 선택(마약치킨으로 변경)),맛있어요 서비스도 좋구요,5,5,5,5,2020년 5월 17일
7,치킨,마포구 연남동,대한맥주집-홍대직영점,ev**님,가마솥오징어치킨/1,리뷰이벤트 참여 안해서 감튀 대신 캔콜라  서비스로 받았네요 개인적으로 감튀 별로 안 좋아해서 리뷰이벤트로 음료수 추가하면 좋을 것 같아요,5,5,5,5,2020년 4월 18일
8,치킨,마포구 연남동,대한맥주집-홍대직영점,ul**님,가마솥오징어치킨/1,대학로에서 먹었던것처럼 맛있었습니다  서비스 감튀도 잘먹었습니다 다만 콜라는 같이 오지 않으니 시켜드시는 분들 참고하시면 좋겠습니다,5,5,5,5,2020년 4월 18일
9,치킨,마포구 연남동,대한맥주집-홍대직영점,be**님,가마솥오징어치킨/1,배달 예상시간보다 빨리 와서 뜨겁게 먹을수 있었어요 치킨 맛있는건 알고 있었는데 오징어 튀김도 너무 맛있네요 치즈소스도 최곱니다,5,5,5,5,2020년 4월 10일
