﻿,Category,Location,Restaurant,UserID,Menu,Review,Total,Taste,Quantity,Delivery,Date
0,치킨,강남구 삼성동,땅땅치킨-강남논현점,fe**님,스몰허브순살치킨/1,좀 많이 달달 하네요 ,5,5,5,,2021년 7월 11일
1,치킨,강남구 삼성동,땅땅치킨-강남논현점,ql**님,SET3 （허브순살치킨＋땅땅불갈비）/1(사이드 추가 선택(선택안함)),배달빠르고 잘먹었습니다,5,5,5,5,2021년 7월 9일
2,치킨,강남구 삼성동,땅땅치킨-강남논현점,ql**님,땅땅불갈비/1(사이드 추가 선택(선택안함)),배달빠르고 잘먹었습니다,5,5,5,5,2021년 6월 20일
3,치킨,강남구 삼성동,땅땅치킨-강남논현점,fe**님,스몰땅땅불갈비/1,시간 정확하고 깔끔해요,5,5,5,,2021년 6월 14일
4,치킨,강남구 삼성동,땅땅치킨-강남논현점,rj**님,SET3 （허브순살치킨＋땅땅불갈비）/1(사이드 추가 선택(선택안함)),맛있는데 오늘은 기름이 좀 아쉽군요,5,5,5,5,2021년 6월 12일
5,치킨,강남구 삼성동,땅땅치킨-강남논현점,nu**님,SET3 （허브순살치킨＋땅땅불갈비）/1(사이드 추가 선택(선택안함)),처음시켰는대 맛있었어요,5,5,5,5,2021년 6월 11일
6,치킨,강남구 삼성동,땅땅치킨-강남논현점,gi**님,"SET3 （허브순살치킨＋땅땅불갈비）/1(사이드 추가 선택(땅땅닭다리（2개）)),매콤소스/1",양도많고매번먹을때마다만족,5,5,5,5,2021년 6월 7일
7,치킨,강남구 삼성동,땅땅치킨-강남논현점,gi**님,SET1（허브순살치킨＋불닭）/1(사이드 추가 선택(선택안함)),배달도항상빠르고너무맛잇어요 지금또시킴니다,5,5,5,5,2021년 6월 5일
8,치킨,강남구 삼성동,땅땅치킨-강남논현점,rj**님,SET3 （허브순살치킨＋땅땅불갈비）/1(사이드 추가 선택(선택안함)),맛있는데 문에 두고가러했는데 굳이 노크하고 주고 가심 ,5,5,5,5,2021년 6월 2일
9,치킨,강남구 삼성동,땅땅치킨-강남논현점,hy**님,SET3 （허브순살치킨＋땅땅불갈비）/1(사이드 추가 선택(선택안함)),항상 부담없이 안정적인맛,5,5,5,5,2021년 5월 22일
10,치킨,강남구 삼성동,땅땅치킨-강남논현점,38**님,SET1（허브순살치킨＋불닭）/1(사이드 추가 선택(선택안함)),맛있어요진심으로재배달은 필수,5,5,5,5,2021년 5월 18일
11,치킨,강남구 삼성동,땅땅치킨-강남논현점,rj**님,"SET3 （허브순살치킨＋땅땅불갈비）/1(사이드 추가 선택(선택안함)),닭껍데기/1",비오는데 감사해요 넘 맛있네요,5,5,5,5,2021년 5월 15일
12,치킨,강남구 삼성동,땅땅치킨-강남논현점,sc**님,SET3 （허브순살치킨＋땅땅불갈비）/1(사이드 추가 선택(선택안함)),역시 기가 맥히게 맛있었습니다,5,5,5,5,2021년 5월 4일
13,치킨,강남구 삼성동,땅땅치킨-강남논현점,go**님,땅땅불갈비/1(사이드 추가 선택(선택안함)),오랜만에 먹는 내사랑 땅땅 맛있었어요,5,5,5,5,2021년 4월 24일
14,치킨,강남구 삼성동,땅땅치킨-강남논현점,tj**님,"불닭오븐치킨/1(사이드 추가 선택(선택안함)),테라생맥주 1000cc/1",메뉴상 불닭 오븐치킨이면 뼈인줄 알았더니만 순살이 왔습니다 치킨집에서 순살이면 순살이라고 따로 표기를 해야하지 않나요 ,1,1,1,1,2021년 4월 22일
15,치킨,강남구 삼성동,땅땅치킨-강남논현점,ki**님,SET3 （허브순살치킨＋땅땅불갈비）/1(사이드 추가 선택(선택안함)),땅땅치킨 맛있네요 배송도 빠르고 좋았습니다,5,5,5,5,2021년 4월 20일
16,치킨,강남구 삼성동,땅땅치킨-강남논현점,sh**님,SET3 （허브순살치킨＋땅땅불갈비）/1(사이드 추가 선택(선택안함)),허브순살이 제일 맛잇어용,5,5,5,5,2021년 4월 18일
17,치킨,강남구 삼성동,땅땅치킨-강남논현점,sc**님,SET3 （허브순살치킨＋땅땅불갈비）/1(사이드 추가 선택(선택안함)),내사랑 땅땅치킨이다 오년만 오랜만 강남에 오다니 고맙다 고마워 다이어트중에 치킨못참게 해줘서 고마워 구운거라 고맙다 이거먹으면서 다이어트 계속할수있게 해줘서 고마워 오년전 집 안좋은 일로 밥 안해먹고 시켜먹기만 시작했던때 자주시켜서 이벤트도 당첨되게해줘서 고마워 불행중 찾아온 첫행운이었어 고마워 미안해 두달뒤엔 또 이사간다 거기엔 땅땅치킨이 또 있을까 배달음식인생 오년에 나가서 먹어도 최고의 칙힌집 그맛오년전보다 맛이 특히 향이 업그레이드 됨 양도 많음 고마워,5,5,5,5,2021년 4월 18일
18,치킨,강남구 삼성동,땅땅치킨-강남논현점,so**님,SET3 （허브순살치킨＋땅땅불갈비）/1(사이드 추가 선택(선택안함)),땅땅치킨 진짜 맛있네요,5,5,5,5,2021년 4월 17일
19,치킨,강남구 삼성동,땅땅치킨-강남논현점,0j**님,SET3 （허브순살치킨＋땅땅불갈비）/1(사이드 추가 선택(선택안함)),배달빠르고 맛있어요 역시 땅땅 ,5,5,5,5,2021년 4월 17일
20,치킨,강남구 삼성동,땅땅치킨-강남논현점,zz**님,SET1（허브순살치킨＋불닭）/1(사이드 추가 선택(선택안함)),어릴때 땅땅치킨 많이먹었는데 생각나서 찾아보니 강남에도 있어서 시켜먹었어요 넘 맛있게 잘먹었습니다,5,5,5,5,2021년 4월 15일
21,치킨,강남구 삼성동,땅땅치킨-강남논현점,an**님,SET2（불닭＋땅땅불갈비）/1(사이드 추가 선택(선택안함)),고추랑 마늘이 듬뿍 들어있는 오븐치킨 신선하네요 불닭은 호호 불면서 먹었는데 매워도 맛있어서 양념 따로 쟁겨놨다가 갈비치킨 찍어먹었어요 밥이랑 반찬해서 한끼 더 먹으니 좋아요,5,5,5,5,2021년 4월 12일
22,치킨,강남구 삼성동,땅땅치킨-강남논현점,do**님,SET3 （허브순살치킨＋땅땅불갈비）/1(사이드 추가 선택(선택안함)),음 불갈비가 이거 그냥 훈제 닭 이내요 대실망,2,2,4,5,2021년 4월 12일
23,치킨,강남구 삼성동,땅땅치킨-강남논현점,hy**님,SET3 （허브순살치킨＋땅땅불갈비）/1(사이드 추가 선택(선택안함)),맛있어요 세트이 진리인듯요,5,5,5,5,2021년 4월 10일
24,치킨,강남구 삼성동,땅땅치킨-강남논현점,ks**님,SET3 （허브순살치킨＋땅땅불갈비）/1(사이드 추가 선택(선택안함)),처음먹어봤는데 진짜느끼하지않고 담백하게맛있어요직원분들과 배달원분도 너무 친절하세요맛잇게 잘먹었습니다종종시켜먹을거같네요,5,5,5,5,2021년 4월 10일
25,치킨,강남구 삼성동,땅땅치킨-강남논현점,rj**님,SET3 （허브순살치킨＋땅땅불갈비）/1(사이드 추가 선택(선택안함)),지단번  배달 때 배달원 분이 너무 별로였음,5,5,5,3,2021년 4월 6일
26,치킨,강남구 삼성동,땅땅치킨-강남논현점,ja**님,SET3 （허브순살치킨＋땅땅불갈비）/1(사이드 추가 선택(선택안함)),맛있는데 배달이 너무 늦어요,4,5,4,1,2021년 4월 4일
27,치킨,강남구 삼성동,땅땅치킨-강남논현점,pa**님,SET3 （허브순살치킨＋땅땅불갈비）/1(사이드 추가 선택(선택안함)),드디어 서울 상륙하셨군요 축하드립니다 대구에서 먹던맛 그대로네요 번창하십시오 맛있었습니다,5,5,5,5,2021년 4월 4일
28,치킨,강남구 삼성동,땅땅치킨-강남논현점,ql**님,SET3 （허브순살치킨＋땅땅불갈비）/1(사이드 추가 선택(선택안함)),배달빠르고 양도많고 맛있어요,5,5,5,5,2021년 4월 2일
29,치킨,강남구 삼성동,땅땅치킨-강남논현점,hy**님,SET3 （허브순살치킨＋땅땅불갈비）/1(사이드 추가 선택(땅땅닭다리（2개）)),전에 살던 동네에서 맛나게 먹던 땅땅이 드디어 강남에도  맛있고 양도 적당하네요,5,5,5,5,2021년 3월 28일
