﻿,Category,Location,Restaurant,UserID,Menu,Review,Total,Taste,Quantity,Delivery,Date
0,치킨,마포구 상암동,또봉이통닭-고양향동점,bk**님,고추마요순살/1,배달 시간안에 왔고 오늘 더 맛있었어요,5,5,5,5,2021년 7월 10일
1,치킨,마포구 상암동,또봉이통닭-고양향동점,yj**님,"The크리스피/1(소스류(치킨무),음료 추가(콜라 1.25L))",완전 배달 빨리되네요 닭도 크고 바싹하니 맛나요  가까운데 생겨서 좋네요,4,4,4,5,2021년 7월 9일
2,치킨,마포구 상암동,또봉이통닭-고양향동점,y9**님,The크리스피/1,치킨사이즈가 크네요 맛있습니다 사진찍어놓은게 지워진거갘네요,5,5,5,5,2021년 7월 6일
3,치킨,마포구 상암동,또봉이통닭-고양향동점,no**님,고추마요순살＋똥집튀김/1,맛잇네요 배달이 빨리와서 한참 먹다가 리뷰 쓰네요 잘먹겠습니다,5,5,5,5,2021년 6월 21일
4,치킨,마포구 상암동,또봉이통닭-고양향동점,eu**님,또봉이통닭/1,배달도 빠르고 매콤하고 담백해서 자주 시켜먹어요 가격착한것도 맘에 듭니다,3,5,4,5,2021년 6월 11일
5,치킨,마포구 상암동,또봉이통닭-고양향동점,bk**님,고추마요순살＋똥집튀김/1,배달 빨랐고 맛있었어요,5,5,5,5,2021년 6월 9일
6,치킨,마포구 상암동,또봉이통닭-고양향동점,손님,또봉이통닭＋무뼈닭발/1(소스류(치킨무)),닭이 맛이 없어요 옛날 통닭식,1,1,1,3,2021년 5월 22일
7,치킨,마포구 상암동,또봉이통닭-고양향동점,na**님,또봉이통닭＋간장마늘통닭/1(음료 추가(사이다 1.25L)),문닫는시간쯔음 급히 주문했는데 바로 보내주시고 감사해요간장은 약간 매콤해요  그래도 맛있게 매콤하고 후라이드도 바삭하고 맛있어요 또 주문할게요,5,5,5,5,2021년 4월 25일
8,치킨,마포구 상암동,또봉이통닭-고양향동점,do**님,간장마늘통닭/1(소스류(겨자소스)),양이 쯔거서 찍을것이 읍는디 배고파서 다뭇었슈,3,3,3,5,2021년 4월 20일
9,치킨,마포구 상암동,또봉이통닭-고양향동점,bk**님,The크리스피/1,배달도 예정시간에 오고 바삭하고 맛있었어요,5,5,5,5,2021년 4월 19일
10,치킨,마포구 상암동,또봉이통닭-고양향동점,ba**님,또봉이안심텐더/1,배달이 빨랐지만 맛이 살망이네요 밀가루 맛이 강하고 색깔도 오래 튀긴것같아요 양도 조금이고 콜라도 없어서 점이요,2,1,1,5,2021년 3월 23일
11,치킨,마포구 상암동,또봉이통닭-고양향동점,jy**님,또봉이통닭＋간장마늘통닭/1,예상시간보다 삼십분은 늦게온거같아요 사장님 잘못은 아니고 배달하시는분이 여러곳 돌다오신건지뭔지  다 식어와서 좀 그랬는데 잘먹었어요,5,5,5,3,2021년 3월 7일
12,치킨,마포구 상암동,또봉이통닭-고양향동점,he**님,순살강정（大）/1(소스맛 선택(달달한맛)),잘 받았습니다 감사합니다,5,3,5,5,2021년 3월 7일
13,치킨,마포구 상암동,또봉이통닭-고양향동점,no**님,또봉이통닭 ＋ 국물떡볶이/1,떡볶이 짜요물넣어서 희석해서 먹고있음 치킨은 별로 맛이 없어요 솔직하게 남겨야 발전 있으실것같아서 남깁니다 저렴해도 다음번엔 비싼곳에 주문할것 같아요,2,1,1,5,2021년 3월 6일
14,치킨,마포구 상암동,또봉이통닭-고양향동점,ju**님,또봉이안심텐더/1,배달이 빠르고 바삭하진않아도 잘먹었습니다,3,2,3,5,2021년 3월 1일
15,치킨,마포구 상암동,또봉이통닭-고양향동점,le**님,The크리스피/1,크리스피는 처음 먹어봤는데 괜찮네요,5,5,5,5,2021년 2월 22일
16,치킨,마포구 상암동,또봉이통닭-고양향동점,ws**님,"간장마늘통닭/1,똥집튀김/1",먹기바빠 사진도 못찍엇네요 간장마늘치킨이 애기가 먹기엔 마니 매워 애긴 못먹엇지만 어른은 맛잇다며 잘 먹엇어욥,5,5,5,,2021년 2월 17일
17,치킨,마포구 상암동,또봉이통닭-고양향동점,ra**님,또봉이통닭/1,치킨 맛있어요또봉이 팬입니다 따뜻하고 맛있는 음식 빠른 배달 감사합니다,5,5,5,5,2021년 1월 20일
18,치킨,마포구 상암동,또봉이통닭-고양향동점,ra**님,또봉이통닭＋양념통닭/1,배달도 빠르고 따뜻하게 와서 맛있게 잘 먹었어요 후라이드랑 양념 둘다 적당히 매콤해서 더 맛있네요 많이 파세요,5,5,5,5,2021년 1월 2일
19,치킨,마포구 상암동,또봉이통닭-고양향동점,uh**님,"또봉이통닭＋간장마늘통닭/1(소스류(고추핫소스),음료 추가(사이다 1.25L))",치킨 오자마자 냄새 짱 너무 맛있는냄새가 확 소떡소떡도 잘 먹겠습니다 감사합니다,5,5,5,5,2021년 1월 1일
20,치킨,마포구 상암동,또봉이통닭-고양향동점,ma**님,"또봉이통닭/1(소스류(고추핫소스),음료 추가(콜라 500mL))",맛있어요 소떡소떡도 잘 먹겠습니다,5,5,5,5,2020년 12월 31일
21,치킨,마포구 상암동,또봉이통닭-고양향동점,am**님,"The크리스피/1,또봉이통닭/1",크리스피 넘 맛있어요 느끼하지도 않고 덤으로 주신 양파칩도 맛있습니다,5,5,5,5,2020년 12월 30일
22,치킨,마포구 상암동,또봉이통닭-고양향동점,20**님,또봉이통닭＋양념통닭/1,오늘은 총알배달 분만에 받았어요 퇴근후 지친 몸을 또봉이 통닭으로 충전했습니다 저희 아이들도 잘먹어요 앞으로 치킨은 또봉이 통닭이요,5,5,5,5,2020년 12월 28일
23,치킨,마포구 상암동,또봉이통닭-고양향동점,wi**님,The크리스피/1,배달도 제시간 맛도 있고 잘먹겠습니다,5,5,5,5,2020년 12월 20일
24,치킨,마포구 상암동,또봉이통닭-고양향동점,al**님,"The크리스피/1,똥집튀김/1",또봉이 통닭 좋아하는데 근처 생겨서 너무 좋아요 소떡소떡도 잘 먹었습니다,5,5,5,4,2020년 12월 18일
25,치킨,마포구 상암동,또봉이통닭-고양향동점,mi**님,The크리스피/1(소스류(치즈머스타드소스)),맛있었어요 제 시간에 왔어요,5,5,5,5,2020년 12월 14일
26,치킨,마포구 상암동,또봉이통닭-고양향동점,20**님,또봉이통닭＋양념통닭/1,맛있어요 후라이드도 양념도 추억에 맛입니다 아이들과 맛있게 먹었어요 아쉬운건 양이 좀 적다 그리고 배달이 아쉬웠습니다 배달시간을 좀 넉넉히 잡으셔야 할 듯 합니다 코로나라 어느정도 마음을 비웠지만 배달 완료시간이 지나고도 한참 후에 배달을 시작한게 아쉽습니다 그래도 맛있으니 다음에 또 주문할께요,4,5,4,3,2020년 12월 11일
27,치킨,마포구 상암동,또봉이통닭-고양향동점,kh**님,또봉이통닭＋똥집튀김/1,동네에 생겨서 너무 좋아요 소떡 서비스 잘받았습니다  치킨 촉촉하니 맛있네요,5,5,5,5,2020년 12월 10일
28,치킨,마포구 상암동,또봉이통닭-고양향동점,zn**님,또봉이통닭＋양념통닭/1(음료 추가(콜라 1.25L)),옛날통닭 감성에 서비스 쏘떡 잘 먹겟심다,5,5,4,4,2020년 12월 4일
29,치킨,마포구 상암동,또봉이통닭-고양향동점,mi**님,또봉이통닭/1(소스류(치킨양념소스)),되게 맛도 있고 알찼던 것 같아요 맛있게 잘먹었습니다 근데 리뷰이벤트로 주문한 소떡은 안와서 다음엔 꼭 챙겨주세요,5,5,5,5,2020년 12월 1일
