﻿,Category,Location,Restaurant,UserID,Menu,Review,Total,Taste,Quantity,Delivery,Date
0,치킨,서초구 방배동,맘스터치-이수점,wo**님,"싸이버거 단품/2,불싸이버거 단품/2,통새우버거 단품/2",빨리 와서 자알 먹었어요,4,4,4,5,일주일 전
1,치킨,서초구 방배동,맘스터치-이수점,le**님,"양념치킨싸이버거 단품/1,반반치킨（후라이드＋양념1종）/1(치킨선택(후라이드＋간장마늘))",햄버거는 맘스터치만 먹어요,5,5,5,5,2021년 7월 24일
2,치킨,서초구 방배동,맘스터치-이수점,ku**님,모코코맘스세트（후라이드싸이순살）/1,분 내외 도착이었지만 주문 수령 후 분만에 옴,4,5,5,3,2021년 7월 22일
3,치킨,서초구 방배동,맘스터치-이수점,4u**님,"싸이버거 세트/6,케이준떡강정R/2",애들이 좋아하는 맘스터치,5,5,5,5,2021년 7월 21일
4,치킨,서초구 방배동,맘스터치-이수점,eh**님,"모코코맘스세트（후라이드싸이순살）/1,케이준양념감자（R）/1",쿠폰을샀더니 치킨이와써요 피슝빠슝,5,5,5,5,2021년 7월 18일
5,치킨,서초구 방배동,맘스터치-이수점,sh**님,모코코맘스세트（후라이드싸이순살）/1,배달이 예상시간대비 분늦게왔네요 늦을건 예상했는데 기름을 안바꾸신건지 치킨 튀김색이 오랜된기름으로 튀긴 색에 좀 눅눅했습니다 싸이버거는 확실히 맛있었음,3,3,5,1,2021년 7월 17일
6,치킨,서초구 방배동,맘스터치-이수점,ch**님,"싸이버거 세트/1,불싸이버거 세트/1(사이드추가선택(바삭크림치즈볼（2조각）))",음식 부문하고 받기까지 시간 분 걸리고  도착예정시간 지나서 전화해도 출발했다고 말만하고 하도 안와서 예상시간 삼십분 지나고 왜 안오냐 물어보니 그때서야 배달이 아직 출발안했다고 지금 보내준다고 하네요 점심시간 다 지나고 주말 약속도 다 망치고 배고파 돌아가실뻔 했네요 다신 안시킵니다 여기서,1,1,1,1,2021년 7월 17일
7,치킨,서초구 방배동,맘스터치-이수점,dy**님,"싸이버거 세트/2,싸이버거 단품/1",맘터는 사이버거가 진리라고 갑자기 햄버거가 먹고 싶어 주문했어요 배달이 엄청 빨리 와서 따뜻한 버거를 맛있게 먹었어요 콜라는 캔으로 와서 더 좋네요,5,5,5,5,2021년 7월 16일
8,치킨,서초구 방배동,맘스터치-이수점,ve**님,"특가）후라이드싸이순살/1(사이드추가선택(코울슬로)),인크레더블버거 단품/1,매콤김떡만/1",지점마다 맛이 다르기 유명 여기는 버거도 만든지 오래되고 치킨도 오래되보여요 버거포장지에 기름기가 스며든게식어오고치킨은 튀긴지 좀 오해된듯 어휴 맘스터치 맛난집은 장난아닌데이집은 튀김도 버거도 아닌가봉가,4,3,4,4,2021년 7월 15일
9,치킨,서초구 방배동,맘스터치-이수점,as**님,치파오치킨버거세트（치즈볼）/1,잘 조리해 주셔서 맛읶게 먹었어요,5,5,5,5,2021년 7월 13일
10,치킨,서초구 방배동,맘스터치-이수점,wj**님,닭강정트리오A/1,트리오 닭강정 맛있어요 양은 조금 적은 느낌이네요,5,5,4,,2021년 7월 13일
11,치킨,서초구 방배동,맘스터치-이수점,st**님,"치파오떡강정R/1,간장마늘떡강정R/1,갈릭김떡만/1,매콤김떡만/1",튀김이 바삭하고 떡은 말랑하고 맛있었어요,5,5,5,5,2021년 7월 1일
12,치킨,서초구 방배동,맘스터치-이수점,ls**님,"치즈홀릭버거（체다） 단품/3,새우불고기버거 단품/1,에그불고기버거 단품/1",치즈홀릭버거 가성비 굿 맛도 굿 치킨과 버거를 같이 먹고 싶을때 너무 좋아요 양이 진짜 굿입니다,5,5,5,5,2021년 6월 26일
13,치킨,서초구 방배동,맘스터치-이수점,ar**님,닭강정트리오A/1,처음 먹어보는데 너무 맛있네요,5,5,5,,2021년 6월 23일
14,치킨,서초구 방배동,맘스터치-이수점,le**님,"싸이버거 세트/1,케이준떡강정S/1,간장마늘떡강정S/1",역시 맛있게 먹었습니다,5,5,5,5,2021년 6월 22일
15,치킨,서초구 방배동,맘스터치-이수점,ru**님,치파오치킨버거세트（치즈볼）/1,간만에 주문했는데 여전히 맛있네요 다만 싸이버거 패티양이 줄었다는 말을 들었는데 많이 작아져서 그점은 아쉬웠네요,5,5,5,5,2021년 6월 21일
16,치킨,서초구 방배동,맘스터치-이수점,uo**님,"싱글떡강정세트/1(치킨선택(치파오떡강정（S）),버거선택(싸이버거（기본）)),싸이매니아치킨/1",맛있습니다 깔끔하게포장되어와서 조아요 새로운 세트메뉴도 굳입니당,5,5,5,5,2021년 6월 14일
17,치킨,서초구 방배동,맘스터치-이수점,tj**님,치즈홀릭버거（체다） 세트/2,빠르게 보내주셔서 맛있게 잘 먹었습니다 감사합니다 배달기사님께도 감사합니다,5,5,5,5,2021년 6월 12일
18,치킨,서초구 방배동,맘스터치-이수점,ls**님,"싸이버거 세트/1(감자변경(케이준양념감자（R）사이즈업)),싸이버거 단품/2",소스도 듬뿍이고 너무 맛있어요,5,5,5,,2021년 6월 10일
19,치킨,서초구 방배동,맘스터치-이수점,gy**님,"간장마늘치킨 반마리/1,후라이드치킨 반마리/1",신선하고 배달신속 굿굿,5,5,5,5,2021년 6월 6일
20,치킨,서초구 방배동,맘스터치-이수점,le**님,"양념치킨싸이버거 세트/1,반반치킨（후라이드＋양념1종）/1(치킨선택(후라이드＋간장마늘),소스추가선택(맘스양념소스（알룰로스소스로 대체될 수 있음）))",양념치킨 싸이버거 맛있어요,5,5,5,5,2021년 5월 31일
21,치킨,서초구 방배동,맘스터치-이수점,jm**님,"불싸이버거 세트/1(감자변경(케이준양념감자（R）사이즈업)),치파오떡강정S/1(사이드추가선택(콘샐러드))",이사오기전 지점에 비해 소스나 내용물이 부실한 느낌,2,2,2,4,2021년 5월 27일
22,치킨,서초구 방배동,맘스터치-이수점,11**님,"후라이드버거세트（치즈볼）/1,화이트갈릭버거 단품/1,갈릭김떡만/1",배송도 오래 걸리진 않았고 맛있게 잘 먹었습니다,5,5,5,4,2021년 5월 9일
23,치킨,서초구 방배동,맘스터치-이수점,2l**님,양념치킨싸이버거 세트/1,포장주문했는데 급 스케줄이 애매해져서 매장에서 먹고 가도 되냐고 여쭸는데 괜찮다고 해주셔서 감사하게도 매장에서 먹고 갔어요 항상 불싸이만 먹다가 신제품이라고해서 양념치킨 주문해봤는데 이거 맛있네요 매운거 안땡길땐 이거 고정할래요 감튀도 바삭바삭 너무 맛있어요 음료 사이다 변경 요청도 감사하게도 들어주셨구요 포장도 정시에 가니까 딱 정시에 포장완료하고 내주셨어영담에 또 이수 지날때 포장해야겠어여 마시씀,5,5,5,,2021년 5월 6일
24,치킨,서초구 방배동,맘스터치-이수점,eg**님,"양념치킨싸이버거 세트/1,싸이버거 세트/1,치즈스틱（2조각）/1",배달 진짜 빨리 왔어요 분도 안되서 왔고 맛도 역시나 맛있네용  감사해요,5,5,5,5,2021년 5월 6일
25,치킨,서초구 방배동,맘스터치-이수점,ya**님,"싸이플렉스버거 세트/1,디럭스불고기버거 단품/1",양도 많고 맛있었어요 ,5,5,5,5,2021년 5월 3일
26,치킨,서초구 방배동,맘스터치-이수점,eg**님,"딥치즈버거 세트/1(감자변경(베이컨치즈감자로 변경)),후라이드통다리/2",통닭다리 치킨 너무 맛있어요옛날 어릴때먹던 후라이드치킨같이 바삭하고 달콜한맛,5,5,5,5,2021년 5월 3일
27,치킨,서초구 방배동,맘스터치-이수점,se**님,커플떡강정세트/1(치킨선택(간장마늘떡강정（S）2개)),좋아요 좋아요 좋아아료,5,5,5,5,2021년 4월 30일
28,치킨,서초구 방배동,맘스터치-이수점,le**님,"싸이버거 세트/1(감자변경(케이준양념감자（R）사이즈업)),할라피뇨통살버거 세트/1",배달 빠르고요 따뜻하게 도착해서 맛있게 먹었어요,5,5,5,5,2021년 4월 22일
29,치킨,서초구 방배동,맘스터치-이수점,je**님,"싸이버거 세트/2,불고기버거 세트/3,바삭크림치즈볼（4조각）/1",배달도 빠르고 맛있었어요,5,5,5,5,2021년 4월 21일
30,치킨,서초구 방배동,맘스터치-이수점,sa**님,"싸이플렉스버거 세트/1,간장마늘싸이버거 단품/1",맛있게 잘 먹었어오 가까운데 배달비는 동일한게 좀 아쉽네요,5,5,5,5,2021년 4월 21일
31,치킨,서초구 방배동,맘스터치-이수점,lo**님,"언빌리버블버거 단품/1,베이컨치즈감자/1,코울슬로/1,매콤김떡만/1",배달도 친절하게 잘 해주시고 따뜻하게 잘 먹었어요,5,5,5,5,2021년 4월 11일
32,치킨,서초구 방배동,맘스터치-이수점,uo**님,"싸이버거 세트/1,새우불고기버거 단품/1,간장마늘떡강정S/1",처음주문했는데 맛잇었어요 닭강정 살도 부드러운부분이라서 아주 좋았습니다,5,5,5,5,2021년 4월 10일
33,치킨,서초구 방배동,맘스터치-이수점,wn**님,"싸이버거 세트/2,딥치즈버거 세트/1",생각보다 빨리와서 놀랬습니다 싸이버거 맛있어요 굿굿,5,5,5,5,2021년 4월 9일
34,치킨,서초구 방배동,맘스터치-이수점,pr**님,"싸이버거 세트/1,인크레더블버거 세트/1,바삭크림치즈볼（4조각）/1",재료 신선하고 맛과 배달 좋아요,4,4,4,4,2021년 4월 8일
35,치킨,서초구 방배동,맘스터치-이수점,je**님,"싸이버거 세트/1(감자변경(어니언치즈감자로 변경)),딥치즈버거 단품/1,컵콜라（16oz）/1",피클 빼달라고 했는데 햄버거 두개 다 피클 들어 있었어요,4,3,5,5,2021년 4월 6일
36,치킨,서초구 방배동,맘스터치-이수점,oo**님,"싸이버거 단품/1,케이준떡강정S/1,간장마늘떡강정S/1,어니언치즈감자/1",처음 먹어봤는데 맛있네요,5,5,5,5,2021년 4월 2일
37,치킨,서초구 방배동,맘스터치-이수점,i7**님,살사리코버거 세트/6,빨리가져다주신덕에 빠삭한 감튀와 맛난버거먹었어요 잘먹었어요,5,5,5,5,2021년 3월 31일
38,치킨,서초구 방배동,맘스터치-이수점,ha**님,"싸이버거 세트/1,케이준떡강정S/1,후라이드텐더 4조각/1",세트를 시켰는데 콜라를 빼고 가져다 주시네요 전화해서 물어보니 콜라값 환불해준다고 하시네요 평소 먹는 맥도나 시킬껄 배달비도 비싼 여기서 시킨게 후회되네요 저녁 먹구 편하게 쉬고싶었는데 속상하네요 정말,1,1,1,1,2021년 3월 29일
39,치킨,서초구 방배동,맘스터치-이수점,ld**님,"싱글통다리세트/1(치킨선택(후라이드통다리),추가선택(콘샐러드)),치즈베이컨버거 세트/1(감자변경(베이컨치즈감자로 변경))",예상보다 배달이 빨리와서 너무좋았어요 잘먹었습니다,5,5,5,5,2021년 3월 28일
40,치킨,서초구 방배동,맘스터치-이수점,ba**님,"후라이드버거세트（치즈볼）/1,싸이버거 세트/2,케이준양념감자（R）/1",튀김이 아쉽지만 그래도 맘스터치 맛은 최고네요,5,5,5,5,2021년 3월 27일
41,치킨,서초구 방배동,맘스터치-이수점,ch**님,"싸이버거 단품/3,불고기버거 단품/1",맛 최고 배달 스피드 최고 양 은 사이즈가 좀 작음 개인적생각,5,5,3,5,2021년 3월 25일
42,치킨,서초구 방배동,맘스터치-이수점,le**님,"통새우버거 세트/1,통새우버거 단품/1,반반치킨（후라이드＋양념1종）/1(치킨선택(후라이드＋맘스양념))",잘 먹었습니다 감자튀김이 좀 눅눅해져서 왔어요,5,5,5,5,2021년 3월 6일
43,치킨,서초구 방배동,맘스터치-이수점,as**님,"싸이버거 단품/1,치파오치킨/1(반마리／한마리(반마리)),바삭크림치즈볼（4조각）/1",깔끔하게 배달왔어요 잘먹었급니다,5,5,5,5,2021년 2월 10일
44,치킨,서초구 방배동,맘스터치-이수점,le**님,"할라피뇨통살버거 단품/1,반반치킨（후라이드＋양념1종）/1(치킨선택(후라이드＋맘스양념)),케이준양념감자（S）/1",배달 괜찮았고 햄버거 괜찮았는데 치킨이 조금 물렸어요,5,4,5,5,2021년 2월 9일
45,치킨,서초구 방배동,맘스터치-이수점,le**님,"어니언치즈뿌치（홀）/1,싸이버거 단품/1,바삭크림치즈볼（4조각）/1",워낙 햄버거는 근본으로 알려져 있던 곳이라서 치킨도 시켜 먹어봤는데 맛있었어요 배달도 빨라서 더 좋았구요,5,5,5,5,2021년 2월 1일
46,치킨,서초구 방배동,맘스터치-이수점,rl**님,"싸이버거 세트/1,휠렛버거 단품/1,싸이버거 단품/1,바삭크림치즈볼（4조각）/1,케이준양념감자（소）/1",잘 먹었습니다 배달 시간 딱 맞춰왔어요,5,5,5,5,2021년 1월 31일
47,치킨,서초구 방배동,맘스터치-이수점,da**님,"NEW 후라이드통다리/1,언빌리버블버거 세트/1(감자변경(케이준양념감자（중）로 변경)),싸이버거 단품/1,할라피뇨너겟（10조각）/1",다른 집 앞에 두고 갔네요,5,5,5,3,2021년 1월 27일
48,치킨,서초구 방배동,맘스터치-이수점,su**님,"싱글강정콤보/1(치킨선택(케이준강정（싱글）)),치킨강정（하프）/1(추가선택(콘샐러드))",여러번 시켰었고 전반적으로는 맛있고 또 먹고 싶어요 양념이 조금 고르게 묻지 못한 점과 콘샐러드가 약간 부실해서 점 깎을게요,5,4,5,5,2021년 1월 24일
49,치킨,서초구 방배동,맘스터치-이수점,zn**님,"싱글강정콤보/1(치킨선택(케이준강정（싱글）)),불고기버거 세트/1,매콤김떡만/1",잘 먹었습니다 저희 아이가 참 좋아해요,5,5,5,5,2020년 12월 30일
50,치킨,서초구 방배동,맘스터치-이수점,wo**님,"하프치킨콤보/1(치킨선택(후레이크갈릭치킨（하프）)),살사리코버거 세트/1",넉넉하게 시켜서 잘 먹었습니다,5,5,5,4,2020년 12월 24일
51,치킨,서초구 방배동,맘스터치-이수점,20**님,언빌리버블버거 세트/4,맛있고 신속하게 배달왔어요 맛있게 잘 먹었어요좋아요,5,5,5,5,2020년 11월 27일
52,치킨,서초구 방배동,맘스터치-이수점,su**님,커플강정콤보/1(치킨선택(케이준강정（커플）)),배달도 빠르고 맛있어요,5,5,5,5,2020년 11월 22일
53,치킨,서초구 방배동,맘스터치-이수점,ju**님,"순살치킨（4조각）/1,싸이버거 단품/2,치즈스틱（2조각）/2",치킨이 너무 맛이 없어요 집에서 그냥 에어후라이한것보다 별로예요,3,3,3,5,2020년 11월 14일
54,치킨,서초구 방배동,맘스터치-이수점,fw**님,"언빌리버블버거 세트/2,언빌리버블버거 단품/1",배송진짜빨랐어요 맛있었는데소스가넘많아서 조금 매웠어요,5,4,5,5,2020년 9월 19일
