﻿,Category,Location,Restaurant,UserID,Menu,Review,Total,Taste,Quantity,Delivery,Date
0,치킨,강남구 삼성동,매드후라이치킨-선릉점,jh**님,"오리지널 후라이드/1(소스 추가 선택(갈릭마요 추가,오리지널 추가))",익스프레스는 개뿔 치킨 다 식어왔다,3,4,4,1,2020년 12월 13일
1,치킨,강남구 삼성동,매드후라이치킨-선릉점,mi**님,땡초마늘후라이드/1,평소 즐겨먹던 치킨이에요 요기요서는 처음 주문해서 먹었는데 역시 맛있어요 앞으로는 요기요에서 주문할께요,5,5,4,5,2020년 12월 1일
2,치킨,강남구 삼성동,매드후라이치킨-선릉점,sp**님,반반（마늘간장 반＋오리지널 반）/1,이거 제대로 된 치킨 상태인가요 기름이 오래된건지 오래튀긴건지,1,1,1,1,2020년 10월 15일
3,치킨,강남구 삼성동,매드후라이치킨-선릉점,hh**님,순살 3종 양념치킨/1,종이라 해도 원에 한마리 양 턱도 안되게 나오는건 너무하네요 몇그램인지양념인데 구분돼있지도 않고 노랑통닭 이만원짜리랑 비교해보면  아,2,4,1,5,2020년 9월 25일
4,치킨,강남구 삼성동,매드후라이치킨-선릉점,ju**님,반반（양념 반＋오리지널 반）/1,꿀맛쓰 나중에 또 시켜먹을게요,5,5,5,5,2020년 9월 15일
5,치킨,강남구 삼성동,매드후라이치킨-선릉점,gu**님,순살 3종 양념치킨/1,맛있고 배달 적당히 빠르네요,5,5,5,5,2020년 9월 13일
