﻿,Category,Location,Restaurant,UserID,Menu,Review,Total,Taste,Quantity,Delivery,Date
0,치킨,마포구 상암동,멕시카나-명지대점,ok**님,"순살후라이드치킨/1,땡초소스 추가/1",순살 양도 많고 맛있어요 품절 메뉴에대한 대처도 최고에요 코로나 조심하시고 어려운데 힘 내세용,5,5,5,5,18시간 전
1,치킨,마포구 상암동,멕시카나-명지대점,ff**님,"투마리세트/1(치킨선택 1(후라이드),치킨선택 2(후라이드))",넘 맛있어요 포장도 제시간에 픽업했구요 후라이드 넘 맛있어요,5,5,5,,어제
2,치킨,마포구 상암동,멕시카나-명지대점,go**님,"간장치킨/1,투마리세트/1(치킨선택 1(후라이드),치킨선택 2(후라이드))",다시는 안시키고 싶네요,1,1,1,1,어제
3,치킨,마포구 상암동,멕시카나-명지대점,br**님,"투마리세트/1(치킨선택 1(후라이드),치킨선택 2(양념치킨))",바삭하고 맛있엇는데요 양념을 넉넉히 많이묻혀 주셧음 좋겟어요 양념을 더 좋아하는데 양념보다 후라이드양이 더많아서 아쉬엇어요 ,4,4,3,4,일주일 전
4,치킨,마포구 상암동,멕시카나-명지대점,fa**님,"투마리세트/1(치킨선택 1(후라이드),치킨선택 2(간장치킨))",닭이 많이 작아지고 육즙도 많이 없고 간장치킨은 간이 안배어있고 많이 아쉬워요 ,4,4,4,5,2021년 7월 25일
5,치킨,마포구 상암동,멕시카나-명지대점,be**님,반반치킨（후／양）＋더블치즈볼＋콜라1.25L/1,사장님 피드백도 빠르시고 친절하세요 사이드메뉴 부족한부분까지 서비스로 꽉꽉 채워 주셨네요 급하게 먹느라 사진을 못찍어 아쉽네여  넘 맛있게 잘 먹었습니다,5,5,5,5,2021년 7월 18일
6,치킨,마포구 상암동,멕시카나-명지대점,rw**님,"반반치킨/1(반반 선택(양념치킨 반,모두의마요치킨 반),사이드메뉴 추가(새우링))",늦었지만 리뷰 올립니다 배달이 한시간 반이 넘게 걸려서 좀 그랬는데 맛은 있어서 만족입니다 ,5,5,5,2,2021년 7월 13일
7,치킨,마포구 상암동,멕시카나-명지대점,mo**님,모두의마요치킨/1,오늘은 양념이 좀 적었어요 기름도 조금 오래된 느낌이구요,3,3,3,,2021년 7월 12일
8,치킨,마포구 상암동,멕시카나-명지대점,vv**님,"순살세트/1(순살선택 1(순살땡초치킨),순살선택 2(순살후라이드),소스 추가(양념소스))",배달도 예상시간보다 빨리오고 너무 맛있게 잘 먹었습니다 후라이드가 너무 맛있네요,5,5,5,5,2021년 7월 11일
9,치킨,마포구 상암동,멕시카나-명지대점,to**님,순살뿌리고（오리지날）/1,비오는데도 배달기사분 엄청 친절하시고 맛도 훌륭했슴니다,5,5,5,5,2021년 7월 6일
10,치킨,마포구 상암동,멕시카나-명지대점,ra**님,"순살반반/1(순살반반 선택(순살후라이드 반,순살뿌리고（매콤달콤한맛） 반))",부드럽고 고소하고 너무 맛있네요 소스가 감탄이에요 배달 잘 해 주시고 또 먹을게요,5,5,5,5,2021년 7월 4일
11,치킨,마포구 상암동,멕시카나-명지대점,la**님,"반반치킨/1(반반 선택(후라이드 반,양념치킨 반))",배달 빠르고 양념맛있는건 알았지만 후라이드도 너무 맛있드라구요 잘먹었습니다,5,5,5,5,2021년 7월 3일
12,치킨,마포구 상암동,멕시카나-명지대점,lo**님,강정치킨（뼈）/1,치킨은 다 맛있지만 멕시카나 땡초는 진짜 맛있어요 특히 명지대점이 제일 맛있게 해요 멀어서 배달요금 제일 비싼데도 꼭 명지대로 시켜요 다른데보다 더 바삭하고 맛있어요 한동안 요기요에서 주문이 안되서 슬펐는데 오늘 주문되길래 바로 시켰어요 진짜 맛있게 매워요,5,5,5,5,2021년 7월 1일
13,치킨,마포구 상암동,멕시카나-명지대점,do**님,"순살세트/1(순살선택 1(순살간장치킨),순살선택 2(순살후라이드),음료(콜라추가1.25L)),콜라 1.25L/1",감사합니다  안녕 하세요,5,5,5,5,2021년 6월 27일
14,치킨,마포구 상암동,멕시카나-명지대점,dl**님,"순살후라이드치킨/1(소스 추가(머스터드소스),음료(콜라변경1.25L)),데빌코코소스/1",다 좋은데 콜라가 안왔어요,5,5,5,4,2021년 6월 18일
15,치킨,마포구 상암동,멕시카나-명지대점,mc**님,모두의마요치킨/1(음료(콜라변경1.25L)),모두의마요 첨인데 맛잇어요 최고,5,5,5,5,2021년 6월 17일
16,치킨,마포구 상암동,멕시카나-명지대점,th**님,"투마리세트/1(치킨선택 1(후라이드),치킨선택 2(양념치킨))",겉바속촉 육즙터집니다 굿,5,5,5,5,2021년 6월 15일
17,치킨,마포구 상암동,멕시카나-명지대점,me**님,까르보불닭치킨/1,음 그냥 한번 먹어봤는 두번다시 먹고싶진 않은 ,4,3,5,5,2021년 6월 14일
18,치킨,마포구 상암동,멕시카나-명지대점,ho**님,"멕시핀（후라이드）/1(소스 추가(불닭마요소스（매콤고소）)),진로이즈백/1",불닭마요소스가안왔습니다,3,5,5,3,2021년 6월 14일
19,치킨,마포구 상암동,멕시카나-명지대점,eh**님,"반반치킨/1(반반 선택(후라이드 반,양념치킨 반))",맛있고 배달도 친절해요,5,5,5,5,2021년 6월 13일
20,치킨,마포구 상암동,멕시카나-명지대점,jh**님,"반반치킨/1(반반 선택(후라이드 반,양념치킨 반))",맛있게 잘먹었습니다 아쉬운건 배달이 늦은거 빼고는 너무 잘먹었습니다 번창하세요 ,4,4,4,2,2021년 6월 13일
21,치킨,마포구 상암동,멕시카나-명지대점,86**님,"투마리세트/1(치킨선택 1(후라이드),치킨선택 2(간장치킨))",치킨 맛있어요 마음에 들어요,5,5,5,5,2021년 6월 13일
22,치킨,마포구 상암동,멕시카나-명지대점,an**님,"투마리세트/1(치킨선택 1(강정치킨（뼈）),치킨선택 2(모두의마요치킨))",배달 예상시간보다 빠르게 식지않고 뜨겁게 왔어요 리뷰가 좋아서 주문했는데 정말 맛있네요 추천합니다,5,5,5,5,2021년 6월 13일
23,치킨,마포구 상암동,멕시카나-명지대점,wl**님,순살후라이드치킨/1(사이드메뉴 추가(케이준 V컷 감자)),맛있고 사장님도 언제나 친절 감사합니다 잘 먹었어요,5,5,5,,2021년 6월 11일
24,치킨,마포구 상암동,멕시카나-명지대점,kc**님,"반반치킨/1(반반 선택(후라이드 반,양념치킨 반))",너무맛있게 잘먹었습니다 감사합니다 ,5,5,5,5,2021년 6월 10일
25,치킨,마포구 상암동,멕시카나-명지대점,손님,"순살세트/1(순살선택 1(순살강정치킨),순살선택 2(순살간장치킨))",간장치킨 양념은 골고루 묻어있지도 않고 튀김은 눅눅하고 초딩때 동네 분식집에 팔던 닭꼬치 수준 딱 그 이상도 그 이하도 아니었습니다,1,1,1,1,2021년 6월 8일
26,치킨,마포구 상암동,멕시카나-명지대점,wl**님,양념치킨/1,멕시카나는 여러군대 여러메뉴 많이 시켜봐서 잘아는데요 두마리세트 닭이랑 한마리용 닭이랑 다른거로 아는데 두마리세트 닭이 유난히 작음  다른지점들은 다 닭크고 맛있는데 여기는 두마리세트시키면 주는 닭으로 한마리판매용 닭으로 판매한거 같네요 참 아쉽네요 멕시카나 양념치킨이 너무맛있어서 시킨건데,2,3,2,1,2021년 6월 7일
27,치킨,마포구 상암동,멕시카나-명지대점,st**님,순살불닭치킨/1,맛있어요매콤한게 담에는 뼈로,5,4,4,5,2021년 6월 4일
28,치킨,마포구 상암동,멕시카나-명지대점,se**님,"반반치킨/1(반반 선택(후라이드 반,양념치킨 반),추가메뉴(콜라추가500ml))",주문이 밀렸는지 배달에 한시간 이상 소요되긴 했지만 정말 맛있고 양도 충분했어요 또 시켜먹을예정,5,5,5,4,2021년 6월 1일
29,치킨,마포구 상암동,멕시카나-명지대점,rl**님,양념치킨/1,맛있게 잘 먹었습니다 ,5,5,5,5,2021년 5월 29일
30,치킨,마포구 상암동,멕시카나-명지대점,ty**님,순살모두의마요치킨/1,이벤트로 저렴하게 잘먹었습니다,5,5,5,5,2021년 5월 20일
31,치킨,마포구 상암동,멕시카나-명지대점,cj**님,"반반치킨/1(반반 선택(후라이드 반,양념치킨 반))",맛있게잘먹었습니다 자주 시켜먹을께오,5,5,5,5,2021년 5월 19일
32,치킨,마포구 상암동,멕시카나-명지대점,z3**님,"반반치킨/1(반반 선택(후라이드 반,뿌리고（매콤달콤한맛） 반),추가메뉴(콜라변경1.25L))",맛있어용 행사중일땐 리뷰이벤 안된다고 써주시고 주셧네용 감사합니당,5,5,5,5,2021년 5월 17일
33,치킨,마포구 상암동,멕시카나-명지대점,st**님,양념치킨/1,맛있는 양념치킨 냠냠 했습니다 양념이 너무 맛있어요,5,5,5,5,2021년 5월 17일
34,치킨,마포구 상암동,멕시카나-명지대점,bs**님,순살뿌리고（매콤달콤한맛）/1,뜨끈뜨끈하게 잘 받았습니다 잘먹었어요,5,5,4,5,2021년 5월 16일
35,치킨,마포구 상암동,멕시카나-명지대점,dk**님,양념치킨/1(추가메뉴(케이준 V컷 감자)),서비스감사하고 친절해요,5,5,5,5,2021년 5월 15일
36,치킨,마포구 상암동,멕시카나-명지대점,yo**님,모두의마요치킨/1(추가메뉴(무추가)),사장님이 친절하시고 치킨도 맛있습니다 굿굿,5,5,5,5,2021년 5월 14일
37,치킨,마포구 상암동,멕시카나-명지대점,dn**님,"순살반반/1(순살반반 선택(순살후라이드 반,순살모두의마요치킨 반),추가메뉴(콜라변경1.25L))",빠르고 맛있고 많고 끝,5,5,5,5,2021년 5월 12일
38,치킨,마포구 상암동,멕시카나-명지대점,je**님,"반반치킨/1(반반 선택(후라이드 반,양념치킨 반))",너무 맛있게 잘 먹었습니다 ,5,5,5,5,2021년 5월 12일
39,치킨,마포구 상암동,멕시카나-명지대점,mo**님,모두의마요치킨/1,언제나 맛있게 먹고있어요,5,5,5,,2021년 5월 12일
40,치킨,마포구 상암동,멕시카나-명지대점,tj**님,순살강정치킨/1,늦은시간에도 친절히 배달해주셔서 너무 감사드립니다 자주 시켜먹을게요 ,5,5,5,5,2021년 5월 10일
41,치킨,마포구 상암동,멕시카나-명지대점,kh**님,"순살세트/1(순살선택 1(순살매운양념치킨),순살선택 2(순살후라이드))",맛있어요 기대 이상이에요,5,5,5,5,2021년 5월 8일
42,치킨,마포구 상암동,멕시카나-명지대점,rl**님,모두의마요치킨/1,먹는 동안 천국을 두 번 오고 갔습니다,5,5,5,5,2021년 5월 6일
43,치킨,마포구 상암동,멕시카나-명지대점,im**님,강정치킨（뼈）/1,정말 맛있습니당 멕시카나 짱짱,5,5,5,5,2021년 5월 5일
44,치킨,마포구 상암동,멕시카나-명지대점,ty**님,순살뿌리고（매콤달콤한맛）/1,오랜만에 시켰는데 맛있고 양도 많았어요 배달이 좀 걸렸는데 다음에 더 맛있게 주신다고 생각하고 점 남길게요,5,5,5,5,2021년 5월 5일
45,치킨,마포구 상암동,멕시카나-명지대점,kc**님,"반반치킨/1(반반 선택(후라이드 반,양념치킨 반))",정말맛있게 잘먹었습니다 치즈볼도 굿굿,5,5,5,5,2021년 5월 2일
46,치킨,마포구 상암동,멕시카나-명지대점,si**님,"반반치킨/1(반반 선택(후라이드 반,매운양념 반))",너무 맛있어요 멕시카나 후라이드진리입니다,5,5,5,5,2021년 5월 1일
47,치킨,마포구 상암동,멕시카나-명지대점,cj**님,순살양념치킨/1(추가메뉴(콜라변경1.25L)),감사합니다 맛있게 잘먹었습니다,5,5,5,5,2021년 4월 25일
48,치킨,마포구 상암동,멕시카나-명지대점,yo**님,"반반치킨/1(반반 선택(후라이드 반,간장 반))",후다닥 먹고 뒤늦게 생각나서 급하게 사진을 찍었어요 너무 맛잇어서 정신없었네요간도 적당하구요 맛도 좋았어요,5,5,5,5,2021년 4월 20일
49,치킨,마포구 상암동,멕시카나-명지대점,bo**님,"투마리세트/1(치킨선택 1(후라이드),치킨선택 2(간장치킨))",배달도 빠르고 넘 맛있습니다 서비스도 최고예요 친절,5,5,5,5,2021년 4월 19일
50,치킨,마포구 상암동,멕시카나-명지대점,ni**님,순살땡초치킨/1,맛있어요 좀 많이 눅눅하게 왔는데 그거빼곤 만족해요,5,5,5,5,2021년 4월 19일
51,치킨,마포구 상암동,멕시카나-명지대점,co**님,"투마리세트/1(치킨선택 1(땡초치킨),치킨선택 2(양념치킨))",멕시카나 땡초치킨 맛있게 매워서 좋아요,5,5,5,5,2021년 4월 19일
52,치킨,마포구 상암동,멕시카나-명지대점,zn**님,모두의마요치킨/1,처은시켜봣는데 맛있게 잘먹엇음다,5,5,4,5,2021년 4월 18일
53,치킨,마포구 상암동,멕시카나-명지대점,wk**님,"투마리세트/1(치킨선택 1(후라이드),치킨선택 2(양념치킨))",배달이 빨라서 닭다리 먹을 때 뜨끈뜨끈 해요,5,5,5,5,2021년 4월 15일
54,치킨,마포구 상암동,멕시카나-명지대점,wl**님,양념치킨＋더블치즈볼＋콜라1.25L/1,맛있었어요 근데 좀 식었더라구여,5,4,5,5,2021년 4월 14일
55,치킨,마포구 상암동,멕시카나-명지대점,bs**님,후라이드치킨/1,잘먹었습니다 맛있는 음식 만들어주셔서 감사해요,5,5,5,5,2021년 4월 14일
56,치킨,마포구 상암동,멕시카나-명지대점,ya**님,순살달콤라떼치킨/1,멕시카나에사 신상이 나와서 시켜봤어요 예전 명성을 찾길,5,5,5,5,2021년 4월 13일
57,치킨,마포구 상암동,멕시카나-명지대점,79**님,후라이드치킨/1,당일에는 속이 안 좋갔는지 느끼하더라구요 근데 다음날 식은거 먹었는데 너무 맛있었어요,5,5,5,5,2021년 4월 10일
58,치킨,마포구 상암동,멕시카나-명지대점,ne**님,반반치킨（후／양）＋더블치즈볼＋콜라1.25L/1,맛있게 잘 먹었어요 특히 치즈볼 진짜 맛있어요,5,5,5,5,2021년 4월 10일
59,치킨,마포구 상암동,멕시카나-명지대점,rl**님,멕시핀（땡초）/1,맛있게잘먹었슴니다 닭다리만먹어서아주좋았음,5,5,5,5,2021년 4월 9일
60,치킨,마포구 상암동,멕시카나-명지대점,hy**님,까르보불닭치킨/1,로제불닭맛있어요대만족입니다조금짠편이지만치밥에잘맞아요,5,5,5,5,2021년 4월 9일
61,치킨,마포구 상암동,멕시카나-명지대점,je**님,"반반치킨/1(반반 선택(후라이드 반,달콤라떼치킨 반),추가메뉴(콜라변경1.25L))",닭 안에 어떤 좀 신 맛 났는데 닭고기 문제인지 모르겠어요 그래도 새로운 맛이란 라떼치킨 먹을 만합니다,4,4,5,5,2021년 4월 9일
62,치킨,마포구 상암동,멕시카나-명지대점,ty**님,순살뿌리고（오리지날）/1,양도 많고 배달도 빨리 왔어요 서비스 감튀도 바삭하고 맛있었는데 순살 퍽퍽살이 좀 많아서 아쉽 그래도 할인해서 싼 가격에 맛있게 먹었습니다,5,4,5,5,2021년 4월 8일
63,치킨,마포구 상암동,멕시카나-명지대점,dl**님,"후라이드치킨/1(추가메뉴(멕시감자,커피콩빵（8개입）)),양념소스 추가/1,콜라 1.25L/1",항상 맛있게 잘먹고 있습니다,5,5,5,5,2021년 4월 5일
64,치킨,마포구 상암동,멕시카나-명지대점,rl**님,양념치킨/1(추가메뉴(콜라변경1.25L)),너무 맛있게 잘 먹었어요리뷰이벤트로 주신 감자튀김 바삭하니 진짜 맛있어요또 주문하겠습니다,5,5,5,5,2021년 4월 5일
65,치킨,마포구 상암동,멕시카나-명지대점,ge**님,멕시듀오（간장＋양념）/1(추가메뉴(콜라변경1.25L)),리뷰이벤트 새우칩잘먹었습니다 소스많이 부탁드렸더니 이케많이 짱이에요,5,5,5,5,2021년 4월 4일
66,치킨,마포구 상암동,멕시카나-명지대점,eh**님,"후라이드치킨/1,땡초소스 추가/1",마싯섯요 양도 많아서 배불개불,5,4,5,3,2021년 4월 4일
67,치킨,마포구 상암동,멕시카나-명지대점,bb**님,"반반치킨/1(반반 선택(땡초치킨 반,모두의마요치킨 반))",짐에서 멕시카나가 두군데 뜨는데 지점처이가 심해서 매번 확인하고 시켜요 명지대점이 백배맛나요 실수도 두번 점서 시켰는데 거긴 눅눅하고 치토스치킨에 코코소스도 안주고 그뒤로 몇번이나 확인하고 시켜요 모두의 마요 첨 먹었는데 와 너무 맛있네요 땡초가 최애였는데 이제 모두의 마요가 최애예요 치토스랑 허니도 맛나요 명지대점은 일단 닭이 바삭해서 뭘시켜도 맛있나봐요 잘 먹었어요,5,5,5,5,2021년 4월 4일
68,치킨,마포구 상암동,멕시카나-명지대점,ji**님,순살강정치킨/1,비오는 날이라서 그런지 박스도 눅눅하니 찌그러져있고 치킨도 눅눅하고,4,4,4,4,2021년 4월 4일
69,치킨,마포구 상암동,멕시카나-명지대점,co**님,"투마리세트/1(치킨선택 1(간장치킨),치킨선택 2(양념치킨))",이사온 동네에서 처음 시켜봤는데 다들 맛있게 잘먹었어용,5,5,5,5,2021년 4월 4일
70,치킨,마포구 상암동,멕시카나-명지대점,re**님,"순살세트/1(순살선택 1(순살간장치킨),순살선택 2(순살후라이드),추가메뉴(불닭마요소스（매콤고소）))",양도 적절하고 맛있게 잘 먹었습니다 서비스 감자튀김도 좋았습니다,5,5,5,5,2021년 4월 4일
71,치킨,마포구 상암동,멕시카나-명지대점,on**님,순살간장치킨/1,생각했던 맛이랑 달랐어요 서비스 감튀는 바삭바삭했는데 치킨은 너무 눅눅 ,3,3,5,5,2021년 4월 3일
72,치킨,마포구 상암동,멕시카나-명지대점,sp**님,모두의마요치킨/1,마요마요 갈릭찹찹 너무 맛있습니다 새우칩도 맛있었어요,5,5,5,5,2021년 4월 3일
73,치킨,마포구 상암동,멕시카나-명지대점,dl**님,후라이드치킨/1,오래만에 시켜먹었는데 정말 대만족이네요 같이 주신 감자튀김도 정말 고퀄입니다,5,5,5,5,2021년 4월 3일
74,치킨,마포구 상암동,멕시카나-명지대점,dl**님,양념치킨/1,양도 너무 많고 정말 바삭하고 너무 맛있었습니다,5,5,5,5,2021년 4월 3일
75,치킨,마포구 상암동,멕시카나-명지대점,sa**님,땡초치킨/1,땡초치킨 양도 적당하고 너무 맵지도 않아서 딱 좋았어요 진짜 다른데는 많이 매워서 걱정했는데 여기는 적당히 매워서 좋네요 근데 배달하는 분이 자꾸 전화와서 말을 이상하게 하셔서 좀 그랬네요 다만 맛은 진짜 있어요,5,5,5,2,2021년 4월 3일
76,치킨,마포구 상암동,멕시카나-명지대점,ju**님,"투마리세트/1(치킨선택 1(매운양념치킨),치킨선택 2(후라이드))",오늘 주문이 집중되었는지 좀 오래 걸렸지만 가족 모두 맛있게 잘 먹었습니다 ,5,5,5,5,2021년 4월 3일
77,치킨,마포구 상암동,멕시카나-명지대점,kj**님,모두의마요치킨/1,정말 맛있네요 잘먹었습니다,5,5,5,5,2021년 4월 2일
78,치킨,마포구 상암동,멕시카나-명지대점,ju**님,모두의마요치킨/1,먹느라고 사진을 중간에 찍었는데 완전 꿀맛이예요,5,5,5,5,2021년 4월 2일
79,치킨,마포구 상암동,멕시카나-명지대점,ne**님,모두의마요치킨/1,오랜만에 다시 먹어도 여전히맛나네욥,5,4,4,4,2021년 4월 1일
80,치킨,마포구 상암동,멕시카나-명지대점,ae**님,"뿌리고（오리지날）/1,양념소스 추가/1",엄청 짜서 먹기 힘들어 다남김,2,1,4,5,2021년 3월 27일
81,치킨,마포구 상암동,멕시카나-명지대점,jm**님,후라이드치킨/1,항상 느끼는거지만 후라이드 넘 맛나요 강추예요,5,5,5,4,2021년 3월 26일
82,치킨,마포구 상암동,멕시카나-명지대점,zz**님,"순살강정치킨/1(추가메뉴(콜라변경1.25L)),엔젤코코소스 추가/1",소스는 진짜 맛있고 취향인데 정말 순살부위가 닭가슴살만있고 튀김이 너무 눅눅해여 바삭하게 소스 묻어있으면 정말 맛있었을거 같은데 너무 눅눅스,5,4,5,4,2021년 3월 26일
83,치킨,마포구 상암동,멕시카나-명지대점,wh**님,달콤라떼치킨＋커피콩빵3알/1,뭔가 독특한 맛이라 조금 새로웠어요 닭 규격이 옛날이랑 달라진거 같아 아쉽네요,4,4,3,4,2021년 3월 23일
84,치킨,마포구 상암동,멕시카나-명지대점,kc**님,"반반치킨/1(반반 선택(후라이드 반,매운양념 반))",너무맛있게 잘먹었습니다 멕시카나 첨먹어봤는데 단골될께요,5,5,5,5,2021년 3월 22일
85,치킨,마포구 상암동,멕시카나-명지대점,di**님,순살후라이드치킨/1,멕시카나 순살은 닭가슴의 비율이 크단걸 시키고나서 알았어요 근데 맛있어서 다 먹엇어요,5,5,5,5,2021년 3월 22일
86,치킨,마포구 상암동,멕시카나-명지대점,sh**님,양념치킨/1,배달이 오래걸리긴 했지만 너무 맛있었어요,5,5,5,3,2021년 3월 22일
87,치킨,마포구 상암동,멕시카나-명지대점,tj**님,순살뿌리고（매콤달콤한맛）/1,매콤 달콤한 맛 대박이네요 리뷰이벤트 감튀도 맛있어요,5,5,5,5,2021년 3월 21일
88,치킨,마포구 상암동,멕시카나-명지대점,de**님,순살허니벌꿀치킨/1,배달도 빠르고 맛 양 다 굿굿,5,5,5,5,2021년 3월 21일
89,치킨,마포구 상암동,멕시카나-명지대점,re**님,양념치킨/1,양념치킨 맛있구요 리뷰 감튀 딱딱하세 탔어요,4,4,5,4,2021년 3월 21일
90,치킨,마포구 상암동,멕시카나-명지대점,vh**님,"반반치킨/1(반반 선택(후라이드 반,뿌리고（눈꽃치즈맛） 반),추가메뉴(콜라추가1.25L))",너무 맛있게 잘 먹었습니다 서비스로 주신 감자튀김도 엄청 바삭하고 맛있어요 다음번에도 시켜먹을게요 감사합니다,5,5,5,5,2021년 3월 21일
91,치킨,마포구 상암동,멕시카나-명지대점,gh**님,달콤라떼치킨＋커피콩빵3알/1,너무 맛있어요 너무 바삭하고 소스도 잘베여있어서 정말 맛있게 잘먹었습니다,5,5,5,5,2021년 3월 20일
92,치킨,마포구 상암동,멕시카나-명지대점,tk**님,순살허니벌꿀치킨/1(추가메뉴(콜라변경1.25L)),감튀도 빠삭하게 와서 너무 맛있고 치킨도 겉은 바삭하고 속은 부드럽고 촉촉하고 너무 맛있게 잘먹었습니다,5,5,5,5,2021년 3월 20일
93,치킨,마포구 상암동,멕시카나-명지대점,ko**님,"반반치킨/1(반반 선택(땡초치킨 반,모두의마요치킨 반))",배달도 빠르고 넘 맛있어요 특히 모두의마요 강추,5,5,5,5,2021년 3월 20일
94,치킨,마포구 상암동,멕시카나-명지대점,bo**님,"반반치킨/1(반반 선택(매운양념 반,모두의마요치킨 반),추가메뉴(콜라변경1.25L))",사장님 잘 먹었습니다 번창하세요,5,5,5,5,2021년 3월 19일
95,치킨,마포구 상암동,멕시카나-명지대점,ki**님,모두의마요치킨/1,오치킨 맛 있어용 리뷰서비스 감튀까지   너무 맛 있게 잘 먹었습니다 생각날때마다 종종 시킬게염,5,5,5,5,2021년 3월 19일
96,치킨,마포구 상암동,멕시카나-명지대점,jm**님,후라이드치킨/1,진짜 가족들이 맛나게 먹었습니다,5,5,3,4,2021년 3월 18일
97,치킨,마포구 상암동,멕시카나-명지대점,ai**님,"순살후라이드치킨/1,땡초소스 추가/1",배달이 좀 늦어서 식어서 올줄 알았는데 바빠서 조리가 늦으셨나바요 조금더 기다렸지만 따뜻한 치킨 먹을수있어서 좋았어요 맛과 양은 뭐말안해도 훌륭했구요 ,5,5,5,5,2021년 3월 18일
98,치킨,마포구 상암동,멕시카나-명지대점,ji**님,"반반치킨/1(반반 선택(후라이드 반,모두의마요치킨 반))",새로먹어본 메뉴인데 맛있었어요,5,5,5,5,2021년 3월 18일
99,치킨,마포구 상암동,멕시카나-명지대점,jp**님,땡초치킨/1,배달도 빠르고 맛익어요,5,5,5,5,2021년 3월 18일
100,치킨,마포구 상암동,멕시카나-명지대점,pf**님,불닭치킨/1(추가메뉴(치즈돈까스)),맛있어요 비오는데 고생 많이셨어요,4,3,4,4,2021년 3월 18일
101,치킨,마포구 상암동,멕시카나-명지대점,si**님,"순살뿌리고（매콤달콤한맛）/1,진로이즈백/2",서비스 안주까지 감사합니다,5,5,5,5,2021년 3월 17일
102,치킨,마포구 상암동,멕시카나-명지대점,eq**님,순살후라이드치킨/1,푸짐하고 깔끔하고 항상 믿고 시킵니다 서비스 감자튀김도 맛있게 먹었어요,5,5,5,5,2021년 3월 17일
103,치킨,마포구 상암동,멕시카나-명지대점,손님,"반반치킨/1(반반 선택(후라이드 반,땡초치킨 반))",땡초후라이드 바삭하고 맛있어요,5,5,5,5,2021년 3월 16일
104,치킨,마포구 상암동,멕시카나-명지대점,sk**님,"반반치킨/1(반반 선택(후라이드 반,간장 반))",새벽  늦은 시간에 주문했는데 너무 맛있게 해 주셨어요 전화는 왜 하셨는지 모르겠는데 방해금지라 못 받았어요 너무 맛있게 먹었어요 담번에 또 시켜먹응게용 후라이드에 추가로 주신 양념이면 충분히 맛납니다 후라이드간장 강추요,5,5,5,5,2021년 3월 16일
105,치킨,마포구 상암동,멕시카나-명지대점,yu**님,"반반치킨/1(반반 선택(후라이드 반,간장 반))",조금 식어서 왔지만 맛있게먹었어요,5,5,5,5,2021년 3월 15일
106,치킨,마포구 상암동,멕시카나-명지대점,wl**님,양념치킨/1,다 식어서 전자렌지 돌려먹었습니다 치킨을 시키자마자 전자렌지돌려먹는건 살면서 처음 감사합니다아,1,1,1,5,2021년 3월 15일
107,치킨,마포구 상암동,멕시카나-명지대점,wl**님,달콤라떼치킨＋커피콩빵3알/1,커피 치킨이라 걱정했는데 저는 맛있게 잘 먹었어요 간장치킨에 살짝 커피향 나는 정도에요,5,5,5,5,2021년 3월 14일
108,치킨,마포구 상암동,멕시카나-명지대점,tm**님,"달콤라떼치킨＋커피콩빵3알/1(추가메뉴(콜라추가1.25L)),수작미니핫도그/1",라떼치킨 커피맛 맛나네영 소스안찍은게 더 맛있는거 같아용 너무 맛있게 잘먹었습니다,5,5,5,4,2021년 3월 13일
109,치킨,마포구 상암동,멕시카나-명지대점,jh**님,순살달콤라떼치킨＋커피콩빵3알/1,신메뉴라 궁금했는데 생각보다 너무 맛있네요 짭잘한 간장치킨 같은데 커피향 아주 살짝 소스가 좀더 커피향 잘나긴 하는데 요거트소스에 커피향 들어가서 그런지 느끼하지 않고 치킨이랑 조화도 좋은 것 같네요 치즈볼이랑 커피빵도 넘 맛있었어요 잘 먹었습니다,5,5,5,5,2021년 3월 12일
110,치킨,마포구 상암동,멕시카나-명지대점,bd**님,달콤라떼치킨＋커피콩빵3알/1,이집 치킨은 진짜 맛있어요  배달도 빠르고  기름냄새도안나고 튀김도 바삭하고 메뉴이야기를 해보자면 라떼치킨 나쁘지는않아요 간장치킨맛에 끝에 커피향여운 조금 남는정도 소스는 어 호불호  누군가는 좋아할수도 있을거같아요 먹어볼까 고민하는 분들은 궁금하면 한번쯤 먹어보셔도 괜찮을거같아요,5,5,5,5,2021년 3월 12일
111,치킨,마포구 상암동,멕시카나-명지대점,do**님,순살달콤라떼치킨＋커피콩빵3알/1,맛있었어요 첨엔 호기심으로 시켰는데 맛있었어요,5,5,5,5,2021년 3월 12일
112,치킨,마포구 상암동,멕시카나-명지대점,zc**님,"반반치킨/1(반반 선택(후라이드 반,간장 반)),무추가/1,양념소스 추가/1",그래 분명 리뷰를 쓰기 위해 사진을 찍어야 했을 터였다 하지만 기억은 끊기고 눈을 떠보니 남은 치킨은 없었다 그래 분명 여동생이 닭다리를 먼저 집어 든 순간부터 우리의 전쟁이 시작되었던 것 같다 처음엔 감히 닭다리를 먼저 집어 그럼 난 날개를 취하겠다 라는 일념뿐이었는데 한 입 베어 문 순간 시간이 멈췄다 최후를 맞이한 우리 앞에 남은 사진은 이것이 전부였다 나 맛있다,5,5,5,5,2021년 3월 12일
113,치킨,마포구 상암동,멕시카나-명지대점,bu**님,"반반치킨/1(반반 선택(후라이드 반,불닭치킨 반))",맛도 양도 괜찮았지만 배달이 분정도 늦게 도착해서 아쉬웠습니다,4,5,5,4,2021년 3월 11일
114,치킨,마포구 상암동,멕시카나-명지대점,sa**님,순살달콤라떼치킨＋커피콩빵3알/1,푸짐하네요 잘먹겠습니다,5,5,5,5,2021년 3월 10일
115,치킨,마포구 상암동,멕시카나-명지대점,ps**님,반반치킨（후／양）＋더블치즈볼＋콜라1.25L/1,넘 오랜만에 먹어보는 멕시카나 였네요울 동네에는 배달이 안되었던것 같은데  아이들과 실컨 먹었네요 다른 치킨만 고집하던 큰아이가 여기 맛있다면서 이젠 여기서 주문해 먹자구 하네요 ,5,5,5,5,2021년 3월 9일
116,치킨,마포구 상암동,멕시카나-명지대점,sk**님,까르보불닭치킨/1,음배달 정말 오래걸렸어요 맛은 그럭저럭,4,4,4,1,2021년 3월 7일
117,치킨,마포구 상암동,멕시카나-명지대점,sw**님,땡초치킨/1,진짜 최고 맛있어요 최대치보다 더먹게됌,5,5,5,5,2021년 3월 7일
118,치킨,마포구 상암동,멕시카나-명지대점,10**님,후라이드치킨/1(추가메뉴(콜라변경1.25L)),배달 빠르고 맛있어요 감사합니다,5,5,5,5,2021년 3월 7일
119,치킨,마포구 상암동,멕시카나-명지대점,ko**님,"순살반반/1(순살반반 선택(순살땡초치킨 반,순살모두의마요치킨 반))",순살 부드럽고 너무 맛있었네요 모두의마요 처음 먹어보는데 소스랑 진짜 잘 어울리고 존맛탱 리뷰 감튀도 바삭하고 배달도 빨랐어요 강추,5,5,5,5,2021년 3월 7일
120,치킨,마포구 상암동,멕시카나-명지대점,ka**님,"투마리세트/1(치킨선택 1(허니벌꿀치킨),치킨선택 2(뿌리고（오리지널）),추가메뉴(콜라변경1.25L,체다치즈볼,더블치즈볼))",                        ,5,5,5,5,2021년 3월 7일
121,치킨,마포구 상암동,멕시카나-명지대점,ka**님,순살허니벌꿀치킨/1,맛있는 음식을 먹고 왔어 정말,5,5,5,5,2021년 3월 6일
122,치킨,마포구 상암동,멕시카나-명지대점,ps**님,"투마리세트/1(치킨선택 1(후라이드),치킨선택 2(양념치킨),추가메뉴(콜라변경1.25L,무추가))",양도 맛도 좋네요 투마리 치킨 메뉴에 기본 무를 개나 주시네요 적을까봐 개 추가 했는데 개가 와서 넉넉히 먹었습니다 비가 하루종일 온 날이라 예정 시간보다 분 이상 늦었지만 사장님께 연락드리니 응대가 나쁘지 않아 날씨랑 감안했을 때 기다릴만 했네요,5,5,5,4,2021년 3월 6일
123,치킨,마포구 상암동,멕시카나-명지대점,hi**님,땡초치킨/1,맛있어요 리뷰이벤트로 주신 새우과자도 너무 맛있었습니다,5,5,5,5,2021년 3월 6일
124,치킨,마포구 상암동,멕시카나-명지대점,zz**님,"후라이드치킨/1,양념소스 추가/1",후라이드 정말 맛있어요 배달도 빠르고 재주문 의사 있습니다,5,5,5,5,2021년 3월 6일
125,치킨,마포구 상암동,멕시카나-명지대점,ne**님,까르보불닭치킨/1,양념이 없음 새로오픈했는데 이렇게 소스 적게고 원가 아끼면 오래 안갈듯,1,1,1,5,2021년 3월 5일
126,치킨,마포구 상암동,멕시카나-명지대점,re**님,강정치킨（뼈）/1,자짜 달달해서 끝도없이 들어갑니다,5,5,5,5,2021년 3월 5일
127,치킨,마포구 상암동,멕시카나-명지대점,on**님,순살뿌리고（매콤달콤한맛）/1,콘스프 맛이 없어서 아쉬웠지만 순살치곤 양이 엄청났습니다 서비스 치즈볼도 맛있었네요,5,5,5,5,2021년 3월 5일
128,치킨,마포구 상암동,멕시카나-명지대점,jy**님,"반반치킨/1(반반 선택(후라이드 반,마늘치킨 반))",감사합니다 잘먹었습니다 ,5,5,5,5,2021년 3월 4일
129,치킨,마포구 상암동,멕시카나-명지대점,ki**님,"투마리세트/1(치킨선택 1(후라이드),치킨선택 2(양념치킨))",맛있습니다 양은 그럭저럭 많고 다만 양념이 좀 눅눅한것 외엔 좋습니다,5,5,4,4,2021년 3월 4일
130,치킨,마포구 상암동,멕시카나-명지대점,pk**님,양념치킨/1,자주 시켜먹어요 넘 맛있고 배달원분도 친절해요 잘 먹었습니당,5,5,5,5,2021년 3월 4일
131,치킨,마포구 상암동,멕시카나-명지대점,mb**님,양념치킨/1,번째 시켜먹습니당 배달도 빠르고 양념은 옛날양념처럼 달달하고 맛있어요 중독된듯,5,5,5,5,2021년 3월 3일
132,치킨,마포구 상암동,멕시카나-명지대점,th**님,"반반치킨/1(반반 선택(후라이드 반,간장 반))",친절하게 통화로알려주시고 음식도맛나고 포장깔끔해요 식기전에 도착도했는데벨누르지말아주십사아이가자고있어서 비번도 알려드렸는데쨍쨍하게울리는벨소리에 아이깨서다시재우고 먹느라애먹었어요 라이더님실수이신듯 영수증에 진하게표시도해주셨던데 맛있게잘 먹었어요,5,5,5,4,2021년 3월 2일
133,치킨,마포구 상암동,멕시카나-명지대점,kj**님,양념치킨/1,어렸을적 먹었었던 멕시카나를 몇십년 지나서 다시 양념치킨을 주문해서 먹게 되었습니다 예나 지금이나 변함없이 매우 맛이 좋습니다,5,5,5,5,2021년 3월 1일
134,치킨,마포구 상암동,멕시카나-명지대점,da**님,"순살반반/1(순살반반 선택(순살마늘치킨 반,순살뿌리고（오리지널） 반))",너무 맛있어요 멕시카나는 양념이 진리 순살도 촉촉,5,5,5,4,2021년 3월 1일
135,치킨,마포구 상암동,멕시카나-명지대점,ru**님,"반반치킨/1(반반 선택(후라이드 반,매운양념 반))",배달이 너무 심하게 늦네요  날씨가 이래도 한시간반은 좀,5,5,5,1,2021년 3월 1일
136,치킨,마포구 상암동,멕시카나-명지대점,dh**님,양념치킨/1,이벤트로 주신 감자튀김이 너무 맛있었어요,5,5,5,5,2021년 3월 1일
137,치킨,마포구 상암동,멕시카나-명지대점,po**님,후라이드치킨/1(추가메뉴(갈릭찹찹소스)),닭도 실하고 바삭바삭 잘튀겨져 너무 맛있었습니다,5,5,5,,2021년 2월 26일
138,치킨,마포구 상암동,멕시카나-명지대점,hj**님,반반치킨（후／양）＋더블치즈볼＋콜라1.25L/1,멕시카나 바삭하고 맛있어요 치즈볼도 정말 맛있네요 서비스도 감사합니다,5,5,5,5,2021년 2월 25일
139,치킨,마포구 상암동,멕시카나-명지대점,mb**님,양념치킨/1,으아아아아 다먹고나서 리뷰안쓴게 생각났네요 죄송해요 너무 맛있게 먹어서 흔적만 남은 사진입니다 멕시카나는 역시 양념치킨이 진리,5,5,5,,2021년 2월 25일
140,치킨,마포구 상암동,멕시카나-명지대점,jy**님,"반반치킨/1(반반 선택(후라이드 반,마늘치킨 반))",감사히 잘먹었습니다 리뷰늦어서 죄송합니다,5,5,5,5,2021년 2월 24일
141,치킨,마포구 상암동,멕시카나-명지대점,na**님,후라이드치킨＋더블치즈볼＋콜라1.25L/1(추가메뉴(더블치즈볼)),너무 맛있어요 치킨은 겉은 바삭 속은 촉촉하고 치즈볼은 쫀득하고 고소해서 너무 좋았어요 서비스도 잘 받았습니당 벨 누르지 말아달라고 부탁드려고 안 지키시는 분들 많은데 요청 사항 들어주셔서 감동 역시 멕시카나는 명지대점이 최고입니다 ,5,5,5,5,2021년 2월 24일
142,치킨,마포구 상암동,멕시카나-명지대점,ai**님,"순살후라이드치킨/1,땡초소스 추가/1",맛도 맛이지만 양이미쳤어요 이건 절대 한마리가 아니라능  잘먹었습니다,5,5,5,5,2021년 2월 24일
143,치킨,마포구 상암동,멕시카나-명지대점,jo**님,"양념치킨/1,치즈돈까스/1,새우링/1",잘먹었습니다 많이파세요,5,5,5,5,2021년 2월 23일
144,치킨,마포구 상암동,멕시카나-명지대점,bs**님,양념치킨/1,잘 먹었어요 항상 맛나게 부탁드려요,5,4,5,5,2021년 2월 23일
145,치킨,마포구 상암동,멕시카나-명지대점,mr**님,"반반치킨/1(반반 선택(후라이드 반,간장 반))",넘넘 만족합니다 친척동생 깨워서 먹었는데 잠결에도 잘 먹더라구요 다음날 기억 잘 못하는 건 대박 암튼 잘 먹었습니다,5,5,5,5,2021년 2월 23일
146,치킨,마포구 상암동,멕시카나-명지대점,ym**님,까르보불닭치킨/1,진짜 너무 맛있어요 이걸로 치밥하면 한끼가 뚝딱이에요 계속 생각나는 맛이라 입에서 계속 맴돌아요,5,5,5,5,2021년 2월 22일
147,치킨,마포구 상암동,멕시카나-명지대점,vb**님,"반반치킨/1(반반 선택(간장 반,땡초치킨 반),추가메뉴(불닭마요소스（매콤고소）))",간장은 재입맛엔 도저히 안맞더라구요 땡초는 맛있엇어요 이벤트로 주신 치즈볼도 달달하니 좋았습니다,4,3,4,3,2021년 2월 21일
148,치킨,마포구 상암동,멕시카나-명지대점,ji**님,"반반치킨/1(반반 선택(후라이드 반,강정치킨（뼈） 반))",멕시카나에 대한 인식을 바꿀 수 있는 좋은기회가 생긴거 같네요,5,5,5,5,2021년 2월 21일
149,치킨,마포구 상암동,멕시카나-명지대점,ki**님,까르보불닭치킨/1,시간 분 걸림 치킨 다 식어서 옴 왜 안 오냐고 전화하니까 가게선 일찍 보냈는데 배달이 늦게 가는 거라고하고 어쩌라는 건지 다신 안 시켜요,1,1,1,1,2021년 2월 21일
150,치킨,마포구 상암동,멕시카나-명지대점,nu**님,"반반치킨/1(반반 선택(간장 반,매운양념 반),추가메뉴(콜라변경1.25L))",맛있어요 배달도 빨랐어요 근데 매운 양념으로 시켰는데 안 매운 그냥 양념 같았어요,5,5,5,5,2021년 2월 21일
151,치킨,마포구 상암동,멕시카나-명지대점,sw**님,땡초치킨/1,최고로 맛있게 잘먹었습니다,5,5,5,5,2021년 2월 20일
152,치킨,마포구 상암동,멕시카나-명지대점,bb**님,"반반치킨/1(반반 선택(땡초치킨 반,뿌리고（매콤달콤한맛） 반))",와 진짜 맛있어요 땡초는 이상하게 매장마다 맛이다른데 여시점은 엄청 맛있어요 뿌리고도 첨은데 맛나네요 감사합니더,5,5,5,5,2021년 2월 20일
153,치킨,마포구 상암동,멕시카나-명지대점,hr**님,후라이드치킨/1,멕시카나 간만에 주문해 먹었는데 맛있네요 이벤트로 배달이 조금 지연 됐지만 그래도 치킨 따뜻하게 와서 괜찮아요 잘 먹었습니다,5,5,5,5,2021년 2월 20일
154,치킨,마포구 상암동,멕시카나-명지대점,jp**님,땡초치킨/1,예상시간보다빨리왔어요  치즈볼도 너무 맛잇어요,5,5,5,5,2021년 2월 20일
155,치킨,마포구 상암동,멕시카나-명지대점,kb**님,"반반치킨/1(반반 선택(까르보불닭치킨 반,모두의마요치킨 반),추가메뉴(콜라추가1.25L))",멕시카나에대한 이미지가 그리좋지않았었는데 이가게덕분에 싹바꼇습니다 너무맛있게 잘먹었어요 오렌만에 치킨먹는건데 하나도 실망하지않고 만족했습니다 일이있어서 리뷰를 늦게쓰네요 다음에도 꼭주문할게요,5,5,5,5,2021년 2월 20일
156,치킨,마포구 상암동,멕시카나-명지대점,sh**님,더블치즈볼/4,겉바속촉 끝판왕 맛있습니다 새우칩 이랑콜라도 감사합니다 멕시카나 하세요,5,5,5,5,2021년 2월 20일
157,치킨,마포구 상암동,멕시카나-명지대점,ki**님,"후라이드치킨/1,머스터드 소스 추가/1",후라이드 바삭하니 맛있네요 점포마다 맛이다른대 여기는 잘 튀기시네요 이맛 계속 유지해주시길 바랍니다,5,5,5,5,2021년 2월 19일
158,치킨,마포구 상암동,멕시카나-명지대점,zz**님,허니벌꿀치킨/1,서비스 잘먹었어요 배달도 예정보다 분 빨리오셨어요 아주 조아용,5,5,5,5,2021년 2월 19일
159,치킨,마포구 상암동,멕시카나-명지대점,op**님,모두의마요치킨/1,맛있어요 치즈볼도 대박 담에 또 시켜먹고싶네요,5,5,5,5,2021년 2월 19일
160,치킨,마포구 상암동,멕시카나-명지대점,ly**님,"반반치킨/1(반반 선택(후라이드 반,간장 반)),콜라1.25L 변경/1",멕시카나 후라이드 너무 맛있어요 명지대점 멕시카나 짱입니다 멕시카나 간장치킨은 처음 먹어봤는데 간장치킨도 짱 맛있네요 잘먹었습니다,5,5,5,5,2021년 2월 19일
161,치킨,마포구 상암동,멕시카나-명지대점,ka**님,순살까르보불닭치킨/1,오늘은 배달이 빠르게 와서 따뜻하게 잘 먹었습니다,5,5,5,5,2021년 2월 19일
162,치킨,마포구 상암동,멕시카나-명지대점,64**님,양념치킨/1,배달 예상시간보다 훨씬 빨라서 너무 좋았구요 양도많고 제가 좋아하는 양념치킨 스타일이라 맛있었습니다 대만족이에욘,5,5,5,5,2021년 2월 19일
163,치킨,마포구 상암동,멕시카나-명지대점,br**님,"반반치킨/1(반반 선택(까르보불닭치킨 반,모두의마요치킨 반))",맛있어요 정신없이 먹다가 찍었네요,5,5,5,5,2021년 2월 19일
164,치킨,마포구 상암동,멕시카나-명지대점,ei**님,반반치킨（후／양）＋더블치즈볼＋콜라1.25L/1,치킨도 좋았고 리뷰 이벤트 서비스도 잘 받았습니다 다만 배달하시는 분이 전화도 문자도 없이 야외에 음식을 두고 가서 음식이 전부 차갑게 식어 있었어요 여기에서 심야에 배달을 시키면 종종 이런 일이 있는 것 같은데 시정이 되었으면 좋겠네요,5,5,5,1,2021년 2월 19일
165,치킨,마포구 상암동,멕시카나-명지대점,lj**님,후라이드치킨/1,치즈볼맛있네요 배달도빠르고 따뜻한치킨 바삭바삭맛있어요,5,5,5,5,2021년 2월 19일
166,치킨,마포구 상암동,멕시카나-명지대점,re**님,강정치킨（뼈）/1,밤 늦게 시켰는데 서비스까지 감사합니다 잘먹었습니다,5,5,5,5,2021년 2월 19일
167,치킨,마포구 상암동,멕시카나-명지대점,hy**님,"멕시듀오（간장＋양념）/1,호빵튀김/1",오랜만에 멕시카나 먹고는 맛있어서 다시 꽂혔어요 또 주문합니다 완전 잘 먹었어요,5,5,5,5,2021년 2월 19일
168,치킨,마포구 상암동,멕시카나-명지대점,ga**님,"반반치킨/1(반반 선택(후라이드 반,간장 반))",음식도 식지않게 와서 좋았고요 치킨무도 냄새진하지 않고 신선했어요 감튀가 특별했고 정말 맛있었습니다,5,5,5,5,2021년 2월 18일
169,치킨,마포구 상암동,멕시카나-명지대점,ka**님,순살모두의마요치킨/1,이벤트 때문에 그런지 치킨이 식다못해 차갑게 왔습니다 물론 눅눅하기까지 그래도 맛나게 먹었습니다,4,5,5,3,2021년 2월 18일
170,치킨,마포구 상암동,멕시카나-명지대점,hy**님,"투마리세트/1(치킨선택 1(후라이드),치킨선택 2(모두의마요치킨))",마요치킨은 정말 맛있어요 오자마자 순삭해서 ,5,5,5,5,2021년 2월 18일
171,치킨,마포구 상암동,멕시카나-명지대점,eq**님,순살모두의마요치킨/1,뭔가 아련하면서 자극적이지 않고 아주 맛있어요,5,5,5,5,2021년 2월 18일
172,치킨,마포구 상암동,멕시카나-명지대점,gu**님,"투마리세트/1(치킨선택 1(뿌리고（오리지널）),치킨선택 2(뿌리고（눈꽃치즈맛）))",요청사항 들어주셔서 감사합니다 양념도 많이 묻혀있어서 너무 맛있게 먹었어요  엔젤소스 너무 맛있는데 따로 팔아주세요 ,5,5,5,5,2021년 2월 18일
173,치킨,마포구 상암동,멕시카나-명지대점,eu**님,순살뿌리고（매콤달콤한맛）/1,치킨 너무 뜨끈했고 맛은 알아봤듯이 치토스 비스무리 하네요 이벤트 중인데도 뜨끈하게 와서 맛나게 잘 먹었습니다,5,5,5,5,2021년 2월 17일
174,치킨,마포구 상암동,멕시카나-명지대점,74**님,"반반치킨/1(반반 선택(뿌리고（매콤달콤한맛） 반,모두의마요치킨 반))",잘 먹었어용 너무 앗있어용,5,5,5,5,2021년 2월 17일
175,치킨,마포구 상암동,멕시카나-명지대점,dn**님,반반치킨（후／양）＋더블치즈볼＋콜라1.25L/1,빠르고 맛있습니다 뭔말이 필요,5,5,5,5,2021년 2월 14일
176,치킨,마포구 상암동,멕시카나-명지대점,hm**님,반반치킨（후／양）＋더블치즈볼＋콜라1.25L/1,요즘 멕시카나 꽂혀서 먹는데 진짜 맛있어요,5,5,5,5,2021년 2월 8일
177,치킨,마포구 상암동,멕시카나-명지대점,55**님,양념치킨/1,배달은 아직 안왔지만 미리 리뷰 남겨요 추운날씨탓인지 기숙사까지 배달대행이 없어서 다른곳 주문은 모두 거절당했어요 혹시나 하고 늦은 저녁으로 시켰는데 주문이 들어갔다고 해서 어찌나 기분이 좋던지  긴 대기시간이지만 기분좋게 기다렸습니다 혹시나 주문이 안들어갔는데 어플에서 통과시킨걸까봐 전화했을때 사장님께서 분 분 정도 걸리신다고 해서 지금 기다리고있는데요 늦어서 화나기보단 얼마전 교통사고가 있으셨다던데 걱정이됩니다 부디 무탈히 와주세요 이런 날씨에도 저녁 배달해주셔서 감사합니다,5,5,5,5,2021년 2월 4일
178,치킨,마포구 상암동,멕시카나-명지대점,wh**님,모두의마요치킨＋나쵸＋콜라1.25L/1,사은품이 안왔지만 그래도 맛있었어요,4,4,4,3,2021년 1월 30일
179,치킨,마포구 상암동,멕시카나-명지대점,gd**님,뿌리고（매콤달콤한맛）＋더블치즈볼＋콜라1.25L/1,맛있게 잘먹었습니다 맥시카나 치즈볼이 대박이에여,5,5,5,5,2021년 1월 29일
180,치킨,마포구 상암동,멕시카나-명지대점,sh**님,"반반치킨/1(반반 선택(후라이드 반,간장 반))",오자마자 허겁지겁 먹느라 사진을 못찍었네요  후라이드와 간장은 첨인데 진짜 꿀맛인정입니다 잘먹었습니다,5,5,5,,2021년 1월 28일
181,치킨,마포구 상암동,멕시카나-명지대점,ka**님,"양념치킨/1(추가메뉴(콜라추가500ml)),무추가/1",솔직히 아쉬움이 많이 남는 맛이네요 이날 치킨이 지나치게 탄 맛이 났습니다,3,3,4,3,2021년 1월 27일
182,치킨,마포구 상암동,멕시카나-명지대점,ki**님,"투마리세트/1(치킨선택 1(후라이드),치킨선택 2(양념치킨))",배달 폭주라 주문이 밀려서 그런지 조금 늦었지만 후라이드 치킨은 다른 업체보다 더 고소한 거 같아요 이용하던 브랜드가 아니었는데 다시 시켜먹을 의향 있어요,5,5,5,4,2021년 1월 27일
183,치킨,마포구 상암동,멕시카나-명지대점,js**님,순살마늘치킨/1,마늘 좋아해서 마늘치킨 시켰는데 딱 제취향,5,5,5,5,2021년 1월 27일
184,치킨,마포구 상암동,멕시카나-명지대점,pl**님,"투마리세트/1(치킨선택 1(매운양념치킨),치킨선택 2(후라이드))",잘먹었어여 또 시킬게여,5,5,5,,2021년 1월 27일
185,치킨,마포구 상암동,멕시카나-명지대점,as**님,반반치킨（후／양）＋더블치즈볼＋콜라1.25L/1,행사인데도 빨리왓습니다 맛은 뭐 당연 점,5,5,5,5,2021년 1월 26일
186,치킨,마포구 상암동,멕시카나-명지대점,lj**님,"투마리세트/1(치킨선택 1(불닭치킨),치킨선택 2(모두의마요치킨),추가메뉴(데빌코코소스,불닭마요소스（매콤고소）))",컵 요청을 못해서 전화로 부탁드렸는데 챙겨주셔서 감사해요  불닭 진짜 맛있네요,5,5,5,5,2021년 1월 25일
187,치킨,마포구 상암동,멕시카나-명지대점,sj**님,"투마리세트/1(치킨선택 1(후라이드),치킨선택 2(뿌리고（오리지널）))",배달시간도 정확하고 맛있게 잘먹엇어요,5,5,5,5,2021년 1월 25일
188,치킨,마포구 상암동,멕시카나-명지대점,ls**님,모두의마요치킨/1,멕시카나 마요치킨 언제 먹어도 진짜 맛있어요 강추 감자튀김이랑 새우칩도 잘 먹었습니다,5,5,5,4,2021년 1월 23일
189,치킨,마포구 상암동,멕시카나-명지대점,sk**님,뿌리고（매콤달콤한맛）/1,그냥 후라이드 같앗어요 양념이 거의 없엇름,5,3,5,5,2021년 1월 23일
190,치킨,마포구 상암동,멕시카나-명지대점,sh**님,까르보불닭치킨/1(추가메뉴(더블치즈볼)),너무 맛있게 잘먹었습니다,5,5,5,5,2021년 1월 23일
191,치킨,마포구 상암동,멕시카나-명지대점,pc**님,"순살반반/1(순살반반 선택(순살후라이드 반,순살강정치킨 반),추가메뉴(콜라변경1.25L))",맛이 좋아요 배송이 빠르네요,4,4,4,4,2021년 1월 23일
192,치킨,마포구 상암동,멕시카나-명지대점,yu**님,"투마리세트/1(치킨선택 1(마늘치킨),치킨선택 2(후라이드),추가메뉴(치즈돈까스))",치킨살이 많고 튀김옷도 맛있었어요 근데 추가 결재한 치즈돈가스가딱 덩이 살짝 실망했으요 치킨은 재주문각입니다,4,5,4,5,2021년 1월 22일
193,치킨,마포구 상암동,멕시카나-명지대점,je**님,모두의마요치킨/1,잘먹었습니다 프로모션 중이라 배달은 늦었지만 그래도 따뜻하게 먹었어요,5,5,5,5,2021년 1월 22일
194,치킨,마포구 상암동,멕시카나-명지대점,wi**님,모두의마요치킨＋나쵸＋콜라1.25L/1,정말 한가득 왔네요 마요치킨 정말 맛있네요특히 소스는 진짜 마요네즈의 느끼함이 올라올때 푹 찍어 먹으면 새콤달콤 완젼 존맛입니다 서비스도 굳굳,5,5,5,5,2021년 1월 22일
195,치킨,마포구 상암동,멕시카나-명지대점,al**님,"반반치킨/1(반반 선택(후라이드 반,간장 반)),콜라 500mL/1",역시 맛나네요 멕시카나 최고에요,5,5,5,5,2021년 1월 22일
196,치킨,마포구 상암동,멕시카나-명지대점,je**님,순살매운양념치킨/1,큰 닭을 쓰는지 양이 타사보다 많은 것 같았어요 달달한 양념도 맛있고 좋았습니다 금요일이고 이벤트라 다른 지점은 결재 취소를 하던데 이곳은 배달까지 잘 와서 좋네요,5,5,5,5,2021년 1월 22일
197,치킨,마포구 상암동,멕시카나-명지대점,do**님,순살모두의마요치킨/1,마요치킨이 원래는 맛있는데 식어서 맛없게 먹었답니다 사장님께선 적당한 시간에 보내 셨는데 배달대행 기사님이 너무 오랜시간 돌다가 오셔 치킨이 완전 다 식었습니다,4,4,4,1,2021년 1월 22일
198,치킨,마포구 상암동,멕시카나-명지대점,qo**님,순살허니벌꿀치킨/1,배송 빠르게 잘 받았습니다,5,3,5,5,2021년 1월 22일
199,치킨,마포구 상암동,멕시카나-명지대점,ha**님,양념치킨/1,양념이 안묻어있는 곳이있고 닭이 점 딱딱해요  그래도 양념 맛있어요,5,4,3,4,2021년 1월 22일
200,치킨,마포구 상암동,멕시카나-명지대점,wh**님,양념치킨/1,할인 간 중이라서 그런가 주문 취소 계속 나고 배달도 다 식어서 왔어요 그래도 맛은 있어요 옛날 양념 맛 나고 양도 괜찮아요,3,4,4,3,2021년 1월 22일
201,치킨,마포구 상암동,멕시카나-명지대점,wl**님,"투마리세트/1(치킨선택 1(후라이드),치킨선택 2(양념치킨)),뿌리고（매콤달콤한맛）추가/1",클래식한 반반 잘 먹었습니다 ,5,5,5,5,2021년 1월 22일
202,치킨,마포구 상암동,멕시카나-명지대점,ge**님,양념치킨/1(추가메뉴(콜라변경1.25L)),이벤트로 두시간만에 받았는데 콜라잘못넣어주심 다시 갖다달라고전화한후 또 분 기다려서받음 언제올지몰라 치킨먹으면서 작은콜라도먹었는데 배달기사님에게 그값을 지불하려고하니 가격을모른다하여 찜찜한상태로 제가주문한 콜라를받았네요 혹시 필요하시다면 계좌주세요 리뷰이벤트신청해서받았으니 이런것과는별개로 별은 다섯개했습니다,5,5,5,5,2021년 1월 21일
203,치킨,마포구 상암동,멕시카나-명지대점,gk**님,땡초치킨/1,시간 넘게 기다려서 받았어요 이벤트라서 오래걸린줄 알았지만 이렇게 오래걸리면 배달 예상시간을 넉넉히 잡아주시면 좋을거 같아요 치킨이 식어서 아쉬웠지만 보내주신 감자튀김이 식어도 바삭하니 맛있네요,4,4,5,1,2021년 1월 21일
204,치킨,마포구 상암동,멕시카나-명지대점,wi**님,"후라이드치킨/1,무추가/1,양념소스 추가/1",맛있었는데 소스가 맛은 있었습니다,5,5,5,5,2021년 1월 21일
205,치킨,마포구 상암동,멕시카나-명지대점,ia**님,반반치킨（후／양）＋더블치즈볼＋콜라1.25L/1,오늘 할인하는 날이라 분 기다렸는데 결론적으로 분 더 늦게 도착했어요 치킨도 많이 식었지만 배고파서 먹엇어요 맛도 좋고 사장님도 전화주셔서 그나마 맘 풀려고요,3,4,5,1,2021년 1월 21일
206,치킨,마포구 상암동,멕시카나-명지대점,gk**님,"순살반반/1(순살반반 선택(순살후라이드 반,순살간장 반))",일단 오늘 비오고 날씨가 안좋은건 이해가 가지만 한시간 기다렸는데 추가적으로 또 기다렸네요 화가나서 욕까진 아니지만 매장에서 몇시에 출발했나 따지면서 머라고 하긴했네요 하고 나니까 비도 오는데 죄송도 하고 매장 사장님 말로는 오늘 하루종일 배달업체랑 문제가 많았다고 하네요 치킨도 식어서 그런지 맛도 잘모르겠고 반품할까하다가 다들 어려운때 고생하시는데 너무했나 싶어서 그냥 먹었습니다 배달 몇군데 한번에 하는건 이해는 하지만 날씨도 안좋고 눈길일때는 조금 줄여서 빠른배송을 해주시면 좋을것 같아요,3,3,3,2,2021년 1월 21일
207,치킨,마포구 상암동,멕시카나-명지대점,sh**님,"멕시듀오（후라이드＋간장）/1,데빌코코소스/1,땡초소스 추가/1",간장 처음먹어보는데 존맛탱이에요 소스 추가는 필수 맛도 맛인데 진짜 친절하셔서 더 감동이었습니다,5,5,5,5,2021년 1월 21일
208,치킨,마포구 상암동,멕시카나-명지대점,jk**님,"투마리세트/1(치킨선택 1(모두의마요치킨),치킨선택 2(양념치킨)),땡초상하이볶음밥/1",모두의마요랑 양념이랑 땡초상하이볶음밥이에요 밥은 양은 적은 느낌이았지만 안에 닭가슴살이랑 새우도 들어가고 불맛도 느껴져서 맛있게 먹었어요 치킨 맛납니다요 서비스 감자도 바삭 많이 주셔서 감사해요,5,5,5,5,2021년 1월 19일
209,치킨,마포구 상암동,멕시카나-명지대점,gy**님,"뿌리고（매콤달콤한맛）/1(추가메뉴(갈릭찹찹소스,호빵튀김))",맛있엇습니다 배달도 빠르고요,5,5,5,5,2021년 1월 19일
210,치킨,마포구 상암동,멕시카나-명지대점,cj**님,순살뿌리고（매콤달콤한맛）/1,다먹어서사진을 못찍었오 역쉬멕끼까나,5,5,5,5,2021년 1월 19일
211,치킨,마포구 상암동,멕시카나-명지대점,mo**님,후라이드치킨/1,할인해서 저렴하게 잘 먹었습니다 감자튀김도 정말 맛있습니다,5,5,5,5,2021년 1월 19일
212,치킨,마포구 상암동,멕시카나-명지대점,ke**님,땡초치킨/1,땡초치킨은 두번째인데 맛있네요 행사 때문에 배달이 늦어진거는 괜찮은데 좀 많이 식어서 왔네요 식지 않았다면 더 맛있어을텐데 아쉽네요 ,5,5,5,5,2021년 1월 18일
213,치킨,마포구 상암동,멕시카나-명지대점,km**님,"반반치킨/1(반반 선택(양념치킨 반,간장 반),추가메뉴(콜라변경1.25L))",사장님이 친절하세요 배달 오류로 전화드렸더니 친절하게 응대해주시고 메뉴도 새로 배달해주셨어요 맛있게 잘 먹었습니다 번창하세요,5,5,5,5,2021년 1월 18일
214,치킨,마포구 상암동,멕시카나-명지대점,jh**님,모두의마요치킨/1,여기서 마요치킨은 처음 먹어봤는데 맛있네요 찍어먹는 소스가 너무 잘 어울려요 서비스로 주신 치즈볼도 맛있게 잘 먹었습니다,5,5,5,5,2021년 1월 18일
215,치킨,마포구 상암동,멕시카나-명지대점,sa**님,땡초치킨/1,맵긴했는데 좋았네요 리뷰이벤트 상품도 잘 받았습니다,5,5,5,5,2021년 1월 18일
216,치킨,마포구 상암동,멕시카나-명지대점,is**님,모두의마요치킨/1,색다른맛이에여 보내주신 소스안뿌려먹어도 맛있네요 도착예정시간보다 늦게왔는데 배달하시는분이 전화주셨어요,5,5,5,5,2021년 1월 17일
217,치킨,마포구 상암동,멕시카나-명지대점,64**님,뿌리고（매콤달콤한맛）/1,배달빨라서 너무 좋았고 시킬때마다 항상 맛있게 먹는거 같아요 너무 만족입니다,5,5,5,5,2021년 1월 16일
218,치킨,마포구 상암동,멕시카나-명지대점,ly**님,"반반치킨/1(반반 선택(후라이드 반,양념치킨 반),추가메뉴(콜라변경1.25L))",양도 많고 맛도 좋아요 후라이드 튀김옷이 넘 맛있어여 양념도맛있어용,5,5,5,3,2021년 1월 16일
219,치킨,마포구 상암동,멕시카나-명지대점,km**님,"반반치킨/1(반반 선택(양념치킨 반,간장 반),추가메뉴(콜라변경1.25L))",맛있어서 자주 시켜먹으려구여,5,5,5,5,2021년 1월 16일
220,치킨,마포구 상암동,멕시카나-명지대점,lo**님,"후라이드치킨/1,양념소스 추가/2",배달도 빠르고 치킨도 뜨겁고 맛있게 잘먹었습니다 또 시킬게요,5,5,5,5,2021년 1월 16일
221,치킨,마포구 상암동,멕시카나-명지대점,ai**님,"순살반반/1(순살반반 선택(순살후라이드 반,순살까르보불닭치킨 반))",오자마자 막 먹느라 사진을 못찍었어요  무지막지한 양에 까르보 불닭은 첨이었는데 맛있네요 잘먹었습니다,5,5,5,5,2021년 1월 16일
222,치킨,마포구 상암동,멕시카나-명지대점,pi**님,"반반치킨/1(반반 선택(후라이드 반,땡초치킨 반),추가메뉴(콜라추가500ml))",땡초치킨 처음 먹어봤는데 맛있어요 매울 때 치즈볼 주워먹으면 딱 좋아요 콜라는 기본으로 오는 줄 모르고 추가해서 다 못 먹었네요 우울한 일이 있어서 충동적으로 시켰는데 기분이 나아졌어요 맛있는 치킨 팔아주셔서 감사합니다,5,5,5,5,2021년 1월 16일
223,치킨,마포구 상암동,멕시카나-명지대점,ru**님,"반반치킨/1(반반 선택(후라이드 반,양념치킨 반))",진짜 엄청바삭하고 닭 질도 엄청 좋은거같아요,5,5,5,5,2021년 1월 15일
224,치킨,마포구 상암동,멕시카나-명지대점,rj**님,"멕시듀오（다리＋날개）/1,참이슬/3",배달도빠르고 맛있어요 굳굳,5,5,5,5,2021년 1월 15일
225,치킨,마포구 상암동,멕시카나-명지대점,sa**님,"반반치킨/1(반반 선택(후라이드 반,양념치킨 반))",오랜만에 멕시카나 양념 후라이드 맛있었네요,4,4,4,4,2021년 1월 14일
226,치킨,마포구 상암동,멕시카나-명지대점,tr**님,"투마리세트/1(치킨선택 1(후라이드),치킨선택 2(양념치킨))",맛있게 잘 먹었습니다 살이 부드럽고 바삭함도 좋았어요,5,5,5,4,2021년 1월 10일
227,치킨,마포구 상암동,멕시카나-명지대점,sh**님,까르보불닭치킨＋치즈돈까스＋콜라1.25L/1,처음 먹어봤는데 맛있네요 치즈볼하고 치즈돈까스도 맛있어요 맵지 않아서 좋았습니다 근데 조금 짠맛이 강하긴 해요 맛있게 잘먹었습니다,5,5,5,5,2021년 1월 10일
228,치킨,마포구 상암동,멕시카나-명지대점,lm**님,양념치킨/1(추가메뉴(불닭마요소스（매콤고소）)),요청사항도 잘 들어드시구 정말 맛있게 잘 먹었습니다,5,5,5,5,2021년 1월 9일
229,치킨,마포구 상암동,멕시카나-명지대점,hm**님,"투마리세트/1(치킨선택 1(까르보불닭치킨),치킨선택 2(뿌리고（눈꽃치즈맛）)),사이다 1.25L/1",배달대행 멈춰서 분기다린건 그렇다쳐도 내가 전화걸고나서야 배달에 문제가생겼고 카드안된다고 공지받은건 좀 어이가없었네요 현금 없다고하면 분기다린거 허무하게 날릴까봐 편의점 까지가서 뽑아왔습니다 배달대행 멈췄는데 자가용이라도 끌고 배달한건 기특한데 중요한건 맛이 너무없어요 위에꺼 다제쳐 둬도 그냥 음식이 맛이없어요,1,1,1,3,2021년 1월 8일
230,치킨,마포구 상암동,멕시카나-명지대점,bs**님,양념치킨/1,양념 맛이 약간 시큼한거 같습니다,3,3,3,2,2021년 1월 8일
231,치킨,마포구 상암동,멕시카나-명지대점,to**님,양념치킨/1,양념이 너무 맛있어요 굿굿,5,5,5,5,2021년 1월 6일
232,치킨,마포구 상암동,멕시카나-명지대점,gm**님,"반반치킨/1(반반 선택(후라이드 반,양념치킨 반))",치킨 눅눅해질까봐 받자마자 떨어뜨려놓느라 사진이 이런데 후라이드 아주 바삭하게 왔어요 서비스 새우칩까지 잘 받았어요 양념은 튀김옷이 후라이드랑 다른가봐요 근데 맛있었어요담에 또 시키려구요 배달은 분 걸린다더니 분 더 걸린 것 같아요 후라이드 바삭했으니 됐어요,5,5,5,4,2021년 1월 4일
233,치킨,마포구 상암동,멕시카나-명지대점,ss**님,땡초치킨/1,멕시카나 땡초는 다른 치킨 먹다가도 다시 돌아오게 돼욬 튀김옷도 얇고 양념이 잘 배어있답니다 맛있게 맵구요 안느끼하고 너무 맛있어요 요청대로 문앞에 놔둬주셔서 감사해요,5,5,5,5,2021년 1월 3일
234,치킨,마포구 상암동,멕시카나-명지대점,in**님,"반반치킨/1(반반 선택(후라이드 반,불닭치킨 반)),생맥주（500cc）/3",정말 맛있고 생맥주 배달되서 좋아요,5,5,5,5,2021년 1월 3일
235,치킨,마포구 상암동,멕시카나-명지대점,au**님,"순살허니벌꿀치킨/1,병맥주（테라）/1",너무 맛잇어보여서 사진을 먹다가 찍엇러요 배달이랑 맛이랑 다 최고고곸양도 많이잇어요 ,5,5,5,5,2021년 1월 2일
236,치킨,마포구 상암동,멕시카나-명지대점,pa**님,"모두의마요치킨＋나쵸＋콜라1.25L/1(추가메뉴(콜라변경1.25L,콜라추가1.25L))",마요 굿 타코랑 새우랑 바삭팼어요 소스도 맛잇게 잘먹었습니다 머그컵감사해요,5,5,5,5,2021년 1월 2일
237,치킨,마포구 상암동,멕시카나-명지대점,si**님,반반치킨（후／양）＋더블치즈볼＋콜라1.25L/1,굳굳 생각보다 빨리 왔어요,5,5,5,5,2021년 1월 2일
238,치킨,마포구 상암동,멕시카나-명지대점,ar**님,"반반치킨/1(반반 선택(후라이드 반,양념치킨 반))",앗있게 잘 먹었어요감사해요,5,5,5,5,2021년 1월 1일
239,치킨,마포구 상암동,멕시카나-명지대점,pa**님,후라이드치킨/1,치킨 바삭하고 맛있어요,5,5,5,5,2020년 12월 31일
240,치킨,마포구 상암동,멕시카나-명지대점,je**님,뿌리고（오리지날）/1,처음 먹어본건데 맛있네요,5,4,5,5,2020년 12월 31일
241,치킨,마포구 상암동,멕시카나-명지대점,bo**님,반반치킨（후／양）＋더블치즈볼＋콜라1.25L/1,배달도빠르고 뭣보다 바삭해요 또시킬게요,5,5,5,5,2020년 12월 31일
242,치킨,마포구 상암동,멕시카나-명지대점,es**님,"반반치킨/1(반반 선택(후라이드 반,매운양념 반)),생맥주（500cc）/2",매운양념과 후라이드 반반으로 주문했구요 닭강정같은 바삭 쫀득한 식감이라 양념치킨 맛있게 먹었습니다 후라이드도 따뜻하게 바삭하고 맛있구요,5,5,5,5,2020년 12월 31일
243,치킨,마포구 상암동,멕시카나-명지대점,wo**님,"순살반반/1(순살반반 선택(순살강정치킨 반,순살모두의마요치킨 반))",늦은 시간에 배달 요청 드렸는데도 서비스까지 친절히 주셔서 감사히 잘 먹었습니다 맛있네요,5,5,5,5,2020년 12월 31일
244,치킨,마포구 상암동,멕시카나-명지대점,tj**님,"투마리세트/1(치킨선택 1(후라이드),치킨선택 2(양념치킨))",두마리 세트라 작은 닭을 사용할 줄 알았는데 그런 것 같지 않고 양이 아주 많습니다잘먹엇어요,5,5,5,5,2020년 12월 30일
245,치킨,마포구 상암동,멕시카나-명지대점,ld**님,모두의마요치킨＋나쵸＋콜라1.25L/1,맛있어요 나쵸랑 서비스 감튀도 굿,5,5,5,5,2020년 12월 30일
246,치킨,마포구 상암동,멕시카나-명지대점,ly**님,"반반치킨/1(반반 선택(후라이드 반,양념치킨 반)),머스터드 소스 추가/1",너무 맛있고 감자튀김하고 새우칩을 같이 주셨어요 사장님 센스쟁이,5,5,5,5,2020년 12월 29일
247,치킨,마포구 상암동,멕시카나-명지대점,fa**님,"투마리세트/1(치킨선택 1(후라이드),치킨선택 2(간장치킨))",맛있어 요 또시킬거에요,5,5,5,5,2020년 12월 28일
248,치킨,마포구 상암동,멕시카나-명지대점,qk**님,뿌리고（매콤달콤한맛）＋더블치즈볼＋콜라1.25L/1,배달도 빠르고 맛은 더좋네요 서비스도 굿,5,5,5,5,2020년 12월 28일
249,치킨,마포구 상암동,멕시카나-명지대점,ys**님,"후라이드치킨＋더블치즈볼＋콜라1.25L/1(추가메뉴(새우링,불닭마요소스（매콤고소）))",배달도빨리오고너무뜨거웠어요치킨배달중제일뜨겁게온거가타오 리뷰이벤트로쥬신감자튀김은너무많아서내일마저머글생각이에오굿굿,5,5,5,5,2020년 12월 27일
250,치킨,마포구 상암동,멕시카나-명지대점,wi**님,후라이드치킨＋더블치즈볼＋콜라1.25L/1,정말 맛있고 늘 시켜먹는 집이에요,5,5,5,5,2020년 12월 27일
251,치킨,마포구 상암동,멕시카나-명지대점,ji**님,반반치킨（후／양）＋더블치즈볼＋콜라1.25L/1,후라이드양념반반맛있다 서비스도 좋음,5,5,5,5,2020년 12월 27일
252,치킨,마포구 상암동,멕시카나-명지대점,97**님,"순살마늘치킨/1(추가메뉴(멕시감자)),순살반반/1(순살반반 선택(순살후라이드 반,순살간장 반))",넘 맛이오용서비스도 좋아용,5,5,5,5,2020년 12월 27일
253,치킨,마포구 상암동,멕시카나-명지대점,kt**님,"반반치킨/1(반반 선택(후라이드 반,양념치킨 반))",엘리베이터에서 너무 맛있는 치킨 냄새가 나서 봤더니 멕시카나더라구요 처음 먹어보는데 맛있네요,5,5,5,5,2020년 12월 26일
254,치킨,마포구 상암동,멕시카나-명지대점,zj**님,양념치킨/1(추가메뉴(콜라변경1.25L)),맛이 아주 좋습니다 추운날에는 역시 멕시카나,5,5,5,5,2020년 12월 22일
255,치킨,마포구 상암동,멕시카나-명지대점,qk**님,"실속후라이드（8호）/1,더블치즈볼/1,데빌코코소스/1,사이다 500mL/1",자취생한테는 치킨도 먹고 사이드도 먹을 수 있는 실속후라이드 넘무너무 좋네용 ,5,5,5,5,2020년 12월 21일
256,치킨,마포구 상암동,멕시카나-명지대점,ls**님,모두의마요치킨/1,마요치킨 넘 맛있어요 같이 오는 소스에 찍어먹으니꺼 더 맛있네요,5,5,5,4,2020년 12월 20일
257,치킨,마포구 상암동,멕시카나-명지대점,cj**님,후라이드치킨/1,이벤트 기간에 시켜 배달이 늦었지만 양도 많고 튀김이 바삭해서 좋았습니다,5,5,5,2,2020년 12월 20일
258,치킨,마포구 상암동,멕시카나-명지대점,hy**님,"반반치킨/1(반반 선택(양념치킨 반,땡초치킨 반))",처음 시켰는데 치킨은 맛있네요 양념이 역시 진리 그런데 한시간 기다려서 받았는데 치킨에 약간에 따뜻한 온기만 남아있는 정도라 아쉽네요,4,5,5,3,2020년 12월 20일
259,치킨,마포구 상암동,멕시카나-명지대점,ha**님,모두의마요치킨/1(추가메뉴(콜라변경1.25L)),맛나게 먹었습니다 근데 좀 추워서 그런지 치킨이 식었어용,4,4,4,3,2020년 12월 20일
260,치킨,마포구 상암동,멕시카나-명지대점,yh**님,"반반치킨/1(반반 선택(양념치킨 반,간장 반))",너무 맛있었어요 배달도 빠르고 감사합니다,5,5,5,5,2020년 12월 20일
261,치킨,마포구 상암동,멕시카나-명지대점,na**님,모두의마요치킨/1,잘먹었습니다 또 주문할게요,5,5,5,5,2020년 12월 20일
262,치킨,마포구 상암동,멕시카나-명지대점,ma**님,"투마리세트/1(치킨선택 1(양념치킨),치킨선택 2(간장치킨),추가메뉴(콜라추가1.25L))",잡내도 없고 맛있습니다 근데 배달이 매우 느림,5,5,5,3,2020년 12월 20일
263,치킨,마포구 상암동,멕시카나-명지대점,ju**님,땡초치킨/1,교촌 레드 맛 상위호환같아여 꿀맛 치즈볼이랑 같이먹으니까 더맛잇다,5,5,5,5,2020년 12월 20일
264,치킨,마포구 상암동,멕시카나-명지대점,wi**님,"후라이드치킨/1,양념소스 추가/1,콜라 500mL/1",육즙이며 겉튀김까지 진짜 너무 맛나서 좋았습니다 감사합니다 기본 크리스피치킨입니다,5,5,5,4,2020년 12월 20일
265,치킨,마포구 상암동,멕시카나-명지대점,h0**님,후라이드치킨/1(추가메뉴(불닭마요소스（매콤고소）)),이집잘튀긴다깨끗하다 별다섯개드립니다,5,5,5,5,2020년 12월 20일
266,치킨,마포구 상암동,멕시카나-명지대점,vo**님,순살후라이드치킨/1,맛있게 잘 먹었어요 양이 정말 많아서 깜짝 놀랐네요 서비스 치즈볼까지 맛있어요,5,5,5,5,2020년 12월 20일
267,치킨,마포구 상암동,멕시카나-명지대점,ge**님,멕시듀오（후라이드＋양념）/1,배달하신분 짱친절 요기요 이벤트로원할인받고먹엇네요 양은 적지만 맛있어요,5,5,3,5,2020년 12월 19일
268,치킨,마포구 상암동,멕시카나-명지대점,ni**님,"실속후라이드（8호）/1,땡초소스 추가/1,생맥주 1000cc/2",가성비 좋고 맛있고 최고,5,5,5,4,2020년 12월 19일
269,치킨,마포구 상암동,멕시카나-명지대점,il**님,후라이드치킨/1(추가메뉴(불닭마요소스（매콤고소）)),너무 맛있고 따뜻하게 잘먹었습니다 자주 시켜서 먹어야겠어요 감사합니다,5,5,5,5,2020년 12월 19일
270,치킨,마포구 상암동,멕시카나-명지대점,do**님,순살모두의마요치킨/1,순살 마요치킨 부드럽고 고소한 느낌의 맛 특히 소스가 맛있어요 이벤트로 감자튀김 감사합니다,4,5,3,4,2020년 12월 19일
271,치킨,마포구 상암동,멕시카나-명지대점,ju**님,"반반치킨/1(반반 선택(후라이드 반,양념치킨 반))",배달이 예상시간보다 늦어서 별하나 뺐어요 반반치킨 시켰는데 둘다 맛있어요 좀 더 따뜻하게 먹었으면 좋았을뻔했지만 리뷰이벤트 감자튀김도 기대안했는데 맛있네요,5,5,5,2,2020년 12월 19일
272,치킨,마포구 상암동,멕시카나-명지대점,pc**님,순살모두의마요치킨/1(추가메뉴(콜라변경1.25L)),배달이 많이 밀려서 흠이 지만 맛은 좋아요,3,3,3,3,2020년 12월 18일
273,치킨,마포구 상암동,멕시카나-명지대점,ny**님,"반반치킨/1(반반 선택(땡초치킨 반,마늘치킨 반)),무추가/2",무 추가 개했는데 안왔습니다 선결재했는데 결재했는지도 모르고 배달하네요 다신 주문 안하겠습니다,1,2,2,1,2020년 12월 18일
274,치킨,마포구 상암동,멕시카나-명지대점,Ks**님,멕시듀오（간장＋양념）/1,배달이 빨리 왔네요 이벤트로 온 감자튀김도 맛있게 먹었어요,5,5,4,5,2020년 12월 18일
275,치킨,마포구 상암동,멕시카나-명지대점,nd**님,순살강정치킨/1,크 새벽에 먹은 강정 꿀맛탱,5,5,5,5,2020년 12월 17일
276,치킨,마포구 상암동,멕시카나-명지대점,pu**님,"반반치킨/1(반반 선택(후라이드 반,마늘치킨 반))",주문오류지만 신속하게 처리해주셔서 감사합니다,5,5,5,5,2020년 12월 17일
277,치킨,마포구 상암동,멕시카나-명지대점,ai**님,"순살후라이드치킨/1,땡초소스 추가/1",맛도 양도 서비스도 요구사항 들어주시는 것도 최고에요,5,5,5,5,2020년 12월 17일
278,치킨,마포구 상암동,멕시카나-명지대점,bo**님,"투마리세트/1(치킨선택 1(후라이드),치킨선택 2(까르보불닭치킨))",넘 맛있게 잘 먹었습니다 양도 맛도 좋와요 수고하세요,5,5,5,5,2020년 12월 17일
279,치킨,마포구 상암동,멕시카나-명지대점,pe**님,모두의마요치킨/1,처음먹어보는데 맛있네요 소스랑도 잘어울려요,5,5,5,5,2020년 12월 16일
280,치킨,마포구 상암동,멕시카나-명지대점,kd**님,모두의마요치킨/1,맛있게 먹었어요 근데 양념이라서 그런지 튀김옷 너무 촉촉한건 아쉬워요,5,5,5,5,2020년 12월 16일
281,치킨,마포구 상암동,멕시카나-명지대점,fl**님,뿌리고（매콤달콤한맛）＋호빵튀김＋콜라1.25L/1,치킨은 맛있고 괜찮아요 리뷰이벤트 사은품도 잘 받았습니다 다만 치킨데이라서 배달이 늦는건 어느정도 감안해도 배달에 한시간반이 걸리는건 너무 오래 걸리는거 같아요,5,5,5,3,2020년 12월 15일
282,치킨,마포구 상암동,멕시카나-명지대점,yo**님,"투마리세트/1(치킨선택 1(양념치킨),치킨선택 2(후라이드))",배송 빠르고 맛있습니다,5,5,5,5,2020년 12월 15일
283,치킨,마포구 상암동,멕시카나-명지대점,kk**님,순살강정치킨/1(추가메뉴(콜라변경1.25L)),정신없이 먹다보니 사진을 못찍었네요 딱 제가 원하는 양념순살치킨이었네요 맛있게 먹었습니다,5,5,5,4,2020년 12월 15일
284,치킨,마포구 상암동,멕시카나-명지대점,fl**님,"순살반반/1(순살반반 선택(순살후라이드 반,순살뿌리고（눈꽃치즈맛） 반))",완전 바삭하고 맛있어요 가격도 적당해서 또 시켜먹고 싶습니다 ,5,5,5,5,2020년 12월 15일
285,치킨,마포구 상암동,멕시카나-명지대점,er**님,모두의마요치킨＋나쵸＋콜라1.25L/1,리뷰이벤트로 머그컵까지 받았네요 배달도 시간 맞춰서 잘 받았구 치킨도 아주 맛있어요 다음에 또 시킬게요,5,5,5,5,2020년 12월 15일
286,치킨,마포구 상암동,멕시카나-명지대점,tj**님,까르보불닭치킨＋치즈돈까스＋콜라1.25L/1,잘먹었어요 또시켜먹을게요,5,5,5,5,2020년 12월 15일
287,치킨,마포구 상암동,멕시카나-명지대점,tr**님,"투마리세트/1(치킨선택 1(후라이드),치킨선택 2(양념치킨),추가메뉴(콜라추가500ml))",양념은 닭이 좀 딱딱하고 뻑뻑했는데 후라이드는 닭도 신선하다고 해야하나 너무 맛있었어요 뜨겁고,4,3,4,4,2020년 12월 15일
288,치킨,마포구 상암동,멕시카나-명지대점,ai**님,반반치킨（후／양）＋더블치즈볼＋콜라1.25L/1,일딴 너무 배고파서 사진못찍었어요  배달   분걸린다더니 분만에 왔네요 허겁지겁 혹혹  양   없는 부분없나 보니 다 있네요 한마리 다주심  명이서 다먹고 조각 남김  맛   타 치킨이랑 비교하는 건  갠적으론 페리카나를 좋아해요 배달이 빨리 온 점도 있었지만 페리카나보다 맛있었어요 이사온지얼마 안되어 타 지점도 시켜먹어봤는데 요기가 제일 잘튀기네요 참고로 멕시카나 북좌점 바로앞인데 여기다 시킴 딸도 맛있게먹고 다 맛있게먹었네요 치즈볼도 오지구,5,5,5,5,2020년 12월 14일
289,치킨,마포구 상암동,멕시카나-명지대점,em**님,반반치킨（후／양）＋더블치즈볼＋콜라1.25L/1,상자 뚜껑이 눌렸는지 상자 곳곳에 양념이 묻어있었지만 맛있게 먹었습니다,5,5,5,4,2020년 12월 13일
290,치킨,마포구 상암동,멕시카나-명지대점,xl**님,"투마리세트/1(치킨선택 1(까르보불닭치킨),치킨선택 2(모두의마요치킨))",맛이 있어서 자주 시켜먹어요 ,5,5,5,5,2020년 12월 13일
291,치킨,마포구 상암동,멕시카나-명지대점,as**님,땡초치킨/1,역시 저의 인생 치킨은 땡초치킨입니딘,5,5,5,4,2020년 12월 13일
292,치킨,마포구 상암동,멕시카나-명지대점,yo**님,반반치킨（후／양）＋더블치즈볼＋콜라1.25L/1,배송도 빠르고 맛있었어요 다음에 또 주문할게요,5,5,5,5,2020년 12월 12일
293,치킨,마포구 상암동,멕시카나-명지대점,64**님,"뿌리고（매콤달콤한맛）/1,치즈돈까스/1",배달 빨리와서 너무 좋았구요 치토스 치킨 좋아했어서 한번 시켜봣는데 너무 맛있게 잘먹었습니다  완전 대만족이에요,5,5,5,5,2020년 12월 11일
294,치킨,마포구 상암동,멕시카나-명지대점,ko**님,"뿌리고（매콤달콤한맛）/1(추가메뉴(불닭마요소스（매콤고소）)),땡초소스 추가/1,생맥주 1000cc/1",오랜만에 맛있는 치킨 먹었네요 맥주 천미리에 천원 실화입니까 ,5,5,5,5,2020년 12월 9일
295,치킨,마포구 상암동,멕시카나-명지대점,jn**님,까르보불닭치킨/1,호불호 강하겠는데요 세조각까지 맛있는데 하지만 별다섯개,5,5,5,5,2020년 12월 8일
296,치킨,마포구 상암동,멕시카나-명지대점,ne**님,모두의마요치킨＋나쵸＋콜라1.25L/1,잘받고 잘먹는중입니다 ,5,5,5,5,2020년 12월 5일
297,치킨,마포구 상암동,멕시카나-명지대점,bo**님,까르보불닭치킨＋치즈돈까스＋콜라1.25L/1,넘 맛있게 잘 먹었습니다 양도 맛도 좋와요 수고하세요,5,5,5,5,2020년 12월 5일
298,치킨,마포구 상암동,멕시카나-명지대점,64**님,까르보불닭치킨＋치즈돈까스＋콜라1.25L/1,배달빨랐고 까르보불닭 처음 먹어봣는데 기대한것 보다 훨씬 맛있어서 너무 만족합니다 뭐하나 빠지는게 없네요,5,5,5,5,2020년 12월 5일
299,치킨,마포구 상암동,멕시카나-명지대점,il**님,뿌리고（매콤달콤한맛）＋더블치즈볼＋콜라1.25L/1,음식 정말 맛있었습니다 배달도 빨리 왔고 치즈볼안에 치즈도 잘 녹아있었어요 치킨도 매콤달콤하다길래 맵찔이라 약간 걱정했는데 그정도는 아니었어요,5,5,5,5,2020년 12월 4일
300,치킨,마포구 상암동,멕시카나-명지대점,lj**님,"후라이드치킨＋더블치즈볼＋콜라1.25L/1,참이슬/1,병맥주（테라）/1",맛있게잘먹었어요 배달도빨라서좋아요,5,5,5,5,2020년 12월 2일
301,치킨,마포구 상암동,멕시카나-명지대점,ai**님,"후라이드치킨/1,땡초소스 추가/1",정말 오랜만에 먹는 멕시카나  주변에 없어서 못먹었는데 간만에 정말 맛있게 먹었어요 최애하는 땡초 소스도 넉넉히 챙겨주시고 배달도 빨라서 뜨끈한 치킨 먹을 수 있었어요 서비스 감자튀김도 고맙습니다 ,5,5,5,5,2020년 12월 1일
302,치킨,마포구 상암동,멕시카나-명지대점,wl**님,양념치킨/1,맥시카나 연신내점 자주시켜먹다가 오늘 문닫아서 이곳에 시켜봣는데  배달비 원  연신내점 천원   치킨은 제가 양념치킨만먹는데 여기는 양념이 아까우신가 봅니다 양념을 바른수준  튀김옷은 거의 밀가루덩어리먹는줄알았네요 할인하는날먹긴 했지만 사장님은 아셔야할거같네요,2,2,3,5,2020년 12월 1일
303,치킨,마포구 상암동,멕시카나-명지대점,br**님,"모두의마요치킨＋콜라1.25L（이벤트）/1,생맥주（500cc）/1",너무 맛있게 잘 먹었어요  감사합니다 최고예요,5,5,5,5,2020년 12월 1일
304,치킨,마포구 상암동,멕시카나-명지대점,me**님,"뿌리고（매콤달콤한맛）＋더블치즈볼＋콜라1.25L/1,생맥주 1000cc/2",맛있어요새우칩도 맛있네용,5,5,5,5,2020년 11월 30일
305,치킨,마포구 상암동,멕시카나-명지대점,co**님,"투마리세트/1(치킨선택 1(파닭),치킨선택 2(양념치킨))",근처 지점이 안열어서 배달비 조금 더 내고 명지대점에서 시켰는데 만족스럽습니다 멕시카나 후라이드 진짜 좋아하는데 이번엔 후라이드도 먹고 싶고 파닭도 먹고 싶어서 파닭으로 시켰어요 파닭은 후라이드랑 튀김옷이 좀 다른 것 같은데 파랑 소스랑 먹기에는 개인적으로 이게 더 잘 어울려서 맛있게 먹었습니다 양념도 맛있어서 치킨 많이 안드시는 아버지도 하나만 더 먹어야지 하면서 계속 드셨어요 서비스로 보내주신 감자튀김도 잘 먹었습니다 리뷰 이벤트 있는지 모르고 그냥 시켰는데 같이 보내주셔서 감사해요 사진 안찍은거 후회중,5,5,5,4,2020년 11월 30일
306,치킨,마포구 상암동,멕시카나-명지대점,xl**님,"투마리세트/1(치킨선택 1(모두의마요치킨),치킨선택 2(까르보불닭치킨))",두가지 맛 둘 다 너무 맛있었어요 명지대점 처음 주문해봤는데 다른 지점보다 닭도 촉촉하고 소스도 듬뿍 발려 있어서 다시 시키고 싶네요 치킨 일주일에 번이상 먹는 치킨 중독자인데 앞으로 자주 여기에서 시켜먹을 것 같습니다  같이 보내주신 새우칩 감튀도 바삭하고 맛있어요 신규매장인데 번창하세요 ,5,5,5,4,2020년 11월 30일
307,치킨,마포구 상암동,멕시카나-명지대점,wo**님,"파닭/1,땡초소스 추가/1",파닭에 있는 후라이드가 일반 후라이드랑 다른거군요 옛날치킨 느낌이긴 했는데 좀 오버쿡된 느낌이 조금 있었네요 그리고 파채 마니달라 부탁드렸는데 한마리 다 파닭으로 먹기엔 턱없이 부족한 양이엇습니다 많이 주신게 이정도면 전체적으로는 나쁘지 않았으나 조금 아쉬웠네요 아 감자튀김은 진짜 맛낫네요 어케 튀기시는지 눅눅해지지도 않고,4,4,3,5,2020년 11월 29일
308,치킨,마포구 상암동,멕시카나-명지대점,bo**님,반반치킨（후／양）＋더블치즈볼＋콜라1.25L/1,비오는날 바삭바삭한거면 말다햇죠 많이 파세요,5,5,5,5,2020년 11월 28일
309,치킨,마포구 상암동,멕시카나-명지대점,tl**님,"반반치킨/1(반반 선택(후라이드 반,양념치킨 반)),생맥주 1000cc/1",진짜 맛있어요 리뷰이벤트 참여하는거 깜빡했는데도 서비스 주셔서 감사합니다,5,5,5,5,2020년 11월 28일
310,치킨,마포구 상암동,멕시카나-명지대점,se**님,땡초치킨/1,멕시카나 땡초치킨 진짜 좋아해요 치밥하려구요 소스 많이 주셔서 감사합니다 ,5,5,5,5,2020년 11월 26일
311,치킨,마포구 상암동,멕시카나-명지대점,qk**님,모두의마요치킨＋콜라1.25L（이벤트）/1,신메뉴 나왔다길래 시켯는데 맛나네염,5,5,5,5,2020년 11월 26일
312,치킨,마포구 상암동,멕시카나-명지대점,gm**님,까르보불닭치킨/1,멕시카나 브랜드인건지 여기 지점인지는 잘 모르겟으나 닭이 전혀 촉촉하지 않은 편 소스는 약간짠 편이나삼양식품인지 아무튼 거기는 요새 트렌드에 맞춰 나트륨이 적은 그런소스를 개발하는게 도움될거 같음 안짜면 또한 그냥 달달한 고추장 소스랑 뭐가 다를까 싶다가도 아무튼 배달비 비싸서 유일하게 문연곳으로 시켯는데 요청사항은 잘 안받아들여졋고 대신 리뷰약속은 지켯어요 불닭매니아가 아니라서 맛이 있는지 모르겠으며 크림맛도 안남 맵찔이인데 먹을만 하고 단맛 매니아도 아니지만 아무튼 무슨 감칠맛인지 특별한맛이 없다 궁금한건 해결,3,2,4,4,2020년 11월 25일
313,치킨,마포구 상암동,멕시카나-명지대점,fu**님,"반반치킨/1(반반 선택(후라이드 반,양념치킨 반)),나초튀김/1,생맥주 1000cc/2",배달도 빠르고 맛있게 잘먹었네요 감사합니다,5,5,5,5,2020년 11월 25일
314,치킨,마포구 상암동,멕시카나-명지대점,kj**님,순살강정치킨/1,생각보다맛도좋고 서비스도 좋았어용,5,5,5,5,2020년 11월 25일
315,치킨,마포구 상암동,멕시카나-명지대점,ku**님,순살후라이드치킨/1,리뷰작성 가능하게 떴는데도 배달이 안오는 클라스,1,3,3,1,2020년 11월 24일
316,치킨,마포구 상암동,멕시카나-명지대점,jm**님,까르보불닭치킨/1,닭이 맛있네요 깔끔한맛 좋았어요,5,5,5,5,2020년 11월 24일
317,치킨,마포구 상암동,멕시카나-명지대점,le**님,모두의마요치킨＋콜라1.25L（이벤트）/1,신제품 나왔다고 해서 이제야 먹어봤네요 치킨 자체에 간이 쎈거 빼고는 맛있게 잘 먹었어요 마요네즈소스라 느끼할까 걱정했는데 끝맛이 약간 매콤하네요 사진 먼저 찍었어야하는데 먹다 찍어서 양이 더 적어보이는 거예요,5,4,4,5,2020년 11월 23일
318,치킨,마포구 상암동,멕시카나-명지대점,si**님,모두의마요치킨＋콜라1.25L（이벤트）/1,멕시카나 모두의마요 처음 시켜보는 메뉴라 기대했는데 기대한만큼 맛있네요 잘 먹었습니다 다음에 또 시키겠습니다 ,5,5,5,5,2020년 11월 23일
319,치킨,마포구 상암동,멕시카나-명지대점,si**님,순살양념치킨/1,넘 맛나요썹쓰를이리많이주셨네요담에 또 뵐께요,5,5,5,5,2020년 11월 23일
320,치킨,마포구 상암동,멕시카나-명지대점,cj**님,순살모두의마요치킨＋콜라1.25L（이벤트）/1,감사합니다 맛있게 잘먹었습니다 ,5,5,5,5,2020년 11월 23일
321,치킨,마포구 상암동,멕시카나-명지대점,sh**님,더블치즈볼/4,치즈볼만 시켰는데 콜라랑 감튀 감자칩까지 서비스로주시네요 감사합니다 덕분에 맛있게 먹었습니다,5,5,5,5,2020년 11월 22일
322,치킨,마포구 상암동,멕시카나-명지대점,sj**님,"실속후라이드（8호）/1,더블치즈볼/1,양념소스 추가/2,콜라 500mL/2",후라이드가 바삭하고 양이 많이요,5,5,5,5,2020년 11월 22일
323,치킨,마포구 상암동,멕시카나-명지대점,2d**님,반반치킨（후／양）＋더블치즈볼＋콜라1.25L/1,땡초치킨 시켜먹으려다가 세트할인하길래 반반시켜봤어요 역시 기본메뉴인만큼 무난하게 맛있었습니다 서비스로 주신 감자튀김도 바삭하니 맛났어요 그래도 저는 땡초치킨이 더 맛있어서 다음에 땡초로 또 시켜 먹을겁니다 사진은 반반이지만 여기 땡초치킨 진짜  강추,5,5,5,5,2020년 11월 17일
324,치킨,마포구 상암동,멕시카나-명지대점,ju**님,뿌리고（매콤달콤한맛）＋더블치즈볼＋콜라1.25L/1,예전에 치토스치킨을 맛있게 먹었던 기억이 있어서 뿌리고치킨 시켜봤는데 맛은 조금 달라도 맛있네요 특히 여기 치즈볼이 너무 맛있어요 제가 먹어본 치즈볼중에 제일 맛있는 거 같아요 감자튀김 서비스 감사합니다 사장님 번창하세요,5,5,5,5,2020년 11월 16일
325,치킨,마포구 상암동,멕시카나-명지대점,ty**님,까르보불닭치킨＋치즈돈까스＋콜라1.25L/1,맛있었어유  만족합니다,5,5,5,5,2020년 11월 16일
326,치킨,마포구 상암동,멕시카나-명지대점,pa**님,"투마리세트/1(치킨선택 1(후라이드),치킨선택 2(땡초치킨),추가메뉴(콜라변경1.25L))",땡초치킨 저는 그저 양념치킨에 땡초 조금 들어갔겠지 싶어서 시켰는데 지금 제 혀는 불타고 있어요 대박  맛있게 잘먹었습니다 서비스 감사해요,5,5,5,5,2020년 11월 13일
327,치킨,마포구 상암동,멕시카나-명지대점,ki**님,후라이드치킨＋더블치즈볼＋콜라1.25L/1,너무맛 있어용  생각 날때마다 시켜먹을게요 감자 치킨 바삭 너무 맛있어요,5,5,5,5,2020년 11월 13일
328,치킨,마포구 상암동,멕시카나-명지대점,se**님,모두의마요치킨＋콜라1.25L（이벤트）/1,배달이 조금 늦어서 감자튀김이 식었지만 맛있었어요 소스에 찍어먹으니 잘어울리네요 잘먹었습니다,5,5,5,4,2020년 11월 12일
329,치킨,마포구 상암동,멕시카나-명지대점,ky**님,모두의마요치킨＋콜라1.25L（이벤트）/1,맛있고 배달 빨랐습니다,5,5,5,5,2020년 11월 10일
330,치킨,마포구 상암동,멕시카나-명지대점,ls**님,후라이드치킨＋더블치즈볼＋콜라1.25L/1,예상시간보더 배달이 빨리와서 좋았습니다,5,5,5,5,2020년 11월 10일
331,치킨,마포구 상암동,멕시카나-명지대점,yo**님,반반치킨（후／양）＋더블치즈볼＋콜라1.25L/1,처음시켜봤는데 진짜 맛있어요 감자튀김도 맛있어요,5,5,5,5,2020년 11월 10일
332,치킨,마포구 상암동,멕시카나-명지대점,jn**님,모두의마요치킨＋콜라1.25L（이벤트）/1,맛이 아주 좋습니다아아,5,5,5,5,2020년 11월 9일
333,치킨,마포구 상암동,멕시카나-명지대점,gg**님,후라이드치킨＋더블치즈볼＋콜라1.25L/1,확실히 그날 다 못먹어도 다음날 먹어도 맛있는 치킨입니다 또 오것습니다,5,5,5,5,2020년 11월 9일
334,치킨,마포구 상암동,멕시카나-명지대점,sh**님,반반치킨（후／양）＋더블치즈볼＋콜라1.25L/1,치즈볼도 엄청 맛잇고 치킨도 맛있어요 잘먹었습니다,5,5,5,5,2020년 11월 9일
335,치킨,마포구 상암동,멕시카나-명지대점,im**님,"까르보불닭치킨＋치즈돈까스＋콜라1.25L/1,생맥주 1000cc/1",분명 세트메뉴 시켜서 콜러 리터가 와야하는데 미리리터가 왔네요 이거 뭐죠,1,5,1,5,2020년 11월 8일
336,치킨,마포구 상암동,멕시카나-명지대점,eh**님,반반치킨（후／양）＋더블치즈볼＋콜라1.25L/1,맛 좋쿠 양 많고 배송도 아주 빨라여 근디 아쉬운 게 젓가락 좀 챙겨주세용,5,5,5,4,2020년 11월 8일
337,치킨,마포구 상암동,멕시카나-명지대점,an**님,"순살반반/1(순살반반 선택(순살후라이드 반,순살양념치킨 반))",옛날치킨이 먹고 싶어서 시켰어요 양념이 땡겼는데 후라이드가 맛났어요,5,5,5,5,2020년 11월 7일
338,치킨,마포구 상암동,멕시카나-명지대점,jy**님,양념치킨/1,감사합니다 서비스도 잘 먹었습니다,5,5,5,5,2020년 11월 6일
339,치킨,마포구 상암동,멕시카나-명지대점,Ks**님,멕시듀오（양념）/1,맛은 있습니다 배달도 빠르고 양도 넉넉합니다 근데 리뷰 이벤트신청했는데 암것도 없네요 서비스 깜박한것 같은데 그냥 먹어요,3,5,3,5,2020년 11월 5일
340,치킨,마포구 상암동,멕시카나-명지대점,wj**님,모두의마요치킨＋콜라1.25L（이벤트）/1,배달도 늦지 않고 치킨 속살은 부드럽고 소스는 매콤한 맛을 더해 맛있게 먹었습니다,5,5,5,5,2020년 11월 5일
341,치킨,마포구 상암동,멕시카나-명지대점,ki**님,까르보불닭치킨＋치즈돈까스＋콜라1.25L/1,깔끔하고 너무 맛 있네요 서비스도 감사 대박나세요,5,5,5,5,2020년 11월 5일
342,치킨,마포구 상암동,멕시카나-명지대점,ha**님,"투마리세트/1(치킨선택 1(후라이드),치킨선택 2(양념치킨))",맛없어요 타지역에서 멕시카나만 먹고있는데 그맛 기대하고 시켰다가 맛이 너무 차이가 나네요 그리고 타지역에서는 반반 투마리치킨 원에 먹고있는데 왜 여긴 만원인건지,1,1,5,5,2020년 11월 4일
343,치킨,마포구 상암동,멕시카나-명지대점,kb**님,반반치킨（후／양）＋더블치즈볼＋콜라1.25L/1,맛있게 먹었어요 감사합니다,5,5,5,5,2020년 11월 3일
344,치킨,마포구 상암동,멕시카나-명지대점,ha**님,반반치킨（후／양）＋더블치즈볼＋콜라1.25L/1,완전 빠르게 배달 빋아서 따끈따끈하게 잘 먹었어요 푸짐하고 맛나게 먹어서 너무기분 좋아요 담에 또 주문할께요,5,5,5,5,2020년 11월 2일
345,치킨,마포구 상암동,멕시카나-명지대점,ls**님,간장치킨＋더블치즈볼＋콜라1.25L/1,배달이 빨라서 좋았습니다,5,5,5,5,2020년 11월 2일
346,치킨,마포구 상암동,멕시카나-명지대점,sd**님,모두의마요치킨＋콜라1.25L（이벤트）/1,배달 빠르고 맛있었습니디,5,5,5,5,2020년 11월 1일
347,치킨,마포구 상암동,멕시카나-명지대점,pe**님,"반반치킨（후／양）＋더블치즈볼＋콜라1.25L/1,치즈돈까스/1",옛날 치킨맛 자극적이지않고 맛잇습니당 추천용,5,5,5,4,2020년 11월 1일
348,치킨,마포구 상암동,멕시카나-명지대점,ca**님,"순살뿌리고（매콤달콤한맛）/1,사이다 1.25L/1",짭조름한게 제 스타일이여요  번창하세요,5,5,5,5,2020년 11월 1일
349,치킨,마포구 상암동,멕시카나-명지대점,gh**님,양념치킨/1,자정에 시켰는데 분 만에 배달 오고 맛있어요,5,5,5,5,2020년 11월 1일
350,치킨,마포구 상암동,멕시카나-명지대점,th**님,강정치킨＋더블치즈볼＋콜라1.25L/1,치킨도 맛있고 치즈볼도 맛있어요 근데 콜라가 배달이 안됐네요 집에 맥주 있어서 그냥 맥주랑 먹을께요 다음에는 잘챙겨주세요,5,5,5,5,2020년 10월 30일
351,치킨,마포구 상암동,멕시카나-명지대점,64**님,간장치킨＋더블치즈볼＋콜라1.25L/1,처음 시켜봤는데 배달 빠르고 맛있었어요 만족스럽습니다,5,5,5,5,2020년 10월 30일
352,치킨,마포구 상암동,멕시카나-명지대점,cj**님,순살양념치킨/1,감사합니다 맛있게 잘먹었습니다  감자받았으니 리뷰 약속지킵니다 앞으로도 자주 시켜먹을께요,5,5,5,5,2020년 10월 30일
353,치킨,마포구 상암동,멕시카나-명지대점,js**님,간장치킨＋더블치즈볼＋콜라1.25L/1,멕시카나는 언제먹어도 맛있네요 다만 리뷰이벤트신청이 안되서 살짝 아쉬웠음,5,5,5,5,2020년 10월 29일
354,치킨,마포구 상암동,멕시카나-명지대점,96**님,반반치킨（후／양）＋더블치즈볼＋콜라1.25L/1,따뜻하게 잘 먹었습니다 다음에는 다른 맛 먹어볼게요,5,5,5,5,2020년 10월 28일
355,치킨,마포구 상암동,멕시카나-명지대점,bo**님,까르보불닭치킨/1,조금 맵지만 맛있어요 바삭바삭하고 주문이 많았는지 배달은 한시간쯤 걸렸어요,5,5,5,4,2020년 10월 27일
356,치킨,마포구 상암동,멕시카나-명지대점,ki**님,"멕시윙（불닭）/1,데빌코코소스/1,머스터드 소스 추가/1",맛잇엇어요 요청사항도 잘들어주셔서 좋앗어요,5,5,5,5,2020년 10월 27일
357,치킨,마포구 상암동,멕시카나-명지대점,zl**님,모두의마요치킨＋콜라1.25L（이벤트）/1(추가메뉴(더블치즈볼)),너무너무 맛있는 신메뉴였습니다 더블치즈볼 시켰는데 물량 부족으로 체다치즈볼 넉넉하게 넣어줘도 되냐고 물어보셔서 갠찮다고 했구요 리뷰이벤트 감자는 그냥 햄버거집 감튀였습니다 다만 배달이 좀 늦네요  처음에 분 찍혔는데 결과적으로 한시간만에 왔어여 그래도 추천합니다,5,5,5,3,2020년 10월 27일
358,치킨,마포구 상암동,멕시카나-명지대점,pr**님,후라이드치킨/1(추가메뉴(콜라변경1.25L)),후라이드는 바삭하고 크기고 큼직해서 한입한입 베어먹기 너무 좋네요리뷰이벤트 맥시감자 햄버거브랜드보다 훨씬맛있었어욬,5,5,5,5,2020년 10월 27일
359,치킨,마포구 상암동,멕시카나-명지대점,do**님,반반치킨（후／양）＋더블치즈볼＋콜라1.25L/1,배달이 조금 늦긴 했는데 닭이 정말 맛있었습니다  양념 순살 반반 해먹었는데 양념이 달달하면서 매운 맛도 있어서 나중에는 매운 치킨을 시켜 먹어 볼 예정입니다  신규 오픈했다고 들었는데 다른 멕시카나보다 맛있네요 ,5,5,5,4,2020년 10월 26일
360,치킨,마포구 상암동,멕시카나-명지대점,hu**님,모두의마요치킨＋콜라1.25L（이벤트）/1,늦은 시간에 맛있게 먹었네요,5,5,5,5,2020년 10월 26일
361,치킨,마포구 상암동,멕시카나-명지대점,tm**님,뿌리고（매콤달콤한맛）/1,배달이 예상시간보다 늦어 많이 아쉬웠습니다 양은 괜찮았습니다 다음번엔 따뜻하게 먹고 싶습니다,3,3,3,2,2020년 10월 25일
362,치킨,마포구 상암동,멕시카나-명지대점,kr**님,양념치킨＋더블치즈볼＋콜라1.25L/1,맛있게 잘먹었습니다 많이파세요,5,5,5,5,2020년 10월 25일
363,치킨,마포구 상암동,멕시카나-명지대점,qk**님,까르보불닭치킨＋치즈돈까스＋콜라1.25L/1,새로생겼다해서 오랜만에 멕시카나 먹어봤는데 너무 맛있네여,5,5,5,5,2020년 10월 24일
364,치킨,마포구 상암동,멕시카나-명지대점,mu**님,반반치킨（후／양）＋더블치즈볼＋콜라1.25L/1,맛있게 먹었습니다 근데 요즘 닭은 다리가 하나인가 후라이드쪽에 젤 중요한 다리 한짝이 없드라고요,4,5,3,5,2020년 10월 24일
365,치킨,마포구 상암동,멕시카나-명지대점,w5**님,까르보불닭치킨＋치즈돈까스＋콜라1.25L/1,진짜 대존맛 매울줄 알았는데 너무 맵지않고 딱 맛있게 매운정도에요 성질이 급해서 몇조각 먹고 찍었는데 그만큼 맛있단 뜻이겠져 또 시켜먹을께오,5,5,5,5,2020년 10월 24일
