﻿,Category,Location,Restaurant,UserID,Menu,Review,Total,Taste,Quantity,Delivery,Date
0,치킨,강남구 삼성동,미담숯불바베큐-본점,or**님,참숯불（매운or엄청매운）바베큐치킨/1(맛 선택(매운맛)),순살로 바꿔서 시켰는데 너무 맛있어요  제가 찾던 그 맛,5,5,5,5,2021년 4월 17일
1,치킨,강남구 삼성동,미담숯불바베큐-본점,손님,참숯불（매운or엄청매운）바베큐치킨/1(맛 선택(매운맛)),저지굼주문도착예정인대왜배달이안와요,3,3,3,3,2021년 1월 13일
2,치킨,강남구 삼성동,미담숯불바베큐-본점,ok**님,"참숯불（매운or엄청매운）바베큐치킨/1(맛 선택(매운맛),추가 메뉴(콜라 500mL 추가))",너무너무 맛잇어요 제가 원하는 양념숯불이엇어요 근데 순살도 있으면 좋겟어요 아무튼 너무 맛있습니당,4,5,5,4,2021년 1월 13일
3,치킨,강남구 삼성동,미담숯불바베큐-본점,pi**님,반반 치킨（후라이드반＋양념반）/1,눈이와미끄러운데 감사합니다,5,5,5,5,2021년 1월 12일
4,치킨,강남구 삼성동,미담숯불바베큐-본점,se**님,참숯불（매운or엄청매운）바베큐치킨/1(맛 선택(엄청매운맛)),어렸을때 늘 먹던맛인데 어디에도 이런맛은 파는곳이없었는데 우연찮게 찾아냈습니다 게다가 초 매운맛도 되고 소스도 요청하면 많이주시구요 너무너무 맛있어요 사장님 혹시 닭 말고 야채숯불구이에 이 소스 버무려주시면 얼마든지 같은값으로 주문하겠습니다 사실 고기안먹늠데 이것땜에  먹었습니다,5,5,5,5,2020년 12월 29일
5,치킨,강남구 삼성동,미담숯불바베큐-본점,cu**님,"참숯불（매운or엄청매운）바베큐치킨/1(맛 선택(매운맛),추가 메뉴(공기밥 추가))",맛 소소 밥이랑 비벼먹을정도는아닌듯,3,3,4,3,2019년 7월 26일
6,치킨,강남구 삼성동,미담숯불바베큐-본점,kk**님,참숯불（매운or엄청매운）바베큐치킨/1(맛 선택(매운맛)),바베큐는 괜찮았는데 소스가 입맛 당기는 맛이 좀 떨어지는듯 합니다,4,3,3,4,2019년 7월 20일
7,치킨,강남구 삼성동,미담숯불바베큐-본점,re**님,참숯불（매운or엄청매운）바베큐치킨/1(맛 선택(매운맛)),간만에 맛있는 바베큐 먹었네용 체인점 양념이 아니라 직접 만그신 것 같은 소스가 긋긋 다만 고기가 조금 식어있는 느낌이라 아쉬웠어요,4,4,5,5,2019년 6월 4일
8,치킨,강남구 삼성동,미담숯불바베큐-본점,손님,참숯불（매운or엄청매운）바베큐치킨/1(맛 선택(매운맛)),너무 맛있어요 첫주문해서 먹었는데 진짜 맛있게먹었어요 기름도 쏙 빠지고 양념도맛있고 제대로된 숯불바베큐맛이었어요,5,5,5,5,2019년 3월 27일
9,치킨,강남구 삼성동,미담숯불바베큐-본점,손님,참숯불（매운or엄청매운）바베큐치킨/1(맛 선택(매운맛)),매운맛이 하나도 안매워서 담엔 진짜 매운맛으로 시켜보려구용 맛있었어욥,4,4,3,3,2019년 3월 1일
10,치킨,강남구 삼성동,미담숯불바베큐-본점,jj**님,참숯불（매운or엄청매운）바베큐치킨/1(맛 선택(엄청매운맛)),제일매운맛이랑 그냥매운맛 반반으로 요청드려서 먹었는데 존맛 불맛나고 기름기 쫙빠져 껍질까지 맛남,5,5,5,5,2018년 11월 26일
11,치킨,강남구 삼성동,미담숯불바베큐-본점,손님,참숯불（매운or엄청매운）바베큐치킨/1(맛 선택(엄청매운맛)),맛 괜찮네요 잘먹었습니다,4,4,4,4,2018년 9월 3일
12,치킨,강남구 삼성동,미담숯불바베큐-본점,손님,참숯불 담백한 소금구이/1,담백했어요  퍽퍽하긴 했지만 소스는 근데 아무것도 없더라구요 ,4,3,3,3,2018년 6월 24일
13,치킨,강남구 삼성동,미담숯불바베큐-본점,wn**님,참숯불（매운or엄청매운）바베큐치킨/1(맛 선택(매운맛)),역시 맛있네요 배달도빠르고 친절하고 잘먹겠습니다,5,,,,2018년 5월 31일
14,치킨,강남구 삼성동,미담숯불바베큐-본점,손님,반반 치킨（후라이드반＋양념반）/1(추가 메뉴(콜라 1.25L 추가)),닭모가지가없어요 날개도 하나있고 무슨문제일까요,1,1,1,1,2018년 5월 1일
15,치킨,강남구 삼성동,미담숯불바베큐-본점,wn**님,,너무 맛있어요 번째인데 이제리뷰남기네요 숯불향도좋고 양념도 맛있어요 숯불 반반메뉴가없는게 조금아쉽지만 그래도 대만족입니다,5,,,,2018년 4월 10일
16,치킨,강남구 삼성동,미담숯불바베큐-본점,bl**님,참숯불 담백한 소금구이/1(추가 메뉴(사이다 500mL 추가)),예상 배달시간보다 분 늦게도착함에도 배달원 불친절에 치킨살이 퍽퍽했습니다,1,,,,2017년 11월 7일
