﻿,Category,Location,Restaurant,UserID,Menu,Review,Total,Taste,Quantity,Delivery,Date
0,치킨,강남구 삼성동,바른치킨-강남선릉점,in**님,대세레드치킨/1,적당히 매콤한 치킨이 땡겨서 시켜봤어요 치킨 자체는 넘 맛있는데 한가지 아쉬운점이 소스가 너무 겨우겨우 묻어있어서너무 치덕치덕했음 짜게 느껴졌을것같긴한데 소스가 안묻어 있는 부분이 많았어용 그래도 맛있게 먹었습니다,5,4,5,5,4일 전
1,치킨,강남구 삼성동,바른치킨-강남선릉점,sa**님,"반반바른치킨（후라이드치킨＋양념치킨）/1(순살로 변경 추가 선택(순살로 변경),추가 선택(양념소스 추가,무 추가))",우선 바른치킨은 기름도 깨끗하고 튀김 옷도 바삭하고 좋아요 다만 조금 아쉬운게 있다면 개인적으로 양념 맛이 그냥 옛날 양념치킨 맛이라서 근데 그거 빼고는 다 좋습니다 맛있게 잘 먹었습니다,4,4,4,4,2021년 7월 14일
2,치킨,강남구 삼성동,바른치킨-강남선릉점,su**님,대세레드치킨/1(순살로 변경 추가 선택(순살로 변경)),맛있네요 다만 순살변경이 원 결제된 점 처리 안된게 아쉽네요,5,5,5,5,2021년 7월 13일
3,치킨,강남구 삼성동,바른치킨-강남선릉점,ki**님,대세레드치킨/1(반반변경(선택치킨반＋현미바사삭반)),뜨겁게 배달되어서 호호 불어먹었어요,5,5,5,5,2021년 7월 13일
4,치킨,강남구 삼성동,바른치킨-강남선릉점,du**님,"꿀바른 마늘치킨/1(순살로 변경 추가 선택(순살로 변경)),고구마치즈볼/1",따끈따끈 마늘과 꿀향이 잘 어울리네요 야들야들한 고기라서 맛있어요 남녀노소 다 좋아할맛 리뷰보고 치즈볼 시켰는데 잘 한듯해요 굿굿,5,5,5,5,2021년 7월 12일
5,치킨,강남구 삼성동,바른치킨-강남선릉점,me**님,"대세레드치킨/1,떡사리/1",유튜브에서 핫해서 시켰는데 진짜 대세네요 껍질 식감이 정말 좋아요 매콤하기도 너무 좋구요 추천합니다,5,5,5,5,2021년 6월 15일
6,치킨,강남구 삼성동,바른치킨-강남선릉점,20**님,"옛날강정（순살）/1,모둠감자튀김/1",근래 먹어본 치킨중에 제일 맛있네요 자주 시켜먹을듯 합니다,5,5,5,5,2021년 5월 27일
7,치킨,강남구 삼성동,바른치킨-강남선릉점,go**님,대새레드치킨/1,배달이 엄청 빨라서 배달 치킨먹으면서 손 뜨거워 보긴 첨입니다,4,3,5,5,2021년 5월 24일
8,치킨,강남구 삼성동,바른치킨-강남선릉점,sf**님,"으라차차 매운 치킨/1,모둠감자튀김/1",으음 우리동네 치킨맛집 요청사항도 잘 들어 주시고 맛있게 매운맛,5,5,5,5,2021년 4월 21일
9,치킨,강남구 삼성동,바른치킨-강남선릉점,au**님,반반바른치킨（후라이드치킨＋양념치킨）/1,양념이 약간부족했어요맛은 괜찮아요,4,4,4,4,2021년 4월 13일
10,치킨,강남구 삼성동,바른치킨-강남선릉점,so**님,옛날강정（순살）/1,바른치킨 다른 지점보다 확실히 맛있네요 기름 쩐내도 안나고 카사바랑 떡두 퀄이 훨 조음,5,5,5,5,2021년 3월 30일
11,치킨,강남구 삼성동,바른치킨-강남선릉점,su**님,반반바른치킨（후라이드치킨＋양념치킨）/1,익스프레스 진짜 빠르네요 주문한디 분도 안되서 받았어요 후라이드는 진짜 뜨끈뜨끈했는데 양념은 뭔가 미리 튀긴걸로 양념 묻힌것 같은 느낌이 사알짝 들긴 했지만 맛있게먹었습니다,4,3,3,5,2021년 3월 26일
12,치킨,강남구 삼성동,바른치킨-강남선릉점,ak**님,"현미바사삭 치킨/1,모둠감자튀김/1",맛있게 잘 먹었습니다 ,5,5,5,5,2021년 3월 20일
13,치킨,강남구 삼성동,바른치킨-강남선릉점,co**님,"현미바사삭 치킨/1,대새레드치킨/1",배달은 시간이 꽤 걸려서 늦었지만 맛있어요,4,4,4,2,2021년 3월 14일
14,치킨,강남구 삼성동,바른치킨-강남선릉점,k6**님,"현미바사삭 치킨/1,양념바른치킨/1",빠른배송에 항상 먹는데 맛있습니다,5,5,5,5,2021년 3월 11일
15,치킨,강남구 삼성동,바른치킨-강남선릉점,jj**님,대세치킨/1,양념좀 아끼지 마세요 대새치킨인지 사진만보고 양념 잘발린 실한치킨인줄알았다가 아래 깔린치킨들보고 경악함,1,1,1,2,2021년 2월 24일
16,치킨,강남구 삼성동,바른치킨-강남선릉점,in**님,반반바른치킨（후라이드치킨＋양념치킨）/1,아주맛읶어요 감사합니다 흐흐 굳굳,5,5,5,5,2021년 2월 19일
17,치킨,강남구 삼성동,바른치킨-강남선릉점,ad**님,"대세레드스페셜/1,고구마치즈볼/1",이매장은 몇번째 튀겼는지 번호가 없네요 스페셜은 처음 먹어보는데 떡까지있어 양이 푸짐합니다 근데 새우가 보관을 오래하셨는지 껍질이 잘 안까지네요 양념이 약간 부족한듯하지만 살짝 매콤하니 맛있게 먹었습니다,5,4,5,5,2021년 2월 1일
18,치킨,강남구 삼성동,바른치킨-강남선릉점,손님,"현미바사삭 치킨/1,양념바른치킨/1,모둠감자튀김/1,고구마치즈볼/1",짜지않고 맛이 순해서 좋아요 몇번째로 튀겨낸 것인지 메모가 붙어있어서 신선한 느낌,5,4,4,5,2021년 2월 1일
19,치킨,강남구 삼성동,바른치킨-강남선릉점,qk**님,대세치킨/1,이건 정말 굿 매콤하면 좋은 새우까지 ,4,4,4,4,2021년 1월 31일
20,치킨,강남구 삼성동,바른치킨-강남선릉점,na**님,"대세치킨/1,떡사리/1",이번주만 번째 떡볶이 대신에 떡사리 시켰는데 현명한 선택 양념이 넘 맛있어요 떡과 감자칲과 새우와 치킨이 다 있어 지루할 틈 없이 맛있게 먹었네염,5,5,5,5,2021년 1월 30일
21,치킨,강남구 삼성동,바른치킨-강남선릉점,st**님,반반바른치킨（후라이드치킨＋양념치킨）/1,배달 빠르고 양도 많아요,5,5,5,5,2021년 1월 29일
22,치킨,강남구 삼성동,바른치킨-강남선릉점,mo**님,반반바른치킨（후라이드치킨＋양념치킨）/1,삼성역치고 싸고 맛깨끗해요,4,4,4,4,2021년 1월 23일
23,치킨,강남구 삼성동,바른치킨-강남선릉점,yu**님,반반바른치킨（후라이드치킨＋양념치킨）/1,배달 빨라서 좋아요 엄청 빠릅니다,4,3,3,5,2021년 1월 22일
24,치킨,강남구 삼성동,바른치킨-강남선릉점,k6**님,"현미바사삭 치킨/1,양념바른치킨/1",익스프레스인데 분늦게도착했어요원래안그랬는데,5,5,5,4,2021년 1월 22일
25,치킨,강남구 삼성동,바른치킨-강남선릉점,su**님,현미바사삭 치킨/1(추가 선택(양념소스 추가)),맛은 별로에요바삭한맛이 없네요기름 많이 먹었어요,3,2,4,5,2021년 1월 22일
26,치킨,강남구 삼성동,바른치킨-강남선릉점,dj**님,반반바른치킨（후라이드치킨＋양념치킨）/1,요기요 익스프레스 최고구요 이제 요기요를 쓸래요 갯수정해서 튀기는 치킨이라 살이 하얗건지 믿음직스러워요 맥주랑 먹기 좋은 치킨이고 기본 후라이보단 양념이 좋네요 갠적으로 현미 마늘 간장 양념 추천드려요,5,5,5,5,2021년 1월 16일
27,치킨,강남구 삼성동,바른치킨-강남선릉점,ad**님,"대새레드치킨/1,고구마치즈볼/1",전엔 대새치킨으로 잘못시켜 너무 매워서 이번엔 지대로 대새레드로 주문했네요 자꾸 먹으니 매운맛이 살짝있네요 일욜 저녁인데도 배송빨랐고 양념인데 바싹바싹 맛있었어요 새우도 커서 씹는맛이 좋아요 특히 제가 좋아하는 가슴살이 많아 쵝오 고구마치즈볼은 전에 먹어보고 반해서 최애템 잘먹었습니다 이맛 쭈욱 유지해주세요 참 양념이 쪼금 부족한듯요,5,5,5,5,2021년 1월 13일
28,치킨,강남구 삼성동,바른치킨-강남선릉점,ja**님,"옛날강정（순살）/1,꿀바른 마늘치킨/1(순살로 변경 추가 선택(순살로 변경))",바른치킨 담백하게 맛잇어용,5,5,4,4,2021년 1월 7일
29,치킨,강남구 삼성동,바른치킨-강남선릉점,be**님,반반바른치킨（후라이드치킨＋양념치킨）/1,이런 집이 있구나 옛날맛,1,2,3,2,2021년 1월 6일
30,치킨,강남구 삼성동,바른치킨-강남선릉점,jp**님,양념바른치킨/1,오늘은 몇번째 튀김인지 스티커가 붙어있네요 치킨만 맛있어요 배달 돌아오느라 차가운 치킨 먹었구요 여기 양념 너무 좋아하는데 시킬수 있는 다른 지점 들어오면 좋겠네요 사장님 리뷰관리좀 하세요,1,5,3,1,2021년 1월 2일
31,치킨,강남구 삼성동,바른치킨-강남선릉점,k6**님,"현미바사삭 치킨/1,양념바른치킨/1",빠른배송으로 항상시켜먹는 매장입니다,5,5,5,5,2020년 12월 30일
32,치킨,강남구 삼성동,바른치킨-강남선릉점,jo**님,대세치킨/1,다른데는 떡이 들어간거같은데 왜 떡이 없어징 여튼 매콤하고 맛있어요,5,4,4,5,2020년 12월 27일
33,치킨,강남구 삼성동,바른치킨-강남선릉점,vn**님,양념바른치킨/1(추가 선택(무 추가)),깔끔달달 양념옷을 입었는데도 파삭하니 맛있게 먹었어요,4,4,5,5,2020년 12월 21일
34,치킨,강남구 삼성동,바른치킨-강남선릉점,so**님,반반바른치킨（후라이드치킨＋양념치킨）/1,진짜진짜 맛있음 배달도빠르고 굿굿굿,5,5,5,5,2020년 12월 20일
35,치킨,강남구 삼성동,바른치킨-강남선릉점,to**님,"반반바른치킨（후라이드치킨＋양념치킨）/1(추가 선택(무 추가),순살로 변경 추가 선택(순살로 변경)),대세치킨/1",맛있어요 배달도 빨리 해주시고 좋아요,5,5,5,5,2020년 12월 13일
36,치킨,강남구 삼성동,바른치킨-강남선릉점,hy**님,"옛날강정（순살）/1,레알 치즈떡볶이/1",맛있게 잘 먹고있다가 머리카락 나왔어요 입맛이 뚝 조심해주세요,4,4,4,5,2020년 12월 10일
37,치킨,강남구 삼성동,바른치킨-강남선릉점,dk**님,반반바른치킨（후라이드치킨＋양념치킨）/1,배달도 빠른편이였고 후라이드는 깨끗한 기름으로 튀긴맛이 느껴져서 좋았고 양념도 맛있고 전체적으로 맛있어서 또 시켜먹을꺼 같아요 ,5,5,5,5,2020년 12월 8일
38,치킨,강남구 삼성동,바른치킨-강남선릉점,lo**님,양념바른치킨/1,음 왜 갈수록 별로죠 오늘은 몇번째 튀긴거라는 스티커도 없이 개봉되어있네요 뭔가 그냥 찝찝함이,3,4,5,4,2020년 12월 6일
39,치킨,강남구 삼성동,바른치킨-강남선릉점,ma**님,반반바른치킨（후라이드치킨＋양념치킨）/1,짜지도않고 튀김옷 과하지 않아 좋아요 배달 기사님도 친절하셨어요,5,5,5,5,2020년 12월 6일
40,치킨,강남구 삼성동,바른치킨-강남선릉점,dk**님,"대세치킨/1,사이다（355mL）/1",너무 맛있어서 다먹어버려서 찍질 못햇어요,5,5,5,5,2020년 12월 5일
41,치킨,강남구 삼성동,바른치킨-강남선릉점,bp**님,현미바사삭 치킨/1,정직한치킨 담백한맛 좋아하시는분 추천 제 입맛엔 너무 싱거워서 집에 있는 소금 찍어 먹었어요,4,3,5,5,2020년 12월 4일
42,치킨,강남구 삼성동,바른치킨-강남선릉점,or**님,"순덕이 세트（순살치킨＋레알 치즈떡볶이）/1,양념소스/2",깨끗한 기름인 티가 납니다 고소해요 맛있어요 ,5,5,5,5,2020년 12월 4일
43,치킨,강남구 삼성동,바른치킨-강남선릉점,n7**님,반반바른치킨（후라이드치킨＋양념치킨）/1,맛은 별 개 그런데 오는길에 배달부 손탄거같습니다 스티커도 맥없이 떨어지고 후라이드 양념비율이 확연히 다릅니다 빈자리도 보이네요 배달포장 더 꼼꼼히 하셔야할것같습니다 찜찜한데 별수없이 먹습니다,3,5,1,1,2020년 12월 4일
44,치킨,강남구 삼성동,바른치킨-강남선릉점,ai**님,양념바른치킨/1,바른치킨이 타브랜드에 비해 맛이 깔끔,5,5,5,5,2020년 12월 1일
45,치킨,강남구 삼성동,바른치킨-강남선릉점,ki**님,"현미바사삭 치킨/1,양념바른치킨/1",치킨바삭바삭하고 맛있습니다,5,5,5,5,2020년 11월 29일
46,치킨,강남구 삼성동,바른치킨-강남선릉점,su**님,양념바른치킨/1,바삭하고 맛있는데 양념이 들 묻었어요 넉넉히 양념부탁드립니다,5,4,5,5,2020년 11월 28일
47,치킨,강남구 삼성동,바른치킨-강남선릉점,k6**님,"현미바사삭 치킨/1,양념바른치킨/1",항상변하지 않는 맛과 빠른배달에 금요일저녁 행복합니다,5,5,5,5,2020년 11월 27일
48,치킨,강남구 삼성동,바른치킨-강남선릉점,lo**님,바른순살 치킨/1,좋아요 양도많고 배달빠릅니다,5,5,5,5,2020년 11월 27일
49,치킨,강남구 삼성동,바른치킨-강남선릉점,lo**님,양념바른치킨/1,유일하게 할인없어도 배달하는 곳이에요 여기 양념 정말 한달에 열번이상 치킨먹는 저희집 최애 치킨됫어요 오늘은 근데 위에 감자칩도 몇개 없고 배달하시는분 코드도 알려드렸고 거기 보시면 여는법 다 쓰여있는데 코드 제대로 안하시고 계속 벨만 누르시고 현관 부서져라 문 흔들어도 안열려요 보다못해 아빠가 이층에서 뛰어내가셨네요 별뺏어요,3,5,5,1,2020년 11월 26일
50,치킨,강남구 삼성동,바른치킨-강남선릉점,zz**님,현미바사삭 치킨/1,리뷰 싱겁다는거 몬 말인지 알겠어요 되게 건강한 맛이에요 근데 엄청 바삭해요,3,4,5,5,2020년 11월 25일
51,치킨,강남구 삼성동,바른치킨-강남선릉점,sa**님,반반바른치킨（후라이드치킨＋양념치킨）/1(순살로 변경 추가 선택(순살로 변경)),후라이드 튀김 바삭해서 좋네요 양념치킨도 맛있어요,5,5,5,5,2020년 11월 22일
52,치킨,강남구 삼성동,바른치킨-강남선릉점,lo**님,반반바른치킨（후라이드치킨＋양념치킨）/1,여기 뭔가요 처음 보는 브랜드인데 양념이 양념이 완전 최고에요 일주일에 한두번은 치킨 먹는집인데 여기 단골될거같아요,5,5,5,5,2020년 11월 19일
53,치킨,강남구 삼성동,바른치킨-강남선릉점,e_**님,반반바른치킨（후라이드치킨＋양념치킨）/1,익스프레스는 배달 진짜 빨리 오네요  한 기름에서 번째 튀기는게 얼마나 좋은건진 모르겠지만 다른데와 달이 저런게 있으니까 마음의 위안은 되네요 치킨은 맛있었어요 후라이드는 생각보다 기본맛이고 양념이 맛있네요 마늘맛 심하게 나지 않고 달지만 깔끔해요 같이 온 감자튀김이 첨엔 적응 안됐는데 간이 안되있는거라 그런지 양념이랑 먹으니까 고소한 맛이 또 잘 어울리더라구요 한끼 잘먹었습니다,4,4,4,5,2020년 11월 17일
54,치킨,강남구 삼성동,바른치킨-강남선릉점,ju**님,반반바른치킨（후라이드치킨＋양념치킨）/1,조금 심심하고요 밀가루아니라서 좋은데 양도적고 닭이 너무 작아요 닭다리도 윙크기보다 살짝 큰정도네요,4,4,2,4,2020년 11월 17일
55,치킨,강남구 삼성동,바른치킨-강남선릉점,mj**님,순덕이 세트（순살치킨＋레알 치즈떡볶이）/1,바로아랫층이긴한데 배달해서 죄송 ,5,5,5,5,2020년 11월 15일
56,치킨,강남구 삼성동,바른치킨-강남선릉점,ky**님,반반바른치킨（후라이드치킨＋양념치킨）/1(순살로 변경 추가 선택(순살로 변경)),여기 순살 후라이드 반 양념반 진짜 맛있어요 감탄하면서 막었어요  배달도 엄청 빨라요 치킨이 건강한데 엄청 맛있는 맛이나요 다음 또 시켜야 겠어요,5,5,5,5,2020년 11월 15일
57,치킨,강남구 삼성동,바른치킨-강남선릉점,mo**님,반반바른치킨（후라이드치킨＋양념치킨）/1,근래 먹어본 치킨 중 베스트 양념도 적당하고 프라이드의 곡물맛도 좋네요,5,5,5,5,2020년 11월 14일
58,치킨,강남구 삼성동,바른치킨-강남선릉점,k7**님,"반반바른치킨（후라이드치킨＋양념치킨）/1,콜라（355mL）/1",익스프레스라 빨리왔어요 맛있게 먹었습니다,5,5,5,5,2020년 11월 12일
59,치킨,강남구 삼성동,바른치킨-강남선릉점,se**님,반반바른치킨（후라이드치킨＋양념치킨）/1,너무 맛있게 먹었습니다 두 번째시켜먹고 첫 리뷰 올리네요,5,5,4,5,2020년 11월 12일
60,치킨,강남구 삼성동,바른치킨-강남선릉점,he**님,양념바른치킨/1,모에요 양념치킨 왜케 맛있아요 진짜 대빅사건번째 치킨이래여 와우,5,5,5,5,2020년 10월 30일
61,치킨,강남구 삼성동,바른치킨-강남선릉점,na**님,현미바사삭 치킨/1,처음시켜보는데 익스프레스로 배달은 칼이였는데 후라이드는 밋밋했어요 닭 품질은 좋은것 같은데 제입맛에는 너무 싱거웠는데 다음에 대세치킨이나 양념류로 시켜봐야겠네요,3,3,3,5,2020년 10월 28일
62,치킨,강남구 삼성동,바른치킨-강남선릉점,sh**님,반반바른치킨（후라이드치킨＋양념치킨）/1,감사합니다 맛있게 먹었습니다,5,5,5,5,2020년 10월 27일
63,치킨,강남구 삼성동,바른치킨-강남선릉점,dy**님,꿀바른 마늘치킨/1,배달 빠르고 맛도 좋아요 간도 너무 달지않고 좋아용,4,5,5,5,2020년 10월 27일
64,치킨,강남구 삼성동,바른치킨-강남선릉점,ba**님,"으라차차 매운 치킨/1,꿀바른 마늘치킨/1",바른치킨 그동안 나가서 먹을 수 밖에 없었는데 이젠 배달도 그것도 분 내로 오는 익스프레스라그저 감동입니다 배달인데도 식지도 않고 엄청 바삭바삭합니다  매운맛이랑 마늘치킨의 조합이란진짜 맛납니다,5,5,5,5,2020년 10월 25일
65,치킨,강남구 삼성동,바른치킨-강남선릉점,se**님,현미바사삭 치킨/1,뭐해요 왜 리뷰 보고 있어요 얼른 시키지 않고 뭐히냐구요 진짜 화나네,5,5,5,5,2020년 10월 23일
66,치킨,강남구 삼성동,바른치킨-강남선릉점,xm**님,현미바사삭 치킨/1(추가 선택(양념소스 추가)),맛있어요 근데 잠실점에서 주문 많이 하다가 이사와서 주문했는데 생각보다 좀 기름졌어요  감자튀김도 비교적 적었구요,4,4,5,4,2020년 10월 17일
67,치킨,강남구 삼성동,바른치킨-강남선릉점,mi**님,반반바른치킨（후라이드치킨＋양념치킨）/1,밀가루 반죽이 아니라 더 건강한 맛으로 잘먹었던거같아요 다리만 있는 메뉴도 나왔으면 좋겠네요 몇번째 기름인지 나와서 무언가 더 안심되는듯,5,5,5,5,2020년 10월 17일
68,치킨,강남구 삼성동,바른치킨-강남선릉점,ca**님,꿀바른 마늘치킨/1,달콤 바삭하게 맛있었오요 갈릭 향도 나서 더 맛있네요 또 이용할께요,5,5,5,5,2020년 10월 12일
69,치킨,강남구 삼성동,바른치킨-강남선릉점,jo**님,"현미바사삭 치킨/1,반반바른치킨（후라이드치킨＋양념치킨）/1",이건 뭐 마리를 시켜도 아이들 명아서 분만에 먹어치우니 사진을 찍을 수가 없내요  찐입니다,5,5,5,5,2020년 10월 9일
70,치킨,강남구 삼성동,바른치킨-강남선릉점,hj**님,옛날강정（순살）/1(추가 선택(무 추가)),옛날 강정보다는 순살양념치킨에 가까운 무난한 맛입니다,4,4,3,5,2020년 9월 29일
71,치킨,강남구 삼성동,바른치킨-강남선릉점,sn**님,대세치킨/1,사진을 못 찍어서 대세치킨 맛있었어요 새로운 메뉴 발견했네요 특히 큼직한 새우랑 살짝 매콤한 소스가 좋았어요 그런데 메뉴 사진에는 떡이 보였던것 같은데 없어서 좀 아쉬웠어요 다른 배달앱에서는 떡사리 추가가 되던데 같은 매장인데 떡사리 추가 버튼이 없는게 좀 이상했어요 떡사리 추가 만들어주세요,5,5,5,5,2020년 9월 23일
72,치킨,강남구 삼성동,바른치킨-강남선릉점,k6**님,"현미바사삭 치킨/1,양념바른치킨/1",빠른 배송에 따뜻하게 맛있게 잘먹었습니다,5,5,5,5,2020년 9월 10일
73,치킨,강남구 삼성동,바른치킨-강남선릉점,sk**님,바른순살 치킨/1,순살에 닭껍질 붙여서 튀기는 스타일입니다 치킨너겟처럼 다짐육 아닌 결이 살아있는 통살이구요 잘 튀겨져서 왔는데 다 퍽퍽살이고 맛도 그저그래요 백화점이나 이마트 푸드코너 음식처럼 맛있지도 맛없는것도 아닌 순살은 기성품이라 그런것같으니 담엔 뼈로 먹어보겠읍니다,3,3,5,5,2020년 9월 7일
74,치킨,강남구 삼성동,바른치킨-강남선릉점,to**님,반반바른치킨（후라이드치킨＋양념치킨）/1,기대이상으로 맛있네요 빠삭하고 매콤하고,5,4,4,5,2020년 9월 6일
75,치킨,강남구 삼성동,바른치킨-강남선릉점,zl**님,반반바른치킨（후라이드치킨＋양념치킨）/1,배달 최고 빠름 오늘은 기름이 오래된 느낌이 살짝아쉽지만 양념은 맛있네요,5,3,4,5,2020년 9월 1일
76,치킨,강남구 삼성동,바른치킨-강남선릉점,yu**님,꿀바른 마늘치킨/1(순살로 변경 추가 선택(순살로 변경)),신속 정확한 배달과 맛,5,5,5,5,2020년 8월 25일
77,치킨,강남구 삼성동,바른치킨-강남선릉점,zl**님,현미바사삭 치킨/1,맛나게먹었어요 양도 굿,5,5,4,5,2020년 8월 21일
78,치킨,강남구 삼성동,바른치킨-강남선릉점,mo**님,"반반바른치킨（후라이드치킨＋양념치킨）/1,레알 치즈떡볶이/1",배달은 정말 빠르게 왔는데 떡볶이는 싱겁고 치킨은 너무 튀긴거 같아요 양념치킨 맛은 너무 달았습니다 ,2,2,3,5,2020년 8월 16일
79,치킨,강남구 삼성동,바른치킨-강남선릉점,mo**님,현미바사삭 치킨/1(추가 선택(양념소스 추가)),겉바속촉 간만에맛난치킨맛보았어용,5,5,5,5,2020년 8월 16일
80,치킨,강남구 삼성동,바른치킨-강남선릉점,sh**님,옛날강정（순살）/1,내 입맛에 딱 맞았는데 맛이 약한가봐요 저한테는 딱,5,5,5,5,2020년 8월 6일
