﻿,Category,Location,Restaurant,UserID,Menu,Review,Total,Taste,Quantity,Delivery,Date
0,치킨,강남구 논현동,밥도둑한그릇뚝딱-강남본점,oh**님,"비빔밥[후라이,미니된장찌개]/6(기본 선택(고추장 불백비빔밥))",여기 괜찮네요 고추장도 볶음고추장이라 맛있고 찬이며 구성도 좋고 맛있구 포장도 깔끔해요,5,5,5,5,2021년 1월 12일
1,치킨,강남구 논현동,밥도둑한그릇뚝딱-강남본점,js**님,국밥류 [공기밥 포함]/1(기본 선택(사골 떡만둣국（공기밥제외）)),배송 엄청 빠르고 양도많고 정말 맛있어요 만점입니다,5,5,5,5,2020년 12월 9일
2,치킨,강남구 논현동,밥도둑한그릇뚝딱-강남본점,js**님,"제육덮밥/1(구성 선택(반찬,후라이,작은된찌 포함))",배송도 빠르고 제육덮밥 정말 맛있게 먹었습니다 무조건 단골예약이요,5,5,5,5,2020년 12월 3일
3,치킨,강남구 논현동,밥도둑한그릇뚝딱-강남본점,손님,수제 치즈 돈까스/1,돈가쓰 맛이써용자주시켜먹을기영,5,5,5,5,2020년 11월 12일
4,치킨,강남구 논현동,밥도둑한그릇뚝딱-강남본점,손님,순살찜닭 정식（삶은계란＋3찬＋공기밥＋넙적당면）/1(사이즈 선택(1人)),그냥 맛이없음 리뷰많길래 기대했는데 실망함,1,1,1,1,2020년 10월 6일
5,치킨,강남구 논현동,밥도둑한그릇뚝딱-강남본점,wj**님,"김치찌개/1(메뉴 선택(돼지김치찌개),추가 선택(공기밥)),매운갈비찜 정식（삶은계란＋3찬＋공기밥＋계란찜）/1(맵기 선택(매운맛 1단계（신라면）),사이즈 선택(1人))",너무 맛있어요 배달해주시는분도 친절하시구요 종종 시켜 먹어야겠어요 맛있게 잘 먹겠습니다,5,5,5,5,2020년 10월 2일
6,치킨,강남구 논현동,밥도둑한그릇뚝딱-강남본점,ch**님,"제육덮밥/1(구성 선택(반찬,후라이,작은된찌 포함)),김말이튀김 3p/1",식사류 시켰는데 숟가락안주고 가격은 비싸면서 김밥천국 천원짜리 만도 못하고요 반찬도 한입두입정도되는 가지반찬주는데 돈 너무 아깝네요 음식도 맛이없고양도적어요 주문하고 후회안하시려면 이음식점은 피해야할듯합니다 국도 다식고 짜고 대용량으로 한달치 만들어놓고 파는듯합니다 맛없어요 여기서 드시지마세요 칼만안들었지 거의강도에요돈을 날로먹으려 하는것같네요 횟집도아니고,1,1,1,1,2020년 9월 29일
7,치킨,강남구 논현동,밥도둑한그릇뚝딱-강남본점,ib**님,김치찌개/1(메뉴 선택(돼지김치찌개)),맛있게 잘먹었어요 해장에 좋네요,5,5,5,5,2020년 9월 29일
8,치킨,강남구 논현동,밥도둑한그릇뚝딱-강남본점,of**님,김치찌개/1(메뉴 선택(돼지김치찌개)),퇴근 후 너무 배고팠는데  완전 맛있었어요,5,5,5,5,2020년 9월 28일
9,치킨,강남구 논현동,밥도둑한그릇뚝딱-강남본점,ru**님,"김치찌개/1(메뉴 선택(스팸김치찌개),추가 선택(공기밥))",배달도 빠르고 맛있었어요,5,5,5,5,2020년 9월 28일
10,치킨,강남구 논현동,밥도둑한그릇뚝딱-강남본점,yo**님,"김치찌개/1(메뉴 선택(스팸김치찌개),추가 선택(공기밥)),공기밥/1",배달 빠르고 음식도 맛이 기가 막히네요,5,5,5,5,2020년 9월 27일
11,치킨,강남구 논현동,밥도둑한그릇뚝딱-강남본점,jo**님,"스팸김치볶음밥/1,옛날 도시락/1,계란찜/1,주먹밥/1",밥이 너무 질어서 딴재료맛과 조화가 안됌 아쉬움 그래도 잘먹었음,4,3,5,5,2020년 9월 26일
