﻿,Category,Location,Restaurant,UserID,Menu,Review,Total,Taste,Quantity,Delivery,Date
0,치킨,마포구 상암동,베이직프라이드치킨-망원직영점,se**님,깐풍치킨/1(뼈or순살 선택(순살)),음 양은그럭저럭 깐풍치킨인데 소스가 거의 안묻어있어서 엄청 느끼해요 몇조각은 아예 깐풍소스맛도안남,3,3,4,1,어제
1,치킨,마포구 상암동,베이직프라이드치킨-망원직영점,jn**님,"크리스피 반반세트/1(고르세요(뼈치킨),치킨선택 1(후라이드반마리),치킨선택 2(매운양념반마리))",바삭하고 잘 튀긴 치킨입니다,5,5,5,5,2일 전
2,치킨,마포구 상암동,베이직프라이드치킨-망원직영점,kj**님,"크리스피 반반세트/1(고르세요(뼈치킨),치킨선택 1(후라이드반마리),치킨선택 2(양념치킨반마리))",존맛 치킨 생각날 때 시켜먹을게요,5,5,5,5,2일 전
3,치킨,마포구 상암동,베이직프라이드치킨-망원직영점,ki**님,"크리스피 반반세트/1(고르세요(순살치킨),치킨선택 1(후라이드반마리),치킨선택 2(양념치킨반마리))",후라이드 생각보다 튀김옷이 두껍지 않고 바삭하고 맛있어요양념은 요새 양념치킨들에비해 달지않고 전혀 맵지않고 짭잘합니다개인으로 양념은 경험해본걸로만족합니다 담에는 후라이드 뼈로 주문해봐야 겠네요,4,4,4,5,4일 전
4,치킨,마포구 상암동,베이직프라이드치킨-망원직영점,n_**님,"크리스피 반반세트/1(고르세요(뼈치킨),치킨선택 1(후라이드반마리),치킨선택 2(양념치킨반마리))",서비스 최고 맛 최고 양도 최고 정말 맛있네요,5,5,5,5,6일 전
5,치킨,마포구 상암동,베이직프라이드치킨-망원직영점,dl**님,"크리스피 반반세트/1(고르세요(뼈치킨),치킨선택 1(양념치킨반마리),치킨선택 2(후라이드반마리))",여기 진짜 맛있습니다 바삭바삭한게 닭강정처럼 바사삭 거리고 양념묻혔는데도 바삭바삭거립니다 속는셈 치시고 한번 시켜먹어보세요,5,5,5,5,2021년 7월 22일
6,치킨,마포구 상암동,베이직프라이드치킨-망원직영점,br**님,크리스피치킨/1(뼈or순살 선택(뼈)),먹다가 찍어서 죄송해요 너무 배고파서 아 진짜 넘 맛있어 리뷰 올리면서 또 먹고 싶더 ,5,5,5,,2021년 7월 16일
7,치킨,마포구 상암동,베이직프라이드치킨-망원직영점,ma**님,"크리스피 반반세트/1(고르세요(순살치킨),치킨선택 1(후라이드반마리),치킨선택 2(양념치킨반마리))",바삭바삭한 튀김옷이 짱 양념보다 후라이드가 더 맛있긴 처음이에요,5,5,5,5,2021년 7월 11일
8,치킨,마포구 상암동,베이직프라이드치킨-망원직영점,ga**님,더바삭치킨/1(뼈or순살 선택(뼈)),배달하시는 분이 친절합니다,5,5,5,5,2021년 7월 10일
9,치킨,마포구 상암동,베이직프라이드치킨-망원직영점,kk**님,"크리스피 반반세트/1(고르세요(뼈치킨),치킨선택 1(후라이드반마리),치킨선택 2(양념치킨반마리)),생맥주（테라） 캔포장 500mL 1캔/1,생맥주（맥스） 캔포장 500mL 1캔/1",너무 맛있게 먹었어요 치킨 맥주 둘다 퀄리티가 좋아요,5,5,5,5,2021년 7월 9일
10,치킨,마포구 상암동,베이직프라이드치킨-망원직영점,dk**님,"크리스피 반반세트/1(고르세요(뼈치킨),치킨선택 1(후라이드반마리),치킨선택 2(양념치킨반마리))",닭이 커요 맛있네요 후라이드 치킨 시키면 소금같이주시면 좋겠어요,5,5,5,5,2021년 7월 9일
11,치킨,마포구 상암동,베이직프라이드치킨-망원직영점,yu**님,크리스피치킨/1(뼈or순살 선택(뼈)),크리스피가 아주 바삭해서 맛있어요 양도 많고 만족합니다,5,5,5,5,2021년 7월 7일
12,치킨,마포구 상암동,베이직프라이드치킨-망원직영점,wo**님,"매콤크림파스타/1,크리스피치킨/1(뼈or순살 선택(뼈))",확실히 여긴 추천하지 않으면 안될집입니다,5,5,5,5,2021년 7월 7일
13,치킨,마포구 상암동,베이직프라이드치킨-망원직영점,se**님,크리스피치킨/1(뼈or순살 선택(뼈)),예상시간보다 약간 늦게 왔지만 비가 많이 오니 배달해주신 것만도 감사하네요,5,5,5,5,2021년 7월 3일
14,치킨,마포구 상암동,베이직프라이드치킨-망원직영점,bu**님,크리스피치킨/1(뼈or순살 선택(뼈)),맛있게 잘 먹었습니다 양이 많고 배달도 빨라서 좋았어요,5,5,5,5,2021년 7월 3일
15,치킨,마포구 상암동,베이직프라이드치킨-망원직영점,ca**님,"두마리세트（한마리＋한마리）/1(고르세요(순살치킨),치킨선택1(크리스피치킨),고르세요(순살치킨),치킨선택2(크리스피양념치킨))",맛있네요 비리지도 않고 고기도 질기지도 않고 근데 고기 크기에 비해 튀김옷이 두꺼운 편이라 먹다보면 좀 물리네요 원래 두 마리 시켜도 해치우는게 남겼네요,4,4,5,5,2021년 7월 2일
16,치킨,마포구 상암동,베이직프라이드치킨-망원직영점,hy**님,"크리스피 반반세트/1(고르세요(뼈치킨),치킨선택 1(후라이드반마리),치킨선택 2(양념치킨반마리))",바식햐고 고소한 치킨 잘 먹었습니다저번보다 양이 살짝 적은 듯한 느낌이 들었습니다아마 너무 맛있게 먹어서 그럴수도 있겠구나 싶네요 그래도 다른집과 견주어서 적은 양은 아니네요,5,5,5,5,2021년 7월 1일
17,치킨,마포구 상암동,베이직프라이드치킨-망원직영점,ma**님,크리스피양념치킨/1(뼈or순살 선택(순살)),배달도 빠르고 치킨이 너무 맛있어요 양념이 딱 좋게 달콤매콤하고 뭣보다 튀김이 짱이네요 씹었을때 튀김옷에서 기름이 싹 배어 나오는게 너무 맛있습니당 리뷰에 후라이드가 제대로라고 하던데 먹자마자 이해했어용 다음엔 무조건 후라이드반 양념반 하겠습니다 양도 짱많아용,5,5,5,5,2021년 6월 29일
18,치킨,마포구 상암동,베이직프라이드치킨-망원직영점,pi**님,"크리스피 반반세트/1(고르세요(순살치킨),치킨선택 1(양념치킨반마리),치킨선택 2(후라이드반마리)),매콤크림파스타/1",치킨 너무맛있어요 파스타도 매콤한게 맛있습니다,5,5,5,5,2021년 6월 27일
19,치킨,마포구 상암동,베이직프라이드치킨-망원직영점,sk**님,"크리스피 반반세트/1(고르세요(뼈치킨),치킨선택 1(후라이드반마리),치킨선택 2(후라이드반마리)),스프라이트 500mL/1",음 바삭하네용 잘 먹겠습니당,5,5,5,5,2021년 6월 27일
20,치킨,마포구 상암동,베이직프라이드치킨-망원직영점,ld**님,"크리스피 반반세트/1(고르세요(순살치킨),치킨선택 1(후라이드반마리),치킨선택 2(후라이드반마리))",양도 많고 퍽퍽살이 하나도 없어서 정말 좋네요 맛있게 잘 먹었습니다,5,5,5,5,2021년 6월 26일
21,치킨,마포구 상암동,베이직프라이드치킨-망원직영점,ho**님,"크리스피 반반세트/1(고르세요(뼈치킨),치킨선택 1(후라이드반마리),치킨선택 2(양념치킨반마리)),매콤크림파스타/1(스프라이트(스프라이트500ml))",오랜만에 기본에 충실한 치킨을 맛봤습니다 정말 맛있었어요 요즘 피자도 페퍼로니 아니면 콤비네이션 맛집만 찾아 먹는데 정말 만족했습니다 재주문의사  이렇게 맛있는 치킨 먹게 해주셔서 감사드려요,5,5,5,5,2021년 6월 26일
22,치킨,마포구 상암동,베이직프라이드치킨-망원직영점,pb**님,"두마리세트（한마리＋한마리）/1(고르세요(뼈치킨),치킨선택1(크리스피치킨),고르세요(뼈치킨),치킨선택2(더바삭치킨))",완전 바삭하게 잘먹었습니다 ,5,5,5,5,2021년 6월 26일
23,치킨,마포구 상암동,베이직프라이드치킨-망원직영점,2h**님,"크리스피치킨/1(뼈or순살 선택(뼈),추가선택(몬스터소스（매운맛）),코카콜라(코카콜라355ml))",존맛  미친맛집 나만알고싶다 후라이드 걍미쳤고요 오랜만에 기본 중 기본 베이직 심플 정석 후라이드 먹고 싶어서 시켰는데 진짜 맛있음 튀김옷도 안 매워서 애들 주면 신나서 먹을 것 같다 오늘 혼자 먹는데 소스 시켜놓고 후라이드가 너무 맛있어서 소스 뜯지도 않음  뜨겁게 와서 진짜 행복했다,5,5,5,5,2021년 6월 25일
24,치킨,마포구 상암동,베이직프라이드치킨-망원직영점,sl**님,매콤크림파스타/1(더바삭순살 반마리추가(더바삭순살반마리추가)),벌써 세번째 네번째 시켜먹는건데 항상 너무너무 맛있어요 따뜻하게 빨리 배달해주시고 치킨도 정말 큼직합니다 오늘은 첨으로 파스타 먹어봤는데 매콤해서 진짜 취향저격이었어요 파스타 소스에 더바삭 순살 찍어먹으면 여기가 바로 천국,5,5,5,5,2021년 6월 24일
25,치킨,마포구 상암동,베이직프라이드치킨-망원직영점,ya**님,"크리스피 반반세트/1(고르세요(순살치킨),치킨선택 1(양념치킨반마리),치킨선택 2(후라이드반마리))",배달도 빠르구 맛있게 먹었습니당,5,5,5,5,2021년 6월 23일
26,치킨,마포구 상암동,베이직프라이드치킨-망원직영점,se**님,크리스피치킨/1(뼈or순살 선택(뼈)),하필 배달 시작되고 나서 소나기가 쏟아져서 너무 죄송했네요 빗길에 치킨이야 뭐 항상 동네 최고예요,5,5,5,5,2021년 6월 22일
27,치킨,마포구 상암동,베이직프라이드치킨-망원직영점,lt**님,"크리스피 반반세트/1(고르세요(순살치킨),치킨선택 1 （ 크리스피 ）(후라이드반마리),치킨선택 2 （ 크리스피 ）(양념치킨반마리))",처음 먹어봤는데 양도 많고 맛있습니다 먹다보니 사진은 깜빡했네요 자주시켜 먹을듯,5,5,5,5,2021년 6월 21일
28,치킨,마포구 상암동,베이직프라이드치킨-망원직영점,we**님,"두마리세트（한마리＋한마리）/1(고르세요(뼈치킨),치킨선택1(크리스피치킨),고르세요(순살치킨),치킨선택2(크리스피양념치킨))",와 닭도 크고 맛은 말할 것도 없습니다 새벽시 후회없는 선택,5,5,5,,2021년 6월 21일
29,치킨,마포구 상암동,베이직프라이드치킨-망원직영점,ek**님,"크리스피 반반세트/1(고르세요(뼈치킨),치킨선택 1(후라이드반마리),치킨선택 2(양념치킨반마리))",맛있고 양도 많아요 맛있게 잘먹었습니다 서비스도 감사합니다 양념치킨은 좀 간이 쎄서 그것만 좀 보완되면 이동네 평정하실거같아요 번창하세요,5,5,5,5,2021년 6월 20일
30,치킨,마포구 상암동,베이직프라이드치킨-망원직영점,wo**님,크리스피치킨/1(뼈or순살 선택(뼈)),치킨은 너어어어무 맛있어요  요청사항만 한 번 봐주시면 좋겠습니다,5,5,5,4,2021년 6월 20일
31,치킨,마포구 상암동,베이직프라이드치킨-망원직영점,da**님,"크리스피치킨/1(뼈or순살 선택(뼈),추가선택(몬스터소스（매운맛）)),생맥주（맥스） 캔포장 500mL 4캔/1",치킨 잘안먹었었는데 여기 한번 배달 시킨후 기본 후라이드는 무조건 여기입니다  방금 와서 바삭바삭 할때도 좋고 다음날 식은거 먹을 때도 매력 있고 닭 가슴살 안 퍽퍽하고  기름진 느낌도 덜하고 생맥주 맛도 아주 좋아요,5,5,5,5,2021년 6월 20일
32,치킨,마포구 상암동,베이직프라이드치킨-망원직영점,qw**님,"두마리세트（한마리＋한마리）/1(고르세요(뼈치킨),치킨선택1(크리스피치킨),고르세요(뼈치킨),치킨선택2(더바삭치킨))",마싯는 베프치킨 항상 날 행복하게 만들어주는 베프치킨 리뷰 남기면서 지금 또 배달 시키러 갑니다,5,5,5,5,2021년 6월 19일
33,치킨,마포구 상암동,베이직프라이드치킨-망원직영점,hy**님,"크리스피 반반세트/1(고르세요(뼈치킨),치킨선택 1 （ 크리스피 ）(후라이드반마리),치킨선택 2 （ 크리스피 ）(몬스터양념 반마리))",진심 맛 있네요치킨은 바삭하게 잘 튀겨져서 고소했고 안쪽에는 육즙이 살아있는 맛입니다 맛 유지하시면서 대박 나세요,5,5,5,5,2021년 6월 18일
34,치킨,마포구 상암동,베이직프라이드치킨-망원직영점,ho**님,"크리스피 반반세트 （ 양념.몬스터양념.일반）/1(고르세요(뼈치킨),치킨선택 1 （ 크리스피 ）(크리스피（양념없는）반마리),치킨선택 2 （ 크리스피 ）(크리스피양념 반마리),스프라이트(스프라이트245ml))",엊그제 먹은 걸 이제서야 쓰네요 처음 시켜 먹어봤는데기본 반반 기대 이상이라 놀랐습니다 일단 닭이 커서 좋았구요 그렇다고 닭 퀄리티가 떨어지지도 않았구요 무엇보다 후라이드의 식감이 너무 과하지도 모자라지도 않게 밸런스가 잡혀 있어서 좋았습니다 아울러 타사 후라이드에 비해서 저염처럼 느껴졌는데 너무 자극적이지 않은 것도 좋았습니다 치킨무도 맛있어요 양념도 괜찮았는데요 아주 살짝 아쉬웠던 건 얘 또한 건강 혹은 담백하게 하려 했던 건지 끝에 감칠맛이 좀 안 느껴진게 살짝 그렇더라구요 그럼에도 또 시켜먹을게요,5,5,5,5,2021년 6월 18일
35,치킨,마포구 상암동,베이직프라이드치킨-망원직영점,su**님,"크리스피 반반세트 （ 양념.몬스터양념.일반）/1(고르세요(순살치킨),치킨선택 1 （ 크리스피 ）(크리스피（양념없는）반마리),치킨선택 2 （ 크리스피 ）(크리스피양념 반마리))",다리살이라 부드럽고 튀김옷도 깔끔한 맛이에요 맛있게 잘 먹었습니다,5,5,5,5,2021년 6월 18일
36,치킨,마포구 상암동,베이직프라이드치킨-망원직영점,di**님,"더바삭 반반세트 （깐풍.간장마고.갈릭크림치즈）/1(고르세요(뼈치킨),치킨선택 1 （ 더바삭）(더바삭 반마리),치킨선택 2 （ 더바삭）(간장마고 반마리),추가선택(몬스터소스（매운맛）))",이거 정말 맛있는데욥 왜 이제 안거죠 베이직 프라이드 치킨 간장치킨 죤맛이에여 ,5,5,4,5,2021년 6월 17일
37,치킨,마포구 상암동,베이직프라이드치킨-망원직영점,lj**님,"크리스피 반반세트 （ 양념.몬스터양념.일반）/1(고르세요(순살치킨),치킨선택 1 （ 크리스피 ）(크리스피（양념없는）반마리),치킨선택 2 （ 크리스피 ）(크리스피（양념없는）반마리))",주문 실수했는데 알아차리시고 친절하게 전화 응대 해주시고 맛있게 먹었어요  앞으로 여기서 자주 시켜먹을겁니다 걍 후라이드도 별로 안 좋아하는데도 불구하고 맛있음,5,5,5,5,2021년 6월 15일
38,치킨,마포구 상암동,베이직프라이드치킨-망원직영점,dr**님,"크리스피 반반세트 （ 양념.몬스터양념.일반）/1(고르세요(순살치킨),치킨선택 1 （ 크리스피 ）(크리스피（양념없는）반마리),치킨선택 2 （ 크리스피 ）(크리스피양념 반마리))",와 튀김 바삭함이랑 간이랑 미쳣어요  후라이드 는 항상 양념찍어먹었는 후라이드가 너무 맛있아서 정말 오랜만에 양념소스 생각도안하고 다먹엇어요,5,5,5,5,2021년 6월 14일
39,치킨,마포구 상암동,베이직프라이드치킨-망원직영점,br**님,크리스피치킨/1(뼈or순살 선택(뼈)),꼭 드셔보세요 엄청 빡삭하고 맛있어요  가격도 혜자고 사장님 코로나 이겨내시고 대박나세요,5,5,5,5,2021년 6월 13일
40,치킨,마포구 상암동,베이직프라이드치킨-망원직영점,le**님,"크리스피 반반세트 （ 양념.몬스터양념.일반）/1(고르세요(뼈치킨),치킨선택 1 （ 크리스피 ）(몬스터양념 반마리),치킨선택 2 （ 크리스피 ）(크리스피（양념없는）반마리),더바삭순살 반마리추가(더바삭순살반마리))",존맛 킹양념인가 매콤한게 짱맛있네요 ,5,5,5,5,2021년 6월 13일
41,치킨,마포구 상암동,베이직프라이드치킨-망원직영점,zn**님,크리스피치킨/1(뼈or순살 선택(뼈)),큰 치킨 쓰네요 타 브랜드에 비해서 간이 좀 약하다고 느꼈는데 그래서 부담없고 맛있게 느꼈어요,5,5,5,5,2021년 6월 13일
42,치킨,마포구 상암동,베이직프라이드치킨-망원직영점,ga**님,"크리스피 반반세트 （ 양념.몬스터양념.일반）/1(고르세요(순살치킨),치킨선택 1 （ 크리스피 ）(몬스터양념 반마리),치킨선택 2 （ 크리스피 ）(크리스피（양념없는）반마리))",몬스터가 좀 짠거빼면 살도 부드럽고 맛있네요,5,4,5,5,2021년 6월 13일
43,치킨,마포구 상암동,베이직프라이드치킨-망원직영점,ho**님,"더바삭 반반세트 （깐풍.간장마고.갈릭크림치즈）/1(고르세요(순살치킨),치킨선택 1 （ 더바삭）(깐풍 반마리),치킨선택 2 （ 더바삭）(더바삭 반마리))",국내산 닭다리로 만든 순살인가요 퍽퍽하지 않고 부드러운게 맛있네요,5,5,5,5,2021년 6월 12일
44,치킨,마포구 상암동,베이직프라이드치킨-망원직영점,an**님,"크리스피 반반세트 （ 양념.몬스터양념.일반）/1(고르세요(뼈치킨),치킨선택 1 （ 크리스피 ）(크리스피（양념없는）반마리),치킨선택 2 （ 크리스피 ）(크리스피양념 반마리))",가격이 싸길래 양이 적은줄 알았는데 생각보다 엄청큰닭에놀람 맛도 바삭바삭하고 맛잇음강추,5,5,5,5,2021년 6월 11일
45,치킨,마포구 상암동,베이직프라이드치킨-망원직영점,wo**님,"매콤크림파스타/1,더바삭치킨/1(뼈or순살 선택(뼈))",불금인데도 제시간에 잘 가져다 주셨어요 잘먹겠습니다,5,5,5,5,2021년 6월 11일
46,치킨,마포구 상암동,베이직프라이드치킨-망원직영점,db**님,"크리스피치킨/1(뼈or순살 선택(뼈)),양배추샐러드/1",맛있게 잘 먹었습니다 처음 주문해보는데 맛이 좋네요,5,5,5,5,2021년 6월 10일
47,치킨,마포구 상암동,베이직프라이드치킨-망원직영점,he**님,"더바삭 반반세트 （깐풍.간장마고.갈릭크림치즈）/1(고르세요(순살치킨),치킨선택 1 （ 더바삭）(더바삭 반마리),치킨선택 2 （ 더바삭）(간장마고 반마리))",요청사항 잘못 썼는데 사장님이 문자로 안내 해주셔서 너무 감사했어요 일동안 잠을 거의 못자고 외근을 하다가 지친 몸을 끌고 돌아와서 치킨을 시켜어요 시켜놓고 잠들어서 아침인 지금 확인했네요 요청서항에 문 앞에 놔달라고 했어요 치킨은 식은 치킨이 맛있어야 진짜 맛있는 치킨이라고 생각하는데 며칠간의 피로가 풀리는 맛이에요  감사합니다 친절 맛 기분 다 좋아요,5,5,5,5,2021년 6월 9일
48,치킨,마포구 상암동,베이직프라이드치킨-망원직영점,ro**님,"크리스피치킨/1(뼈or순살 선택(뼈),코카콜라(코카콜라500ml))",배달도 빠르고 맛도 좋아요 아이가 잘 먹네요,5,5,5,5,2021년 6월 9일
49,치킨,마포구 상암동,베이직프라이드치킨-망원직영점,se**님,매콤크림파스타/1(크리스피순살반마리추가(크리스피순살반마리)),요새 후라이드는 여기서만 시켜요 동네최고 순살 퍽퍽해서 잘 안시키는데 여기껀 맛있음,5,5,5,5,2021년 6월 8일
50,치킨,마포구 상암동,베이직프라이드치킨-망원직영점,qw**님,"두마리세트（한마리＋한마리）/1(고르세요(뼈치킨),치킨선택1(크리스피치킨),고르세요(뼈치킨),치킨선택2(더바삭치킨))",베프치킨 한동안 안 열려있어서 다신 못 먹는줄알고 우울했던 며칠간 다시 돌아와주셔서 감사합니다 엉엉 베프 먹기 시작하니까 다른 치킨은 성에 안 차더라구요 내 입맛 책임져요 평생 영업해주세요 베프 진짜 인생베프 여기서 찾은 기분이에요 ,5,5,5,5,2021년 5월 29일
51,치킨,마포구 상암동,베이직프라이드치킨-망원직영점,qw**님,"두마리세트（한마리＋한마리）/1(고르세요(뼈치킨),치킨선택1(더바삭치킨),고르세요(뼈치킨),치킨선택2(크리스피치킨))",진짜 엄청 맛있어서 일만에 다시 베프치킨 더빠삭은 다른 기교없는 느낌인데도 겉바속촉탕수육튀김옷의 쫀득함까지 크리스피도 짱 치킨무 안 먹어서 빼달라고 써놨더니 감튀 주셨더라구요 감튀 바삭하구 맛있었어요 사실 저는 완전 빠삭 프라이드 취향이라서 빨간소스도 안 먹는데 와사비마요 넣어주신거 먹는데 이거 진짜 엄청 짱이었어요 가슴살이나 허벅지살은 튀김옷 안쪽껍질과 속살 사이 기름기가 많아서 간혹 느끼하게 물릴 수 있는데 와사비마요 찍어먹으니까 알싸한 맛이 잡아줘서 맛있게 먹을 수 있었답니다  다음에 또 올게요,5,5,5,1,2021년 5월 9일
52,치킨,마포구 상암동,베이직프라이드치킨-망원직영점,qw**님,"두마리세트（한마리＋한마리）/1(고르세요(뼈치킨),치킨선택1(더바삭치킨),고르세요(뼈치킨),치킨선택2(크리스피치킨))",베프치킨과 맛있었던 첫만남 리뷰 너무 늦게 써서 죄송해요 ,5,5,5,5,2021년 5월 9일
53,치킨,마포구 상암동,베이직프라이드치킨-망원직영점,ju**님,"크리스피 반반세트 （ 양념.몬스터양념.일반）/1(고르세요(순살치킨),치킨선택 1 （ 크리스피 ）(크리스피（양념없는）반마리),치킨선택 2 （ 크리스피 ）(몬스터양념 반마리),코카콜라(코카콜라500ml))",덕분에 맛있게 잘 먹었습니다,5,5,5,5,2021년 5월 9일
54,치킨,마포구 상암동,베이직프라이드치킨-망원직영점,hh**님,"크리스피치킨/1(뼈or순살 선택(뼈),추가선택(무맛집 무추가),스프라이트(스프라이트1.5L))",할인받아 저렴하고 맛있게 먹었습니다,5,5,5,5,2021년 4월 30일
55,치킨,마포구 상암동,베이직프라이드치킨-망원직영점,mo**님,"크리스피 반반세트 （ 양념.몬스터양념.일반）/1(고르세요(뼈치킨),치킨선택 1 （ 크리스피 ）(크리스피（양념없는）반마리),치킨선택 2 （ 크리스피 ）(크리스피양념 반마리))",치킨 이만원하는 시대에 엄청 가성비넘쳐요 맛있게 잘먹었숩니당 번창하세요,5,5,5,5,2021년 4월 29일
