﻿,Category,Location,Restaurant,UserID,Menu,Review,Total,Taste,Quantity,Delivery,Date
0,치킨,마포구 상암동,브라운치킨-은평점,손님,A세트（후라이드치킨＋간장치킨＋마늘치킨＋감자튀김＋어니언소스＋파채＋치킨무＋콜라500mL）/1,배달도 빠르고 맛있게 잘먹었는데 리뷰이벤트 야채샐러드가 안왔 네요 먹고 싶었는데,3,4,4,4,2020년 4월 23일
1,치킨,마포구 상암동,브라운치킨-은평점,lo**님,"반반（후라이드치킨 반＋양념치킨 반）/1,반반（핫스파이시치킨 반＋마늘치킨 반）/1",둘둘치킨 모양과 유사하나 후라이드 바삭정도는 보통이고 껍찔의 바삭감은 살짝 부족했으나 맛은 있었음 마늘치킨은 마늘의 알싸함과 달짝지근한 소스의 융화가 아주좋음 양념과 스파이시의 확연한 차이는 살짝차이이고 양념치킨 닭다리에서 껍질과 살사이의 기름덩어리가 제거되지않아 닭비린내가 갑자기나서 먹다가 정리함 감자튀김과 소스 굿이었고 입가심으로 좋음 파채도 중간중간 느끼함을 달래줘서 좋았음 닭기름 덩어리만 잘 제거 되었다면 맛점수 는 되었을듯요,5,3,5,5,2020년 4월 19일
2,치킨,마포구 상암동,브라운치킨-은평점,va**님,반반（후라이드치킨 반＋양념치킨 반）/1,맛있네요 잘 먹었습니다,3,3,3,4,2020년 4월 18일
3,치킨,마포구 상암동,브라운치킨-은평점,ra**님,반반（후라이드치킨 반＋양념치킨 반）/1,바달도 빠르고 맛있게 잘먹었습니다,5,5,5,5,2020년 4월 5일
4,치킨,마포구 상암동,브라운치킨-은평점,ms**님,A세트（후라이드치킨＋간장치킨＋마늘치킨＋감자튀김＋어니언소스＋파채＋치킨무＋콜라500mL）/1,양도 많고 배달도 빠르고 좋았습니다,5,5,5,5,2020년 4월 5일
5,치킨,마포구 상암동,브라운치킨-은평점,sa**님,B세트（후라이드치킨＋간장치킨＋마늘치킨＋양념치킨＋감자튀김＋어니언소스＋파채＋치킨무＋콜라500mL）/1,맛은 괜찮았고 양은 조금 적은듯한 느낌이었습니다 배달은 예정시간보다 분정도 늦게 오셧어요,4,4,3,3,2020년 4월 4일
6,치킨,마포구 상암동,브라운치킨-은평점,un**님,반반（후라이드치킨 반＋양념치킨 반）/1,양은 엄청많네요 전 갠적으로 이런치킨은 소금찍어먹는데괜찮아요 다른게 양이 많으니깐요맛잇어요,5,4,5,5,2020년 3월 29일
7,치킨,마포구 상암동,브라운치킨-은평점,손님,치킨뱅이세트（치킨선택＋골뱅이무침＋감자튀김＋양념소스＋어니언소스＋파채＋치킨무＋콜라500mL）/1(치킨선택(후라이드 치킨)),처음시켜봤는데 옛날치킨맛에 골뱅이까지 너무 맛있게 먹었어요 또 시켜먹을게요 ,5,5,5,5,2020년 3월 27일
8,치킨,마포구 상암동,브라운치킨-은평점,do**님,A세트（후라이드치킨＋간장치킨＋마늘치킨＋감자튀김＋어니언소스＋파채＋치킨무＋콜라500mL）/1,첫주문이었는데 맛있었어요,5,5,5,5,2020년 3월 22일
9,치킨,마포구 상암동,브라운치킨-은평점,go**님,마늘치킨/1,맛있게 잘 먹었습니다 서비스도 푸짐하니 배 터져요 ,5,5,5,5,2020년 3월 22일
10,치킨,마포구 상암동,브라운치킨-은평점,py**님,치킨뱅이세트（치킨선택＋골뱅이무침＋감자튀김＋양념소스＋어니언소스＋파채＋치킨무＋콜라500mL）/1(치킨선택(후라이드 치킨)),잘먹었숩니다 골뱅이 무침 맛있엇어요,5,5,5,5,2020년 3월 14일
11,치킨,마포구 상암동,브라운치킨-은평점,kn**님,A세트（후라이드치킨＋간장치킨＋마늘치킨＋감자튀김＋어니언소스＋파채＋치킨무＋콜라500mL）/1,리뷰 이벤트 요청드렸던 샐러드는 안왔지만 맛있게 잘 먹었어요 다만 양념이 좀 더 강했으면 좋았을거 같네요,4,4,4,5,2020년 3월 13일
12,치킨,마포구 상암동,브라운치킨-은평점,wo**님,"반반（후라이드치킨 반＋간장치킨 반）/1,감자튀김 추가/1",콜라는 원래 없는건지 깜빡하신건지 모르겠지만 안왔어요 그리고 덜익은 치킨이 한두개씩 있네요 아쉬웠습니다 양은 생각보다 많고 배달은 빨리왔어요,3,2,5,5,2020년 3월 12일
13,치킨,마포구 상암동,브라운치킨-은평점,ga**님,A세트（후라이드치킨＋간장치킨＋마늘치킨＋감자튀김＋어니언소스＋파채＋치킨무＋콜라500mL）/1,세가지 맛에 감자튀김까지 한꺼번에 맛볼수 있어서 너무 좋았어용 애들하고 맛나게 먹었습니당,5,5,5,5,2020년 3월 12일
14,치킨,마포구 상암동,브라운치킨-은평점,li**님,후라이드치킨/1,넘 맛있어 보여요 서비스도 푸짐  잘 먹을게요,5,5,5,5,2020년 3월 9일
15,치킨,마포구 상암동,브라운치킨-은평점,lm**님,A세트（후라이드치킨＋간장치킨＋마늘치킨＋감자튀김＋어니언소스＋파채＋치킨무＋콜라500mL）/1,신랑은 치킨은 항상 교치킨만 먹는데 뭘 시켜먹을까 보는중 리뷰가 좋아서 시켜봤어요 근데 완전 성공적이에요 신랑이 한입 먹어보더니 맛있다고 하네요 양도 많구요 세가지 맛을 한번에 먹을수 있어서 좋았어요 이제 치킨은 여기서만 시켜먹으려구요 배달해주신분도 엄청 친절했어요 주문해주셔서 감사합니다라고 해주시는분은 처음이에요 왠지 기분이 좋았어요 앞으로도 맛있는치킨 부탁드려요,5,5,5,5,2020년 3월 9일
16,치킨,마포구 상암동,브라운치킨-은평점,go**님,A세트（후라이드치킨＋간장치킨＋마늘치킨＋감자튀김＋어니언소스＋파채＋치킨무＋콜라500mL）/1,하나도 남김 없이 다 먹었습니다  완전 제 스타일 치킨이네요,5,5,5,5,2020년 3월 7일
17,치킨,마포구 상암동,브라운치킨-은평점,bo**님,A세트（후라이드치킨＋간장치킨＋마늘치킨＋감자튀김＋어니언소스＋파채＋치킨무＋콜라500mL）/1,항상맛있게먹는치킨집입니다 간장양념은 초반에시켰을때 좀 많이 짭쪼름했었는데 지금은 그냥 먹어도 간이적당하니 먹기편하네요 역시 최애치킨집입니다 ,5,5,5,5,2020년 3월 6일
18,치킨,마포구 상암동,브라운치킨-은평점,ln**님,A세트（후라이드치킨＋간장치킨＋마늘치킨＋감자튀김＋어니언소스＋파채＋치킨무＋콜라500mL）/1,맛있어요전 개인적으로 간장치킨이 제일 맛있었네요 치킨먹다보면 간혹 느끼하고 속이 더부룩할때가 있는데 여기는 그런게 없고 담백하니 배부르게 잘먹었습니다 전 담에 또 시켜먹을거에요,5,5,5,5,2020년 2월 29일
19,치킨,마포구 상암동,브라운치킨-은평점,78**님,A세트（후라이드치킨＋간장치킨＋마늘치킨＋감자튀김＋어니언소스＋파채＋치킨무＋콜라500mL）/1,먹어버려서 사진이 맛있어요감자튀김도 바삭하게 잘 왔구요 브라운치킨은 하얀 소스가 맛있어요 파채랑 같이 먹어도 굿,5,5,5,5,2020년 2월 28일
20,치킨,마포구 상암동,브라운치킨-은평점,wo**님,"A세트（후라이드치킨＋간장치킨＋마늘치킨＋감자튀김＋어니언소스＋파채＋치킨무＋콜라500mL）/1,콜라1.25L/1",첫 주문시 만족해서 재주문 했어요 튀김옷이 얇아 양이 적어보이지만 닭이 큼직해서 배 터지는줄 알았어요  챙겨주신 서비스 품목 넘 감사드리고 곁들여 먹으니 치킨이 더 맛있는것 같아요,5,5,5,5,2020년 2월 23일
21,치킨,마포구 상암동,브라운치킨-은평점,ki**님,후라이드치킨/1,맛있어요 요청사항 들어 주시고 빨라요 ,4,4,4,4,2020년 2월 21일
22,치킨,마포구 상암동,브라운치킨-은평점,손님,"A세트（후라이드치킨＋간장치킨＋마늘치킨＋감자튀김＋어니언소스＋파채＋치킨무＋콜라500mL）/1,양념소스추가/1",후라이드 마늘 간장순으로 맛있어요 동네가 멀어서 그런가 좀 식었네요 파채대신 샐러드가 왔는데 그게 더 낫네요,5,5,5,4,2020년 2월 20일
23,치킨,마포구 상암동,브라운치킨-은평점,wo**님,"반반（후라이드치킨 반＋간장치킨 반）/1,콜라1.25L/1",옛날 치킨이 생각나서 급 주문했어요 퍽퍽 부위도 촉촉했고 간장치킨이 짜지않아 담백하니 좋았어요 서비스로 주신 샐러드도 신선하니 맛있었어용 담엔 마늘치킨을 도전 해봐야겠네요 배달이 빠르진 않았지만 서두르려 노력하시는것 같아 괜히 죄송했네요 콜라 추가했던건 아쉽게 누락됐는데 빠른 처리 해주셨음 좋겠습니다 ,5,5,5,5,2020년 2월 18일
24,치킨,마포구 상암동,브라운치킨-은평점,손님,마늘치킨/1,어플로 처음주문하는데 괜찬네요,5,5,5,5,2020년 2월 17일
25,치킨,마포구 상암동,브라운치킨-은평점,sh**님,반반（마늘치킨 반＋간장치킨 반）/1,맛은 그럭저럭 양은 엄청 적음 리뷰 쓰면 서비스번 시켰는데 번와서 전화로 항의했더니 담부터 잘 보내겠다고함 더 어이없는건 메시지로 죄송하다는 문자대신 자기네 메뉴 보낸거 사장마인드가 참 할말없음,1,3,1,1,2020년 2월 17일
26,치킨,마포구 상암동,브라운치킨-은평점,tk**님,마늘치킨/1,배달도 빨리오고 양은 혼자 먹는 저는 정도 남겼어요 작년 여름까지 매일같이 가게 앞을 지나다녔는데 한번도 못 먹어봐서 궁금해서 시켜봤는데 맛있네요 다음에는 꼭 매장에서 먹고싶네요,5,4,5,5,2020년 2월 15일
27,치킨,마포구 상암동,브라운치킨-은평점,fl**님,A세트（후라이드치킨＋간장치킨＋마늘치킨＋감자튀김＋어니언소스＋파채＋치킨무＋콜라500mL）/1,야채샐러드가 안왔어요 그래도 닭은 맛있어요,4,5,3,5,2020년 2월 13일
28,치킨,마포구 상암동,브라운치킨-은평점,ba**님,A세트（후라이드치킨＋간장치킨＋마늘치킨＋감자튀김＋어니언소스＋파채＋치킨무＋콜라500mL）/1,튀김옷을 얇게 해서 튀김  고기요리 느낌이 나는 부드러운 치킨 느끼한게 싫고 담백하게 먹고싶을때 너무 좋다 세트메뉴에 같이 오는 파채도 맛있고 소스류도 좋다 야체샐러드는 소소하지만 난 맘에 든다 떡볶음도 맛있다 여기는 그냥 튀김류를 다 잘하시는거 같다 사진은 먹다말고 찍어서 비어보일수 있다 먹기좋게 커팅해서 오는 것도 장점 추천,5,5,5,5,2020년 2월 13일
29,치킨,마포구 상암동,브라운치킨-은평점,ks**님,A세트（후라이드치킨＋간장치킨＋마늘치킨＋감자튀김＋어니언소스＋파채＋치킨무＋콜라500mL）/1,추천합니다 만족합니다 후라이드 정말 맛있습니다,5,5,5,5,2020년 2월 12일
30,치킨,마포구 상암동,브라운치킨-은평점,ki**님,후라이드치킨/1,오늘도 맛있게 잘 먹었습니다,4,4,4,4,2020년 2월 9일
31,치킨,마포구 상암동,브라운치킨-은평점,11**님,반반（양념치킨 반＋마늘치킨 반）/1,리뷰에 사장님이 친절해 보이셔서 시켜봤어여 주말저녁인데 배달이 빨라서 좋네요 약분 걸렸어요 양념은 매콤한 맛 전혀 없는 순한 양념이구 마늘은 쏘쏘해요 엄청 강하진 않고 순둥한 마늘이 치킨상자가 너무 커서 양이 적어보였는데 먹다보면 적절해여 근데 치킨보다 감튀가 더맛잇음  감튀뇸,4,4,4,5,2020년 2월 8일
32,치킨,마포구 상암동,브라운치킨-은평점,sa**님,후라이드치킨/1,첫 주문인데 정말 맛있었어요 파채 감자 떡도 주시고 정말 최곱니다 또 주문할게요,5,5,5,5,2020년 2월 8일
33,치킨,마포구 상암동,브라운치킨-은평점,si**님,A세트（후라이드치킨＋간장치킨＋마늘치킨＋감자튀김＋어니언소스＋파채＋치킨무＋콜라500mL）/1,담백한 맛이에요 곁들여주신 파채랑 같이 잘 먹었습니다,5,5,5,5,2020년 2월 8일
34,치킨,마포구 상암동,브라운치킨-은평점,vu**님,신메뉴 간장고추치킨/1,맛은좋은데 젓가락이 없어서 먹기가 힘들다,5,5,5,5,2020년 2월 3일
35,치킨,마포구 상암동,브라운치킨-은평점,ki**님,후라이드치킨/1,둘치킨이랑 같은 맛이네요 올만에 괜찮았 튀김만두 샐러드 맛있네요 ,4,4,3,4,2020년 2월 2일
36,치킨,마포구 상암동,브라운치킨-은평점,ks**님,"반반（후라이드치킨 반＋양념치킨 반）/1,감자튀김 추가/1,과일야채샐러드/1",과알 샐러드에 과일 하나더 없고 말라 비틀어진 야채만 다삭은 치킨 정말 최악 중의 최악,1,1,1,1,2020년 1월 25일
37,치킨,마포구 상암동,브라운치킨-은평점,pr**님,마늘치킨/1,마늘치킨은 맛있습니다 다만 같이 온 만두개는 반입먹고 버림 애초에 번 샐러드로 신청했는데 감튀도 너무식어서 별로입니다 서비스로 오는건 파는 아주 좋았고 나머지는 안주는게 음식레기 안생기게 하는거라고 생각합니다,5,5,5,5,2020년 1월 20일
38,치킨,마포구 상암동,브라운치킨-은평점,jh**님,반반（후라이드치킨 반＋마늘치킨 반）/1,너무 맛나용 다음에 또 주문할게요,5,5,5,5,2020년 1월 20일
39,치킨,마포구 상암동,브라운치킨-은평점,rt**님,"후라이드치킨/1,신메뉴 간장고추치킨/1",후라이드도 맛있고 간장고추치킨은 좀 맵습니다그래도 맛있네요서비스 감자양도 많이주시고 정말 맛있네요서비스가 너무 많습니다파채도 떡도다 맛있네용,5,5,5,5,2020년 1월 14일
40,치킨,마포구 상암동,브라운치킨-은평점,zh**님,A세트（후라이드치킨＋간장치킨＋마늘치킨＋감자튀김＋어니언소스＋파채＋치킨무＋콜라500mL）/1,파닭양념마늘간장프라이드 순인듯,5,5,5,5,2020년 1월 14일
41,치킨,마포구 상암동,브라운치킨-은평점,ko**님,순살 핫스파이시치킨/1,잘먹었습니다 감사합니당,5,5,5,5,2020년 1월 8일
42,치킨,마포구 상암동,브라운치킨-은평점,bd**님,A세트（후라이드치킨＋간장치킨＋마늘치킨＋감자튀김＋어니언소스＋파채＋치킨무＋콜라500mL）/1,배달도 빠르고 맛있습니다,5,5,5,5,2020년 1월 4일
43,치킨,마포구 상암동,브라운치킨-은평점,de**님,순살 간장치킨/1,처음 먹어본 치킨인데 너무 부드럽고 맛있었습니다,5,5,5,5,2020년 1월 4일
44,치킨,마포구 상암동,브라운치킨-은평점,ru**님,"후라이드치킨/1,콜라500mL/1",후라이드 바삭촉촉 꿀맛,5,5,5,5,2020년 1월 4일
45,치킨,마포구 상암동,브라운치킨-은평점,ha**님,"반반（후라이드치킨 반＋양념치킨 반）/1,콜라1.25L/1",마싯었어요 빨리왔 콜라가 빠졌는데 다시 전화하자마자 금방 가져다 줬어여 ,5,5,4,4,2020년 1월 1일
46,치킨,마포구 상암동,브라운치킨-은평점,ba**님,반반（양념치킨 반＋간장치킨 반）/1,배달빨라서 좋아요 아자,5,5,5,5,2019년 12월 29일
47,치킨,마포구 상암동,브라운치킨-은평점,jr**님,A세트（후라이드치킨＋간장치킨＋마늘치킨＋감자튀김＋어니언소스＋파채＋치킨무＋콜라500mL）/1(추가 선택(엄니떡볶이 1인분)),크리스마스이브인데도 깔끔하게 포장해서 생각보다 빨리 도착해서좋았고 사장님인지 직원인지는 모르겠으나 주문주셔서 감사하다고 인사하시는데 참 좋았습니다 번창하세요,5,5,4,5,2019년 12월 26일
48,치킨,마포구 상암동,브라운치킨-은평점,ej**님,후라이드치킨/1,뜨거운 튀김류라서 배달시간때문에 눅눅해져서 기대안했는데 진짜 맛있네요 순살인가 싶을정도로 퍽퍽살이 도 안느껴지고 기본간도 과하지않게 딱 맞고 사이드메뉴도 좋앗어요 특히 파채랑 겨자소스 좋아하는 스타일 개인적으론 제일좋아하는 교촌허니콤보보다 더맛잇네요,5,5,5,5,2019년 12월 25일
49,치킨,마포구 상암동,브라운치킨-은평점,ma**님,A세트（후라이드치킨＋간장치킨＋마늘치킨＋감자튀김＋어니언소스＋파채＋치킨무＋콜라500mL）/1,배달은 분만에 엄청 빨리왔어요 빨리 왔는데도 겨울이라 그런지 식어서 오는건 어쩔수 없나봐용 오븐구이닭이라 세트 주문했는데 가지맛으로 마리반 오는데 여자셋이 거뜬히 먹을수 있네요 리뷰서비스로 주신 섈러드가 좋네요 치킨무양이 적으니 샐러드 듬뿍주시면 좋겠어요 맛은 오븐구이의 담백한맛이고 양념도 과하지 않아 좋네요,4,4,4,5,2019년 12월 24일
50,치킨,마포구 상암동,브라운치킨-은평점,wa**님,반반（후라이드치킨 반＋마늘치킨 반）/1,너무 배고파서 사진찍는걸 깜빡했어요 정말 사장님 말씀대로 치킨 맛있네요 애기랑 같이 먹었는데 딱 먹고 남기지 않을 정도의 양이라서 전 만족했어요 같이 주신 감튀도 맛있네요 평소 치킨먹던때처럼 많이 느끼하지 않았어요 앞으로도 변하지 않고 좋은 치킨 부탁드립니다,5,5,4,5,2019년 12월 23일
51,치킨,마포구 상암동,브라운치킨-은평점,ni**님,"반반（양파어니언치킨 반＋양념치킨 반）/1,추억의 엄니떡볶이 1인분/1",더 바삭했으면 좋겠어요,1,2,5,2,2019년 12월 22일
52,치킨,마포구 상암동,브라운치킨-은평점,gp**님,A세트（후라이드치킨＋간장치킨＋마늘치킨＋감자튀김＋어니언소스＋파채＋치킨무＋콜라500mL）/1(추가 선택(엄니떡볶이 1인분)),양이 진짜 많아요 잘 먹었습니당,5,5,5,5,2019년 12월 16일
53,치킨,마포구 상암동,브라운치킨-은평점,jh**님,반반（마늘치킨 반＋간장치킨 반）/1,짜지않고 담백하니 괜찮네요 튀김옷이 안입혀져서인가 다른치킨과는 다르게 절단부위에 내장이 다보여서 애들이 징그럽다고 서비스로 감자튀김떡구이 많이주셔서 치킨양은 좀적은가봐요 좋아하는 목부위도없고 파닭양념까지 여러가지맛 즐길수있어 좋았습니다,4,4,3,5,2019년 12월 15일
54,치킨,마포구 상암동,브라운치킨-은평점,ch**님,"후라이드치킨/1,마늘소스추가/1",치킨은 말할것도 없고 같이오는 떡꼬치랑 감자튀김도 너무 맛있어요,5,5,5,5,2019년 12월 14일
55,치킨,마포구 상암동,브라운치킨-은평점,ru**님,반반（후라이드치킨 반＋마늘치킨 반）/1,맛있어요 이번엔 후라이드가 덜바삭해서 조금 아쉬웠어요,5,5,5,5,2019년 12월 13일
56,치킨,마포구 상암동,브라운치킨-은평점,ge**님,"후라이드치킨/1,콜라500mL/1",진짜 맛있고 구성이 너무좋아요 강력추천합니다,5,5,5,5,2019년 12월 12일
57,치킨,마포구 상암동,브라운치킨-은평점,ch**님,"후라이드치킨/1,마늘소스추가/1",여기 감동 그자체에요 제가 제일 좋아하는 치킨이 둘인데 저희동네 둘이 없어졌거든요 그뒤로 치킨 유목민 생활을 했는데 비슷한거 찾아도 그맛이 안났거든요 근데 이집은 완벽하게 맛있어요 그냥 최고에요 마늘소스도 다른곳은 들척지근하고 마늘맛도 안나고 맛없는데 이집은 알싸한 마늘맛 그자체가 살아있어요 진짜 이 소스맛을 얼마나 찾았는지 몰라요 너무좋아요 이집에 배달치킨 정착하고싶어요 그런데 제가 거리가 있어서 시키기 너무 죄송스럽네요 은평구로 이사가고싶어요 주문취소당할각오로 시킨건데 받아주셔서 정말 감동했어요,5,5,5,5,2019년 12월 12일
58,치킨,마포구 상암동,브라운치킨-은평점,tr**님,후라이드치킨/1(추가 선택(엄니떡볶이 1인분)),이것저것 챙겨 주셔서 감사합니다 잘먹었어요,5,5,5,5,2019년 12월 11일
59,치킨,마포구 상암동,브라운치킨-은평점,kl**님,반반（후라이드치킨 반＋간장치킨 반）/1,맛있어요 애기도 좋아하구요 양이 적어서 아쉬웠지만 맛있으니 적다고 느껴지는거겠죠,4,4,4,4,2019년 12월 11일
60,치킨,마포구 상암동,브라운치킨-은평점,dh**님,순살 후라이드치킨/1,배달은 예상 시간에 맞춰 분 정도 지나서 도착했습니다 순살 주문 하나에 배달용 크기의 작은 음료수 감자 튀김 파채 매운 양념 개 마늘 양념 개 양파 양념 개 그리고 떡꼬치까지 챙겨주셨어요 전체적으로 섭섭하지 않은 양이었지만 정작 주인공인 순살은 부족하게 느껴져서 살짝 아쉬웠어요 튀겨진 껍질이 많이 씹혀 상대적으로 적게 느껴진 것 같아요 그래도 튀김 옷이 취향에 맞게 바삭하고 간도 딱 적당하게 돼서 맛있게 잘 먹었습니다 감자 튀김은 가지가 아니라 가지 종류들이 섞여 있어 먹는 재미도 있었어요,5,4,4,5,2019년 12월 10일
61,치킨,마포구 상암동,브라운치킨-은평점,손님,마늘치킨/1,샐러드 추가루 주시구 최고였어요  맛잇어요 담백하구 마늘치킨 굳굳,5,5,5,5,2019년 12월 8일
62,치킨,마포구 상암동,브라운치킨-은평점,sw**님,반반（양념치킨 반＋마늘치킨 반）/1,처음먹어봤는데 맛있더라고요 매력있어요 ,5,5,5,5,2019년 11월 27일
63,치킨,마포구 상암동,브라운치킨-은평점,jh**님,"A세트（후라이드치킨＋간장치킨＋마늘치킨＋감자튀김＋어니언소스＋파채＋치킨무＋콜라500mL）/1,치킨무추가/1",세가지 맛을 한번에 즐길수 있어서 좋네요 같이 주신 파채랑 먹으니깐 더 맛있습니다,5,5,4,5,2019년 11월 26일
64,치킨,마포구 상암동,브라운치킨-은평점,bo**님,반반（후라이드치킨 반＋양념치킨 반）/1(추가 선택(엄니떡볶이 1인분)),치킨은 두말하면 잔소리고 더이상 맛있다고 말하는것도 입아플정도로 맛은 보장 떡볶이도 생각보다 칼칼하니 괜찮습니다 그와중에 떡꼬치 굿,5,5,5,5,2019년 11월 26일
65,치킨,마포구 상암동,브라운치킨-은평점,ki**님,반반（양념치킨 반＋마늘치킨 반）/1(추가 선택(엄니떡볶이 1인분)),배달 빨라서 좋아요 서비스 좋네요,5,5,5,5,2019년 11월 22일
66,치킨,마포구 상암동,브라운치킨-은평점,fh**님,"반반（후라이드치킨 반＋마늘치킨 반）/1,콜라1.25L/1",너무 맛있게 잘먹었어요 서비스로 주신 감자튀김도 맛있었어요 다만 양이  아쉬웠어요,4,5,4,5,2019년 11월 20일
67,치킨,마포구 상암동,브라운치킨-은평점,손님,마늘치킨/1,브라운치킨 처음 먹어보네요,4,5,3,5,2019년 11월 17일
68,치킨,마포구 상암동,브라운치킨-은평점,si**님,반반（후라이드치킨 반＋마늘치킨 반）/1(추가 선택(엄니떡볶이 1인분)),치킨 정말 맛있네요또 시킬께요 함께 보내주신 튀김도 맛나게 잘 먹었어요 번창하세요,5,5,5,5,2019년 11월 15일
69,치킨,마포구 상암동,브라운치킨-은평점,sm**님,"반반（후라이드치킨 반＋핫스파이시치킨 반）/1,치킨무추가/1",할인행사에 주문이 많아서 그런지 식어와서 그랬지만 식어와도 기본적으로 맛있는 치킨이네요 감튀 파채 떡튀김 사이드 구성도 풍성하네요 조만간 제 값 내고 주문해서 따뜻할 때 먹어볼 요량입니다,5,5,5,5,2019년 11월 15일
70,치킨,마포구 상암동,브라운치킨-은평점,he**님,"반반（후라이드치킨 반＋마늘치킨 반）/1,콜라1.25L/1",맛있게 잘먹었습니다 자주 이용할게요,5,5,5,5,2019년 11월 14일
71,치킨,마포구 상암동,브라운치킨-은평점,id**님,반반（후라이드치킨 반＋마늘치킨 반）/1(추가 선택(엄니떡볶이 1인분)),양이 매우 푸짐하네요  떡뽁이는 예전 분식점 맛이에요 자극적이지 않고 괜찮은듯 치킨도 보드치킨 생각나는 맛입니다 다음에 또 주문할께요,5,5,5,5,2019년 11월 12일
72,치킨,마포구 상암동,브라운치킨-은평점,ch**님,"A세트（후라이드치킨＋간장치킨＋마늘치킨＋감자튀김＋어니언소스＋파채＋치킨무＋콜라500mL）/1(추가 선택(엄니떡볶이 1인분)),치킨무추가/1",맛있어요 둘둘치킨 스타일 담백하고 맛있어요 서비스도 감사합니다 근데 원 추가했는데 무 안주신건 좀 그래요 치킨먹을때 무 많이 먹어서 추가금 결제한건데 기본 제공 무 양도 너무 작아요,4,5,4,5,2019년 11월 9일
73,치킨,마포구 상암동,브라운치킨-은평점,손님,순살 후라이드치킨/1(추가 선택(엄니떡볶이 1인분)),순살치킨으로 시켰는데 양은 좀 적은편이였어요 바싹하니 맛은 괜찮았고 감자튀김도 좋았어요 떡볶이도 시켜봤는데 제 입맛엔 밋밋한 맛이였어요 써비스로 주신 것도 맛있게 잘 먹었습니다,5,5,5,5,2019년 11월 7일
74,치킨,마포구 상암동,브라운치킨-은평점,qw**님,순살 마늘치킨/1(추가 선택(엄니떡볶이 1인분)),떡볶이 꼭추가해요 존맛탱,5,5,5,5,2019년 11월 4일
75,치킨,마포구 상암동,브라운치킨-은평점,my**님,반반（후라이드치킨 반＋핫스파이시치킨 반）/1,맛도 양도  배달도 빨리오고 넘 좋네요 담에 또 시킬께요,5,5,5,5,2019년 10월 30일
76,치킨,마포구 상암동,브라운치킨-은평점,ru**님,반반（후라이드치킨 반＋핫스파이시치킨 반）/1,왜 이제 알았지 맛집이네요 서비스 대박 보람같은 스타일인데 꿀맛 또 주문할게요,5,5,5,5,2019년 10월 28일
77,치킨,마포구 상암동,브라운치킨-은평점,bo**님,반반（후라이드치킨 반＋양념치킨 반）/1,서비스가득 맛도짱짱맨 치킨이생각날땐 제일먼저 생각나는 그곳,5,5,5,5,2019년 10월 27일
78,치킨,마포구 상암동,브라운치킨-은평점,손님,B세트（후라이드치킨＋간장치킨＋마늘치킨＋양념치킨＋감자튀김＋어니언소스＋파채＋치킨무＋콜라500mL）/1,친구들 초대해서 맘껏 양껏 신나게 먹었어요 사진찍을 겨를도 없었네요 양배추 샐러드가 특이한 모양인것 말고는 대만족입니다,5,5,5,5,2019년 10월 22일
79,치킨,마포구 상암동,브라운치킨-은평점,zy**님,후라이드치킨/1,배달시간만 좀더 개선하시면 별개입니다,5,5,5,3,2019년 10월 20일
80,치킨,마포구 상암동,브라운치킨-은평점,qw**님,반반（후라이드치킨 반＋마늘치킨 반）/1,튀김옷이없어서 느끼하지않고 깔끔합니다 포장도 깔끔해서 좋네요,5,5,5,5,2019년 10월 17일
81,치킨,마포구 상암동,브라운치킨-은평점,ka**님,양념치킨/1,양이 적다는 평이 많았는데 치킨만 놓고보면 어느정도는 이해가 가능합니다 다만 튀김가루가 많지 않은 치킨인점 다른 서비스가 많은점 고려하면 양은 만족 합니다 양념은 좀 특이하고 치킨맛은 전반적으로 맛있어요 다만 샐러드가 조금만 얇게 채써는식이면 좋을것같아요 재주문 의사 있습니다 잘먹었습니당,5,5,5,5,2019년 10월 12일
82,치킨,마포구 상암동,브라운치킨-은평점,en**님,A세트（후라이드치킨＋간장치킨＋마늘치킨＋감자튀김＋어니언소스＋파채＋치킨무＋콜라500mL）/1,맛있게먹었어요 소문대로 친절하고맛있네요,5,5,5,5,2019년 10월 10일
83,치킨,마포구 상암동,브라운치킨-은평점,손님,반반（양파어니언치킨 반＋양념치킨 반）/1,맛있고 다른데랑 다르게 감자튀김과 샐러드도주지만 치킨 양이 값에 비하여 너무적어요 진짜 적은것도 아니고 너무 적어요,3,5,1,5,2019년 9월 20일
84,치킨,마포구 상암동,브라운치킨-은평점,bo**님,A세트（후라이드치킨＋간장치킨＋마늘치킨＋감자튀김＋어니언소스＋파채＋치킨무＋콜라500mL）/1,치킨생각나면 가장 먼저 시켜먹는 치킨,5,5,5,5,2019년 9월 8일
85,치킨,마포구 상암동,브라운치킨-은평점,vo**님,A세트（후라이드치킨＋간장치킨＋마늘치킨＋감자튀김＋어니언소스＋파채＋치킨무＋콜라500mL）/1,잘 먹었습니다 감튀 절반정도 먹었을때 양념떡 발견해서 맛있게 먹었어요,5,4,5,5,2019년 9월 1일
86,치킨,마포구 상암동,브라운치킨-은평점,손님,A세트（후라이드치킨＋간장치킨＋마늘치킨＋감자튀김＋어니언소스＋파채＋치킨무＋콜라500mL）/1,사진을 못찍어서 아쉽지만 평이 좋아서 시켜봤는데 평 좋은데 치고 첨 맛있는 곳 이었네요 재주문 의사 입니다,5,5,5,5,2019년 8월 30일
87,치킨,마포구 상암동,브라운치킨-은평점,손님,A세트（후라이드치킨＋간장치킨＋마늘치킨＋감자튀김＋어니언소스＋파채＋치킨무＋콜라500mL）/1,배송 빠르고 사장님 친절해요 옛날통닭같고 맛있어요,4,4,4,5,2019년 8월 15일
88,치킨,마포구 상암동,브라운치킨-은평점,tl**님,마늘치킨/1,치킨 한 마리 시켰는데 뭐가 이리 많이 오는지 잘못배달온줄 알았네요 튀김옷 없이 튀기는 건가요 담백해서 좋네요,5,5,5,5,2019년 8월 13일
89,치킨,마포구 상암동,브라운치킨-은평점,yo**님,반반（후라이드치킨 반＋양념치킨 반）/1,치킨이 보드람이랑 비숫합니다 너무 깔끔하고 맛있었어요 개인적으로는 보드람 보다 더 맛있네요,5,5,5,5,2019년 8월 4일
90,치킨,마포구 상암동,브라운치킨-은평점,ny**님,A세트（후라이드치킨＋간장치킨＋마늘치킨＋감자튀김＋어니언소스＋파채＋치킨무＋콜라500mL）/1,장점  브라운치킨만의 그 특유의 맛이있습니다  서비스가 정말 풍부합니다  치킨맛을 여러가지 한번에 맛 볼수있습니다 아쉬운점  파 샐러드가 오는데 나무젓가락이라도 있었음 좋겠습니다  무가 치킨양에비해 조금 부족해보여요,5,5,5,5,2019년 7월 31일
91,치킨,마포구 상암동,브라운치킨-은평점,oz**님,마늘치킨/1,감자튀김도 맛있고 치킨도 맛있어요,5,5,5,5,2019년 7월 26일
92,치킨,마포구 상암동,브라운치킨-은평점,di**님,마늘치킨/1,진짜 브라운치킨이랑 비슷한 브랜드치킨 대체재 있으면 좋겠어요 본가올때만 십켜먹을 수 있고 이 치킨 종류를 뭐라고 하죠 시장통닭 크리스피치킨 전기바베큐 숯불바베큐 이런 종류로 나눴을때 로스트치킨이라고해야하나,5,5,5,5,2019년 7월 25일
93,치킨,마포구 상암동,브라운치킨-은평점,he**님,반반（후라이드치킨 반＋양념치킨 반）/1,치킨 촉촉하고 맛있어요 콜라사이즈업 서비도 많이 챙겨보내주시고 감사합니다 아이들이랑 맛있게잘먹었어요,5,5,5,5,2019년 7월 25일
94,치킨,마포구 상암동,브라운치킨-은평점,ko**님,A세트（후라이드치킨＋간장치킨＋마늘치킨＋감자튀김＋어니언소스＋파채＋치킨무＋콜라500mL）/1,쳇 좀 비싼것 같아요 양이 좀 작네여,1,2,2,2,2019년 7월 25일
95,치킨,마포구 상암동,브라운치킨-은평점,od**님,후라이드치킨/1,장마철이라 닭이 좀 눅눅하네요,5,5,3,3,2019년 7월 24일
96,치킨,마포구 상암동,브라운치킨-은평점,hs**님,반반（양파어니언치킨 반＋마늘치킨 반）/1,처음시켰는데 닭 튀김옷도적당하고 맛있어요 와이프도 맛있다고하네요 다음에또시켜먹을게요,5,5,4,5,2019년 7월 22일
97,치킨,마포구 상암동,브라운치킨-은평점,ch**님,반반（후라이드치킨 반＋양념치킨 반）/1,처음시켜봣는데 오랜만에 맛있는 치킨 먹었어요 반반 시켯는데 서비스가 더 많은거 같아서 놀랏구 느끼하지두 않고 배부르게 잘먹었습니다,5,5,5,5,2019년 7월 21일
98,치킨,마포구 상암동,브라운치킨-은평점,ss**님,반반（양념치킨 반＋간장치킨 반）/1,이어폰끼고있어배달늦게받았는데도친절하게대응해주셔서감사했어요 맛도좋습니다,5,5,5,5,2019년 7월 6일
99,치킨,마포구 상암동,브라운치킨-은평점,손님,반반（후라이드치킨 반＋마늘치킨 반）/1,맛있어요   치킨이 바삭바삭해요,4,4,4,4,2019년 6월 29일
100,치킨,마포구 상암동,브라운치킨-은평점,bo**님,반반（후라이드치킨 반＋마늘치킨 반）/1,역시 최애치킨항상맛있게 잘먹고있습니다 보통 튀김옷두꺼운 치킨은 물려서 다먹지도못하는데 여긴 앉아서 먹는순간 순삭 맛있습니다,5,5,5,5,2019년 6월 20일
101,치킨,마포구 상암동,브라운치킨-은평점,손님,반반（후라이드치킨 반＋양념치킨 반）/1,축구보는 분들이 치킨을 많이 시켜서 닭이 모자랐나봐요 매장에서 자주 먹다가 배달은 처음 시켜봤는데 양이 너무 적고 반반메뉴를 누가 먹다 남은거 추려서 대충 담은듯한 느낌에 기분이 좀 그렇더군요 그럴줄 알았으면 시간 걸려도 다른곳에 주문할것을 분 내로 배달된다는거 확인하고 앗싸하며 주문했다가 기분만 상했네요 감자튀김도 덜튀겨진건지 허옇고 소스도  제가 음식리뷰는 지금까지 별다섯 호평 주기로 소문났는데 처음이자 마지막일 바라며 심하게 남기는걸 이해하세요 먹는거는 깐깐하거든요,3,3,1,4,2019년 6월 16일
102,치킨,마포구 상암동,브라운치킨-은평점,손님,후라이드치킨/1,바삭바삭 후라이드 치킨 완젼 맛있구요 게다가 같이 오는 신선한 샐러드와 감자튀김 그리고 시원란 콜라까지 착한 가격 놀람네요 애들하고 순삭했습니다 앞으로 치킨은 브라운에서 먹겠습니다 사장님 번창하시구요 오래오래 해주세요 아참 배달도 빨랐고 배달기사님도 엄청 친절하셨어용,5,5,5,5,2019년 6월 13일
103,치킨,마포구 상암동,브라운치킨-은평점,su**님,A세트（후라이드치킨＋간장치킨＋마늘치킨＋감자튀김＋어니언소스＋파채＋과일야채샐러드＋치킨무＋콜라500mL）/1,사진은못찍었어요 리뷰남긴다했는데 리뷰서비스않챙겨주셨는데 다사가져다주신다해서 됐다했죠 맛는쏘쏘 맛있게식구먹었습니다,4,4,4,4,2019년 5월 29일
104,치킨,마포구 상암동,브라운치킨-은평점,손님,A세트（후라이드치킨＋간장치킨＋마늘치킨＋감자튀김＋어니언소스＋파채＋과일야채샐러드＋치킨무＋콜라500mL）/1,뜨거울 때 먹으면 정말 맛있을듯,5,5,5,4,2019년 5월 19일
105,치킨,마포구 상암동,브라운치킨-은평점,pp**님,반반（핫스파이시치킨 반＋마늘치킨 반）/1,배달도 빠르고 맛있게 잘 먹었어요,5,5,5,5,2019년 5월 17일
106,치킨,마포구 상암동,브라운치킨-은평점,bo**님,반반（후라이드치킨 반＋마늘치킨 반）/1,치킨이 부드럽고 맛있어용 이집에서만 시킴 ,5,5,5,5,2019년 5월 11일
107,치킨,마포구 상암동,브라운치킨-은평점,ax**님,마늘치킨/1,은평구 우리동네 치킨맛집 역시 브라운치킨이에요 전에도 가족들이 여기 마늘치킨 좋아해서 자주 시켜 먹었는데 요기요에서도 주문할 수 있게 되어서 좋아요 역시 촉촉 달콤 마늘치킨은 명불허전이구요 웨지감자랑 감자튀김 넘 맛있어요하얀 소스 찍어먹으면 예술이라는 파채랑 샐러드도 개운하고 상큼해서 치킨이랑 딱이고 배달도 빠르고 친절하셔서 즐겁게 잘 먹었습니다 앞으로도 언제나 늘 브라운치킨 자주 시켜먹게 될 것 같아요,5,5,5,5,2019년 5월 11일
108,치킨,마포구 상암동,브라운치킨-은평점,gg**님,A세트（후라이드치킨＋간장치킨＋마늘치킨＋감자튀김＋어니언소스＋파채＋과일야채샐러드＋치킨무＋콜라500mL）/1,첨 시켜봤는데 맛있네요 양이 많아서 둘이서 다 못먹었어요,5,5,5,5,2019년 5월 7일
109,치킨,마포구 상암동,브라운치킨-은평점,bo**님,반반（후라이드치킨 반＋양념치킨 반）/1,항상 맛있게 먹고있습니다 최애치킨,5,5,5,5,2019년 4월 30일
110,치킨,마포구 상암동,브라운치킨-은평점,ld**님,반반（후라이드치킨 반＋양념치킨 반）/1,이게 뭔가요 집앞에 오셨으면 문을 두들기던지 전화를 하시는게 맞지 않을까요 문앞에 던져두고 그냥가셔서 분동안 방치되서 다 식은 치킨 먹네요 배달대행 업체 바꾸시는게 낫겠네요,1,1,1,1,2019년 4월 30일
111,치킨,마포구 상암동,브라운치킨-은평점,sh**님,A세트（후라이드치킨＋간장치킨＋마늘치킨＋감자튀김＋어니언소스＋파채＋과일야채샐러드＋치킨무＋콜라500mL）/1,맛있는데 사진을 못 찍었네요 애들도 안맵고 잘 먹더라구요한강 난지 공원에서 먹었어요집까지 배달되면 또 먹고싶은데브랜드 치킨보다 더 맛있어요,5,5,5,5,2019년 4월 28일
112,치킨,마포구 상암동,브라운치킨-은평점,gh**님,반반（마늘치킨 반＋간장치킨 반）/1,치킨 너무 맛잇어요 감자튀김도 잘먹었습니다,5,5,5,5,2019년 4월 27일
113,치킨,마포구 상암동,브라운치킨-은평점,손님,반반（후라이드치킨 반＋양념치킨 반）/1,배달 엄청 느려요 양념치킨에 닭다리가 없어요 파세리를 주시는데 한번 먹으면 무가 먹고 싶은생각이 안들어요 정체 모를 소스가많아요 많이들 드세요 ,1,1,1,1,2019년 4월 21일
114,치킨,마포구 상암동,브라운치킨-은평점,ye**님,A세트（후라이드치킨＋간장치킨＋마늘치킨＋감자튀김＋어니언소스＋파채＋과일야채샐러드＋치킨무＋콜라500mL）/1,와우첨 시켯는데 치킨 맛있어요 특히 간장소스 젤루 맛있었음 토막을 안내서 그래서 그런가 양이 살짝 아쉽네요 배달 빠르고 친절까지 따봉 서비스도 많아서 좋았어요,5,5,4,5,2019년 4월 18일
115,치킨,마포구 상암동,브라운치킨-은평점,손님,반반（후라이드치킨 반＋양념치킨 반）/1,푸짐하게오고 맛잇어요 자주시켜먹을거같습니다,5,5,5,5,2019년 4월 14일
116,치킨,마포구 상암동,브라운치킨-은평점,손님,A세트（후라이드치킨＋간장치킨＋마늘치킨＋감자튀김＋어니언소스＋파채＋과일야채샐러드＋치킨무＋콜라500mL）/1,배달이느려서 실망했다가 치킨먹어보고 만족했습니다 살아들이 맛있다고 난리네요 다른곳 치킨은 후라이드도 맵다고 잘못먹는데 여기꺼는 아주잘먹네요 저도 잘먹었습니다 근래먹은 치킨중 가장맛있었습니다,5,5,5,4,2019년 4월 13일
117,치킨,마포구 상암동,브라운치킨-은평점,bo**님,A세트（후라이드치킨＋간장치킨＋마늘치킨＋감자튀김＋어니언소스＋파채＋과일야채샐러드＋치킨무＋콜라500mL）/1,원에 이정도 양이라니요우선 장점 나열합니다  로스트치킨같은 부드럽고 촉촉한 살점들  물리지않는 맛  둘이서도 다먹기힘든 양  혹시나 물리더래도 파채와 샐러드조합으로 새로운맛의 조합  후라이드는 담백하고 적당한염지로 질리지않음  무 국물없이 보내주시는 센스는 덤 단점으로는 배부른데 계속 먹게된다는점 여튼 최애 치킨탄생인듯합니다 ,5,5,5,5,2019년 4월 12일
118,치킨,마포구 상암동,브라운치킨-은평점,sa**님,순살 후라이드치킨/1,순살시켰었는데 재고가 떨어져서 뼈로 바꾸긴했지만 이정도로 푸짐하게 올줄은  게다가 순살이 되게 촉촉하다해야하나 정말 맛있었습니다  이번주말에 또 시킬게요,5,5,5,5,2019년 4월 11일
119,치킨,마포구 상암동,브라운치킨-은평점,le**님,반반（후라이드치킨 반＋핫스파이시치킨 반）/1,핫스파이시도 맛맛합니다,5,5,5,5,2019년 4월 8일
120,치킨,마포구 상암동,브라운치킨-은평점,손님,반반（후라이드치킨 반＋마늘치킨 반）/1,겁나 푸짐하고 맛있네여 추천해여 자주 시켜먹을듯,5,5,5,5,2019년 4월 7일
121,치킨,마포구 상암동,브라운치킨-은평점,손님,후라이드치킨/1,맛있어요 또 시킬겁니당,5,5,5,5,2019년 4월 6일
122,치킨,마포구 상암동,브라운치킨-은평점,jo**님,순살 후라이드치킨/1,맛도 괜찮았고 양도 괘안은데 아쉬운건 서비스셀러드가 신선하지못한게아쉽네요다른건 좋았습니다,5,5,5,5,2019년 4월 5일
123,치킨,마포구 상암동,브라운치킨-은평점,di**님,후라이드치킨/1,제가 먹어본 치킨중에 제일맛있었습니다 크리스피한 치킨이 아니라 촉촉하고 육즙많은 치킨입니다 야채도 신선하고 치킨이랑 잘 어울립니다 소스도 야채들이랑 조화롭습니다 근데 하얀소스랑 빨간소스는 감자튀김 찍어먹는건가요,5,5,5,5,2019년 4월 5일
124,치킨,마포구 상암동,브라운치킨-은평점,손님,A세트（후라이드치킨＋간장치킨＋마늘치킨＋감자튀김＋어니언소스＋파채＋과일야채샐러드＋치킨무＋콜라500mL）/1,맛과양모두대만족이에요 번창하세요,5,5,5,5,2019년 4월 5일
125,치킨,마포구 상암동,브라운치킨-은평점,손님,후라이드치킨/1,서비스가 너무나도 많다능,5,5,5,5,2019년 4월 5일
126,치킨,마포구 상암동,브라운치킨-은평점,ju**님,B세트（후라이드치킨＋간장치킨＋마늘치킨＋양념치킨＋감자튀김＋어니언소스＋파채＋과일야채샐러드＋치킨무＋콜라500mL）/1,후라이드가 바삭한 맛이 아니네요 마늘치킨은 좋아하는 맛이었는데 양은 생각보다 많지는 않네요,4,4,3,4,2019년 4월 3일
127,치킨,마포구 상암동,브라운치킨-은평점,ok**님,순살 후라이드치킨/1,배달이 많이 늦긴 했지만 다른 치킨집보다 구성품이 알차서 맛있게 먹었습니다 샐러드 파채 양념 감자 엄청 다양하네요 ,5,5,5,3,2019년 4월 3일
128,치킨,마포구 상암동,브라운치킨-은평점,le**님,순살 후라이드치킨/1,샐러드랑 감튀 깔끔하게 포장된거 맘에 드네요 치킨 양도 상당하고 후라이드인데 느끼하지 않게 스파이스도 살짝 되어있음 제가 건포도를 안좋아해서 샐러드에 들어간건 별로 였지만 신선해서 만족 이 근방에서 시킨 것 중에는 제일 나은듯 신생같아서 함 써봄 이 맛 유지되면 혜자,5,5,5,4,2019년 3월 31일
