﻿,Category,Location,Restaurant,UserID,Menu,Review,Total,Taste,Quantity,Delivery,Date
0,치킨,마포구 상암동,서울에서손꼽히는3대연남닭발,do**님,B 통닭발세트（통닭발＋계란찜＋오돌뼈＋주먹밥）/1,저는 생각보다 그냥 그런 맛이였던것 같아요,3,2,2,5,2021년 5월 19일
1,치킨,마포구 상암동,서울에서손꼽히는3대연남닭발,12**님,A 국물닭발세트（국물닭발＋계란찜＋주먹밥）/1,연남에있는걸 계속먹었었고 같겠지 하고 시컀는데 죠금 달라용 닭발크기나 탱글함 양 이 다른거가타요 연남에있는건 혼자 다먹다 배터져죽울뻔햇는데 여긴 적당해요 맛은 괜찮아용,3,3,3,3,2020년 7월 8일
2,치킨,마포구 상암동,서울에서손꼽히는3대연남닭발,bs**님,국물닭발/1(추가 선택(주먹밥 추가)),닭발 첫 주문인데넘넘 맛나네요 싹다 비운 사진만 남았어용,5,5,5,5,2020년 7월 4일
3,치킨,마포구 상암동,서울에서손꼽히는3대연남닭발,so**님,"C 무뼈닭발세트（무뼈닭발＋계란찜＋오돌뼈＋주먹밥）/1(추가 선택(주먹밥 추가,쿨피스 450mL 추가)),무뼈닭발/1",불맛도 나고 맛있습니다 멀리 배달도 오시고 담에 또 주문 할께요,5,5,5,5,2020년 4월 30일
4,치킨,마포구 상암동,서울에서손꼽히는3대연남닭발,jj**님,C 무뼈닭발세트（무뼈닭발＋계란찜＋오돌뼈＋주먹밥）/1,진짜 맛있게 잘먹었어요 부모님은 맵다시며 좀 고생하셨지만 그래도 맛있게 매워서 잘드셨어요 근데 콩나물은 진짜 무맛이에요,5,5,4,5,2020년 3월 27일
5,치킨,마포구 상암동,서울에서손꼽히는3대연남닭발,ca**님,통닭발/1(추가 선택(주먹밥 추가)),전에 맛있게 먹었어서 다시 시켰는데 이번은 넘 실망이네요 일단 배달이 늦게왔는데 받자마자 만져보니 따뜻하지않았어요 날씨 감안하더라도 너무 식고 무엇보다 음식이 마른상태라 맛있게 먹을 수 없었네요,1,3,2,1,2020년 1월 31일
6,치킨,마포구 상암동,서울에서손꼽히는3대연남닭발,fi**님,A 국물닭발세트（국물닭발＋계란찜＋주먹밥）/1,배달이너무늦게와서예상시간보다 분늦은 좀 짜증이났었는데 그래도 정말맛있네요,5,5,4,3,2020년 1월 28일
7,치킨,마포구 상암동,서울에서손꼽히는3대연남닭발,손님,"국물닭발/1(추가 선택(주먹밥 추가,쿨피스 450mL 추가))",너무 맛있네여 진짜 담에는 가서 먹어볼께요번창하세용,5,5,5,5,2019년 11월 9일
8,치킨,마포구 상암동,서울에서손꼽히는3대연남닭발,dl**님,C 무뼈닭발세트（무뼈닭발＋계란찜＋오돌뼈＋주먹밥）/1,가서 먹어도 맛있고 배달해도 맛이 변하지않고 따뜻하게 와서 좋아요,5,5,5,4,2019년 10월 11일
