﻿,Category,Location,Restaurant,UserID,Menu,Review,Total,Taste,Quantity,Delivery,Date
0,치킨,마포구 상암동,수색유린기,lo**님,깐풍기/1,또 먹었어요 너무 맛있어용,5,5,5,5,6일 전
1,치킨,마포구 상암동,수색유린기,lo**님,깐풍기/1,맛있어요 뜨끈하게 배달도 잘왔습니다,5,5,5,5,2021년 7월 19일
2,치킨,마포구 상암동,수색유린기,ru**님,유린기/1(추가선택(양배추가득)),오늘은 간이 적당히 짭짤하니 술이 쭉쭉 들어갑니다 너무 맛있어요,5,5,5,5,2021년 7월 19일
3,치킨,마포구 상암동,수색유린기,kk**님,칠리새우/1,인근 중국요리전문점에수 먹은 칠리새우 이상으로 맛있습니다 배달이라 별 기대 안했는 매우 만족이네요 양도 적당합니다 둘이서 메인 요리로 먹으니 딱 좋네요,5,5,4,5,2021년 7월 15일
4,치킨,마포구 상암동,수색유린기,ru**님,유린육/1(추가선택(양배추가득)),유린육 양이 되게 많고 유린기 보다 더 맛있게 먹었습니다 담에 또 주문할게요,5,5,5,5,2021년 7월 13일
5,치킨,마포구 상암동,수색유린기,2m**님,유린기/1(추가선택(양배추가득)),맛있게먹는팁양배추 추가해서 큰접시에 덜어서 드세요,5,5,5,5,2021년 7월 11일
6,치킨,마포구 상암동,수색유린기,j2**님,유린기/1,언제나 맛있게 먹고 있습니다 감사합니다 ,5,5,5,5,2021년 7월 10일
7,치킨,마포구 상암동,수색유린기,hb**님,"유린기/1(추가선택(양배추가득)),크림 새우/1",완전 맛있네용 재구매 의사있습니다,5,5,5,5,2021년 7월 10일
8,치킨,마포구 상암동,수색유린기,ka**님,유린기/1(추가선택(양배추가득)),간장소스가 너무 맛나서 양배추랑 먹는 맛이 일품입니다 단 배달이 너무 오래걸리고 눅눅하게 배달이 와요 진짜 맛난집인데 그게 아쉽습니다,5,4,5,3,2021년 7월 9일
9,치킨,마포구 상암동,수색유린기,ru**님,유린기/1(추가선택(양배추가득)),맛있어서 또 시켜먹을거같아요 평이 좋은 이유를 알겠네요 다만 닭튀김에 간을 거의 안하셨는지 좀 싱거웠어요 다음에도 싱거우면 소금뿌려 먹어야겠다 싶네요,5,5,5,5,2021년 7월 8일
10,치킨,마포구 상암동,수색유린기,2m**님,유린육/1(추가선택(양배추가득)),유린육도 궁금해서 시켜봤어요 전 개인적으로 유린기가 취향이네요 여왕님은 유린육이 좋데요 그런데 다음엔 유린기 시키려구요 제가 주문하니까 ,5,5,5,5,2021년 7월 5일
11,치킨,마포구 상암동,수색유린기,al**님,"유린기/1(추가선택(양배추가득)),칠리새우/1",요청사항도 들어주시고 양도 더 많이 주신 느낌 늘 맛있어요,5,5,5,5,2021년 7월 3일
12,치킨,마포구 상암동,수색유린기,j2**님,유린기/1,상큼 달콤 매콤 좋아요 맛있어요,5,5,5,5,2021년 7월 3일
13,치킨,마포구 상암동,수색유린기,2m**님,유린기/1(추가선택(양배추가득)),너무맛있어요 처음시키고 일주일동안 세번시킴니다 지금 또 시키려고 들어온김에 후기써요,5,5,5,5,2021년 7월 2일
14,치킨,마포구 상암동,수색유린기,un**님,유린기/1(추가선택(양배추가득)),고기를 잘튀겨주시고 소스도 넘 맛있어요,5,5,5,5,2021년 7월 1일
15,치킨,마포구 상암동,수색유린기,na**님,유린기/1(추가선택(양배추가득)),너무 맛있어서 다음에 재주문 하겠습니다 배달료도 저렴해서 부담이 덜되네요,5,5,5,5,2021년 6월 29일
16,치킨,마포구 상암동,수색유린기,kd**님,탕수육/1,맛있었습니다 재주문 의향 있습니다,5,5,5,5,2021년 6월 26일
17,치킨,마포구 상암동,수색유린기,ka**님,유린기/1(추가선택(양배추가득)),지난번에 배달기사분이 사고가 났어서 음식을 꽤 늦게 받았습니다 중간에 연락은 주셨고 다행히 손님 대접하는경우가 아니어서서 허기져진것 외에는 괜찮았습니다 오늘 오랜만에 다시 주문했고 서비스도 보내주셔서 감사합니다 무엇보다 유린기가 오늘 맛있었네요 그러다 문득 요식업 장사하시는 분들이 참 힘들겠구나라는 생각이 들었습니다 힘내세요 동네 최고의 맛집 수색유린기 항상 응원합니다 음식 맛 오래오래 유지해주세요,5,5,5,5,2021년 6월 20일
18,치킨,마포구 상암동,수색유린기,kj**님,"유린육/1(추가선택(양배추가득)),깐풍기/1,칠리새우/1",가격 대비 가성비 최고,5,5,5,5,2021년 6월 19일
19,치킨,마포구 상암동,수색유린기,al**님,"유린기/1(추가선택(양배추가득)),칠리새우/1",너무맛있어요 두말할것 없이,5,5,5,5,2021년 6월 11일
20,치킨,마포구 상암동,수색유린기,al**님,"유린기/1(추가선택(양배추가득)),칠리새우/1",너무 좋았어요 조만간 또 주문할꺼에요 원래 리뷰 잘 안남겨서 사진 안찍고 먹었네요,5,5,5,5,2021년 6월 6일
21,치킨,마포구 상암동,수색유린기,ca**님,탕수육/1,전에 바삭하고 부드러운 탕수육이 생각나서 주문했는데 말랑거리고 눅눅하게 와서 몇개 못먹고 일단 냉장고 넣었네요,2,1,4,5,2021년 6월 3일
22,치킨,마포구 상암동,수색유린기,jm**님,탕수육/1,배달해 주신 분도 친절하시고 탕수육도 맛있습니다,5,5,5,5,2021년 5월 28일
23,치킨,마포구 상암동,수색유린기,89**님,유린기/1(추가선택(양배추가득)),튀김 안 좋아하는데 양배추랑 우리 식구 아주 잘먹었습니다또 먹고싶네요,5,5,5,5,2021년 5월 21일
24,치킨,마포구 상암동,수색유린기,jk**님,유린기/1(추가선택(양배추가득)),남김없이 싹 비웠네요 셋이 먹어도 충분할 만큼 양도 많습니다 자주 시켜 먹을께요,5,5,5,5,2021년 5월 13일
25,치킨,마포구 상암동,수색유린기,ka**님,유린육/1(추가선택(양배추가득)),배달 사고났어서 늦게 받았는데 잘먹었습니다,5,5,4,4,2021년 5월 13일
26,치킨,마포구 상암동,수색유린기,mo**님,유린기/1(추가선택(양배추가득)),유린기는 수색유린기 만한 곳이 없어요 진짜 진짜 맛있어요 수색유린기 못먹어보신 분들 없기를 양배추는 무조건 추가해야해요 진짜 맛있거든요 간장이 어쩜 이렇게 짜지않고 이렇게 맛있죠 또 먹고싶네요,5,5,5,5,2021년 5월 6일
27,치킨,마포구 상암동,수색유린기,zi**님,탕수육/1,항상 넘맛잇네요 번창하세욤,5,5,5,5,2021년 4월 20일
28,치킨,마포구 상암동,수색유린기,sw**님,유린기/1(추가선택(양배추가득)),항상 맛있어요 아주 만족한 식사 했습니다,5,5,5,5,2021년 4월 19일
29,치킨,마포구 상암동,수색유린기,ow**님,크림 새우/1,크림새우는 처음 시키는데 소스는 냉장보관해놓으시나봐요 ,4,2,4,4,2021년 4월 18일
30,치킨,마포구 상암동,수색유린기,st**님,"유린육/1,유린육/1(추가선택(양배추가득))",다 먹어 버려서 사진이 없네요 하여튼 가족들 모두 좋아하는맛,5,5,5,5,2021년 4월 8일
31,치킨,마포구 상암동,수색유린기,ha**님,유린육/1,바쁜시간도 아닐텐데 분초과 얼마나 뺑뺑이를 돌앗으면 다 식어빠짐 배달 개,3,5,5,1,2021년 4월 5일
32,치킨,마포구 상암동,수색유린기,js**님,"유린육/1(추가선택(양배추가득)),탕수육/1",생각했던것보다 정말 괜찮았어요 유린육,5,5,5,5,2021년 3월 31일
33,치킨,마포구 상암동,수색유린기,86**님,유린기/1(추가선택(양배추가득)),믿고 먹는 수색 유린기 ,5,5,5,5,2021년 3월 31일
34,치킨,마포구 상암동,수색유린기,kj**님,유린육/1(추가선택(양배추가득)),가격 대비 가성비 최고,5,5,5,5,2021년 3월 13일
35,치킨,마포구 상암동,수색유린기,fa**님,유린기/1(추가선택(양배추가득)),맛있게 먹다가 생각나서 사진찍었습니다 꼭 양배추 추가해서 드세요,5,5,5,5,2021년 3월 11일
36,치킨,마포구 상암동,수색유린기,j2**님,"유린기/1,콜라 500ml/2",유린기를 좋아하는데 동네 중국집에도 없는 메뉴라 항상 아쉬어했어요 그런대로 맛도 있고 좋아요 이해는 합니다만 배달이 너무 오래걸리는게,5,5,4,4,2021년 3월 9일
37,치킨,마포구 상암동,수색유린기,cs**님,유린기/1(추가선택(양배추가득)),저번에는 다 식어와서 아쉬웠었는데 오늘은 주문하고 예상시간보다 빨리 받은데다 식지않고 따뜻하게왔습니다 따뜻하니 더 맛있네요  양배추도 싱싱하고 딸냄과 명이서 엄청맛나게먹었어요 감사합니다,5,5,5,5,2021년 3월 8일
38,치킨,마포구 상암동,수색유린기,ca**님,탕수육/1,먹다보니 소스가 넘 달아서 유린기 간장양념이 생각나라고요 소스가 좀 아쉽네요,5,4,5,5,2021년 3월 6일
39,치킨,마포구 상암동,수색유린기,sj**님,칠리새우/1,포장용기때문에 양이 더 적어보이는거 같아요  둘이서 양껏먹지는 못했지만 가격대비 괜찮은거 같아요맛있게 잘멋었습니다 ,5,5,4,5,2021년 2월 22일
40,치킨,마포구 상암동,수색유린기,ek**님,탕수육/1,미쳤네요 짱맛있어요 비결이 뭔가요 곱배기도 있었으면 좋겠네요,5,5,5,5,2021년 2월 11일
41,치킨,마포구 상암동,수색유린기,ha**님,유린기/1(추가선택(양배추가득)),항상 여기는 만족하며 먹을수있는 곳이에요 혹시 리뷰를 보시면서 고민하고 계시다면 바로 주문하시면 됩니다 유린기 유린육에 양배추추가는 필수구요 그럼 즐유하세여,5,5,5,5,2021년 2월 8일
42,치킨,마포구 상암동,수색유린기,le**님,"유린기/1(추가선택(양배추가득)),탕수육/1",여기 다 맛있어요 맛있게 잘 먹어서 또 주문했었는데 또 맛있었네요 유린육으로도 먹어보려구요 맥주마시기 좋아용 ,5,5,5,5,2021년 2월 8일
43,치킨,마포구 상암동,수색유린기,ly**님,탕수육/1,별점 높아서 기대 많이했는데 소스가 너무 달아서 못 먹겠어요 새콤한 맛이 있어야 하는데 무슨 설탕물인줄 알았네요 구성도 탕수육  소스  단무지가 다 입니다 원 기본 이라지만 좀 없어 보이긴 합니다 다시 시켜먹고 싶은 생각은 없고 솔직히 왜이리 평점이 높은지 모르겠습니다,1,1,2,3,2021년 2월 6일
44,치킨,마포구 상암동,수색유린기,cs**님,유린기/1(추가선택(양배추가득)),처음 시켜봤는데 음식이 시간 정도 걸려서 왔어요 게다가 식어서 와서 넘 아쉬웠지만 그것 빼고 넘 맛나게 먹었습니다 양배추 추가한것도 잘한것 같구요 초등 딸냄이 다음에 또시켜 달라네요,4,4,4,3,2021년 2월 3일
45,치킨,마포구 상암동,수색유린기,en**님,유린육/1(추가선택(양배추가득)),역시 맛나요 근데 이번엔 단무지도 왔네요저번 유린기 시켰을땐 안왔는데이번엔 유린육으로 시켰는데 유린육 시킬때만 단무지 오는건가요,5,5,5,5,2021년 2월 3일
46,치킨,마포구 상암동,수색유린기,am**님,"유린기/1(추가선택(양배추가득)),칠리새우/1",넘 맛있게 잘 먹었습니당 칠리새우와 유린기 조합이 좋았습니당,5,5,5,5,2021년 1월 31일
47,치킨,마포구 상암동,수색유린기,wa**님,"유린기/1(추가선택(양배추가득)),칠리새우/1",유린기는 맛있어요 양배추랑 같이 먹는 것도 좋았구요 하지만 칠리새우는 튀김옷이 맛 없었습니다,4,4,5,5,2021년 1월 25일
48,치킨,마포구 상암동,수색유린기,yj**님,칠리새우/2,유린기는 역시나 맛있지만 칠리새우가 너무 맛있어서 푹 빠졌네요,5,5,5,5,2021년 1월 24일
49,치킨,마포구 상암동,수색유린기,en**님,유린기/1(추가선택(양배추가득)),와 최고예요 양배추 이걸 다 먹을까했는데 모자르네요 추가했는대도요 최곱니다,5,5,5,5,2021년 1월 23일
50,치킨,마포구 상암동,수색유린기,cr**님,유린기/1(추가선택(양배추가득)),맛있습니다 양배추랑 간장소스가 최고입니다,5,5,5,5,2021년 1월 23일
51,치킨,마포구 상암동,수색유린기,yj**님,칠리새우/1,역시 맛있어요잘 먹었네요,5,5,5,5,2021년 1월 17일
52,치킨,마포구 상암동,수색유린기,go**님,"유린기/1(추가선택(양배추가득)),깐풍기/1",배달이 오래 걸리는 편입니다 주문하실때 드시기전 최소 한시간전에 주문하셔야해요,4,4,5,2,2021년 1월 17일
53,치킨,마포구 상암동,수색유린기,ow**님,칠리새우/1,오늘 여기서 첨 시켜봤는데 맥주가 순식간에 사라지는 마법의 안주였습니다  하나하나 나중에 다 먹어볼려구요 잘먹었습니다 사장님,5,5,4,5,2021년 1월 16일
54,치킨,마포구 상암동,수색유린기,fa**님,유린기/1(추가선택(양배추가득)),양많고 맛있고 배달빠르네요 고기도 두툼하고 튀김옷이 과하지않게 딱입니다 양도엄청많네요   비교적자극적이지않은 요리가 땡길때강추합니다다,5,5,5,5,2021년 1월 14일
55,치킨,마포구 상암동,수색유린기,dm**님,"유린기/1,탕수육/1",바로튀겨 더 빨리 먹었음 훨씬 나을듯요 기본적으로 음식자체가 훌륭합니다 유린기 강추 아이 인가족 먹기엔 살짝부조합니다 저흰 탕수육도 같이 했어요 ,5,5,5,4,2021년 1월 13일
56,치킨,마포구 상암동,수색유린기,ha**님,유린기/1(추가선택(양배추가득)),늘 시켜먹습니다 맛있어요,5,5,5,5,2021년 1월 9일
57,치킨,마포구 상암동,수색유린기,ar**님,"유린기/1(추가선택(양배추가득)),탕수육/1",먹다가 찍었네요 맛잇어요 이집 탕수육 잘하네요,5,5,5,5,2021년 1월 2일
58,치킨,마포구 상암동,수색유린기,fa**님,유린기/1(추가선택(양배추가득)),맛있어요 꼭 양배추 듬뿍옵션 체크해서 주문하세요,5,5,5,5,2020년 12월 30일
59,치킨,마포구 상암동,수색유린기,da**님,"유린기/1(추가선택(양배추가득)),탕수육/1",소문듣고 먹었는대 맛나네요,5,5,5,5,2020년 12월 28일
60,치킨,마포구 상암동,수색유린기,yj**님,"유린기/1,칠리새우/1,크림 새우/1",칠리새우가 너무 맛있네요 유린기는 역시구요 깜박하고 양배추 추가를 안해서 조금 아쉬웠지만 그래도 잘 먹었어요,5,5,5,5,2020년 12월 28일
61,치킨,마포구 상암동,수색유린기,ss**님,깐풍기/1,가격  맛  배달  하 깐풍기의 새콤달콤한 맛이 일품이네요 가격까지 착하고 여러 메뉴를 도전해보고싶게하는 엄청난 맛입니다 번창하세요,5,5,5,5,2020년 12월 27일
62,치킨,마포구 상암동,수색유린기,ce**님,유린기/1(추가선택(양배추가득)),먹고나서 쓰는거라 사진은 없습니다만 요기요인생 첨으로 후기 쓰네요  진짜 맛납니다 먹으면서 행복했어요 리뷰에 양배추가득 꼭 하라해서 추가했는데 무슨 양배추를 한가득 이걸 어찌 다 먹지 했는데 부부족하더라구요 고기가 남았고기양도 많음 양배추추가 곱배기 메뉴도 있으면 좋겠어요 다른 메뉴도 궁금하네요 ,5,5,5,5,2020년 12월 26일
63,치킨,마포구 상암동,수색유린기,mo**님,"유린기/1(추가선택(양배추가득)),크림 새우/1",이거 모에요아니빨리오면서 맛있고 친절하고양배추는 왜양도 많은데 빨리 사라져요크림새우는 처음 시켜봤는데 왜 또 맛있는거에요눈이 돌아가서 미친듯이 먹다가 사진 생각이나서 급하게 찍었어요 또 주문할게요 사장님 메리크리스마스,5,5,5,5,2020년 12월 24일
64,치킨,마포구 상암동,수색유린기,ha**님,유린기/1(추가선택(양배추가득)),최고의 유린기 소스가 최고,5,5,5,5,2020년 12월 19일
65,치킨,마포구 상암동,수색유린기,mo**님,유린기/1(추가선택(양배추가득)),어머머머 왜이렇게 맛있어요 양배추는 무조건 추가하세요 다른메뉴도 시켜먹고싶어요,5,5,5,5,2020년 12월 19일
66,치킨,마포구 상암동,수색유린기,bo**님,유린기/1(추가선택(양배추가득)),너무맛있어요 양배추 추가했더니 넉넉하네요 잘먹었습니당,5,5,5,5,2020년 12월 19일
67,치킨,마포구 상암동,수색유린기,ha**님,유린육/1(추가선택(양배추가득)),빠른 배달 늘 맛있습니다,5,5,5,5,2020년 12월 19일
68,치킨,마포구 상암동,수색유린기,in**님,유린기/1,양배추 무조건 추가하세요 맛잇어서 금방 사라집니다 소스 진짜 맛잇고 유린기도 쫀득쫀득하고 엄청 맛잇어요,5,5,5,5,2020년 12월 18일
69,치킨,마포구 상암동,수색유린기,mo**님,"깐풍기/1,크림 새우/1",막상 받았을땐 양이 애개 했는데 아무래도 통 높이가 있어서 양이 많은 거였어요 둘이서 엄청 배부르네요 다 못먹었어요,5,5,5,5,2020년 12월 18일
70,치킨,마포구 상암동,수색유린기,ha**님,유린기/1(추가선택(양배추가득)),처음 시켰는데 맛있습니다 배달도 빠르네요 재구매 의사 있습니다,5,5,5,5,2020년 12월 12일
71,치킨,마포구 상암동,수색유린기,sc**님,칠리새우/1,칠리새우가 먹고샆어 처음 시켰는대다음엔 대표음식을 시켜보고싶네요 맛있었오요,5,5,5,5,2020년 12월 10일
72,치킨,마포구 상암동,수색유린기,ss**님,유린기/2(추가선택(양배추가득)),항상 맛있게 먹습니다 감사해여,5,5,5,5,2020년 12월 5일
73,치킨,마포구 상암동,수색유린기,wo**님,탕수육/1,처음시켰는데 맛은 굿 배달시간은 보통,5,5,4,4,2020년 12월 1일
74,치킨,마포구 상암동,수색유린기,z1**님,유린기/1,맛있습니다 아이들이 먹기에도 좋구요 소스에 흠뻑 적셔 양상추랑 먹으면 샐러드같기도하고 좋아요,5,5,4,4,2020년 11월 29일
75,치킨,마포구 상암동,수색유린기,db**님,유린기/1(추가선택(양배추가득)),역시 리뷰는 과학입니다 리뷰보고 주문했는데 순삭했어요,5,4,5,4,2020년 11월 27일
76,치킨,마포구 상암동,수색유린기,ca**님,탕수육/1,영업이 또 끝났네요  유린기 넘 맛있어서 탕슉도 시켜봤는데 역시 맛있었어요 시까지라서 또 놓쳤네요 정말 아쉽습니다 담엔 좀 일찍 주문해야겠어요,5,5,5,5,2020년 11월 21일
77,치킨,마포구 상암동,수색유린기,no**님,유린육/1(추가선택(양배추가득)),배달은 오래걸리네요  양은 보통같구 맛있어요,5,5,3,3,2020년 11월 20일
78,치킨,마포구 상암동,수색유린기,gh**님,탕수육/1,워쓰 잘 먹었다해 맛있다해 이 탕쑤육찝 훌륭하다해 온가족이 맛나게 먹었요,5,5,5,5,2020년 11월 14일
79,치킨,마포구 상암동,수색유린기,le**님,유린기/1(추가선택(양배추가득)),유린기 진짜 맛있네요 먹다보니 사진을 안찍었어서  아쉬운데 양배추랑먹으니 완전 깔끔하고 아삭해서 좋아여 저는 담에 청양고추 잔뜩준비해놓고 시킬거에요 맥주랑 짱 또시켜야지,5,5,5,5,2020년 11월 10일
80,치킨,마포구 상암동,수색유린기,no**님,유린기/1(추가선택(양배추가득)),맛잇네요 잘 먹었습니다,5,5,5,5,2020년 11월 8일
81,치킨,마포구 상암동,수색유린기,yo**님,"유린기/1(추가선택(양배추가득)),탕수육/1",배달도 빠르고 바삭바삭 맛있고 유린기소스도 따로 주셔서 맛있게 잘 먹었습니다 ,5,5,5,5,2020년 11월 1일
82,치킨,마포구 상암동,수색유린기,su**님,유린기/1,배달 평 좋아서 시켜봤는데 맛있어요 양배추 추가 왜 있나 했더니 추가 할껄 그랬어요 양배추랑 고기랑 잘 어울리고 고기 부드러워요 종종 시켜먹을거 같아요,4,5,5,4,2020년 10월 31일
83,치킨,마포구 상암동,수색유린기,se**님,탕수육/1,평점 에는 이유가 있다 이거야,5,5,5,5,2020년 10월 30일
84,치킨,마포구 상암동,수색유린기,yj**님,유린기/1(추가선택(양배추가득)),배달시간도 괜찮았고 맛도 좋았습니다 소스가 맛있어서 너무 잘 먹었습니다 다음엔 다른 음식으로 맛보고 싶네요,5,4,5,5,2020년 10월 20일
85,치킨,마포구 상암동,수색유린기,se**님,탕수육/1,평점 에는 이유가 있다,5,5,5,5,2020년 10월 13일
86,치킨,마포구 상암동,수색유린기,ji**님,유린기/1(추가선택(양배추가득)),너무 맛있게 잘 먹었어요 최곱니다 증말로,5,5,5,5,2020년 10월 10일
87,치킨,마포구 상암동,수색유린기,ei**님,유린기/1(추가선택(양배추가득)),이 주변에서 정말 얼마 안 되는 맛집입니다 유린기에 양배추 추가는 필수니까 꼭 추가해서 드세요,5,5,5,5,2020년 10월 7일
88,치킨,마포구 상암동,수색유린기,kh**님,유린기/1(추가선택(양배추가득)),평이 좋은 이유가 있네요 너무 맛있었어요 대만족 앞으로 자주 시켜 먹을 것 같아요,5,5,5,5,2020년 10월 3일
89,치킨,마포구 상암동,수색유린기,ho**님,"유린기/1(추가선택(양배추가득)),탕수육/1",처음시켜먹었는데 진짜 맛있네요 유린기,5,5,5,5,2020년 9월 30일
90,치킨,마포구 상암동,수색유린기,ar**님,"유린기/1(추가선택(양배추가득)),탕수육/1",다른 말 필요없고 존맛탱,5,5,5,5,2020년 9월 27일
91,치킨,마포구 상암동,수색유린기,yu**님,유린기/1,유린기가 먹고싶으면 무조건 이집시킵니다,5,5,5,5,2020년 9월 24일
92,치킨,마포구 상암동,수색유린기,jj**님,탕수육/1,너무 맛있어서 매번 주문합니다,5,5,4,5,2020년 9월 16일
93,치킨,마포구 상암동,수색유린기,ch**님,유린기/1(추가선택(양배추가득)),양배추하고 궁합이 너무 잘맞아 맛있어요,5,5,5,5,2020년 9월 7일
94,치킨,마포구 상암동,수색유린기,ho**님,유린기/1(추가선택(양배추가득)),리뷰가 다 좋아서 그것만 믿고 시켜봤는데요 와 대박 진짜 맛있네요 소스 양배추 닭 모두 따로 담겨오니까 조금씩 반찬처럼 먹을 수 있어서 좋았어요 남은거 냉동해뒀다가 에어프라이어에 돌려먹었더니 대박  자주 시켜먹을게욥,5,5,5,5,2020년 9월 2일
95,치킨,마포구 상암동,수색유린기,wo**님,유린기/1(추가선택(양배추가득)),시킬때마다 감동해여 맛있어요 양배추는 무조건 추가해야됨,5,5,5,5,2020년 8월 25일
96,치킨,마포구 상암동,수색유린기,se**님,유린기/1(추가선택(양배추가득)),매번 맛있게 잘 먹고 있습니다,4,4,3,4,2020년 8월 22일
97,치킨,마포구 상암동,수색유린기,hj**님,프라이드 치킨/1(메뉴 선택(마늘간장)),역시 너무 맛있는데 당분간 못먹을것같아서 슬프네요  담에 꼭 또 시켜먹을께요,5,5,5,5,2020년 8월 20일
98,치킨,마포구 상암동,수색유린기,le**님,유린기/1(추가선택(양배추가득)),오랜만인데 맛있게 잘먹었어요,5,5,5,5,2020년 8월 17일
99,치킨,마포구 상암동,수색유린기,dp**님,유린기/1,리얼 존맛탱 메일메일 먹어두 될듯,5,5,5,5,2020년 8월 17일
100,치킨,마포구 상암동,수색유린기,he**님,유린기/1(추가선택(양배추가득)),예전에 시켯을때보다 튀김이 딱딱하고 밤늦게 시켜서 그런가용,4,3,5,5,2020년 8월 16일
101,치킨,마포구 상암동,수색유린기,cl**님,탕수육/1,잘먹었습니다 탕수육 맛있어요,5,5,5,5,2020년 8월 15일
102,치킨,마포구 상암동,수색유린기,le**님,유린새우/2,긋긋 넘 맛있어여 다음에 또 먹을거에요,5,5,5,5,2020년 8월 10일
103,치킨,마포구 상암동,수색유린기,me**님,유린기/1(추가선택(양배추가득)),너무 맛있어요 꼭 양배추는 많이,5,5,5,5,2020년 8월 2일
104,치킨,마포구 상암동,수색유린기,xl**님,"유린기/1,탕수육/1",굿입니다용 추천할만해요,4,4,4,5,2020년 7월 25일
105,치킨,마포구 상암동,수색유린기,lo**님,"유린기/1(추가선택(양배추가득)),탕수육/1",오랜만에 시켰는데 맛있었어요 탕수육도 맛있네요,5,5,5,5,2020년 7월 22일
106,치킨,마포구 상암동,수색유린기,sa**님,"유린기/1,탕수육/1",맛있고 양도 푸짐해요 유린기 소스 맛있네요,4,4,5,5,2020년 7월 20일
107,치킨,마포구 상암동,수색유린기,hj**님,순살 치킨/1(메뉴 선택(양념)),항상 신선하고 맛있어요,5,5,5,5,2020년 7월 15일
108,치킨,마포구 상암동,수색유린기,hj**님,순살 치킨/1(메뉴 선택(마늘간장)),또시켜먹었는데 이번에도 너무 맛있네요,5,5,5,5,2020년 7월 15일
109,치킨,마포구 상암동,수색유린기,yu**님,유린기/1,유린기는 이집이다 이집이다,5,5,5,5,2020년 7월 14일
110,치킨,마포구 상암동,수색유린기,fr**님,유린기/1,배달도 빨리오고 진짜맛있어요,5,5,5,5,2020년 7월 4일
111,치킨,마포구 상암동,수색유린기,hj**님,깐풍기/1,배달도 빠르고 음식도 모두 맛있네요 다음에 또 시킬께요,5,5,5,5,2020년 7월 3일
112,치킨,마포구 상암동,수색유린기,pa**님,유린육/1,유린기 유린육 칠리새우 탕수육 먹어봤는데 이번 유린육은 딱딱했어요 처음 먹어보고 맛있어서 번은 시켜먹은것같고 오늘도 시킬건데 맛있게 부탁드려요,4,3,3,3,2020년 7월 3일
113,치킨,마포구 상암동,수색유린기,hj**님,탕수육/1,배달이 엄청 빨랐어요 탕수육이랑 소스랑 따로 주셔서 맛있게 잘먹었습니다,5,5,5,5,2020년 6월 26일
114,치킨,마포구 상암동,수색유린기,손님,유린육/1,시켜서 먹을때마다 맛있어요,5,5,5,5,2020년 6월 14일
115,치킨,마포구 상암동,수색유린기,11**님,유린기/1,맛이 꽤좋아서 벌써 세번째 주문입니다,5,5,5,4,2020년 6월 6일
116,치킨,마포구 상암동,수색유린기,aa**님,"유린기/1,탕수육/1",잘 먹었습니당  소스가 안짜서 좋았어요,5,5,4,5,2020년 6월 6일
117,치킨,마포구 상암동,수색유린기,st**님,탕수육/1,배달 시간보다 빠르게 오고 탕수육이 맛있네요,4,4,4,4,2020년 6월 1일
118,치킨,마포구 상암동,수색유린기,to**님,유린기/1,유린기는 양상추가 아닌 양배추가 같이 오니 참고하세요  저는 개인적으로 유린기깐풍기 였습니당,5,5,5,5,2020년 5월 29일
119,치킨,마포구 상암동,수색유린기,to**님,깐풍기/1,예쁜 포장지에 포장되어 왔네요 깐풍기 맛도 쫄깃쫄깃 새콤달콤 좋습니다  원래 깐풍기가 치킨처럼 겉이 바삭한 편은 아니니 참고하세요,5,5,5,5,2020년 5월 28일
120,치킨,마포구 상암동,수색유린기,fa**님,유린기/1(추가선택(양배추가득)),정말 맛나요 잘 먹었습니다,5,5,4,5,2020년 5월 25일
121,치킨,마포구 상암동,수색유린기,pl**님,"유린기/1(추가선택(양배추가득)),칠리새우/1",칠리새우 너무맛있어요 또 먹고싶네요 잘먹었습니다,5,5,5,5,2020년 5월 20일
122,치킨,마포구 상암동,수색유린기,mg**님,유린기/1(추가선택(양배추가득)),너무 잘먹었습니다 다음에도 또먹을꺼 같아요,5,5,5,4,2020년 5월 19일
123,치킨,마포구 상암동,수색유린기,bl**님,탕수육/1,이 집 탕수육 아니면 안먹는다 근데 가끔 주문 안될 때 넘 슬퍼요흑흑,5,5,5,5,2020년 5월 18일
124,치킨,마포구 상암동,수색유린기,pa**님,탕수육/1,저번주에 탕수육 시켰는데 맛있어서 또 시켰어요 친구들 오면 유린기 시켜보려구요,5,5,4,5,2020년 5월 14일
125,치킨,마포구 상암동,수색유린기,cl**님,탕수육/1,잘먹었습니다 탕수육 튀김도 깨끗하고 맛도 깔끔하네요 추천합니다,5,5,5,5,2020년 5월 13일
126,치킨,마포구 상암동,수색유린기,58**님,유린기/1,맛잇어서 정신없이 먹다가 남기는 후기 양배추를 간장에 적셔서 고추하나 파하나 얹어서 깐풍기랑 먹어보세요 맥주는 필수,5,5,5,5,2020년 5월 13일
127,치킨,마포구 상암동,수색유린기,an**님,유린기/1,진짜 겉바속촉이네 후회안해 시켜봐여,5,5,5,5,2020년 5월 13일
128,치킨,마포구 상암동,수색유린기,mi**님,칠리새우/1,칠리새우까지 맛있네요 언제 한 번 사이드메뉴인 후라이드치킨도 먹어보고 싶습니다 양 작아보여도 혼자서 이틀동안 먹었네요 잘먹었습니다,5,5,5,5,2020년 5월 10일
129,치킨,마포구 상암동,수색유린기,ba**님,유린기/1,맛있는데양이 좀 적다는게 아쉽네요,5,5,4,5,2020년 5월 9일
130,치킨,마포구 상암동,수색유린기,ky**님,"깐풍기/1,탕수육/1",별기대 없이 주문했는데 탕수육은 먹을만 한데 깐풍기는 좀 눅눅하게 배달,4,4,4,4,2020년 5월 9일
131,치킨,마포구 상암동,수색유린기,ka**님,유린기/1(추가선택(양배추가득)),맛있음 양배추는 무조건 마니마니,5,5,5,5,2020년 5월 6일
132,치킨,마포구 상암동,수색유린기,re**님,유린기/1(추가선택(양배추가득)),어지간하면 리뷰 귀찮아서 안쓰는데 유린기도 그렇고 소스도 그렇고 정말 맛있습니다 사장님이 직접 배달하시는 건지 배달이 조금 느린 것만 빼면 정말 만족스럽고 또 시켜먹을 것 같습니다,5,5,5,4,2020년 5월 4일
133,치킨,마포구 상암동,수색유린기,vi**님,"유린기/1(추가선택(양배추가득)),탕수육/1",유린기 처음 먹어봅니다 리뷰에 양배추 추가하라길래 당근 추가해서 먹었죠 엥간해선 배달음식 맛있다 안하던 울 딸도 맛있다고 해서 오늘 또 시켰는데  유린기에 양배추 추가로 먹었는데 박스가 두개가 오길래 오늘은 탕수육 안시켰는데 왜 왔지 하면서 보니 한통이 다 양배추네요 그니까 첨에 양배추 추가가 안된 거였어요 이걸 우찌해야 할까요,4,5,4,3,2020년 5월 4일
134,치킨,마포구 상암동,수색유린기,bl**님,탕수육/1,여기 탕수육 먹고 절대 다른 집 탕수육 못먹는다 내 최애 집 이 집은 대박집이다,5,5,5,5,2020년 4월 27일
135,치킨,마포구 상암동,수색유린기,he**님,탕수육/1,탕수육 맛있지만 유린기가 최고네요,5,5,5,5,2020년 4월 24일
136,치킨,마포구 상암동,수색유린기,손님,유린기/1,유린기 처음 먹었는데 맛있어요 간장소스 너무 맛있어요 강추,5,5,5,5,2020년 4월 23일
137,치킨,마포구 상암동,수색유린기,hh**님,탕수육/1,맛좋습니다 재구매의사 있습니다,5,5,5,5,2020년 4월 19일
138,치킨,마포구 상암동,수색유린기,id**님,"유린기/1,깐풍기/1",진짜진짜맛있어요 양배추는 무조건 많이 깐풍기는 처음시켜봤는데 요것도 맛있어요,5,5,5,5,2020년 4월 17일
139,치킨,마포구 상암동,수색유린기,wl**님,"유린기/1(추가선택(양배추가득)),탕수육/1",탕수육은 첨 먹어봤는데 역시 맛있네요 번창하세요,5,5,5,5,2020년 4월 15일
140,치킨,마포구 상암동,수색유린기,he**님,유린기/1(추가선택(양배추가득)),맛을 수색하는 수색유린기 맛있습니다,5,5,5,5,2020년 4월 14일
141,치킨,마포구 상암동,수색유린기,to**님,탕수육/1,진짜맛있네요 또 먹을 의향 입니다,5,5,5,5,2020년 4월 8일
142,치킨,마포구 상암동,수색유린기,jj**님,유린기/1(추가선택(양배추가득)),첨 먹어보는 독특한 유린기였어요 닭고기도 부드럽고 소스도 맛나고 양도 엄청 많더라구요 다만 문앞에 놓고 벨 눌러 달라는 요청사항은 못보셨나봐요 ,5,5,5,4,2020년 4월 5일
143,치킨,마포구 상암동,수색유린기,ha**님,탕수육/1,요청사항도 들어주시구  정말 언제 먹어도 최고 굿굿굿,5,5,5,5,2020년 4월 2일
144,치킨,마포구 상암동,수색유린기,id**님,탕수육/1,헉 받자마자 한입먹고 허겁지겁 먹느라 사진이 없어요 진짜리얼 너무 맛있어요,5,5,5,5,2020년 3월 24일
145,치킨,마포구 상암동,수색유린기,wh**님,유린기/1,담백하고 맛있어요  리뷰보고 시켰는데 기대이상입니다 다음에 다른 음식도 먹어보고 싶네요 ,4,5,4,4,2020년 3월 22일
146,치킨,마포구 상암동,수색유린기,sa**님,탕수육/1,너무 맛있어요 순식간에 다먹었네요,5,5,5,5,2020년 1월 2일
147,치킨,마포구 상암동,수색유린기,bl**님,탕수육/1,만일 제 글을 보고 있다면 무조건 시키세요 탕수육이 먹고 싶은데 집 근처 중국집에서 고기비린내나는 탕수육은 먹기 싫어 이곳저곳 헤메이고 있다면 더더욱 이곳을 주문하세요 낲으로 제 원픽 탕수육은 여기입니다 오늘 처음 시켜먹었는데 대박이네요 갯벌에서 숨은 진주 찾은 느낌입니다 그리고 배달원님 너무 친절하세요 새해복 많이 받으라는 기분 좋은 인사까지 이 집 앞으로 단골할겁니다 이 집은 절대 망하면 안됩니다,5,5,5,5,2019년 12월 31일
148,치킨,마포구 상암동,수색유린기,id**님,유린기/1(음료 추가 선택(양배추 가득 추가)),허겁지겁 먹느라 사진을 못남겼네요 진짜 리뷰들처럼 너무너무 친절하시고 맛있었어요 다음엔 탕수육이랑 깐풍기도 도전해볼게요,5,5,5,5,2019년 12월 29일
149,치킨,마포구 상암동,수색유린기,ki**님,"유린기/1(음료 추가 선택(양배추 가득 추가)),칠리새우/1",유린기 양배추깔고 먹으니 맛있네요 칠리새우도 맛있습니당,5,5,5,5,2019년 12월 22일
150,치킨,마포구 상암동,수색유린기,he**님,유린육/1(음료 추가 선택(양배추 가득 추가)),너무 맛있어서 사진찍는것도 잊어버려서,5,5,5,5,2019년 12월 20일
151,치킨,마포구 상암동,수색유린기,he**님,깐풍기/1,진짜 맛있네요 깐풍기 ,5,5,5,5,2019년 12월 18일
152,치킨,마포구 상암동,수색유린기,cy**님,"유린기/1(음료 추가 선택(양배추 가득 추가)),참이슬 후레쉬/1,카스/2",먹을때마다 맛은 실패한적이 없네요 오늘도 잘먹었습니다,5,5,5,5,2019년 12월 12일
153,치킨,마포구 상암동,수색유린기,손님,유린육/1,너무맛있어요 늘 주문하는곳이에요,5,5,4,5,2019년 12월 11일
154,치킨,마포구 상암동,수색유린기,손님,"유린새우/1,탕수육/1",처음시켜보는데 전화주셔서 먹는법도 설명해주시구 정말 친절하시구요 탕수육이랑 유린새우 시켰는데 소스 죽입니다 너무너무 맛있어요 완전 추천합니다,5,5,5,5,2019년 12월 9일
155,치킨,마포구 상암동,수색유린기,wo**님,탕수육/1,이게 원래 많았는데 먹다가 리뷰 문자 받고 찍느라 얼마 없네요  맛있어요,5,5,5,5,2019년 12월 7일
156,치킨,마포구 상암동,수색유린기,dd**님,탕수육/1(음료 추가 선택(사이다 500mL 추가)),맛있다는 평이 많아 시켜봤는데 진짜 맛있네요  배송이 느린편이라 해서 기대도 안하고 잇엇는데 금방 받앗어용  많이 파세요 또 시킬게용,5,5,5,5,2019년 12월 3일
157,치킨,마포구 상암동,수색유린기,손님,탕수육/1,처음 시켰는데정말 너무나 맛있게 먹었습니다 동내에 배달까지되는 탕수육 맛집은 없었는데 앞으론 중국집에서 짜장을 시키더라도 탕수육은 여기에 별도로 시켜야할것 같아요 양 적다는 생각도 안들었는데 전화주셔서 부족하지 않았나 체크해주시고 넘 과한서비스네요 다음엔 유린기 먹어봐야겠어요  전화주신 부분 다시한번 감사드리고 은평구 동내 사람들고민말고 주문해보세요 진짜 만족합니다,5,5,5,5,2019년 11월 30일
158,치킨,마포구 상암동,수색유린기,se**님,유린기/1(음료 추가 선택(양배추 가득 추가)),양배추 꼭 추가하세요 전통 유린기 맛은 아닌데 술안주로 좋아요 짭잘하니 ,4,4,5,3,2019년 11월 28일
159,치킨,마포구 상암동,수색유린기,wl**님,유린기/1(음료 추가 선택(양배추 가득 추가)),역시 소문대로 맛있네요담엔 탕수육도 먹어 보고 싶네요,5,5,5,5,2019년 11월 25일
160,치킨,마포구 상암동,수색유린기,cy**님,"유린기/1(음료 추가 선택(콜라 500mL 추가,양배추 가득 추가)),카스/1",종종 시켜 먹는데 맛있게 먹었습니다,5,5,5,5,2019년 11월 22일
161,치킨,마포구 상암동,수색유린기,sh**님,"유린기/1(음료 추가 선택(양배추 가득 추가)),칠리새우/1(음료 추가 선택(콜라 500mL 추가))",다좋은데 배달 좀 빨리 했으면 좋겠어요,5,5,4,2,2019년 11월 15일
162,치킨,마포구 상암동,수색유린기,sh**님,유린기/1(음료 추가 선택(양배추 가득 추가)),사진을 찍어야하는데 너무 맛있어서 빨리 먹고나서 생각을 나드라고요  리뷰보니까 양배추 추가 해서 시켜야한다고 진짜 도움이 됐드라고요 장사너무 잘돼나봐요 배달시간 좀 걸렸어요 여유있게 주문을 해야할것같애요,5,5,4,3,2019년 11월 13일
163,치킨,마포구 상암동,수색유린기,as**님,유린기/1,간장 소스에 양배추가 넘 맛있네요 유린기가 촉촉한건지 오늘 첨 먹어봐서 알았어요 전화 주셔서 먹는법 설명해주시는 친절하신 사장님 닭비린내도 하나 안나고 넘 맛있게 잘 먹었습니다 양배추가 넘 맛있어서 담엔 양배추 추가해서 먹어야 겠어요,5,5,5,5,2019년 10월 31일
164,치킨,마포구 상암동,수색유린기,ja**님,탕수육/1,이번엔 탕수육 시켜봤습니다 튀김은 여전히 훌륭하네요 그런데 소스는 좀 아쉽네요 신맛이 강하고 야채가 양파만 들어서 가격을 천원정도 더 받더라도 소스가 탕수육 맛집 소스에 가깝게 만들면 더 좋지 않을까 합니다,5,5,5,5,2019년 10월 28일
165,치킨,마포구 상암동,수색유린기,re**님,유린기/1(음료 추가 선택(양배추 가득 추가)),양배추 추가 하길 잘했어요 다른 리뷰가 도움이 됐습니다 맛은 정말 좋고 사장님도 친절하세요 유린기가 완전히 잘라져서 오면 더 좋을 것 같고 눅눅해지는거 방지하기 위해 종이에 싸서 보내주시는데 이 부분은 조금 개선이되면 좋겠어요 양배추나 고기에도 종이가 다 찢어지고 묻어서와요 맛은 정말 최고입니다  감사해요,5,5,5,5,2019년 10월 26일
166,치킨,마포구 상암동,수색유린기,손님,유린기/1,저는 처음시켰는데 사장님이 먹는법 설명 안해주시고 배달이 늦어져 죄송하다고만 그래도 통화 후 생각보다 금방왔어요 좀 식어왔긴 했지만 맛있게 먹었어요 담엔 양상추를 넣어먹어야겠다고 생각했어요,5,5,5,4,2019년 10월 20일
167,치킨,마포구 상암동,수색유린기,h.**님,칠리새우/1,맛있었어요 기름이 깨끗해서 집에서 튀긴 느낌도 들었어요,5,5,4,5,2019년 10월 18일
168,치킨,마포구 상암동,수색유린기,wl**님,탕수육/1,튀김도 적당히 잘 튀겨졌고 소스 속에 양파도 신선해서 좋았습니다 맛있구만유,5,5,5,5,2019년 10월 12일
169,치킨,마포구 상암동,수색유린기,ye**님,"유린기/1,탕수육/1",주문하고 얼마 지나지 않아 사장님께서 직접 전화주셔서 처음 주문이냐고 물으시고 유린기 맛있게 먹는법을 말씀해주셨어요 유린기는 찍먹보단 부먹이라고  소스가 새콤달콤하고 입에 착착 붙었어요 신랑이랑 같이 생각했던거 보다 더 맛있다며 싹싹 다 먹었네요  탕수육도 웬만하면 아이들이 좀 남기는데 다먹어버리더라구요  너무 맛있게 먹고 친절한 사장님의 전화에 더 기분좋게 식사할수 있었어요 앞으로도 자주 주문하게 될것 같아요,5,5,5,5,2019년 10월 10일
170,치킨,마포구 상암동,수색유린기,et**님,깐풍기/1,넘맛있는데 양이 조금 적네요 깐풍기는,5,5,4,5,2019년 10월 8일
171,치킨,마포구 상암동,수색유린기,lo**님,유린육/1,항상 맛있어요 간장 소스 맛있어서 눈물날정도,5,5,5,5,2019년 10월 5일
172,치킨,마포구 상암동,수색유린기,le**님,유린육/1,유린육 넘 맛있어요 중국집 탕수육보다 맛있어요 이렇게 고급진 음식을 배달로 시켜먹을수있다는것에 감사합니다,5,5,5,5,2019년 10월 3일
173,치킨,마포구 상암동,수색유린기,le**님,칠리새우/1,와우 칠리새우 대박 맛있어요 중국집에서 시키는것보다 양도 많고 왠만한 중국집 칠리새우 직접가서 먹을때보다 맛있어요 자주시켜먹을거에요,5,5,5,5,2019년 10월 3일
174,치킨,마포구 상암동,수색유린기,wo**님,탕수육/1,집사람이 안먹는다더니 어머 이건 뭐야 하며 자리깔고 앉았네요 맛있어요,5,5,5,5,2019년 10월 3일
175,치킨,마포구 상암동,수색유린기,ha**님,유린육/1,정말 먹을때마다 감탄이 나오는 곳 맛남 혹시 탕수육 소스 추가 이런건 안될까요 두가지 맛으로 느끼고 싶어서 하하,5,5,5,5,2019년 9월 30일
176,치킨,마포구 상암동,수색유린기,sk**님,유린육/1,사장님 친절하시구 음식도깨끗하고 맛잇습니다,5,5,5,5,2019년 9월 21일
177,치킨,마포구 상암동,수색유린기,su**님,유린기/1,아 리뷰는 거짓말을 안하네요 자주 시켜먹어야겠어요 단골 예약 입니다,5,5,5,5,2019년 9월 21일
178,치킨,마포구 상암동,수색유린기,ha**님,탕수육/1,너무 맛있내요 리뷰가 다좋아서 기대했는데 진짜 맛잇음 한가지 단점은 간짜장을 같이 시키고팟다는점  음식에 아쉬운건 너무 맛잇어서 모자름,5,5,5,5,2019년 9월 20일
179,치킨,마포구 상암동,수색유린기,le**님,탕수육/1,따듯하고 맛있는데 뚜껑은 있어야하지 않을까요 넘치는 양은 좋습니다만 삐져나오더라도 뚜껑덮고 고무줄이라도 묶어야할거같아요 그냥 종이봉투에 위가 덜렁 열려있어서 배달원이 한두개 집어가도 모르겠습니다 요새 배달원이 음식에 손댄다는 얘기가 많이 들립니다 맛은 좋은데 이런것때문에 다시 안시킬거같아요,4,5,5,3,2019년 9월 20일
180,치킨,마포구 상암동,수색유린기,ca**님,유린기/1,넘 맛나요단골 될래요 사장님 정말 친절하시고 전화까지 주시고 감동입니다건강하시고부자 되세요 참 유린기 닭다리에 소금 후추간이 약간 첨가되면 더 맛있을듯요간장소스 최고네요,5,5,5,5,2019년 9월 19일
181,치킨,마포구 상암동,수색유린기,su**님,탕수육/1,앉은 자리에서 순삭 가능,5,5,5,5,2019년 9월 12일
182,치킨,마포구 상암동,수색유린기,to**님,탕수육/1,리뷰보고 처음 시켜 먹어 보는데 맛있음 소스 양이 적을줄 알았는데 찐해서 많이 남음,5,5,5,5,2019년 9월 11일
183,치킨,마포구 상암동,수색유린기,rm**님,유린육/1,꿀맛 완전 맛있어요 꼭 시켜먹으세요,5,5,5,5,2019년 9월 10일
184,치킨,마포구 상암동,수색유린기,손님,탕수육/1,여기 탕수육은 언제나 옳아요 그런데 아쉬운게 짜장면이나 짬뽕 볶음밥이 없어서 같이 먹고 싶을 때 매번 다른 곳에 짜장 기키고 여기다 탕수육 따로 시켜서 조금 반거롭네요 그럼에도 시켜먹을 정도로 개꿀맛,5,5,5,5,2019년 9월 9일
185,치킨,마포구 상암동,수색유린기,lo**님,유린육/1,먹을 때마다 너무 맛있어요,5,5,5,5,2019년 9월 6일
186,치킨,마포구 상암동,수색유린기,손님,탕수육/1,매장에서 바로 나온것 먹은거처럼 따끈하고 바삭하고 넘 맛있게먹었습니다 이사오기전에 먹었었는데 새집에도 배달이되서 너무좋아요 자주 주문할것같습니다 많이파세요,5,5,5,5,2019년 9월 6일
187,치킨,마포구 상암동,수색유린기,dd**님,유린기/1,음식을 받기전에 사장님께 어떻게 먹는지 친절하게 전화로 자세하게 설명 받았고 배달이 늦지도 않았는데 걱정해주셨네요 음식맛도 훌륭합니다 이음식을 처음 먹어봤지만 맛있네요 요기요로 배달시켜서 처음 별개 드려요,5,5,5,5,2019년 9월 1일
188,치킨,마포구 상암동,수색유린기,gg**님,유린기/1,처음으로 시켜봣는데 맛있고 양도 넉넉하니 괜찮네요 사장님께서 전화로 출발햇다고 연락도 주시고 처음시켜서 그런지 먹는방법도 안내해주시고  맛있게 잘먹었습니다 감사합니다,5,5,5,5,2019년 8월 30일
189,치킨,마포구 상암동,수색유린기,kh**님,"유린기/1,유린새우/1",처음에는 양배추만 많아보여서 실망했는데 맛있어서 용서가 됬습니다,4,4,4,5,2019년 8월 26일
190,치킨,마포구 상암동,수색유린기,so**님,유린기/1,유린기 맛있게 잘 먹었습니다 다음에는 다른 메뉴도 시켜먹어볼려구요,5,5,5,5,2019년 8월 26일
191,치킨,마포구 상암동,수색유린기,wq**님,유린기/1(음료 추가 선택(사이다 500mL 추가)),양이 좀 적기는 하지만 맛과 질 모두 최고입니다 강추합니다,5,5,5,5,2019년 8월 23일
192,치킨,마포구 상암동,수색유린기,pu**님,유린기/1(음료 추가 선택(양배추 가득 추가)),맛있긴 한데 아래쪽은 튀김이 다 뭉게져셔 달라붙네요 아마 찹쌀가루로 튀겨서 수분땜에 눅눅해지면 달라붙나봐요 조금 큰 포장용기에 공간여유있게 담으면 훨씬 낫지 않을까 싶어요,4,4,5,5,2019년 8월 19일
193,치킨,마포구 상암동,수색유린기,손님,유린기/1,맛있어요 탕수육만 먹다가 유린기 먹었는데 맛있네용,5,5,4,4,2019년 8월 18일
194,치킨,마포구 상암동,수색유린기,jj**님,"유린기/1(음료 추가 선택(콜라 500mL 추가)),칠리새우/1(음료 추가 선택(콜라 500mL 추가))",칠리 새우는 양이좀 적고 기름기가 좀 있는 느낌였네요 유린기만 시킬듯 합니다 유린기는 짱,4,4,3,4,2019년 8월 17일
195,치킨,마포구 상암동,수색유린기,gk**님,탕수육/1,어제 처음 시켜먹고 너무 맛있어서 오늘 또 연달아 시켰어요 탕수육만 두 번째인데 진짜 이 집 괜찮네요 그리고 저 리뷰 처음 써봅니다 배달이 늦게 와서 살짝 아쉬운데 비가 왔으니 이해합니다 다음엔 유린기 시켜먹을거에요,5,5,5,4,2019년 8월 16일
196,치킨,마포구 상암동,수색유린기,ji**님,유린육/1,배달도 빠르구요 사장님 너무 친절하세요 먹는방법도 차근차근 설명해주시고 너무 맛있어요  추천합니다,5,5,5,5,2019년 8월 12일
197,치킨,마포구 상암동,수색유린기,손님,유린육/1,처음시켜먹었는데 정말맛있습니다양도많구요 유린육으로먹었는데 소스와 양배추 고기가너무맛있네요 아양파는 집에있길래넣어먹은겁니다 새로알게된맛집이네요  마늘이나 청양고추로살짝 살짝매콤하게먹어도 정말맛있을듯합니다,5,5,5,5,2019년 8월 11일
198,치킨,마포구 상암동,수색유린기,jj**님,유린기/1(음료 추가 선택(콜라 500mL 추가)),간만에 맛있게 먹었네요 단 아쉬운게 콜라가 크고 코카콜라 였으면 더 좋았을듯 합니다 그래도 맛은 인정,4,4,4,4,2019년 8월 11일
199,치킨,마포구 상암동,수색유린기,eu**님,탕수육/1,기름이 깨끗한가봐요 맛도 기름 쩐맛 없이 쫀득하고 맛있어요 양도 둘이 먹기 충분하고 포장도 깔끔했습니다,4,5,4,4,2019년 8월 10일
200,치킨,마포구 상암동,수색유린기,손님,유린기/1(음료 추가 선택(양배추 가득 추가)),흔히 볼 수 없는 최상의 튀김입니다,5,5,5,5,2019년 8월 9일
201,치킨,마포구 상암동,수색유린기,je**님,유린육/1,처음시켯는데 먹는방법까지 가르쳐주신다고 전화주시고 소비자를 엄청 생각해주시는 사장님입니다 번창하길 바랄께요 아 그리고 엄청 맛잇어요 부먹이든 찍먹이든,5,5,5,5,2019년 8월 9일
202,치킨,마포구 상암동,수색유린기,yr**님,"유린기/1,깐풍기/1",사장님 그립보드 김형석입니다 수색 유린기 짱 맛있어요 별개가 모자라네요 신경많이 써주셔서 감사합니다 중국집이랑 차원이틀립니다,5,5,5,5,2019년 7월 19일
203,치킨,마포구 상암동,수색유린기,le**님,유린육/1,여기는 점도 모자란집이에요 배달의민족에만 있을때 자주 시켜먹었는데 요기요도 가능해져서 좋네요 감사합니다 지금까지 시켜먹은 배달집중에 여기가 서비스도 최고 맛도 최고에요 절대 후회 안할 맛집 개인적으로 유린육 추천합니다 고기도 보들보들 맛있고 튀김옷도 넘나 바삭해요 살짝 매콤한 소스에 양배추는 정말 환상의 조합이에요 소스도 매우 넉넉합니다 전에도 리뷰달았지만 치느님보다 맛있어요 유느님 주문잘못봐서 사장님이 직접 다시 갖다주셨는데 너무 감사했습니다 항상 잘되시기를 바랄게요,5,5,5,5,2019년 7월 9일
