﻿,Category,Location,Restaurant,UserID,Menu,Review,Total,Taste,Quantity,Delivery,Date
0,치킨,마포구 상암동,신미경홍대닭갈비3,ma**님,신미경소금숯불닭갈비（소）550g/1(사이즈 선택(소)),맛있어용 굳굳 또 먹으듯,5,5,3,5,8시간 전
1,치킨,마포구 상암동,신미경홍대닭갈비3,kj**님,닭갈비볶음밥＋우동세트/1,양이 좀 준 것 같네요 그래도 맛있게 먹었어요,5,5,4,4,어제
2,치킨,마포구 상암동,신미경홍대닭갈비3,jh**님,"신미경정통막국수/1,닭갈비볶음밥/1",아주 마싯게 잘 먹엇습니다 양도 많아요,5,5,5,5,5일 전
3,치킨,마포구 상암동,신미경홍대닭갈비3,do**님,"닭갈비（소）550g＋막국수 /1(닭갈비 선택(양념 숯불닭갈비),추가 선택(공기밥,빌소세지))",자영업자분들 힘드셔서 심각하지 않으면 리뷰 안쓰는 거로 퉁 치고 넘어가는데 정말 오늘 최악을 봤습니다 매장은 골목 시작지점 배달지 골목 끝지점 미터 남짓 주문 접수 후부터 도착까지 소요시간 분 그냥 포장하러 갔으면 됐지만 배달 시킨 죄인이니 이해합니다 그런데 국수는 다 불어 터져서 비벼지지가 않을 정도 너무 배고파서 울며 겨자 먹기로 먹으려 했는데 아시죠 너무 불면 떡도 아니고 밀가루 반죽 먹는 맛 나는 거요 닭도 뜨거울 거리인데 그냥 흡입해도 될 정도 온도정말 이 악물고 리뷰 쓴거 처음입니다 에휴,1,1,3,1,일주일 전
4,치킨,마포구 상암동,신미경홍대닭갈비3,kw**님,"닭갈비（소）550g＋막국수 /1(닭갈비 선택(소금 숯불닭갈비)),닭갈비볶음밥/1",예정시간도 한시간 가까이었는데 거의 한시간 분 걸린듯요 볶음밥보다는 그냥 닭갈비가 나은듯요,4,4,5,3,2021년 7월 21일
5,치킨,마포구 상암동,신미경홍대닭갈비3,ra**님,닭갈비（소）550g＋막국수 /1(닭갈비 선택(양념 숯불닭갈비)),너무 맛있어요 자주 시켰는데 항상 잘 먹고 있습니다 배달도 빨리와서 만족스럽습니다,5,5,5,5,2021년 7월 19일
6,치킨,마포구 상암동,신미경홍대닭갈비3,an**님,닭갈비（소）550g＋막국수 /1(닭갈비 선택(간장 숯불닭갈비)),존맛탱더 시킬게요리뷰 쿨피스도 잘 먹었어용많이 파새요,5,5,5,5,2021년 7월 19일
7,치킨,마포구 상암동,신미경홍대닭갈비3,zz**님,"신미경간장숯불닭갈비（소）550g/1(사이즈 선택(소),추가 선택(닭갈비 180g 추가))",두가지 맛이 함께 와 만족 아마도 당일 마지막 주문 이였을거라 생각됨 닭갈비 아래 양피와 기본제공되는 사이드 야채에 만족 예상시간보다 빠른 배송 도착알림 문자를 도착 예정으로 보내는 센스  야식을 만족스럽게 누린 황홀함을 선사해 주신 모든 분들의 노고에 감사,5,5,4,4,2021년 7월 19일
8,치킨,마포구 상암동,신미경홍대닭갈비3,gm**님,닭갈비볶음밥＋우동세트/1,간이 너무 쌔네요 저도 짜게먹는 편인데,1,1,3,4,2021년 7월 17일
9,치킨,마포구 상암동,신미경홍대닭갈비3,gr**님,"닭갈비（소）550g＋막국수 /1(닭갈비 선택(간장 숯불닭갈비),추가 선택(닭갈비 2인분（대） 추가))",간이 대체로 너무 강했습니다 간장양념을 먹었는데 어른들도 몹시 짜다고 말씀하시네요 빠른 배달은 만족 합니다 물론 배달비가 원이니까,3,3,3,5,2021년 7월 16일
10,치킨,마포구 상암동,신미경홍대닭갈비3,hy**님,"닭갈비（소）550g＋막국수 /1(닭갈비 선택(양념 숯불닭갈비),추가 선택(닭갈비 1인분（중） 추가,눈꽃치즈))",식후감 예전에 맛봤던 닭갈비가 생각나서 좋았습니다 배달도 맵기 조절이 가능했으면 좋겠네요 ,5,5,5,5,2021년 7월 16일
11,치킨,마포구 상암동,신미경홍대닭갈비3,kd**님,숯불바베큐 윙/1(추가 선택(닭갈비 180g 추가)),닭이 좀 덜익혀져서 배달왔네요 그리고 냄새도 좀더 잡으셔야할것같아요 한입먹고 전자레지에 돌려먹었는데도 평소닭하는사람인데 다먹기힘드네,3,3,2,4,2021년 7월 14일
12,치킨,마포구 상암동,신미경홍대닭갈비3,it**님,"닭갈비（소）＋막국수 （2인분）/1(닭갈비 선택(신미경 야채 닭갈비),추가 선택(닭갈비 1인분 추가))",그동안 닭갈비는 신미경홍대닭갈비로 시켰던거 같은데 은 왜이러나요 신미경닭갈비 한두번 먹은게 아닌데 맛없었습니다 기름기 사진 보이시는지 기름 대박입니다 양배추는 평소와 달리 별로없고 고구마와 떡은 아예 없음 이름만 같지 지점은 왜이런지 정말 의문이네요 게다가 저게 어떻게 인분 추가한 소자결론은 중자인지 제가 여태 먹었던 인분과는 양이 완전히 달라요 막국수도 그냥 그랬어요 다 그렇다치고 맛이 정말 없던게 큰 오점이네요 그동안 제가 먹어왔던 닭갈비 맛이 아니어서 환불받고 싶을 정도로 별로였어요,1,1,2,5,2021년 7월 5일
13,치킨,마포구 상암동,신미경홍대닭갈비3,so**님,"닭갈비（소）＋막국수 （2인분）/1(닭갈비 선택(양념 숯불닭갈비),추가 선택(빌소세지))",닭갈비를 오랜만에 먹네요 배달이 다 되다니 막국수는 흐음 육수가 반은 얼려있어서 그런가 제대로 비비기도 힘들었던듯 맛은 보통인데 불맛 내시려고 양념쓰시는것보다 그냥 조리해도 충분할 거 같아요,4,3,4,4,2021년 7월 4일
14,치킨,마포구 상암동,신미경홍대닭갈비3,de**님,"닭갈비（소）＋막국수 （2인분）/1(닭갈비 선택(소금 숯불닭갈비),추가 선택(닭갈비 1인분 추가))",사실 기대를 좀 했는데 숯불구이가 물이 너무 많더라구요 먹는데 좀 괴로웠고 냉동을 해동 잘못 한 것 마냥 무르더라구요 고기 자체가 물이 많고 무른 숯불구이를 처음봐서 당황했습니다 저와 같은 취향이시라면 애매하실 것 같습니다,2,2,5,5,2021년 7월 1일
15,치킨,마포구 상암동,신미경홍대닭갈비3,sh**님,"매콤 숯불바베큐 닭갈비/1(사이즈 선택(小（1~2人）),사이드 추가 선택(체다치즈소스 추가,눈꽃치즈 추가,공기밥 추가))",불맛 너무 좋아요 야식으로 혹은 술안주로 완전 최고에요,5,5,5,5,2021년 7월 1일
16,치킨,마포구 상암동,신미경홍대닭갈비3,re**님,세트（닭갈비볶음밥＋닭갈비우동）/1(맛 선택(반찬없이 도톰한 빌소세지 매운맛)),언제 먹어도 맛있고 가성비도 좋고,5,5,5,5,2021년 6월 30일
17,치킨,마포구 상암동,신미경홍대닭갈비3,ks**님,"세트（닭갈비볶음밥＋닭갈비우동）/1(맛 선택(반찬없이 도톰한 빌소세지 기본맛),사이드 추가 선택(눈꽃치즈 추가))",맛있어요 양 진짜 많아요,5,5,5,5,2021년 6월 29일
18,치킨,마포구 상암동,신미경홍대닭갈비3,lt**님,닭갈비 볶음밥（1人）/1,자주 먹는 저녁입니다 굿,5,5,5,5,2021년 6월 28일
19,치킨,마포구 상암동,신미경홍대닭갈비3,le**님,"매콤 숯불바베큐 닭갈비/1(사이즈 선택(中（3~4人）)),닭갈비 볶음밥（1人）/1",잘먹겠습니다 숯불향 좋네요,5,5,5,5,2021년 6월 28일
20,치킨,마포구 상암동,신미경홍대닭갈비3,ej**님,"세트（닭갈비볶음밥＋닭갈비우동）/1(맛 선택(매운맛)),세트（닭갈비볶음밥＋닭갈비우동）/1(맛 선택(반찬없이 도톰한 빌소세지 기본맛)),세트（닭갈비볶음밥＋닭갈비우동）/1(맛 선택(반찬없이 도톰한 빌소세지 매운맛))",맛있네요 원래는 세트 개에 봉 하나 시키려했는데 봉이 없다네요 잘 먹었습니다,5,5,5,5,2021년 6월 27일
21,치킨,마포구 상암동,신미경홍대닭갈비3,he**님,숯불닭갈비 정식/1,배달은 시간 내에 잘 왔구 양도 혼자 먹기에 많고 맛있었습니다,5,5,5,5,2021년 6월 27일
22,치킨,마포구 상암동,신미경홍대닭갈비3,ms**님,매콤 숯불바베큐 닭갈비/1(사이즈 선택(小（1~2人）)),순한맛으로 부탁드렸는데 맛있네요 소스를 한개 더 넣어주셔서 볶음밥도 만들어 맛있게 잘 먹었습니다 쿨피스도 감사합니다,5,5,5,5,2021년 6월 24일
23,치킨,마포구 상암동,신미경홍대닭갈비3,an**님,야채닭갈비 정식/1(사이드 추가 선택(닭갈비 180g 추가)),에어프라이어에 살짝 돌려 먹으니 더 맛있습니다,5,5,5,5,2021년 6월 20일
24,치킨,마포구 상암동,신미경홍대닭갈비3,손님,숯불닭갈비 정식/1(사이드 추가 선택(닭갈비 180g 추가)),아들이랑 너무 맛나게 먹었습니다,5,5,5,5,2021년 6월 19일
25,치킨,마포구 상암동,신미경홍대닭갈비3,tl**님,닭갈비 볶음밥（1人）/1,항상시켜먹는 집 맛있어요,5,5,5,5,2021년 6월 14일
26,치킨,마포구 상암동,신미경홍대닭갈비3,yi**님,"매콤 숯불바베큐 닭갈비/1(사이즈 선택(小（1~2人）)),닭갈비 볶음밥（1人）/1",식사메뉴로도 술안주로도 굿,5,5,5,5,2021년 6월 13일
27,치킨,마포구 상암동,신미경홍대닭갈비3,gp**님,매콤 숯불바베큐 닭갈비/1(사이즈 선택(小（1~2人）)),완젼 맛나요 남은거에 밥 볶아먹오도 최고,5,5,5,5,2021년 6월 12일
28,치킨,마포구 상암동,신미경홍대닭갈비3,fr**님,"세트（닭갈비볶음밥＋닭갈비우동）/1(맛 선택(매운맛),사이드 추가 선택(공기밥 추가,계란후라이 추가))",맛 양 서비스까지 독보적입니다 강추해요,5,5,5,5,2021년 6월 12일
29,치킨,마포구 상암동,신미경홍대닭갈비3,yo**님,"매콤 숯불바베큐 봉/1(사이드 추가 선택(체다치즈소스 추가,눈꽃치즈 추가,공기밥 추가,계란후라이 추가)),쿨피스 355mL/1",배달배달이 분넘게 늦게 왔고 외관 상태가 뭔가 이상해서 보니 엎은건지 붉은 국물 같은게 묻어있었네요 늦으면 왜 늦는지 말이라도 해주면 좋겠습니다 음식에 문제가 생겼다 라던지 차가 막힌다던지요 음식음식은 분명 매콤하다해서 치즈를 추가 주문하긴 했는대 많이 싱겁다라는 느낌의 맛이였어요 다음에는 치즈 빼서 함번 먹어볼게요 매콤 정도가 어느 정도인지 기입해주시면 주문할때 참고할수있을꺼 같네요,3,2,3,3,2021년 6월 11일
30,치킨,마포구 상암동,신미경홍대닭갈비3,09**님,"매콤 숯불바베큐 닭갈비/1(사이즈 선택(小（1~2人）)),닭갈비 볶음밥（1人）/1",맛있고 양도 넉넉하네요,5,5,5,5,2021년 6월 11일
31,치킨,마포구 상암동,신미경홍대닭갈비3,bl**님,매콤 숯불바베큐 닭갈비/1(사이즈 선택(中（3~4人）)),불맛도 나고 맛나게 먹었습니다,5,5,5,5,2021년 6월 5일
32,치킨,마포구 상암동,신미경홍대닭갈비3,al**님,"세트（닭갈비볶음밥＋닭갈비우동）/1(맛 선택(반찬없이 도톰한 빌소세지 매운맛),사이드 추가 선택(체다치즈소스 추가)),매콤 숯불바베큐 닭갈비/1(사이즈 선택(小（1~2人）))",한번먹고나면 나중에 또 생각나는맛,5,5,5,5,2021년 6월 4일
33,치킨,마포구 상암동,신미경홍대닭갈비3,fb**님,세트（닭갈비볶음밥＋닭갈비우동）/1(맛 선택(기본맛)),자극적인 안주 땡길때 아쥬 쥬아용 가성비 갓 두번째주문임니당,5,5,5,5,2021년 6월 4일
34,치킨,마포구 상암동,신미경홍대닭갈비3,fr**님,"세트（닭갈비볶음밥＋닭갈비우동）/1(맛 선택(매운맛),사이드 추가 선택(계란후라이 추가))",항상 아쉬움 없는 선택 잘 먹었습니다,5,5,5,5,2021년 6월 3일
35,치킨,마포구 상암동,신미경홍대닭갈비3,fr**님,"매콤 숯불바베큐 닭갈비/1(사이즈 선택(小（1~2人）),사이드 추가 선택(체다치즈소스 추가,공기밥 추가))",맛도 양도 훌륭합니다 잘 먹었습니다,5,5,5,5,2021년 5월 31일
36,치킨,마포구 상암동,신미경홍대닭갈비3,ha**님,숯불닭갈비 정식/2,양도 넉넉하고 맛있게 잘 먹었습니다 쌈무랑 같이 먹으면 더 맛난데 쌈무가 저는 좀 부족했네요 ,5,5,5,5,2021년 5월 31일
37,치킨,마포구 상암동,신미경홍대닭갈비3,ch**님,숯불닭갈비 정식/1,맛있게 먹었어요  재주문도 하려구요 ,5,5,5,5,2021년 5월 30일
38,치킨,마포구 상암동,신미경홍대닭갈비3,yo**님,매콤 숯불바베큐 닭갈비/1(사이즈 선택(小（1~2人）)),소자가 인분이라고 되어있었는데 저희한테는 인분 정도 되는거같았어요 다른게 더 있어야 배가부를거같았습니다,5,4,3,1,2021년 5월 30일
39,치킨,마포구 상암동,신미경홍대닭갈비3,ro**님,매콤 숯불바베큐 윙/1(사이즈 선택(中（2~4人）)),맛있었습니다 감사합니다,5,4,4,4,2021년 5월 28일
40,치킨,마포구 상암동,신미경홍대닭갈비3,pe**님,매콤 숯불바베큐 닭갈비/1(사이즈 선택(小（1~2人）)),잘 먹었습니다  주신 음료수 서비스도 감사합니다,5,5,5,5,2021년 5월 27일
41,치킨,마포구 상암동,신미경홍대닭갈비3,j8**님,세트（닭갈비볶음밥＋닭갈비우동）/1(맛 선택(반찬없이 고기120g더 매운맛)),진짜 맛있어요 적당히 맵고 진짜 맛있어요,5,5,5,5,2021년 5월 27일
42,치킨,마포구 상암동,신미경홍대닭갈비3,jj**님,"세트（닭갈비볶음밥＋닭갈비우동）/1(맛 선택(반찬없이 고기120g더 기본맛),사이드 추가 선택(닭갈비 170g 추가))",반판빼고 추가도 해서 닭갈비가 많을줄 알았는데 생각보다 적네요 두개다해서 그램 인데 이정도면 원래는 닭고기는 거의 없는건가요,5,5,3,5,2021년 5월 26일
43,치킨,마포구 상암동,신미경홍대닭갈비3,wp**님,세트（닭갈비볶음밥＋닭갈비우동）/1(맛 선택(반찬없이 고기120g더 매운맛)),조금 늦게 리뷰쓰네요 맛 양 모두 만족스럽습니다 다만 혼자 먹으려니 조금은 콜라가 필요하더군요  그래도 혼자 맛있게 클리어 또 시킬게요,5,5,5,5,2021년 5월 25일
44,치킨,마포구 상암동,신미경홍대닭갈비3,sc**님,"숯불닭갈비 정식/1,닭갈비 볶음우동/1",전체적으로 조금 짜지만 맛잇게먹었습니다,5,4,4,3,2021년 5월 25일
45,치킨,마포구 상암동,신미경홍대닭갈비3,so**님,"매콤 숯불바베큐 닭갈비/1(사이즈 선택(小（1~2人）),사이드 추가 선택(계란후라이 추가,닭갈비 170g 추가))",맛있네요 양은 추가했는데도 많지 않은것 같아서 아쉽구요 다음엔 오리 먹어볼께요,5,5,5,5,2021년 5월 24일
46,치킨,마포구 상암동,신미경홍대닭갈비3,go**님,매콤 숯불바베큐 닭갈비/1(사이즈 선택(小（1~2人）)),맛있어요 정말 맛있어요 배달이 약간 느린것 뿐 리뷰 쿨피스 잘 마실게요,5,5,5,4,2021년 5월 23일
47,치킨,마포구 상암동,신미경홍대닭갈비3,je**님,"매콤 숯불바베큐 닭갈비/1(사이즈 선택(小（1~2人）)),매콤 숯불바베큐 윙/1(사이즈 선택(小（1~2人）))",넘 맛있게 먹었습니다 아들도 먹기 딱 좋게 매콤하였고 잘 먹었습니다 감사합니다,5,5,5,5,2021년 5월 23일
48,치킨,마포구 상암동,신미경홍대닭갈비3,ky**님,"세트（닭갈비볶음밥＋닭갈비우동）/1(맛 선택(매운맛),사이드 추가 선택(닭갈비 170g 추가))",배달이 너무 늦었지만 사장님이 직접 전화 걸어서 사과해 주시고 음식도 새로 해서 식지 않은 걸로 다시 배달해 주셔서 감사했습니다 맛있게 잘 먹었습니다 비록 매장에서 사소한 실수로 반찬은 빼고 배달이 되었지만 맛있어서 용서되었어요 다음에는 꼭 전표를 잘 확인하세요,5,5,5,4,2021년 5월 22일
49,치킨,마포구 상암동,신미경홍대닭갈비3,pr**님,"세트（닭갈비볶음밥＋닭갈비우동）/1(맛 선택(반찬없이 고기120g더 기본맛)),매콤 숯불바베큐 닭갈비/1(사이즈 선택(小（1~2人）))",너무 맛있게 잘 먹었습니다 양도 푸짐해서 더욱 만족스러웠습니다 ,5,5,5,5,2021년 5월 22일
50,치킨,마포구 상암동,신미경홍대닭갈비3,wn**님,세트（닭갈비볶음밥＋닭갈비우동）/2(맛 선택(반찬없이 고기120g더 기본맛)),리뷰이벤트 잘 받았구 로다가 진짜맛있네요 앞으로 자주 시켜먹을 것 같습니다 ,5,5,5,5,2021년 5월 21일
51,치킨,마포구 상암동,신미경홍대닭갈비3,ja**님,"세트（닭갈비볶음밥＋닭갈비우동）/1(맛 선택(반찬없이 고기120g더 기본맛)),사이다 355mL（캔）/1",맛은 있는데 리뷰 이벤트는 안하시는거면 얘기를 해주세요 리뷰한다고 세번째 쓰고 주문했는데 서비스가 한번이 안오네요,5,5,5,5,2021년 5월 20일
52,치킨,마포구 상암동,신미경홍대닭갈비3,hy**님,"매콤 숯불바베큐 닭갈비/1(사이즈 선택(小（1~2人）),사이드 추가 선택(닭갈비 170g 추가))",숯불 닭갈비 맛나는곳을 찾았습니다 다음에는 오리도 도전해볼께요,5,5,5,5,2021년 5월 19일
53,치킨,마포구 상암동,신미경홍대닭갈비3,wk**님,세트（닭갈비볶음밥＋닭갈비우동）/1(맛 선택(반찬없이 고기120g더 기본맛)),한끼 배부르게 잘 먹었어요,5,5,5,5,2021년 5월 10일
54,치킨,마포구 상암동,신미경홍대닭갈비3,yu**님,"신미경 숯불 훈제오리바베큐 450g/1,닭갈비 볶음밥（1人）/1",안맵게 해주셔서 감사합니다 맛있어요,5,5,5,5,2021년 5월 9일
55,치킨,마포구 상암동,신미경홍대닭갈비3,mo**님,닭갈비 볶음밥（1人）/1(맛 선택(기본맛)),가성비 최고입니다 맛있어요,5,5,5,5,2021년 5월 6일
56,치킨,마포구 상암동,신미경홍대닭갈비3,lt**님,닭갈비 볶음밥（1人）/1(맛 선택(반찬없이 고기120g더 기본맛)),단골집입니다 저녁의 행복,5,5,4,5,2021년 5월 1일
57,치킨,마포구 상암동,신미경홍대닭갈비3,dn**님,세트（닭갈비볶음밥＋닭갈비우동）/1(맛 선택(반찬없이 고기120g더 기본맛)),아이 밥을 먹으니 기분이 꼬끼오 닭을 먹으니 병아리가 살려줘 삐약삐약 나는 닭을 좋아해 병아리도 좋아해,5,5,5,5,2021년 4월 29일
58,치킨,마포구 상암동,신미경홍대닭갈비3,lt**님,닭갈비 볶음밥（1人）/1(맛 선택(반찬없이 고기120g더 기본맛)),자주 시켜먹는데 너무 맛납니다,5,5,4,5,2021년 4월 27일
59,치킨,마포구 상암동,신미경홍대닭갈비3,tl**님,닭갈비 볶음밥（1人）/1(맛 선택(반찬없이 고기120g더 기본맛)),맛있게잘먹었습니다 점점 맛있어지는듯요,5,5,5,5,2021년 4월 16일
60,치킨,마포구 상암동,신미경홍대닭갈비3,gy**님,"닭갈비 볶음밥（1人）/1(맛 선택(반찬없이 고기120g더 기본맛),사이드 추가 선택(눈꽃치즈 추가,계란후라이 추가)),매콤 숯불바베큐 닭갈비/1(사이즈 선택(小（1~2人）))",항상 볶음밥이 맛있어서 자주 시켜먹네요 잘 먹었습니다 서비그 음료도 감사합니다,5,5,5,5,2021년 4월 15일
61,치킨,마포구 상암동,신미경홍대닭갈비3,gy**님,"닭갈비 볶음밥（1人）/1(맛 선택(반찬없이 고기120g더 기본맛),사이드 추가 선택(계란후라이 추가)),매콤 숯불바베큐 윙/1(사이즈 선택(小（1~2人）))",배달이 조금 늦긴했지만 잘 먹었습니다 윙봉이 생각보다 맵네요  약간 매움 조절단계도 따로 옵션 추가를 해주시면 좋을거 같아요,5,5,5,5,2021년 4월 15일
62,치킨,마포구 상암동,신미경홍대닭갈비3,tl**님,닭갈비 볶음밥（1人）/1(맛 선택(반찬없이 고기100g더 중간맛)),간간히 시켜먹습니다 너무 굳이에요,5,5,5,5,2021년 4월 11일
63,치킨,마포구 상암동,신미경홍대닭갈비3,db**님,"닭갈비 볶음우동/1(맛 선택(중간맛)),매콤 숯불바베큐 닭갈비/1(사이즈 선택(小（1~2人）))",우동에들어있는닭갈비랑 닭갈비만시킨거랑 맛 식감이 완전 달라요 맛있습니다,5,5,5,5,2021년 4월 11일
64,치킨,마포구 상암동,신미경홍대닭갈비3,or**님,세트（닭갈비볶음밥＋닭갈비우동）/1(맛 선택(반찬없이 고기100g더 순한맛)),저번에 먹구 맛있어서 재주문했어용 쪼오끔짭짤했지만 너무 잘 먹었습니다,5,4,5,5,2021년 4월 5일
65,치킨,마포구 상암동,신미경홍대닭갈비3,jy**님,세트（닭갈비볶음밥＋닭갈비우동）/1(맛 선택(반찬없이 고기100g더 중간맛)),감사히 잘 먹었습니다 ,5,5,5,5,2021년 4월 4일
66,치킨,마포구 상암동,신미경홍대닭갈비3,ii**님,닭갈비 볶음우동/1(맛 선택(반찬없이 고기100g더 순한맛)),기대를 막 하지 않았는데 존맛이어서 개깜놀,5,5,5,5,2021년 4월 1일
67,치킨,마포구 상암동,신미경홍대닭갈비3,cn**님,세트（닭갈비볶음밥＋닭갈비우동）/1(맛 선택(반찬없이 고기100g더 중간맛)),여기 정말 좋네요 일단 보기보다 큰 용기에 와서 양 넉넉하구요 매번 밑반찬 잘 안먹어서 버리는데 빼고 고기 추가하는 옵션도 정말 마음에 들어요 맛도 있고 가성비도 좋네요 매운 정도는 보통인데도 꽤 매워서 매운거 잘 못드시는 분들은 순한맛 하셔야 할 것 같습니다 잘 먹었고 다음에 다시 시킬게요,5,5,5,5,2021년 3월 29일
68,치킨,마포구 상암동,신미경홍대닭갈비3,dh**님,"세트（닭갈비볶음밥＋닭갈비우동）/1(맛 선택(반찬없이 고기100g더 순한맛),사이드 추가 선택(눈꽃치즈 추가))",처음으로 치즈를 올려서 먹었는데 그냥 먹을때와는 다르게 색다른 맛이었어요 꼭 치즈 한번 올려서 먹어보세요 ,5,5,5,5,2021년 3월 29일
69,치킨,마포구 상암동,신미경홍대닭갈비3,손님,"닭갈비 볶음밥（1人）/1(맛 선택(반찬없이 고기100g더 중간맛)),매콤 숯불바베큐 닭갈비/1(사이즈 선택(小（1~2人）))",꿀맛입니다 매콤하고  중독성,4,4,5,3,2021년 3월 28일
70,치킨,마포구 상암동,신미경홍대닭갈비3,jy**님,세트（닭갈비볶음밥＋닭갈비우동）/1(맛 선택(반찬없이 고기100g더 중간맛)),리뷰쓴다고했는데 오늘은 리뷰이벤트가 안왔네요  그래도 맛있었습니다,5,5,5,5,2021년 3월 27일
71,치킨,마포구 상암동,신미경홍대닭갈비3,og**님,닭갈비 볶음밥（1人）/1(맛 선택(반찬없이 고기100g더 중간맛)),어우 맛있고 양이 진자많음 배터지는줄알았네요,5,5,5,4,2021년 3월 26일
72,치킨,마포구 상암동,신미경홍대닭갈비3,bo**님,"세트（닭갈비볶음밥＋닭갈비우동）/1(맛 선택(반찬없이 고기100g더 순한맛),사이드 추가 선택(계란후라이 추가))",간만에 시켰는데 역시 너무 맛있네요 요청사항도 잘 들어주시고 배달도 빨리와서 너무 좋았습니다,5,5,5,5,2021년 3월 25일
73,치킨,마포구 상암동,신미경홍대닭갈비3,ta**님,"세트（닭갈비볶음밥＋닭갈비우동）/2(맛 선택(반찬없이 고기100g더 중간맛),사이드 추가 선택(눈꽃치즈 추가))",역시 맛있어요 배달도 빨리왓어용,5,5,5,5,2021년 3월 24일
74,치킨,마포구 상암동,신미경홍대닭갈비3,gy**님,"닭갈비 볶음밥（1人）/1(맛 선택(반찬없이 고기100g더 순한맛),사이드 추가 선택(계란후라이 추가)),매콤 숯불바베큐 닭갈비/1(사이즈 선택(小（1~2人）))",볶음밥 맛있어요 생각보다 맵지만 그래도 맛있어서 계속 먹게 되었네요  배달도 빠르게 해주셔서 감사합니다,5,5,5,5,2021년 3월 19일
75,치킨,마포구 상암동,신미경홍대닭갈비3,he**님,"세트（닭갈비볶음밥＋닭갈비우동）/1(맛 선택(순한맛),사이드 추가 선택(계란후라이 추가))",양 진짜 많네요 순한맛 밀고 매운맛으로 먹어봐야겠어요  잘먹었습니다,5,5,5,5,2021년 3월 16일
76,치킨,마포구 상암동,신미경홍대닭갈비3,sa**님,"닭갈비 볶음밥（1人）/1(맛 선택(반찬없이 고기100g더 순한맛)),매콤 숯불바베큐 닭갈비/1(사이즈 선택(小（1~2人）))",잘먹엇습니다 볶음밥이 닭갈비보다 훨신매우니 참고,5,5,5,5,2021년 3월 15일
77,치킨,마포구 상암동,신미경홍대닭갈비3,gj**님,"매콤 숯불바베큐 봉/1(사이즈 선택(小（1~2人）),사이드 추가 선택(체다치즈소스 추가))",너무 맛있어요 배달도 괜찮았구요 그런데 역시 맵네요,5,5,5,5,2021년 3월 11일
78,치킨,마포구 상암동,신미경홍대닭갈비3,qo**님,세트（닭갈비볶음밥＋닭갈비우동）/1(맛 선택(반찬없이 고기100g더 중간맛)),항상 잘먹고 있습네당 ,5,5,5,5,2021년 3월 7일
79,치킨,마포구 상암동,신미경홍대닭갈비3,ps**님,세트（닭갈비볶음밥＋닭갈비우동）/1(맛 선택(반찬없이 고기100g더 중간맛)),어우 양이 어마무시하네요 맛있어요,5,5,5,5,2021년 3월 6일
80,치킨,마포구 상암동,신미경홍대닭갈비3,fb**님,세트（닭갈비볶음밥＋닭갈비우동）/1(맛 선택(반찬없이 고기100g더 순한맛)),완전 맛잇고 가성비 짱짱도 빨리왓어용 추천,5,5,5,5,2021년 3월 5일
81,치킨,마포구 상암동,신미경홍대닭갈비3,gy**님,"매콤 숯불바베큐 닭갈비/1(사이즈 선택(小（1~2人）),사이드 추가 선택(닭갈비 150g 추가))",항상 맛있게 먹고 있습니다 이번에도 정말 잘 먹었습니다 감사합니다 번창하세요,5,5,5,5,2021년 3월 4일
82,치킨,마포구 상암동,신미경홍대닭갈비3,gj**님,"닭갈비 볶음우동/1(맛 선택(순한맛),사이드 추가 선택(눈꽃치즈 추가)),쿨피스 355mL/1",이벤트 참여하려다가 최소금액맞추려고 그냥 따로 샀네요 우동 먹고싶어서 주문했는데 전에도 먹어봤지만 역시 정말 맛있고 배달도 엄청빠르고 친절했습니다 전에 중간맛먹고 기절할뻔해서 순한맛 하니까 좋네요  담에 땡길때 또 시킬게요,5,5,5,5,2021년 3월 2일
83,치킨,마포구 상암동,신미경홍대닭갈비3,oy**님,세트（닭갈비볶음밥＋닭갈비우동）/1(맛 선택(중간맛)),배달도 빠르고 맛있었습니다 맵기는 생각보다 매워요,5,5,5,5,2021년 2월 28일
84,치킨,마포구 상암동,신미경홍대닭갈비3,ls**님,닭갈비 볶음밥（1人）/1(맛 선택(순한맛)),단계 시켰는데 아주딱이었어요 진짜맛있고 간편하고든든하게 먹기 좋네요,5,5,5,5,2021년 2월 27일
85,치킨,마포구 상암동,신미경홍대닭갈비3,jy**님,세트（닭갈비볶음밥＋닭갈비우동）/1(맛 선택(반찬없이 고기100g더 중간맛)),언제나 시켜먹어도 맛있습니다 ,5,5,5,5,2021년 2월 26일
86,치킨,마포구 상암동,신미경홍대닭갈비3,gy**님,"매콤 숯불바베큐 닭갈비/1(사이즈 선택(小（1~2人）),사이드 추가 선택(닭갈비 150g 추가))",정말 자주 생각나는 맛입니다 맛도 좋지만 양도 많아서 좋아요 다른것도 먹어볼까 했는데 오히려 그냥 닭갈비만 먹는게 더 맛있어서 이거만 시켜먹게 되네요  코로나로 힘드실텐데 힘내시길 바랍니다,5,5,5,5,2021년 2월 25일
87,치킨,마포구 상암동,신미경홍대닭갈비3,dh**님,세트（닭갈비볶음밥＋닭갈비우동）/1(맛 선택(반찬없이 고기100g더 순한맛)),언제 먹어도 맛있고 양도 많아서 좋았습니다,5,5,5,5,2021년 2월 25일
88,치킨,마포구 상암동,신미경홍대닭갈비3,lg**님,"세트（닭갈비볶음밥＋닭갈비우동）/1(맛 선택(중간맛),사이드 추가 선택(체다치즈소스 추가,닭갈비 150g 추가))",추가를 했는데 닭갈비가 조금 나오네요 ,2,3,2,4,2021년 2월 23일
89,치킨,마포구 상암동,신미경홍대닭갈비3,sa**님,"세트（닭갈비볶음밥＋닭갈비우동）/1(맛 선택(중간맛)),숯불닭갈비정식/1",맛은 있는데 맵기단계 고르기가 어럽네요 이번엔 실패했네요 순한맛이 적당히 매운맛이라는 점 꼭 기억해야겠어요   매워서 조금밖에 못먹었어요,4,4,5,5,2021년 2월 21일
90,치킨,마포구 상암동,신미경홍대닭갈비3,pu**님,"세트（닭갈비볶음밥＋닭갈비우동）/1(맛 선택(반찬없이 고기100g더 순한맛),사이드 추가 선택(닭갈비 150g 추가,1人 닭갈비볶음밥 추가))",올 너무 많아서 맛이 맛있고 잘먹겠습니다,5,5,5,5,2021년 2월 18일
91,치킨,마포구 상암동,신미경홍대닭갈비3,gy**님,"매콤 숯불바베큐 닭갈비/1(사이즈 선택(小（1~2人）),사이드 추가 선택(닭갈비 150g 추가))",처음 시켜먹는곳인데 정말 맛있게 잘 먹었습니다  양도 많고 맛있네요 감사합니다,5,5,5,5,2021년 2월 17일
92,치킨,마포구 상암동,신미경홍대닭갈비3,ji**님,세트（닭갈비볶음밥＋닭갈비우동）/1(맛 선택(순한맛)),우동도 볶음밥도 정말 맛있어요,5,5,5,5,2021년 2월 17일
93,치킨,마포구 상암동,신미경홍대닭갈비3,rb**님,세트（닭갈비볶음밥＋닭갈비우동）/1(맛 선택(반찬없이 고기100g더 중간맛)),맛있었어요 잘먹었습니다 ,5,5,5,5,2021년 2월 16일
94,치킨,마포구 상암동,신미경홍대닭갈비3,ls**님,세트（닭갈비볶음밥＋닭갈비우동）/1(맛 선택(반찬없이 고기100g더 중간맛)),양이 인분은되는거가 아요,5,5,5,5,2021년 2월 13일
95,치킨,마포구 상암동,신미경홍대닭갈비3,si**님,숯불닭갈비 정식/1(맵기 선택(순한맛)),다들 우동볶음밥 드시는데 정식이 진심 맛있습니다 딱인분 최고에요 닭갈비만 먹고 싶다면  근데 순한맛도 맵린이인 저는 빡셌지만 맛있게 매워서 좋습니다,5,5,5,5,2021년 2월 12일
96,치킨,마포구 상암동,신미경홍대닭갈비3,jy**님,세트（닭갈비볶음밥＋닭갈비우동）/1(맛 선택(반찬없이 고기100g더 중간맛)),언제나 시켜먹어도 맛있어요 ,5,5,5,5,2021년 2월 11일
97,치킨,마포구 상암동,신미경홍대닭갈비3,ta**님,닭갈비 볶음밥（1人）/1(맛 선택(반찬없이 고기100g더 중간맛)),오랜만에 생각나서 맛있게 먹었어용 배달도 빨라용,5,5,5,5,2021년 2월 10일
98,치킨,마포구 상암동,신미경홍대닭갈비3,dh**님,세트（닭갈비볶음밥＋닭갈비우동）/1(맛 선택(반찬없이 고기100g더 순한맛)),양도 많고 맛있었습니다,5,5,5,5,2021년 2월 8일
99,치킨,마포구 상암동,신미경홍대닭갈비3,jy**님,세트（닭갈비볶음밥＋닭갈비우동）/1(맛 선택(반찬없이 고기100g더 중간맛)),양과 맛 모두 좋아요 ,5,5,5,5,2021년 2월 8일
100,치킨,마포구 상암동,신미경홍대닭갈비3,tj**님,"닭갈비 볶음밥（1人）/1(맛 선택(매콤한맛),사이드 추가 선택(체다치즈소스 추가))",저번에먹고생각나서또시켯어여 넘맛잇오요 고기가 좀더잇으면좋겟어용,5,5,5,5,2021년 2월 6일
101,치킨,마포구 상암동,신미경홍대닭갈비3,kj**님,"세트（닭갈비볶음밥＋닭갈비우동）/1(맛 선택(매콤한맛)),닭갈비 볶음밥（1人）/1(맛 선택(반찬없이 고기100g더 매운맛))",두 번째 주문 넘 맛나요 단골될 것 같아요 옮겨 담아 도시락 쌌어요,5,5,5,5,2021년 2월 3일
102,치킨,마포구 상암동,신미경홍대닭갈비3,jy**님,세트（닭갈비볶음밥＋닭갈비우동）/1(맛 선택(반찬없이 고기100g더 중간맛)),너무 맛있고 질리지않아요 ,5,5,5,5,2021년 1월 31일
103,치킨,마포구 상암동,신미경홍대닭갈비3,nj**님,세트（닭갈비볶음밥＋닭갈비우동）/1(맛 선택(반찬없이 고기100g더 중간맛)),잘먹었어요 양이 엄청많네요,5,5,5,5,2021년 1월 28일
104,치킨,마포구 상암동,신미경홍대닭갈비3,an**님,세트（닭갈비볶음밥＋닭갈비우동）/1(맛 선택(반찬없이 고기100g더 매운맛)),몇번째 주문했는지 모르겠어요  두명이 배부르게 먹을수있을정도예요  서비스로 주시는 쿨피스랑 같이 먹으면 매운맛도 많이 가라앉고 잘 어울려요  동생이 제발 중간맛 시키자고 하는거 매운거 좋아하는 제가 가위바위보에 이겨서 매운맛 시켰는데 저는 너무 맛있고 좋아요  매운거 못드시는분은 중간맛이것도 조금 매콤함이나 순한맛 시키세요,5,5,5,5,2021년 1월 24일
105,치킨,마포구 상암동,신미경홍대닭갈비3,kj**님,세트（닭갈비볶음밥＋닭갈비우동）/1(맛 선택(매콤한맛)),양 정말 많고 맛있고 대만족이에요 반찬도 다 깔끔하니 좋아요 밥보다 우동이 면이라 더 매워요,5,5,5,5,2021년 1월 23일
106,치킨,마포구 상암동,신미경홍대닭갈비3,ey**님,세트（닭갈비볶음밥＋닭갈비우동）/1(맛 선택(반찬없이 고기100g더 매운맛)),잘 왔고 별로 안 매운것같았는데 생각보다 매워서 다음엔 한단계 낮춰서 먹어야겠네요 맛있었습니다,5,5,5,5,2021년 1월 22일
107,치킨,마포구 상암동,신미경홍대닭갈비3,dh**님,세트（닭갈비볶음밥＋닭갈비우동）/1(맛 선택(반찬없이 고기100g더 중간맛)),언제 시켜먹어도 역시나 맛있었습니다 사진은 먹다보니 깜빡했네요 ,5,5,5,5,2021년 1월 20일
108,치킨,마포구 상암동,신미경홍대닭갈비3,wi**님,매콤 숯불바베큐 닭갈비/1(사이즈 선택(小（1~2人）)),매콤한게 식사와 함께하기 좋아요,4,5,4,5,2021년 1월 19일
109,치킨,마포구 상암동,신미경홍대닭갈비3,ba**님,세트（닭갈비볶음밥＋닭갈비우동）/1(맛 선택(반찬없이 고기100g더 순한맛)),늘 요것만 먹습니당 맵기가 좀 덜해지고 저번이 더 맛있었던 것 같긴 한데 잘 먹었습니당,5,5,5,5,2021년 1월 19일
110,치킨,마포구 상암동,신미경홍대닭갈비3,sp**님,세트（닭갈비볶음밥＋닭갈비우동）/1(맛 선택(반찬없이 고기100g더 중간맛)),닭갈비가 생각났었는데 맛있게 잘먹었습니다,5,5,5,5,2021년 1월 18일
111,치킨,마포구 상암동,신미경홍대닭갈비3,tl**님,"닭갈비 볶음밥（1人）/1(맛 선택(반찬없이 고기100g더 중간맛),사이드 추가 선택(계란후라이 추가)),사이다 355mL（캔）/1",훌륭합니다 가성비 값 맛은 살짝 매워요 풍미롭지는 않지만 맛있습니다 자주 시킬 것 같네요 최고,5,5,5,5,2021년 1월 18일
112,치킨,마포구 상암동,신미경홍대닭갈비3,a3**님,매콤 숯불바베큐 닭갈비/1(사이즈 선택(小（1~2人）)),친구가 홍대에서 제일 맛있는 닭갈비라 그래서 시켜먹었는데 정말 맛있네요 덕분에 잘 먹었습니다,5,5,5,5,2021년 1월 17일
113,치킨,마포구 상암동,신미경홍대닭갈비3,12**님,세트（닭갈비볶음밥＋닭갈비우동）/1(맛 선택(반찬없이 고기100g더 중간맛)),살짝 매콤하니 맛있어요  양도 엄청 많네요,5,5,5,5,2021년 1월 13일
114,치킨,마포구 상암동,신미경홍대닭갈비3,jy**님,"세트（닭갈비볶음밥＋닭갈비우동）/1(맛 선택(반찬없이 고기100g더 중간맛),사이드 추가 선택(눈꽃치즈 추가))",매번 시켜먹어두 맛있어요 양도많구,5,5,5,5,2021년 1월 11일
115,치킨,마포구 상암동,신미경홍대닭갈비3,qo**님,세트（닭갈비볶음밥＋닭갈비우동）/1(맛 선택(반찬없이 고기100g더 중간맛)),역시 가성비갑 너뮤 잘묵었습니다요 ,5,5,5,5,2021년 1월 9일
116,치킨,마포구 상암동,신미경홍대닭갈비3,su**님,세트（닭갈비볶음밥＋닭갈비우동）/1(맛 선택(반찬없이 고기100g더 순한맛)),거의한시간반을 기다렸네요 점심시간이라 그랬는지 음식이 좀 식어서 아쉬웠습니다 양은 인이 먹기에도 충분했어요,3,4,5,2,2021년 1월 5일
117,치킨,마포구 상암동,신미경홍대닭갈비3,st**님,세트（닭갈비볶음밥＋닭갈비우동）/1(맛 선택(반찬없이 고기100g더 순한맛)),아주 맛있었어요 양도많구,5,5,5,5,2021년 1월 5일
118,치킨,마포구 상암동,신미경홍대닭갈비3,sy**님,"세트（닭갈비볶음밥＋닭갈비우동）/1(맛 선택(반찬없이 고기100g더 순한맛)),세트（닭갈비볶음밥＋닭갈비우동）/1(맛 선택(반찬없이 고기100g더 매운맛))",맛나게 잘먹었습니다 반찬빼고 고기를 더추가로 시켰는데 고기도 많이 들어가있고 좋아요,5,5,5,5,2021년 1월 4일
119,치킨,마포구 상암동,신미경홍대닭갈비3,jy**님,세트（닭갈비볶음밥＋닭갈비우동）/1(맛 선택(반찬없이 고기100g더 중간맛)),오늘도 너무 맛있게 먹었습니다 전에 먹은게 기억나서 요기요 깔아서 시켰는데 여전히 매콤하니 맛있어요 담에 또시킬게요,5,5,5,5,2021년 1월 4일
120,치킨,마포구 상암동,신미경홍대닭갈비3,ah**님,세트（닭갈비볶음밥＋닭갈비우동）/1(맛 선택(반찬없이 고기100g더 중간맛)),이것이 중간맛 내가 알던 중간은 대체 하지만 눈물콧물 다빼면서 먹을정도로 훌륭한맛,5,5,5,5,2021년 1월 4일
121,치킨,마포구 상암동,신미경홍대닭갈비3,jy**님,세트（닭갈비볶음밥＋닭갈비우동）/1(맛 선택(반찬없이 고기100g더 중간맛)),언제나 맛있어요 양도많고 ,5,5,5,5,2021년 1월 1일
122,치킨,마포구 상암동,신미경홍대닭갈비3,jy**님,세트（닭갈비볶음밥＋닭갈비우동）/1(맛 선택(반찬없이 고기100g더 중간맛)),항상 시켜먹는데 맛있습니다 ,5,5,5,5,2020년 12월 30일
123,치킨,마포구 상암동,신미경홍대닭갈비3,ja**님,세트（닭갈비볶음밥＋닭갈비우동）/1(맛 선택(매콤한맛)),매운맛은 진짜 맵네요 ,5,5,5,5,2020년 12월 29일
124,치킨,마포구 상암동,신미경홍대닭갈비3,wp**님,세트（닭갈비볶음밥＋닭갈비우동）/1(맛 선택(반찬없이 고기100g더 중간맛)),이번에 포장용기가 바뀌었는데 좋네요 양은 언제나 그렇듯 많았고 맛도 언제나 그렇듯 맛있었습니다,5,5,5,5,2020년 12월 27일
125,치킨,마포구 상암동,신미경홍대닭갈비3,sm**님,"닭갈비 볶음우동/1(맛 선택(반찬없이 고기100g더 순한맛)),사이다 355mL（캔）/2",양도적고 양배추로만 많아보이게하고 배달시간도 넘길고 배달원님이 잔돈을 안가지고오셔서 가져오실때까지 분동안 집왔다갔다 했습니다 맛은있지만 좀 불편했어요,2,4,2,1,2020년 12월 25일
126,치킨,마포구 상암동,신미경홍대닭갈비3,ky**님,매콤 숯불바베큐 닭갈비/1(사이즈 선택(大（4~5人）)),뜯어먹는게 아니라 좀 아쉽지만 맛있게 먹었어요 좀 더 매웠으면 더 좋았을 것 같아요,5,5,5,5,2020년 12월 25일
127,치킨,마포구 상암동,신미경홍대닭갈비3,il**님,"매콤 숯불바베큐 닭갈비/1(사이즈 선택(小（1~2人）),사이드 추가 선택(눈꽃치즈 추가,닭갈비 150g 추가))",엄정 맛있었는데 양이 좀 부족했어요,4,5,4,5,2020년 12월 24일
128,치킨,마포구 상암동,신미경홍대닭갈비3,tj**님,"닭갈비 볶음밥（1人）/1(맛 선택(매콤한맛),사이드 추가 선택(체다치즈소스 추가))",너무맛잇러요 양이 많아서 두끼나눠먹엇네용 적당히 맵고 맛있었습니다 쨩쨩,5,5,5,5,2020년 12월 22일
129,치킨,마포구 상암동,신미경홍대닭갈비3,sy**님,매콤 숯불바베큐 닭갈비/1(사이즈 선택(中（3~4人）)),맛은 괴안은데 양이 적긴해요 아무래도 야채가없는 진짜 닭갈비라서 그렇겠죠,4,4,3,4,2020년 12월 19일
130,치킨,마포구 상암동,신미경홍대닭갈비3,dh**님,세트（닭갈비볶음밥＋닭갈비우동）/1(맛 선택(중간맛)),역시나 맛있었습니다 양도 되게 푸짐하고 좋았습니다,5,5,5,5,2020년 12월 18일
131,치킨,마포구 상암동,신미경홍대닭갈비3,fk**님,세트（닭갈비볶음밥＋닭갈비우동）/1(맛 선택(반찬없이 고기100g더 중간맛)),우동은 중간맛 같은데 볶음밥은 매워요  맵기 차이가 심하네요 불닭볶음면 정도의 맵기예여 양은 많아요 닭갈비 양이 조금 적네요,4,4,5,5,2020년 12월 13일
132,치킨,마포구 상암동,신미경홍대닭갈비3,hi**님,닭갈비 볶음밥（1人）/1(맛 선택(반찬없이 고기100g더 순한맛)),인분 정도고 순한맛은 하나도 안 매워요,5,5,5,5,2020년 12월 13일
133,치킨,마포구 상암동,신미경홍대닭갈비3,rl**님,"닭갈비 볶음밥（1人）/1(맛 선택(반찬없이 고기100g더 순한맛),사이드 추가 선택(눈꽃치즈 추가))",양 많이오고 고기도 많아요 모짜렐라 추가해서 먹으면 더 맛있어요,5,5,5,5,2020년 12월 11일
134,치킨,마포구 상암동,신미경홍대닭갈비3,02**님,"세트（닭갈비볶음밥＋닭갈비우동）/1(맛 선택(반찬없이 고기100g더 순한맛),사이드 추가 선택(닭갈비 150g 추가,눈꽃치즈 추가))",맛도있고 양도 많아서 잘 먹었습니다,5,5,5,5,2020년 12월 9일
135,치킨,마포구 상암동,신미경홍대닭갈비3,ba**님,세트（닭갈비볶음밥＋닭갈비우동）/1(맛 선택(반찬없이 고기100g더 중간맛)),어느새 저는 단골이 된 것 같습니다 개인적으로 순한맛이 제일 좋아요,5,5,5,5,2020년 12월 8일
136,치킨,마포구 상암동,신미경홍대닭갈비3,an**님,세트（닭갈비볶음밥＋닭갈비우동）/1(맛 선택(반찬없이 고기100g더 매운맛)),맛있게 잘 먹었습니다 우동도 볶음밥도 맛있어서 둘이 배부르게 먹기 딱 좋아요 순한맛은 동생이 잘 먹는데 저는 매운걸 좋아해서 한번 매운거 시켰더니 동생이 울면서 먹더라고요  너무 매워서 눈물이 나는데 맛있어서 그만먹질 못하겠다며  늘 반찬없이 고기 더 세트로 주문하는데 순한맛이랑 매운맛만 가능해서 중간맛도 가능하면 좋겠어요  서비스로 주신 쿨피스도 둘이 마시기 좋은 양이었어요 잘 먹었습니다,5,5,5,5,2020년 12월 5일
137,치킨,마포구 상암동,신미경홍대닭갈비3,wp**님,세트（닭갈비볶음밥＋닭갈비우동）/1(맛 선택(반찬없이 고기100g더 매운맛)),가격대가 그리비싸지 않아서 인분이라 생각했는데 양이 굉장히 많네요 고기도 큼지막하고 전체적으로 좋았습니다 앞으로 점심메뉴로 자주 시킬거같네요,5,5,5,5,2020년 12월 5일
138,치킨,마포구 상암동,신미경홍대닭갈비3,lk**님,세트（닭갈비볶음밥＋닭갈비우동）/1(맛 선택(순한맛)),맨날 닭갈비 볶음밥만 먹다가 우동은 첨 먹었는데 둘 다 맛있어요 서비스로 계란 후라이도 주셔서 너무 맛있게 먹었습니다,5,5,5,5,2020년 12월 4일
139,치킨,마포구 상암동,신미경홍대닭갈비3,rl**님,"닭갈비 볶음밥（1人）/1(맛 선택(반찬없이 고기100g더 순한맛),사이드 추가 선택(계란후라이 추가))",맛있는데 순한맛도 매운맛이 있네요 매운거 못드시는분들은 참고하세요,5,5,5,5,2020년 12월 2일
140,치킨,마포구 상암동,신미경홍대닭갈비3,hi**님,세트（닭갈비볶음밥＋닭갈비우동）/1(맛 선택(중간맛)),사진 잊고 먹다 찌금 양 인분 되는 것 같고 존맛 근데 진짜 매워서 앞으론 순한맛만 먹으려고요,5,5,5,5,2020년 12월 2일
141,치킨,마포구 상암동,신미경홍대닭갈비3,ba**님,세트（닭갈비볶음밥＋닭갈비우동）/1(맛 선택(반찬없이 고기100g더 순한맛)),일주일만에 또 주문하네요 총 번째 주문입니다 강추강추 리뷰사이다도 잘 마셨어요,5,5,5,5,2020년 11월 29일
142,치킨,마포구 상암동,신미경홍대닭갈비3,jy**님,세트（닭갈비볶음밥＋닭갈비우동）/1(맛 선택(반찬없이 고기100g더 매운맛)),너무맛있어용 양도많고  좋아요,5,5,5,5,2020년 11월 28일
143,치킨,마포구 상암동,신미경홍대닭갈비3,yh**님,세트（닭갈비볶음밥＋닭갈비우동）/1(맛 선택(반찬없이 고기100g더 순한맛)),두번째였는데 역시 맛있네용,5,5,5,5,2020년 11월 28일
144,치킨,마포구 상암동,신미경홍대닭갈비3,hi**님,닭갈비떡볶이/1(맛 선택(기본)),그냥 닭갈비가 아니라 해물닭갈비떡볶이였어요 새우가 두마리나 들어 있어요 소시지도 있어요,5,5,5,5,2020년 11월 28일
145,치킨,마포구 상암동,신미경홍대닭갈비3,na**님,세트（닭갈비볶음밥＋닭갈비우동）/1(맛 선택(반찬없이 고기100g더 순한맛)),많이 파시고 번창하세요 맛있게 잘 먹었습니다,5,5,5,5,2020년 11월 27일
146,치킨,마포구 상암동,신미경홍대닭갈비3,hi**님,닭갈비 볶음우동/1(맛 선택(반찬없이 고기100g더 순한맛)),넘 맛있어요 양도 한 끼 든든히 먹기 딱 좋아요,5,5,5,5,2020년 11월 26일
147,치킨,마포구 상암동,신미경홍대닭갈비3,hi**님,닭갈비 볶음밥（1人）/1(맛 선택(반찬없이 고기100g더 순한맛)),순한 맛은 살짝 매콤한가 정도에요 맛있고 고기 많고 한끼 든든히 먹을 양이었습니다,5,5,5,5,2020년 11월 25일
148,치킨,마포구 상암동,신미경홍대닭갈비3,ba**님,세트（닭갈비볶음밥＋닭갈비우동）/1(맛 선택(반찬없이 고기100g더 순한맛)),너무 맛있었어요 순한맛도 제법 맵습니다 양도 많았습니다,5,5,5,5,2020년 11월 22일
149,치킨,마포구 상암동,신미경홍대닭갈비3,ss**님,닭갈비 볶음밥（1人）/1(맛 선택(반찬없이 고기100g더 순한맛)),양이 진짜 많아요 맛있습니다,5,5,5,5,2020년 11월 18일
150,치킨,마포구 상암동,신미경홍대닭갈비3,la**님,"닭갈비 볶음밥（1人）/1(맛 선택(순한맛)),매콤 숯불바베큐 닭갈비/1(사이즈 선택(小（1~2人）))",배달 안내 시간보다 훨씬 빨리 와주셔서 좋았어요 배달로 먹는건 처음인데 맛있어요 야채가 들어간 닭갈비도 맛있긴하지만 배달시키면 유난히 고기가 적게 느껴져서 아쉬운 느낌이 있는데 이 메뉴는 고기만 잔뜩이라 쌈야채만 준비하면 원얷이 고기흡입이 가능해서 좋아요,5,5,5,5,2020년 11월 16일
151,치킨,마포구 상암동,신미경홍대닭갈비3,gu**님,세트（닭갈비볶음밥＋닭갈비우동）/1(맛 선택(매콤한맛)),리뷰보고 양이 얼마나 많아 했는데 이거 혼자 먹을 양이 아니네요 매운거 못먹는데 매운맛시켜서  다음에 순한맛 시켜먹을게요,5,5,5,5,2020년 10월 27일
152,치킨,마포구 상암동,신미경홍대닭갈비3,zo**님,"세트（닭갈비볶음밥＋닭갈비우동）/1(맛 선택(반찬없이 고기100g더 순한맛)),닭갈비 볶음밥（1人）/1(맛 선택(순한맛))",역시 양이 많아서 좋네요 명이서 맛있게 잘 먹었습니다,5,5,5,5,2020년 10월 27일
153,치킨,마포구 상암동,신미경홍대닭갈비3,do**님,"세트（닭갈비볶음밥＋닭갈비우동）/1(맛 선택(반찬없이 고기100g더 순한맛),사이드 추가 선택(눈꽃치즈 추가))",가끔 먹지만 먹을때마다 양이랑 맛이 너무좋아 늘 만족하게됩니다 반이상 남겼네요 오늘도 잘 먹었습니다,5,5,5,5,2020년 10월 19일
154,치킨,마포구 상암동,신미경홍대닭갈비3,tj**님,닭갈비 볶음밥（1人）/1(맛 선택(반찬없이 고기100g더 순한맛)),불닭볶음면도 안 맵다고 생각하고 잘먹는데 이건 매워죽는줄 분명 순한맛 시켰는데 매운맛으로 온듯  아 속쓰려,4,4,5,4,2020년 10월 18일
155,치킨,마포구 상암동,신미경홍대닭갈비3,fl**님,"닭갈비 볶음밥（1人）/1(맛 선택(매콤한맛),사이드 추가 선택(계란후라이 추가))",맛있어요 배달도 빠르고 서비스도 잘 받았습니다,5,5,5,5,2020년 10월 17일
156,치킨,마포구 상암동,신미경홍대닭갈비3,dh**님,세트（닭갈비볶음밥＋닭갈비우동）/1(맛 선택(반찬없이 고기100g더 순한맛)),항상 양도 많고 맛있습니다 오늘은 소시지도 올려주셔서 훨씬 더 맛있게 먹었습니다,5,5,5,5,2020년 10월 17일
157,치킨,마포구 상암동,신미경홍대닭갈비3,dh**님,닭갈비 볶음밥（1人）/1(맛 선택(반찬없이 고기100g더 순한맛)),원래 볶음밥을 별로 안좋아해서 큰 기대는 없었는데 와 진짜 맛있어요 그리고 제가 먹는 양이 적어서 그런지 한 이틀은 먹을 수 있을 것 같아요 양까지 많아서 그냥 계란후라이 따로 해서 이틀 먹으려구요 감사해요 다음주에 또 시켜먹어야지 아 그리고 저 매운거 잘 먹는데 순한맛도 맛있어서 아마 매운거 못드시는 분들은 순한맛도 좀 매울 수 있어요,5,5,5,5,2020년 10월 13일
158,치킨,마포구 상암동,신미경홍대닭갈비3,mw**님,닭갈비 볶음우동/1(맛 선택(반찬없이 고기100g더 매운맛)),양도 많고 정말 맛있어요 근데 매운맛은 진짜 엄청 매우니까 조심하세요,5,5,5,5,2020년 10월 13일
159,치킨,마포구 상암동,신미경홍대닭갈비3,cy**님,매콤 숯불바베큐 닭갈비/1(사이즈 선택(中（3~4人）)),두번째주문 맛나게잘먹었어요 찬 구성도좋구요,5,5,5,5,2020년 10월 12일
160,치킨,마포구 상암동,신미경홍대닭갈비3,98**님,세트（닭갈비볶음밥＋닭갈비우동）/1(맛 선택(반찬없이 고기100g더 순한맛)),맛있어요 특히 볶음밥이 맛있습니다 원래 달걀 프라이 완숙이었던 것 같은는데 오늘은 반숙으로 와서 슬펐어요 그래도 맛있습니다,5,5,5,5,2020년 10월 11일
161,치킨,마포구 상암동,신미경홍대닭갈비3,ba**님,세트（닭갈비볶음밥＋닭갈비우동）/1(맛 선택(반찬없이 고기100g더 순한맛)),두 번째 주문입니다 우동 밥 모두 생각나는 맛이에요 순한맛 추천,5,5,5,5,2020년 10월 10일
162,치킨,마포구 상암동,신미경홍대닭갈비3,dh**님,세트（닭갈비볶음밥＋닭갈비우동）/1(맛 선택(반찬없이 고기100g더 순한맛)),닭갈비 우동이랑 볶음밥 둘 다 양도 많고 맛있습니다,5,5,5,5,2020년 10월 4일
163,치킨,마포구 상암동,신미경홍대닭갈비3,ya**님,세트（닭갈비볶음밥＋닭갈비우동）/1(맛 선택(반찬없이 고기100g더 매운맛)),사진이 없는건 구성이 너무 좋아서 정신잃고 포장뜯고 바로 먹어서 없어요  제 실수로 매콤한걸 눌른거 같은데 다음엔 순한맛으로 또 시키고 계속 시킬꺼에요 존맛탱구리에요 ,5,5,5,5,2020년 10월 2일
164,치킨,마포구 상암동,신미경홍대닭갈비3,k7**님,닭갈비 볶음밥（1人）/1(맛 선택(반찬없이 고기100g더 매운맛)),고슬고슬한 밥 닭갈비랑 잘 볶아서 생각하던 그 맛이었어요소세지랑 계란후라이까지 좋네여 매운맛이 저한테 너무 자극적인 매운맛이라 다음엔 보통맛으로,4,4,5,5,2020년 10월 1일
165,치킨,마포구 상암동,신미경홍대닭갈비3,cy**님,매콤 숯불바베큐 닭갈비/1(사이즈 선택(中（3~4人）)),맛있어요 좋아요 종종시켜먹을듯해요,5,5,5,5,2020년 9월 30일
166,치킨,마포구 상암동,신미경홍대닭갈비3,ba**님,세트（닭갈비볶음밥＋닭갈비우동）/1(맛 선택(반찬없이 고기100g더 순한맛)),진짜 다른 리뷰들처럼 양 많고 정말 맛있습니다 매콤한 맛은 리뷰보니 진짜 매운 것 같아서 순한 맛으로 했는데 순한 맛도 기본적으로 제법 매콤합니다 처음 주문하시는 분께 순한맛추천 따로 오는 배는 좀 맛이 그랬구요 아무튼 다음에도 이용할게요 추석 잘 보내시길,5,5,5,5,2020년 9월 30일
167,치킨,마포구 상암동,신미경홍대닭갈비3,hy**님,"매콤 숯불바베큐 닭갈비/1(사이즈 선택(小（1~2人）)),세트（닭갈비볶음밥＋닭갈비우동）/1(맛 선택(중간맛))",양 많고 넘 맛있어용 셋이서 이렇게 먹었는데 좀 남았어요,5,5,5,3,2020년 9월 21일
168,치킨,마포구 상암동,신미경홍대닭갈비3,ch**님,세트（닭갈비볶음밥＋닭갈비우동）/1(맛 선택(반찬없이 고기100g더 순한맛)),양이 엄청많네요 진짜 맛있었어요,5,5,5,5,2020년 9월 20일
169,치킨,마포구 상암동,신미경홍대닭갈비3,ya**님,닭갈비 볶음밥（1人）/1(맛 선택(반찬없이 고기100g더 순한맛)),소시지도 주셔서 맛있게 먹었네요 양도많아요,5,5,5,5,2020년 9월 20일
170,치킨,마포구 상암동,신미경홍대닭갈비3,dh**님,세트（닭갈비볶음밥＋닭갈비우동）/1(맛 선택(반찬없이 고기100g더 순한맛)),역시 오늘도 맛있었습니다,5,5,5,5,2020년 9월 17일
171,치킨,마포구 상암동,신미경홍대닭갈비3,ck**님,닭갈비 볶음밥（1人）/1(맛 선택(반찬없이 고기100g더 순한맛)),자주 시켜먹는데 맛있어용,5,5,5,5,2020년 9월 17일
172,치킨,마포구 상암동,신미경홍대닭갈비3,ch**님,닭갈비 볶음밥（1人）/1(맛 선택(중간맛)),맛은 괜찮은편이고 반찬이 깔끔해요,4,3,5,5,2020년 9월 17일
173,치킨,마포구 상암동,신미경홍대닭갈비3,mo**님,"닭갈비 볶음밥（1人）/1(맛 선택(반찬없이 고기100g더 매운맛),사이드 추가 선택(눈꽃치즈 추가))",야작할때 최고예요 매워서 속 아프지만 한번씩 매운게 땡길 때 먹고싶을거같아요 ,4,4,5,5,2020년 9월 15일
174,치킨,마포구 상암동,신미경홍대닭갈비3,ki**님,"세트（닭갈비볶음밥＋닭갈비우동）/1(맛 선택(반찬없이 고기100g더 순한맛)),닭갈비 볶음밥（1人）/1(맛 선택(반찬없이 고기100g더 순한맛))",양 적당할 줄 알았는데 생각보다 되게 많네요 먹다가 좀 남겼어요 양도 많고 맛도 진짜 괜찮았습니다 다음에도 시켜먹을게요,5,5,5,5,2020년 9월 14일
175,치킨,마포구 상암동,신미경홍대닭갈비3,vu**님,닭갈비 볶음밥（1人）/1(맛 선택(매콤한맛)),잘먹엇어요 맛선택을잘못함,5,5,5,5,2020년 9월 14일
176,치킨,마포구 상암동,신미경홍대닭갈비3,qo**님,세트（닭갈비볶음밥＋닭갈비우동）/1(맛 선택(반찬없이 고기100g더 순한맛)),와 핵꿀맛 돈이 안아까운 구성이네요 ,5,5,5,5,2020년 9월 13일
177,치킨,마포구 상암동,신미경홍대닭갈비3,le**님,닭갈비 볶음밥（1人）/1(맛 선택(반찬없이 고기100g더 순한맛)),심플해서 좋네요반찬없이 고기많이 좋은것같아요 기처리도 일인데번창하세요,5,5,5,5,2020년 9월 11일
178,치킨,마포구 상암동,신미경홍대닭갈비3,ov**님,"매콤 숯불바베큐 닭갈비/1(사이즈 선택(小（1~2人）),사이드 추가 선택(계란후라이 추가)),닭갈비 볶음밥（1人）/1(맛 선택(매콤한맛),사이드 추가 선택(계란후라이 추가)),닭갈비 볶음우동/1(맛 선택(매콤한맛),사이드 추가 선택(계란후라이 추가))",닭갈비는 딱 적당했는데 볶음밥이랑 우동을 매콤한맛으로하니까 진짜 맵더라고요 매워서 다 못먹었지만 맛있는건 느껴졌습니다 다음에는 순한맛 시켜먹어야겠어요 번창하세요,5,5,5,5,2020년 9월 6일
179,치킨,마포구 상암동,신미경홍대닭갈비3,mo**님,"매콤 숯불바베큐 닭갈비/1(사이즈 선택(小（1~2人）),사이드 추가 선택(공기밥 추가))",살짝 맵습니다 잘먹었습니다,5,5,5,5,2020년 8월 28일
180,치킨,마포구 상암동,신미경홍대닭갈비3,mw**님,세트（닭갈비볶음밥＋닭갈비우동）/1(맛 선택(반찬없이 고기100g더 순한맛)),너무 맛있게 잘 먹었습니다,5,5,5,5,2020년 8월 22일
181,치킨,마포구 상암동,신미경홍대닭갈비3,zu**님,"닭갈비 볶음밥（1人）/1(맛 선택(순한맛),사이드 추가 선택(계란후라이 추가))",맛있게 먹었어요 감사합니다또 이용할게요,5,5,5,5,2020년 8월 17일
182,치킨,마포구 상암동,신미경홍대닭갈비3,se**님,매콤 숯불바베큐 닭갈비/1(사이즈 선택(小（1~2人）)),정말맛있었는데 사진과 다르게 떡이 안들어있네요 다른사람 후기 보니까 떡 넣어줏는것 같은데 제꺼는 닭갈비만 들어있었어요 고구마나 뭐 야채 바라는건 아니구 사진에 떡 있어서 떡도 들어있나보다 하고 시킨건데 표기해주시거나 사진을 바꿔주시거나 해야할것같네요,4,4,5,4,2020년 8월 17일
183,치킨,마포구 상암동,신미경홍대닭갈비3,pa**님,세트（닭갈비볶음밥＋닭갈비우동）/1(맛 선택(매콤한맛)),맛있는데 너무 매워서 깜놀,5,4,4,4,2020년 8월 16일
184,치킨,마포구 상암동,신미경홍대닭갈비3,cj**님,"매콤 숯불바베큐 닭갈비/1(사이즈 선택(中（3~4人）),사이드 추가 선택(체다치즈소스 추가,계란후라이 추가)),쿨피스 355mL/2",닭갈비가 숯불이라 그런지 퀄리티가 좋고 간도 적당하고 맛있었습니다 밑반찬도 맘에 들었습니다 잘 먹었습니다,5,5,5,5,2020년 8월 15일
185,치킨,마포구 상암동,신미경홍대닭갈비3,al**님,"닭갈비 볶음밥（1人）/1(맛 선택(매콤한맛)),쿨피스 355mL/1",양 맛 서비스 다 만점입니다 다시 주문할개요,5,5,5,5,2020년 8월 14일
186,치킨,마포구 상암동,신미경홍대닭갈비3,na**님,"매콤 숯불바베큐 닭갈비/1(사이즈 선택(中（3~4人）),사이드 추가 선택(공기밥 추가)),닭갈비 볶음우동/1(맛 선택(매콤한맛))",닭갈비 맛있게 잘 구워져서 맛있어요 닭갈비우동이 너무 뜻하지 않게 매워서 먹기를 포기했어요 ,5,5,5,5,2020년 8월 13일
187,치킨,마포구 상암동,신미경홍대닭갈비3,dh**님,세트（닭갈비볶음밥＋닭갈비우동）/1(맛 선택(반찬없이 고기100g더 순한맛)),다 먹고나서 리뷰를 쓰게되어 사진이 없네요  이번이 번째 먹는건데 맛도 되게 맛있고 양도 많아서 자주 시켜먹을거같아요,5,5,5,5,2020년 8월 13일
188,치킨,마포구 상암동,신미경홍대닭갈비3,mw**님,세트（닭갈비볶음밥＋닭갈비우동）/1(맛 선택(반찬없이 고기100g더 순한맛)),양도 진짜 많고 너무너무 맛있어요,5,5,5,5,2020년 8월 12일
189,치킨,마포구 상암동,신미경홍대닭갈비3,ck**님,닭갈비 볶음밥（1人）/1(맛 선택(반찬없이 고기100g더 순한맛)),맨날 닭갈비 먹을 때만 먹던 볶음밥인데 그래서 그런지 맛있어요,5,5,5,5,2020년 8월 9일
190,치킨,마포구 상암동,신미경홍대닭갈비3,hu**님,세트（닭갈비볶음밥＋닭갈비우동）/1(맛 선택(반찬없이 고기100g더 순한맛)),완전 맛있고 양도 좋았습니다,5,5,5,4,2020년 8월 5일
191,치킨,마포구 상암동,신미경홍대닭갈비3,b1**님,닭갈비 볶음밥（1人）/1(맛 선택(매콤한맛)),아무런 옵샨추가 없는데 양과 구성 너무 알차서 놀랐습니다 고기집이나 닭갈비집에서 볶음밥 없으면 서운한 분들에게 딱인것 같아요 저한테는 좀 많이 짠편이라 맛은 별 하나 뺐습니다  다음엔 우동에 도전해보겠습니다,5,4,5,5,2020년 8월 4일
192,치킨,마포구 상암동,신미경홍대닭갈비3,go**님,세트（닭갈비볶음밥＋닭갈비우동）/1(맛 선택(순한맛)),넘 맛있어서 시켜먹은지 얼마 안지났는데 또 시켜먹었답니다 강추,5,5,5,5,2020년 7월 30일
193,치킨,마포구 상암동,신미경홍대닭갈비3,go**님,닭갈비 볶음밥（1人）/1(맛 선택(순한맛)),너무 맛있었눈데 리뷰이벤트로 콜라는 안왔답니다 리뷰행사가 끝났나 쨋둔 맛있어요 ,5,5,5,5,2020년 7월 28일
194,치킨,마포구 상암동,신미경홍대닭갈비3,ds**님,세트（닭갈비볶음밥＋닭갈비우동）/1(맛 선택(반찬없이 고기100g더 순한맛)),닭갈비가 너무 먹고싶어서 오늘 첨 시킨건데 아주 맛있네요 정신차리니 이미 포장을 뜯어버려서 사진이 좀 그렇지만 포장상태도 깨끗하고 양도 많아서 좋았습니다 자주 시켜먹을게요,5,4,5,4,2020년 7월 20일
195,치킨,마포구 상암동,신미경홍대닭갈비3,ga**님,닭갈비 볶음밥（1人）/1(맛 선택(매콤한맛)),와 양 진짜 많네요닭날개 주신것도 잘 먹겠습니다 하루엔 다 못먹을거 같네요 그나저나 순한맛이 훨씬 좋을거 같았어요 너무 매워서 ,4,4,5,4,2020년 7월 19일
196,치킨,마포구 상암동,신미경홍대닭갈비3,ys**님,닭갈비 볶음밥（1人）/1(맛 선택(순한맛)),먹을 만 했어요 양은 많아요,4,4,5,3,2020년 7월 18일
197,치킨,마포구 상암동,신미경홍대닭갈비3,zs**님,닭갈비 볶음밥（1人）/1(맛 선택(순한맛)),와 양이 어마어마 합니다 반찬도 많고 둘이먹어도 배뷰를 양이네요 잘먹었습니다,5,5,5,5,2020년 7월 13일
198,치킨,마포구 상암동,신미경홍대닭갈비3,98**님,세트（닭갈비볶음밥＋닭갈비우동）/1(맛 선택(반찬없이 고기100g더 순한맛)),계란이 완숙이라 좋아요 볶음밥 위에 올리는 계란 반숙일 때 속상한데 완숙이에요 매운맛은 엄청 매웠는데 순학맛은 적당한 매움이라서 좋았습니다,5,5,5,5,2020년 7월 12일
199,치킨,마포구 상암동,신미경홍대닭갈비3,gi**님,세트（닭갈비볶음밥＋닭갈비우동）/1(맛 선택(반찬없이 고기100g더 순한맛)),항상 너무 맛있게 먹고있습니다 닭고기 양도 실하고 밥도 우동도 너무 맛있어요,5,5,5,5,2020년 7월 10일
200,치킨,마포구 상암동,신미경홍대닭갈비3,wk**님,"닭갈비 볶음우동/1(맛 선택(매콤한맛),사이드 추가 선택(눈꽃치즈 추가))",우동과 닭갈비가 진짜 잘어울려서 맛있어요,5,5,5,5,2020년 7월 6일
201,치킨,마포구 상암동,신미경홍대닭갈비3,we**님,세트（닭갈비볶음밥＋닭갈비우동）/1(맛 선택(반찬없이 고기100g더 매운맛)),닭갈비 갑 홍대오프라인매장가서 먹던 닭갈비 계란후라이가 집으로 왔네요 감사합니다,5,5,5,5,2020년 7월 4일
202,치킨,마포구 상암동,신미경홍대닭갈비3,wn**님,닭갈비 볶음밥（1人）/1(맛 선택(매콤한맛)),매운맛은 넘매워요 순한맛은 조금 매운맛일지 다음번엔 반찬없이 순한맛으로 시켜보려구요,4,3,5,5,2020년 7월 3일
203,치킨,마포구 상암동,신미경홍대닭갈비3,ek**님,세트（닭갈비볶음밥＋닭갈비우동）/1(맛 선택(반찬없이 고기100g더 매운맛)),맛은있는데 고기추가 더맵게로 햇도니 저번보다 너무매워요,3,3,5,5,2020년 7월 1일
204,치킨,마포구 상암동,신미경홍대닭갈비3,98**님,세트（닭갈비볶음밥＋닭갈비우동）/1(맛 선택(반찬없이 고기100g더 매운맛)),가격에 비해 양도 많고 맛있어요 계란도 완숙이라 좋았습니다 반찬 잘 안 먹은 사람이라 반찬 없이 닭갈비  더 주는 옵션이 있어서 좋았습니다 자취러들 중에 반찬 안 먹어서 항상 버리시는 분들은 반찬 없는 옵션 추천드려요,5,5,5,5,2020년 6월 29일
205,치킨,마포구 상암동,신미경홍대닭갈비3,sw**님,닭갈비 볶음밥（1人）/1(맛 선택(반찬없이 고기100g더 순한맛)),양 진짜 푸짐하고 많아요 배부르게 너무 잘먹었습니다,4,4,5,5,2020년 6월 26일
206,치킨,마포구 상암동,신미경홍대닭갈비3,si**님,세트（닭갈비볶음밥＋닭갈비우동）/1(맛 선택(반찬없이 고기100g더 매운맛)),매운 걸 좋아하고 잘 먹어서 매운맛으로 선택했는데 정말 맵네요 다음엔 순한맛으로 시키려구요 위가 약하신 분들이나 순한맛 중에 고민하시는 분들은 참고하시면 좋을 거 같아요 매운 걸 좋아하면 충분히 만족할 거 같습니다 처음 시켜보는 거라 많이 망설였는데 너무너무 맛있게 먹었습니다 생각보다 고기의 양이 좀 적지만 제 입맛에 잘 맞아서 다음에 또 시킬게요,5,5,5,5,2020년 6월 25일
207,치킨,마포구 상암동,신미경홍대닭갈비3,li**님,세트（닭갈비볶음밥＋닭갈비우동）/1(맛 선택(반찬없이 고기100g더 순한맛)),맛있어요 배달도 빨라요,5,5,5,5,2020년 6월 24일
208,치킨,마포구 상암동,신미경홍대닭갈비3,or**님,매콤 숯불바베큐 닭갈비/1(사이즈 선택(小（1~2人）)),양도 적당 하고 술 안주로 딱 인듯 약간 양념맛이 제입맛엔  프로 부족 했으나 나쁘지는 않았어요,4,4,4,4,2020년 6월 23일
209,치킨,마포구 상암동,신미경홍대닭갈비3,mt**님,세트（닭갈비볶음밥＋닭갈비우동）/1(맛 선택(순한맛)),순한맛으로 시켯는데 제입맛엔 볶음밥은 약간 싱거웠고 우동은 기름이 좀 많긴했지만 양도 적당하고 입맛에 딱이었어요 볶음밥을 더 기대했는데 우동을 더 맛있게 먹었어요 근데 양배추가 양도적고 오래된거같아 좀 실망했어요 쌈무도 조금 더 있었으면 좋았을거같아요 서비스로 주신 삼겹살이랑 사이다랑 맛있게 잘 먹었습니다 전체적으로 맛있었는데 살짝 아쉬운점들때문에 별개드려요,4,4,5,5,2020년 6월 22일
210,치킨,마포구 상암동,신미경홍대닭갈비3,vu**님,닭갈비 볶음밥（1人）/1(맛 선택(순한맛)),반찬제외한다는걸 깜뻑햇네요 그래서 그냥 반찬도 다먹엇습니다맛잇어용,5,5,5,5,2020년 6월 22일
211,치킨,마포구 상암동,신미경홍대닭갈비3,vu**님,닭갈비 볶음밥（1人）/1(맛 선택(반찬없이 고기100g더 순한맛)),사진찍은게 없어졋어요존맛탱인데 노고산이예요,5,5,5,5,2020년 6월 22일
212,치킨,마포구 상암동,신미경홍대닭갈비3,gi**님,"세트（닭갈비볶음밥＋닭갈비우동）/1(맛 선택(반찬없이 고기100g더 순한맛),사이드 추가 선택(눈꽃치즈 추가,1人 닭갈비볶음밥 추가))",고기양도 많고 너무 맛있어요 서비스로 주신 소세지도 짱맛 잘먹었습니다,5,5,5,5,2020년 6월 21일
213,치킨,마포구 상암동,신미경홍대닭갈비3,b_**님,"매콤 숯불바베큐 윙봉반반/1(사이즈 선택(小（1~2人）),사이드 추가 선택(체다치즈소스 추가,공기밥 추가,계란후라이 추가,닭갈비 150g 추가)),닭갈비 볶음밥（1人）/1(맛 선택(매콤한맛),사이드 추가 선택(계란후라이 추가))",배송도 빠르고 매콤하니 음식도 맛있네요 리뷰 열리는 시간 기다리다가 서비스 먹어버렸는데 서비스도 감사히 잘 먹었어요 집에서 닭갈비 볶음밥을 먹을 수 있다는게 넘 좋고 신나네욥 ,5,5,5,5,2020년 6월 17일
214,치킨,마포구 상암동,신미경홍대닭갈비3,82**님,세트（닭갈비볶음밥＋닭갈비우동）/1(맛 선택(반찬없이 고기100g더 순한맛)),분이나 기다려서 받아본건데 매장에서 먹는 맛이랑 같았는데 볶은 음식이라 어쩔수없지만 평소보다 약간 기름진 맛이 강했어요그리구 포장용기에 포장이 그냥 뜯어질정도로 약한거같아서 자칫하면 세거나 그럴거 같았어요,4,4,4,4,2020년 6월 15일
215,치킨,마포구 상암동,신미경홍대닭갈비3,dr**님,"매콤 숯불바베큐 닭갈비/1(사이즈 선택(小（1~2人）)),세트（닭갈비볶음밥＋닭갈비우동）/1(맛 선택(매콤한맛))",번이나 시켜먹으면서 배달글 남긴적이 손에 꼽습니다 양만 많습니다 맛은 그냥 평범 허나 모든음식이 신맛이 강합니다 배달 진짜 최악입니다 배달비 원이나 받으면서 봉투 밖에까지 기름범벅이었습니다 전달받자마자 스트레스 식탁에 놓을까말까 고민하다 안에 기름바다보고 포기했습니다 아 숟가락젓가락 어쩌나했는데 엎어질걸 알았나봐요 그냥 안챙겨줬대요 분이나 기다려서 받았는데 더 기다릴수없어 그냥 받은게 너무 짜증나네요 다시 보내드렸어야 기름폭탄을 받으셨을텐데,1,2,5,1,2020년 6월 14일
216,치킨,마포구 상암동,신미경홍대닭갈비3,sc**님,세트（닭갈비볶음밥＋닭갈비우동）/1(맛 선택(반찬없이 고기100g더 순한맛)),맛잇어요 세트로 점심저녁해결쌉가능,5,5,5,5,2020년 6월 14일
217,치킨,마포구 상암동,신미경홍대닭갈비3,gi**님,세트（닭갈비볶음밥＋닭갈비우동）/1(맛 선택(반찬없이 고기100g더 순한맛)),너무 맛있게 잘먹었어요 오자마자 허겁지겁 먹어 사진을 못찍었네요 자주시켜먹을 거라서 다음엔 사진도 꼭올릴게요 우동은 생소했는데 강추 너무 맛있어요,5,5,5,5,2020년 6월 10일
218,치킨,마포구 상암동,신미경홍대닭갈비3,se**님,세트（닭갈비볶음밥＋닭갈비우동）/1(맛 선택(순한맛)),닭갈비집에서 먹는 맛 그대로로 꿀맛입니다 양도 엄청나게 많네요 서비스도 감사합니다,5,5,5,5,2020년 6월 9일
219,치킨,마포구 상암동,신미경홍대닭갈비3,lk**님,"닭갈비 볶음밥（1人）/1(맛 선택(매콤한맛)),닭갈비 볶음밥（1人）/1(맛 선택(순한맛))",이사 전에 시켰을 때 너무 맛있어서 이사 가서도 또 먹고싶었는데 다행히 배달이 됐어요 역시나 맛있고 서비스로 미니 닭갈비도 주셔서 너무 좋아요 담에 또 시킬거에요,5,5,5,5,2020년 6월 9일
220,치킨,마포구 상암동,신미경홍대닭갈비3,ta**님,"세트（닭갈비볶음밥＋닭갈비우동）/1(맛 선택(매콤한맛),사이드 추가 선택(닭갈비 150g 추가))",오우 맛있어용 서비스 소세지까징 감사함당 또 시켜먹을듯 조금 매울수있음,5,5,5,5,2020년 6월 7일
221,치킨,마포구 상암동,신미경홍대닭갈비3,go**님,닭갈비 볶음밥（1人）/1(맛 선택(매콤한맛)),처음 시켜먹었는데 정말 맛잇게 잘 먹었습니다,5,5,5,5,2020년 6월 7일
222,치킨,마포구 상암동,신미경홍대닭갈비3,eu**님,"세트（닭갈비볶음밥＋닭갈비우동）/1(맛 선택(반찬없이 고기100g더 순한맛),사이드 추가 선택(공기밥 추가,계란후라이 추가))",서비스 닭갈비 너무 감덩  첫주문 모험 대성공인가요 순한맛도 조금 미세하게 매콤해서 제게는 이게 딱인 거 같아요  계란후라이도 맛있고 닭갈비 우동은 첫시도였는데 맛있 대충 주린 배를 안고 기다린 보람이 있다는 소리,5,5,5,5,2020년 6월 6일
223,치킨,마포구 상암동,신미경홍대닭갈비3,mi**님,신미경 숯불바베큐 닭갈비 도시락/2,짱 맛있었어용 다음엔 세트로 먹어볼게욤,5,5,5,5,2020년 6월 2일
224,치킨,마포구 상암동,신미경홍대닭갈비3,hy**님,닭갈비 볶음밥（1人）/1(맛 선택(매콤한맛)),일단 양이 어마어마하게 많습니다 맛있고 매콤한맛은 꽤 매우니까불닭볶음면정도 매운거 못드시는 분들은 순한맛 드세요 배달도 분정도로 빨리와서 먹다가 쓰느라 좀 지저분해서 이벤트로 주신 쿨피스 사진으로 대체합니다 서비스 감사드려요,5,5,5,5,2020년 6월 2일
225,치킨,마포구 상암동,신미경홍대닭갈비3,ha**님,세트（닭갈비볶음밥＋닭갈비우동＋반찬6가지 감자샐러드＋피클＋단무지＋옥수수콘＋양배추샐러드＋무쌈）/1(맛 선택(매콤한맛)),양도 많고 이가격에 밥과 우동 같이 있어서 좋아요 다만 좀 짜고 닭갈비 고기가 몇개 없네요,5,5,5,5,2020년 6월 1일
226,치킨,마포구 상암동,신미경홍대닭갈비3,wo**님,매콤 숯불바베큐 닭갈비/1(사이즈 선택(小（1~2人）)),매콤하네요 맛있었습니다,5,5,5,5,2020년 5월 30일
227,치킨,마포구 상암동,신미경홍대닭갈비3,ki**님,"매콤 숯불바베큐 닭갈비/1(사이즈 선택(小（1~2人）)),닭갈비 볶음밥（1人）/1",두번째 먹는데 변함없이 맞있어요,5,5,5,5,2020년 5월 26일
228,치킨,마포구 상암동,신미경홍대닭갈비3,o_**님,"신미경 숯불바베큐 닭갈비 도시락/1,신미경 숯불바베큐 닭갈비 도시락/1(사이드 추가 선택(체다치즈소스 추가)),닭갈비 볶음밥（1人）/3",맛있어요 근데 볶음밥하나는 뜯어져서오고 젓가락두없고 하나안맵게 해달랬는데 표시도 없네요,5,5,4,3,2020년 5월 25일
229,치킨,마포구 상암동,신미경홍대닭갈비3,ju**님,"세트（닭갈비볶음밥＋닭갈비우동＋반찬6가지 감자샐러드＋피클＋단무지＋옥수수콘＋양배추샐러드＋무쌈）/1(맛 선택(매콤한맛),사이드 추가 선택(닭갈비 150g 추가))",맛나요 양도 많아요 이틀동안 나눠서 먹었는데 식어도 맛나요 강추해요 사장님 떡 맛나게 먹었습니다아,5,5,5,5,2020년 5월 24일
230,치킨,마포구 상암동,신미경홍대닭갈비3,al**님,"매콤 숯불바베큐 닭갈비/1(사이즈 선택(小（1~2人）)),닭갈비 볶음밥（1人）/1,콜라 355mL（캔）/1",매장이 개 있는건가요 매장에서 먹었었는데 완전 구성이 달라서요 볶음밥은 진짜 맛있어요 근데 닭갈비는 좀 짜고 조미료맛이 좀 났어요 짜다그래야하나 앞으로 닭갈비 먹고싶으면 가서 먹으려구요,4,4,4,4,2020년 5월 24일
231,치킨,마포구 상암동,신미경홍대닭갈비3,손님,세트（닭갈비볶음밥＋닭갈비우동＋반찬6가지 감자샐러드＋피클＋단무지＋옥수수콘＋양배추샐러드＋무쌈）/2(맛 선택(순한맛)),맛은 좋고 양도 많네요 배달만 조금 신경써주셨으면 좋을 듯 합니다 포장 틈새로 기름이 새서,4,4,5,4,2020년 5월 17일
232,치킨,마포구 상암동,신미경홍대닭갈비3,id**님,"매콤 숯불바베큐 닭갈비/1(사이즈 선택(小（1~2人）)),공기밥/1",숯불 향이 강하게 나서 식욕 엄청 자극해요 딱 필요한 반찬만 있고 떡 말고는 그냥 다 고기로 채워진 메인도 좋네요 양이 넉넉해요 근데 닭고기만 있는 게 아니라 돼지고기도 섞여 있어서 약간 놀랐어요 돼지고기 안 좋아해서 이건 좀 아쉬웠어요  닭갈비 먹고 싶을 때 또 찾을게요,5,5,5,5,2020년 5월 17일
233,치킨,마포구 상암동,신미경홍대닭갈비3,kj**님,매콤 숯불바베큐 닭갈비/1(사이즈 선택(小（1~2人）)),저 여기 홍대매장 종종 갔었는데우연찮게 보고 주문해봤어요사장님 서비스 너무너무 감사드려요번창하시고 매장도 또 방문할게요,5,5,5,5,2020년 5월 16일
234,치킨,마포구 상암동,신미경홍대닭갈비3,da**님,매콤 숯불바베큐 닭갈비/1(사이즈 선택(小（1~2人）)),맛있는 살짝 싱거워서 아쉬웠어요,4,4,4,5,2020년 5월 16일
235,치킨,마포구 상암동,신미경홍대닭갈비3,ki**님,"매콤 숯불바베큐 닭갈비/1(사이즈 선택(小（1~2人）)),닭갈비 볶음밥（1人）/1",소스가 있으면찍먹 맞있어요,5,5,5,5,2020년 5월 15일
236,치킨,마포구 상암동,신미경홍대닭갈비3,sh**님,세트（닭갈비볶음밥＋닭갈비우동＋반찬6가지 감자샐러드＋피클＋단무지＋오징어젓갈＋양배추샐러드＋소세지부침）/1(맛 선택(순한맛)),맛있어요 양 진짜 많고 근데 비닐칼은 원래 따로 안주시나요 뻑뻑해서 잘 뜯기지도 않는데 벗기느라 애썼네여,5,5,5,5,2020년 5월 14일
237,치킨,마포구 상암동,신미경홍대닭갈비3,mi**님,닭갈비 볶음밥（1人）/1,양이 진짜 많아요 고기랑 떡도 많이 들어있구 맛있어요   근데 좀 매워요 다음엔 순한거 시켜먹을게요,5,4,5,4,2020년 5월 14일
238,치킨,마포구 상암동,신미경홍대닭갈비3,co**님,닭갈비 볶음밥（1人）/1(사이드 추가 선택(계란후라이 추가)),맛도 괜찮지만 양이 어마어마합니다 자주 시켜먹을게요 ,5,5,5,5,2020년 5월 12일
239,치킨,마포구 상암동,신미경홍대닭갈비3,k2**님,"세트（닭갈비볶음밥＋닭갈비우동＋반찬6가지 감자샐러드＋피클＋단무지＋오징어젓갈＋양배추샐러드＋소세지부침）/1(맛 선택(순한맛),사이드 추가 선택(공기밥 추가,계란후라이 추가,닭갈비 150g 추가)),사이다 355mL（캔）/1",맛있게 먹고 있었는데 볶음밥에서 머리카락 나왔네요,3,1,5,5,2020년 5월 12일
240,치킨,마포구 상암동,신미경홍대닭갈비3,ha**님,신미경 숯불바베큐 닭갈비 도시락/1,맛있긴한데 배송도 늦게 오고 다 식어서 왔어요 날씨가 식을 날씨는 아닌데 제가 적게 먹는 편인데도 양이 살짝 모자라더라구요 그래도 맛있게 잘먹었습니다,5,4,3,3,2020년 5월 11일
241,치킨,마포구 상암동,신미경홍대닭갈비3,js**님,"세트（닭갈비볶음밥＋닭갈비우동＋반찬6가지 감자샐러드＋피클＋단무지＋오징어젓갈＋양배추샐러드＋소세지부침）/1(맛 선택(순한맛),사이드 추가 선택(닭갈비 150g 추가,눈꽃치즈 추가))",매콤한게 맛있게 잘 먹었습니다 닭갈비 우동은 순한맛인데도 저에겐 너무 매웠어요 다음엔 둘다 볶음밥으로 주문해야겠네요 밑반찬도 맛있고 특히 오징어 젖갈이 아주 일품입니다요 잘 먹었습니다,5,5,5,5,2020년 5월 11일
242,치킨,마포구 상암동,신미경홍대닭갈비3,mo**님,"세트（닭갈비볶음밥＋닭갈비우동＋반찬6가지 감자샐러드＋피클＋단무지＋오징어젓갈＋양배추샐러드＋소세지부침）/1(맛 선택(매콤한맛),사이드 추가 선택(공기밥 추가,계란후라이 추가))",양 진짜 많고 맛있어요 잘 먹었습니다,5,5,5,5,2020년 5월 11일
243,치킨,마포구 상암동,신미경홍대닭갈비3,wl**님,닭갈비 볶음밥（1人）/1,먹다가 찍었는데 진짜 꿀맛이였습니다,5,5,5,5,2020년 5월 10일
244,치킨,마포구 상암동,신미경홍대닭갈비3,db**님,닭갈비 볶음밥（1人）/1,쪼금 식어서 와서 아쉽네여,4,4,5,5,2020년 5월 8일
245,치킨,마포구 상암동,신미경홍대닭갈비3,wu**님,세트（닭갈비볶음밥＋닭갈비우동＋반찬6가지 감자샐러드＋피클＋단무지＋오징어젓갈＋양배추샐러드＋소세지부침）/1(맛 선택(매콤한맛)),맛과양 모두 잘먹었습니다,5,5,5,5,2020년 5월 7일
246,치킨,마포구 상암동,신미경홍대닭갈비3,kb**님,"세트（닭갈비볶음밥＋닭갈비우동＋반찬6가지 감자샐러드＋피클＋단무지＋오징어젓갈＋양배추샐러드＋소세지부침）/1(맛 선택(매콤한맛),사이드 추가 선택(계란후라이 추가,눈꽃치즈 추가,1人 닭갈비볶음밥 추가))",양도 많고 맛있고 만족스럽게 먹었습니다 주변에 이런 음식을 파는 곳이 없어서 전부 중국집 아님 일식집  배달로 새롭고 맛있는 음식 시켜먹으니까 기분이 좋아지네요  번창하시길 바래요,5,5,5,5,2020년 5월 7일
247,치킨,마포구 상암동,신미경홍대닭갈비3,yo**님,닭갈비 볶음밥（1人）/1(사이드 추가 선택(체다치즈소스 추가)),맛도있고 양도 많고 반찬도 다양해서 좋았습니다,5,5,5,5,2020년 5월 7일
248,치킨,마포구 상암동,신미경홍대닭갈비3,손님,세트（닭갈비볶음밥＋닭갈비우동＋반찬6가지 감자샐러드＋피클＋단무지＋오징어젓갈＋양배추샐러드＋소세지부침）/1(맛 선택(매콤한맛)),밥을 바짝 볶아 달라고 부탁드렸는데 바짝 볶은 정도를 넘어서 좀 탔어요 그게 좀 아쉽긴 했지만 잘 먹었습니다,5,5,5,5,2020년 5월 6일
249,치킨,마포구 상암동,신미경홍대닭갈비3,da**님,닭갈비 볶음우동/1,다시 시켜먹었는데 역시 맛있어요 요청대로 해주셔서 감사합니다  리뷰이벤트도 감사해용,5,5,4,5,2020년 5월 6일
250,치킨,마포구 상암동,신미경홍대닭갈비3,al**님,"닭갈비 볶음밥（1人）/1(사이드 추가 선택(눈꽃치즈 추가)),쿨피스 355mL/1",제가 제일 좋아하는 닭갈비 또 시켰어요 역시 맛도 좋고 반찬도 많았어요 위에 눈꽃지츠 추가로 시켜서 더욱 맛있게 잘먹었습니다 배달도 되게 빨랐어요 이 가게 매우 추천합니다 또 주문할게요,5,5,5,5,2020년 5월 5일
251,치킨,마포구 상암동,신미경홍대닭갈비3,ar**님,세트（닭갈비볶음밥＋닭갈비우동＋반찬6가지 감자샐러드＋피클＋단무지＋오징어젓갈＋양배추샐러드＋소세지부침）/1(맛 선택(순한맛)),양이 정말 많고 맛있습니다 볶음밥엔 삼겹살구이까지 넣어주시고 달걀후라이도 심지어 두 개네요 반찬도 구성이나 양이 적절합니다 감자샐러드는 손이 많이 갈텐데 볶음밥 우동과 정말 잘 어울리고요 다만 오징어젓은 메인하고 겹치는 부분이 있어 별도로 덜어 쌀밥과 먹었네요 배달이 조금 늦었지만 맛있어서 문제가 되지 않습니다 ,4,4,5,3,2020년 5월 3일
252,치킨,마포구 상암동,신미경홍대닭갈비3,bo**님,"세트（닭갈비볶음밥＋닭갈비우동＋반찬6가지 감자샐러드＋피클＋단무지＋오징어젓갈＋양배추샐러드＋소세지부침）/1(맛 선택(매콤한맛),사이드 추가 선택(닭갈비 150g 추가))",예상시간보다 분 빠르게 왔구요 매운맛으로 주문했는데 쿨피스 서비스로 주신거 감사합니다 음식도 맵긴 매운데 맛있어요 잘먹겠습니다,5,5,5,5,2020년 5월 2일
253,치킨,마포구 상암동,신미경홍대닭갈비3,ji**님,세트（닭갈비볶음밥＋닭갈비우동＋반찬6가지 감자샐러드＋피클＋단무지＋오징어젓갈＋양배추샐러드＋소세지부침）/1(맛 선택(매콤한맛)),맛있는 뿐만 아니라 양도 진짜 많아요 진짜 오랜만에 배부르게 먹었습니다,5,4,5,5,2020년 4월 28일
254,치킨,마포구 상암동,신미경홍대닭갈비3,he**님,닭갈비 볶음밥（1人）/1,양이 엄청 많네요 거의 인분 반찬도 맛있고 완전 맘에 듭니다,5,5,5,5,2020년 4월 28일
255,치킨,마포구 상암동,신미경홍대닭갈비3,cy**님,세트（닭갈비볶음밥＋닭갈비우동＋반찬6가지 감자샐러드＋피클＋단무지＋오징어젓갈＋양배추샐러드＋소세지부침）/1(맛 선택(매콤한맛)),배달도 빨리왔고 푸짐하네요 홍대매장에 직접가서 먹었을땐 보통맛이 매콤한느낌이 없어서 매운맛으로 시켰는데 확 매워지네요 그래도 반찬도 맛있고 양도 많아서 맛있게 잘먹었습니다 우동보단 볶음밥이 더 맛있는거같아요,5,5,5,5,2020년 4월 27일
256,치킨,마포구 상암동,신미경홍대닭갈비3,ch**님,닭갈비 볶음밥（1人）/1,양이 진짜 많아서 처음에 놀랐어요  맛있게 잘 먹었어요 다음에 또 주문할게요,5,5,5,5,2020년 4월 26일
257,치킨,마포구 상암동,신미경홍대닭갈비3,ho**님,닭갈비 볶음밥（1人）/1,양도 많고 가성비도 너무 좋은 것 같아요 다음에도 또 시켜먹을게요 ,5,5,5,5,2020년 4월 21일
258,치킨,마포구 상암동,신미경홍대닭갈비3,손님,매콤 숯불바베큐 닭갈비/1(사이즈 선택(小（1~2人）)),저는 아무래도 숯불보다는 철판닭갈비가 더 취향  철판닭갈비처럼 야채가 없으니 양이 적게 느껴져서 그게 좀 아쉽네요 볶음밥 꼭 추가하심이  그래도 잘 먹었습니다,5,5,5,5,2020년 4월 21일
259,치킨,마포구 상암동,신미경홍대닭갈비3,99**님,닭갈비 볶음밥（1人）/1,양도괜찮고 밑반찬까지 맛있게 잘 먹었네요,5,5,5,5,2020년 4월 21일
260,치킨,마포구 상암동,신미경홍대닭갈비3,sw**님,세트（닭갈비볶음밥＋닭갈비우동＋반찬6가지 감자샐러드＋피클＋단무지＋오징어젓갈＋양배추샐러드＋소세지부침）/1(맛 선택(순한맛)),볶음밥 너무 맛있었습니당  볶음면은 소스가 많이 없어서 먹기 조금 힘들었습니다 나중에 또시켜먹을게요 ,5,5,5,5,2020년 4월 19일
261,치킨,마포구 상암동,신미경홍대닭갈비3,th**님,신미경 숯불바베큐 닭갈비 도시락/1(사이드 추가 선택(닭갈비 150g 추가)),맛있고 배달도 빠르고 양도 적당해요,4,4,4,5,2020년 4월 19일
262,치킨,마포구 상암동,신미경홍대닭갈비3,hy**님,닭갈비 볶음밥（1人）/1,맛있고 양도 만아요 요청사항들아주셔서 감사합니다,4,5,5,5,2020년 4월 18일
263,치킨,마포구 상암동,신미경홍대닭갈비3,zs**님,닭갈비 볶음밥（1人）/1,먹느라 사진을 못찍었네요 양 진짜 대박이구요 가성비도 엄청좋습니다 다음에 또 시켜먹겠습니다,5,5,5,5,2020년 4월 17일
264,치킨,마포구 상암동,신미경홍대닭갈비3,손님,세트（닭갈비볶음밥＋닭갈비우동＋반찬6가지 감자샐러드＋피클＋단무지＋오징어젓갈＋양배추샐러드＋소세지부침）/1(맛 선택(매콤한맛)),저는 숯불닭갈비보다 팬에 익히는 방식을 더 좋아하는데 숯불닭갈비밖에 안파셔서 혹시 닭갈비볶음밥을 시키면 팬에 볶은 그 맛이 나지 않을까 해서 주문했어요 제 기대에 부응했고 맛있게 먹었습니다  양도 푸짐했고 구성도 좋고 제 컴플레인닭고기 익힘 문제로에 응대해주시는 서비스도 만족스럽고 아주 좋아요 혹시 숯불닭갈비말고 팬에 익히는 닭갈비도 판매해주시면 안되려나요  잘 먹었습니다 ,5,5,5,5,2020년 4월 17일
265,치킨,마포구 상암동,신미경홍대닭갈비3,손님,"세트（닭갈비볶음밥＋닭갈비우동＋반찬6가지 감자샐러드＋피클＋단무지＋오징어젓갈＋양배추샐러드＋소세지부침）/1(맛 선택(매콤한맛),사이드 추가 선택(계란후라이 추가))",주문을 잘못해서 전화드렸는데 친절하게 주문도 바꿔주시고 서비스도 잘 해주셔서 너무 기분 좋게 식사했습니다 닭갈비도 너무 맛있어요 다음에 또 시켜먹을거 같아요 닭갈비 도시락 강추 ,5,5,5,5,2020년 4월 12일
266,치킨,마포구 상암동,신미경홍대닭갈비3,ma**님,신미경 숯불바베큐 닭갈비 도시락/1,진짜 잘 먹었습니다 엄청 맛있고 양도 많아요,5,5,5,5,2020년 4월 12일
267,치킨,마포구 상암동,신미경홍대닭갈비3,da**님,세트（닭갈비볶음밥＋닭갈비우동＋반찬6가지 감자샐러드＋피클＋단무지＋오징어젓갈＋양배추샐러드＋소세지부침）/1(맛 선택(매콤한맛)),오우 너무 맛있네요 양도많고 또시켜먹을게요 매운맛 불닭만큼 맵네요 ,5,5,5,5,2020년 4월 12일
268,치킨,마포구 상암동,신미경홍대닭갈비3,손님,매콤 숯불바베큐 닭갈비/1(사이즈 선택(小（1~2人）)),양 많아요 저는 번 나눠먹어야합니다 닭갈비 맛은아무래도 직접 가서 먹는게 맛있었요그 맛 기대했는데 많이 맛이 다르더라구요 맛 없는거 아니고 그냥 너무 다른 느낌이어서,4,3,5,5,2020년 4월 11일
