﻿,Category,Location,Restaurant,UserID,Menu,Review,Total,Taste,Quantity,Delivery,Date
0,치킨,마포구 상암동,엔칙스치킨-DMC점,ni**님,"반반（후라이드 ＋ 소스치킨）/1(치킨 선택(뼈),소스치킨 선택(고추치킨),음료 추가 선택(변경 안함))",와 근래 배달 시킨 집 중에서 제일 맛있네요 고추치킨도 안짜면서 매콤하고 후라이드도 안 느끼하고 맛있게 바삭하고 얼음컵과 소스들도 감동이에요 친절한 문자도 감사드려요 많이 파세요 식후감,5,5,5,5,11시간 전
1,치킨,마포구 상암동,엔칙스치킨-DMC점,ir**님,"반반（후라이드 ＋ 소스치킨）/1(치킨 선택(뼈),소스치킨 선택(마늘간장치킨),음료 추가 선택(변경 안함))",고추치킨만 계속 시키다가 이번엔 후라이드 마늘간장 반반으로 시켜봤어요 만족스런 서비스에 넉넉한 양이었습니다 닭껍질 튀김 넘 중독성 있어요 마늘간장 양념도 텁텁하지 않고 깔끔하게 짭쪼름해서 입맛돋구는 맛이에요 성인 둘이 먹기에 양이 많아서 담날에 치밥으로 해먹었더니 넘 맛있어요 그리고 치킨에 들어간 떡은 별로 안 좋아하는데 말랑말랑하고 짭쪼름한 떡이 넘 맛있어서 떡 먼저 골라먹었어요 다음에는 순살도 먹어보고 싶네요 번창하세요,5,5,5,,어제
2,치킨,마포구 상암동,엔칙스치킨-DMC점,do**님,"（사장추천） 마늘간장치킨/1(치킨 선택(순살치킨으로 변경),세트 추가 선택(떡볶이 추가),추가 선택(양념소스 추가),음료 추가 선택(변경 안함)),100원의 행복（1개만 주문가능）/1",맛도 양도 서비스도 최고입니다 동네의 숨겨진 맛집,5,5,5,,어제
3,치킨,마포구 상암동,엔칙스치킨-DMC점,s_**님,"（사장추천） 고추치킨/1(치킨 선택(순살치킨으로 변경),세트 추가 선택(치즈불닭 추가),음료 추가 선택(변경 안함)),100원의 행복（1개만 주문가능）/1",일단 시켜보면 후회가 없습니다 양많고 맛있어요,5,5,5,5,3일 전
4,치킨,마포구 상암동,엔칙스치킨-DMC점,sh**님,"순살 후라이드（300g ＋ 웨지감자）/1,100원의 행복（1개만 주문가능）/1",맛있게 잘 먹었습니다 ,5,5,5,,6일 전
5,치킨,마포구 상암동,엔칙스치킨-DMC점,es**님,"반반（후라이드 ＋ 소스치킨）/1(치킨 선택(뼈),소스치킨 선택(고추치킨),음료 추가 선택(콜라1.25L 사이즈업)),똥집튀김/1",중복이라 많이 바쁠거 감안하고 주문 넣은건데 배달 늦었다고 서비스까지 챙겨주시는 사장님 최고 자주는 아니고 가끔 시켜 먹으며 맛있다고 딸이랑 얘기했었는데 요즘 광고까지 나오는거 보면서 엄청 뜨겠다 싶더라구요더 많은 사람들이 이 맛난 엔칙스 치킨 맛봤으면 좋겠네요,5,5,5,5,2021년 7월 23일
6,치킨,마포구 상암동,엔칙스치킨-DMC점,sh**님,"순살 후라이드（300g ＋ 웨지감자）/1(소스치킨으로 변경 선택(불닭으로변경（웨지＋떡）)),100원의 행복（1개만 주문가능）/1",맛있게 잘 먹었습니다 ,5,5,5,,2021년 7월 19일
7,치킨,마포구 상암동,엔칙스치킨-DMC점,ja**님,"순살 후라이드（300g ＋ 웨지감자）/1(소스치킨으로 변경 선택(양념으로변경（웨지＋떡）)),100원의 행복（1개만 주문가능）/1,똥집튀김/1",배달도 빨리오고 맛있어요,5,5,5,5,2021년 7월 16일
8,치킨,마포구 상암동,엔칙스치킨-DMC점,s1**님,"반반（후라이드 ＋ 소스치킨）/1(치킨 선택(뼈),소스치킨 선택(양념치킨),음료 추가 선택(변경 안함))",맛있게 먹었습니다 서비스도 주시고 감동 배달도 빨리 왔구요,5,5,5,5,2021년 7월 13일
9,치킨,마포구 상암동,엔칙스치킨-DMC점,pr**님,"반반（순살 후라이드 ＋ 소스치킨）/1(소스치킨 선택(고추치킨),음료 추가 선택(변경 안함)),100원의 행복（1개만 주문가능）/1",아빠가 고추치킨 맛있다고 좋아하셨어요,5,5,5,5,2021년 7월 13일
10,치킨,마포구 상암동,엔칙스치킨-DMC점,sh**님,순살 후라이드（300g ＋ 웨지감자）/1(소스치킨으로 변경 선택(땡초마요으로변경（웨지＋떡）)),맛있게 잘 먹었습니다 ,5,5,5,,2021년 7월 12일
11,치킨,마포구 상암동,엔칙스치킨-DMC점,sh**님,순살 후라이드（300g ＋ 웨지감자）/1(소스치킨으로 변경 선택(고추로변경（웨지＋떡）)),맛있게 잘 먹었습니다  양도 많고 얼음컵까지 챙겨주시니 인 메뉴 구성이 정말 좋네요,5,5,5,,2021년 7월 6일
12,치킨,마포구 상암동,엔칙스치킨-DMC점,zz**님,"（사장추천） 마늘간장치킨/1(치킨 선택(뼈),음료 추가 선택(콜라1.25L 사이즈업)),（사장추천） 고추치킨/1(치킨 선택(뼈),음료 추가 선택(변경 안함))",서비스도 잘챙겨주시고 양도 많고 맛있어여 잘먹었습니다 ,5,5,5,5,2021년 7월 4일
13,치킨,마포구 상암동,엔칙스치킨-DMC점,pb**님,"반반（소스치킨 ＋ 소스치킨）/1(치킨 선택(뼈),소스치킨 선택 1(양념치킨),소스치킨 선택 2(엔치즈치킨),세트 추가 선택(추가 안함),음료 추가 선택(변경 안함)),100원의 행복（1개만 주문가능）/1",단점이있다면 리뷰적어여되는데 배달이너무빨리옴 그리고 닭이 조금만더 신선했으면좋겠당,5,5,5,5,2021년 6월 26일
14,치킨,마포구 상암동,엔칙스치킨-DMC점,ko**님,"반반（순살 소스치킨 ＋ 소스치킨）/1(소스치킨 선택 1(엔치즈치킨),소스치킨 선택 2(고추치킨),음료 추가 선택(변경 안함)),100원의 행복（1개만 주문가능）/1,테라 생맥주 1000cc/1",이번에도 맛있게 잘먹었습니다 고추치킨 진짜 최고,5,5,5,5,2021년 6월 17일
15,치킨,마포구 상암동,엔칙스치킨-DMC점,ir**님,윙봉 콤보/1(소스치킨 추가 선택(고추소스로 변경)),닭껍질 튀김이 먹고 싶어서 치킨을 주문했어요 리뷰이벤트로 닭껍질 튀김을 무료로 주시니 완전 혜자입니다 치즈볼도 개 있는데 너무 맛있어요 후기에서 보고 고추치킨으로 시켰는데 와 소스 넘 맛있어요 청양고추의 매콤한 맛이 아주 깔끔하구요 평소에 교촌 레드윙만 먹어서 윙봉콤보 고추치킨 으로 시켰는데 맛은 아예 달라요 그런데 더 요리같은 느낌이라고 해야하나 고추치킨 진짜 매력있습니다 고추치킨 소스 자체는 맵찔이가 먹기에도 적절한데 청양고추는 좀 맵긴 하네요 그래도 맛있어요 보내주신 마요네즈 소스 찍어먹으니 고소하니 맛있어요,5,5,5,,2021년 6월 15일
16,치킨,마포구 상암동,엔칙스치킨-DMC점,ko**님,"반반（순살 소스치킨 ＋ 소스치킨）/1(소스치킨 선택 1(고추치킨),소스치킨 선택 2(엔치즈치킨),음료 추가 선택(변경 안함)),100원의 행복（1개만 주문가능）/1,테라 생맥주 1000cc/1",고추치킨 먹어보세요 정말로 최근 먹었던 치킨중에서 제일 맛있게 먹었습니다 매운 치킨들은 보통 자극적이기만 하고 그래서 찝찝했던 적이 많은데 정말 부담없이 맛있게 들어가네요,5,5,5,5,2021년 6월 7일
17,치킨,마포구 상암동,엔칙스치킨-DMC점,hy**님,"（윙봉콤보） 소스＋소스/1(소스치킨 선택 1(양념치킨),소스치킨 선택 2(마늘간장치킨)),100원의 행복（1개만 주문가능）/1",처음 시켜본 곳인데 맛있었어요 양도 적당하고 굳굳,5,5,5,5,2021년 6월 5일
18,치킨,마포구 상암동,엔칙스치킨-DMC점,qk**님,"반반（후라이드 ＋ 소스치킨）/1(치킨 선택(뼈),소스치킨 선택(양념치킨),음료 추가 선택(변경 안함))",후라이드만 먹다가 양념 처음시켰는데 양념도 너무 맛있네요,5,5,5,5,2021년 6월 2일
19,치킨,마포구 상암동,엔칙스치킨-DMC점,sy**님,"반반（후라이드 ＋ 소스치킨）/1(치킨 선택(뼈),소스치킨 선택(마늘간장치킨),음료 추가 선택(변경 안함)),100원의 행복（1개만 주문가능）/1",양 엄청 넉넉했어요 감사합니다,5,5,5,5,2021년 6월 1일
20,치킨,마포구 상암동,엔칙스치킨-DMC점,ju**님,"（사장추천） 고추치킨/1(치킨 선택(뼈),음료 추가 선택(변경 안함)),100원의 행복（1개만 주문가능）/1",치킨먹고 바로잔다고 리뷰가 늦었네여 정말맛잇고 치즈볼존맛탱 번시켜 드세요들 ,5,5,5,5,2021년 5월 30일
21,치킨,마포구 상암동,엔칙스치킨-DMC점,yr**님,"반반（후라이드 ＋ 소스치킨）/1(치킨 선택(뼈),소스치킨 선택(양념치킨),음료 추가 선택(변경 안함)),100원의 행복（1개만 주문가능）/1",너어무 맛있어요 서비스도 감사합니다,5,5,5,,2021년 5월 29일
22,치킨,마포구 상암동,엔칙스치킨-DMC점,rk**님,"（사장추천） 마늘간장치킨/1(치킨 선택(순살치킨으로 변경),음료 추가 선택(변경 안함)),100원의 행복（1개만 주문가능）/1",너무 잘먹었습니다  또 주문할게요,5,5,5,5,2021년 5월 24일
23,치킨,마포구 상암동,엔칙스치킨-DMC점,yu**님,"（사장추천） 고추치킨/1(치킨 선택(순살치킨으로 변경),세트 추가 선택(닭껍질튀김 추가),음료 추가 선택(콜라1.25L 사이즈업))",고민말고 시켜드세요 고민은 배달만 늦출뿐,5,5,5,5,2021년 5월 24일
24,치킨,마포구 상암동,엔칙스치킨-DMC점,eh**님,"반반（후라이드 ＋ 소스치킨）/1(치킨 선택(뼈),소스치킨 선택(마늘간장치킨),세트 추가 선택(추가 안함),음료 추가 선택(콜라1.25L 사이즈업))",완전 바삭하고 맛있어요,5,5,5,5,2021년 5월 20일
25,치킨,마포구 상암동,엔칙스치킨-DMC점,me**님,"치킨세트（치킨＋사이드）/1(치킨 선택(순살치킨으로 변경),치킨세트 소스선택(변경 안함),음료 추가 선택(사이즈 업 안함))",첫 주문했는데 너무 맛있어요 닭껍질튀김 첨 먹어보는데 뭐 이런맛이 완존맛있어요 치킨도 감자도 다 기대이상이어서 아직 다 안먹었는데 얼른 리뷰쓰러왔어요 사진은 먹다가 깜빡하고 안찍어서 뒤늦게 찍었어요 앞으로 가게 찜해놓을라구요 대박나세요,5,5,5,5,2021년 5월 20일
26,치킨,마포구 상암동,엔칙스치킨-DMC점,yo**님,"반반（후라이드 ＋ 소스치킨）/1(치킨 선택(뼈),소스치킨 선택(고추치킨),음료 추가 선택(변경 안함))",서비스 얼음컵이 인상적인 곳,5,5,5,5,2021년 5월 19일
27,치킨,마포구 상암동,엔칙스치킨-DMC점,sm**님,"반반（후라이드 ＋ 소스치킨）/1(치킨 선택(뼈),소스치킨 선택(고추치킨),음료 추가 선택(변경 안함)),100원의 행복（1개만 주문가능）/1,엔조이 떡볶이/1,똥집튀김/1",중독이에요 양도 많고 존맛닭똥집튀김은 아빠가 너무 좋아하셨어요 닭껍질튀김은 언제 먹어도 진짜 환상적 어제 케찹이랑 얼음컵은 같이 안왔더라구요 깜빡하신거 같슴다,5,5,5,5,2021년 5월 16일
28,치킨,마포구 상암동,엔칙스치킨-DMC점,oj**님,"반반（순살 소스치킨 ＋ 소스치킨）/1(소스치킨 선택 1(마늘간장치킨),소스치킨 선택 2(양념치킨),세트 추가 선택(추가 안함),음료 추가 선택(변경 안함))",역시나는 역시나 다시시켜도 맛있네요,5,5,5,5,2021년 5월 16일
29,치킨,마포구 상암동,엔칙스치킨-DMC점,ne**님,"（사장추천） 고추치킨/1(치킨 선택(뼈),음료 추가 선택(변경 안함)),100원의 행복（1개만 주문가능）/1,똥집튀김/1",양도많고 배달 빨라서 좋아요,5,5,5,5,2021년 5월 14일
30,치킨,마포구 상암동,엔칙스치킨-DMC점,hi**님,"（윙봉콤보）후라이드 ＋ 소스치킨/1(소스치킨 선택(마늘간장치킨)),치킨세트（치킨＋사이드）/1(치킨 선택(뼈),치킨세트 소스선택(양념치킨으로 변경),음료 추가 선택(콜라1.25L 사이즈업))",윙봉 후라이드랑 마늘간장치킨 완죤맛났어요첨 주문해보는데 후라이드맛나기 힘든데 후라이드가 너무맛있었어요 양념치킨은 약간싱거워서 조금 아쉬웠네요 간이 간장치킨이 딱맛났어요 안에 떡들어있는데 사이즈도 좋그 완죤별미요 섭스로주신 닭껍질튀김 너무맛있었어요 짭쪼름 빠싹 닭껍질이 이케맛잇는지몰랐네요치즈볼도 완죤맛나고 좋았어요 잘먹었습니다,5,4,5,5,2021년 5월 11일
31,치킨,마포구 상암동,엔칙스치킨-DMC점,ws**님,"반반（후라이드 ＋ 소스치킨）/1(치킨 선택(뼈),소스치킨 선택(마늘간장치킨),세트 추가 선택(추가 안함),음료 추가 선택(콜라1.25L 사이즈업)),100원의 행복（1개만 주문가능）/1",배달이 진짜 빨라요 맛있게 잘 먹었습니다,5,5,5,5,2021년 5월 10일
32,치킨,마포구 상암동,엔칙스치킨-DMC점,te**님,"반반（소스치킨 ＋ 소스치킨）/1(치킨 선택(뼈),소스치킨 선택 1(마늘간장치킨),소스치킨 선택 2(고추치킨),추가 선택(무 추가),음료 추가 선택(변경 안함)),100원의 행복（1개만 주문가능）/1",꿀맛이네요 간장 고추맛 원의 행복 닭껍질튀김 볼도 맛있게 잘먹었습니다,5,5,5,5,2021년 5월 9일
33,치킨,마포구 상암동,엔칙스치킨-DMC점,sm**님,"반반（후라이드 ＋ 소스치킨）/1(치킨 선택(뼈),소스치킨 선택(고추치킨),음료 추가 선택(변경 안함)),100원의 행복（1개만 주문가능）/1,양념소스/1",지난주에 한번 먹어봤는데 튀김옷도 바삭하고 양 많아서 오늘 또 시켰어요 남아도 다시 에어프라이어 돌려서 데워먹으니까 바삭하더라구요 양이 엄청 많고 닭껍질튀김이 진짜 쩔어요,5,5,5,5,2021년 5월 7일
34,치킨,마포구 상암동,엔칙스치킨-DMC점,so**님,"반반（후라이드 ＋ 소스치킨）/1(치킨 선택(뼈),소스치킨 선택(마늘간장치킨),음료 추가 선택(변경 안함))",맛있게 먹었습니다 후라이드가 정말 고소했어요,4,4,4,4,2021년 5월 4일
35,치킨,마포구 상암동,엔칙스치킨-DMC점,ws**님,"엔치즈치킨/1(치킨 선택(뼈)),100원의 행복（1개만 주문가능）/1",치킨양 무엇 완전 혜자롭네요  양도 너무 많고 맛있고  일단 갓튀긴거 먹는것처럼 아주 따뜻해서 정말 좋았어요  배달도 빠르고  진짜 최고 얼음컵 샌스에 또 한번 감동 정말 맛있게 잘 먹었습니다,5,5,5,5,2021년 4월 26일
36,치킨,마포구 상암동,엔칙스치킨-DMC점,s_**님,"반반（순살 후라이드 ＋ 소스치킨）/1(소스치킨 선택(마늘간장치킨),세트 추가 선택(치즈불닭 추가),음료 추가 선택(변경 안함)),100원의 행복（1개만 주문가능）/1,똥집튀김/1",간장치킨도 아주 바삭해서 좋았어요,5,5,5,5,2021년 4월 24일
37,치킨,마포구 상암동,엔칙스치킨-DMC점,kj**님,"순살 후라이드（300g ＋ 웨지감자）/1(추가선택(마요네즈 추가),음료 추가 선택(사이다500mL사이즈업)),100원의 행복（1개만 주문가능）/1",촉촉하고 맛있네요 양도 적당하고 추천합니다,5,5,5,,2021년 4월 21일
38,치킨,마포구 상암동,엔칙스치킨-DMC점,le**님,"엔치즈치킨/1(치킨 선택(뼈)),（사장추천） 마늘간장치킨/1(치킨 선택(뼈),음료 추가 선택(변경 안함)),100원의 행복（1개만 주문가능）/1,양념소스/2",양맛 둘다 대박입니다 사진을 더 찍고싶었지만 다들 기다리기 힘들다며 서비스도 얼음컵도 감동이였습니다,5,5,5,5,2021년 4월 21일
39,치킨,마포구 상암동,엔칙스치킨-DMC점,ha**님,"반반（후라이드 ＋ 소스치킨）/1(치킨 선택(뼈),소스치킨 선택(양념치킨),음료 추가 선택(변경 안함))",옛날 익숙했던 치킨의 맛이 납니다 후라이드에는 감자튀김이 양념에는 떡이 있어 매우 좋았어요 양념은 여기서 자주 시켜먹을 듯 싶습니다  다음에는 순살로 주문해볼 예정,5,5,5,5,2021년 4월 21일
40,치킨,마포구 상암동,엔칙스치킨-DMC점,pb**님,"반반（순살 소스치킨 ＋ 소스치킨）/1(소스치킨 선택 1(마늘간장치킨),소스치킨 선택 2(고추치킨),음료 추가 선택(변경 안함))",구성 깔쌈하네요 완전 잘먹었습니다 사장님 ,5,5,5,5,2021년 4월 17일
41,치킨,마포구 상암동,엔칙스치킨-DMC점,lj**님,"（사장추천） 고추치킨/1(치킨 선택(순살치킨으로 변경),음료 추가 선택(콜라1.25L 사이즈업)),100원의 행복（1개만 주문가능）/1",아주 맛있게 잘먹엇습다 진짜 양도많고 맛도좋고 왜 추천하시는지 이유를 알것 같습니다 사장님 즐거운 저녁시간을 만들어 주셔서 감사합니다,5,5,5,5,2021년 4월 16일
42,치킨,마포구 상암동,엔칙스치킨-DMC점,pb**님,"반반（소스치킨 ＋ 소스치킨）/1(치킨 선택(뼈),소스치킨 선택 1(양념치킨),소스치킨 선택 2(마늘간장치킨),세트 추가 선택(추가 안함),음료 추가 선택(변경 안함)),100원의 행복（1개만 주문가능）/1",에만있을때시켜먹어봤는데 그때보다 훨씬맛있고 서비스도 이런집 처음봄 앞으로 자주먹을게용,5,5,5,5,2021년 4월 13일
43,치킨,마포구 상암동,엔칙스치킨-DMC점,gi**님,"반반（순살 소스치킨 ＋ 소스치킨）/1(소스치킨 선택 1(고추치킨),소스치킨 선택 2(마늘간장치킨),세트 추가 선택(추가 안함),음료 추가 선택(변경 안함))",배달도 빠르게 해주시고 서비스도 맛있게 잘 먹었어요 다음엔 좀 더 매운걸로 먹어 볼께요,5,5,5,5,2021년 4월 12일
44,치킨,마포구 상암동,엔칙스치킨-DMC점,ys**님,"반반（후라이드 ＋ 소스치킨）/1(치킨 선택(뼈),소스치킨 선택(양념치킨),음료 추가 선택(변경 안함)),100원의 행복（1개만 주문가능）/1",불금이라 배달이 늦게 돌아서 왔는지 식었네요  후라이드는 바삭함을 잃었고 양념은 먼가 부족한 맛 사이드가 맛났네요 닭껍질 튀김은 조금 짭발했지만 바삭하고 맛있어서 맥주안주 딱일듯 고구마 치즈볼도 맛있었어요,3,3,4,1,2021년 4월 12일
45,치킨,마포구 상암동,엔칙스치킨-DMC점,gp**님,"반반（순살 소스치킨 ＋ 소스치킨）/1(소스치킨 선택 1(마늘간장치킨),소스치킨 선택 2(고추치킨),세트 추가 선택(추가 안함),음료 추가 선택(변경 안함))",처음 시켜봤는데 너무맛있어요 굿굿,5,5,5,5,2021년 4월 12일
46,치킨,마포구 상암동,엔칙스치킨-DMC점,ue**님,"반반（후라이드 ＋ 소스치킨）/1(치킨 선택(뼈),소스치킨 선택(양념치킨),음료 추가 선택(변경 안함)),100원의 행복（1개만 주문가능）/1",만족합니다 사소한거까지 신경쓰신게 대접 받는 느낌입니다,5,5,5,5,2021년 4월 11일
47,치킨,마포구 상암동,엔칙스치킨-DMC점,ck**님,"엔조이 불닭치킨/1(치킨 선택(뼈),음료 추가 선택(변경 안함))",비닐장갑에 얼음컵에 닭껍질 튀김에 치킨만으로도 넘 맛있는데 정신을 못차리겠어요,5,5,5,5,2021년 4월 10일
48,치킨,마포구 상암동,엔칙스치킨-DMC점,po**님,"반반（후라이드 ＋ 소스치킨）/1(치킨 선택(순살치킨으로 변경),소스치킨 선택(마늘간장치킨),음료 추가 선택(콜라500mL 사이즈업)),고구마치즈볼 （5개）/1",아주 맛있는집 찾았네요,5,5,5,5,2021년 4월 9일
49,치킨,마포구 상암동,엔칙스치킨-DMC점,f7**님,"엔조이 후라이드/1(치킨 선택(순살치킨으로 변경),추가 선택(양념소스 추가),음료 추가 선택(변경 안함))",튀김 옷과 닭이 맛이 없네여 닭도 좀 그렇고 튀김옷도 뭔지 모르겠네여 순살이라그런가 별로입니다,1,1,3,3,2021년 4월 8일
50,치킨,마포구 상암동,엔칙스치킨-DMC점,se**님,"반반（후라이드 ＋ 소스치킨）/1(치킨 선택(뼈),소스치킨 선택(고추치킨),음료 추가 선택(변경 안함)),100원의 행복（1개만 주문가능）/1",고추치킨이 너무 맛있네요 후라이드도 잘 먹었습니다,5,5,5,5,2021년 4월 8일
51,치킨,마포구 상암동,엔칙스치킨-DMC점,hb**님,"치킨세트（치킨＋사이드）/1(치킨 선택(뼈),치킨세트 소스선택(변경 안함),음료 추가 선택(사이즈 업 안함))",알바생이 챙겨준 바삭한 껍질튀김 도넛 덕에 감사맛까지 더해집니다 바삭하고 맛있어요 담에 양념으로 고고씽,5,5,5,5,2021년 4월 5일
52,치킨,마포구 상암동,엔칙스치킨-DMC점,su**님,"（윙봉콤보） 소스＋소스/1(소스치킨 선택 1(양념치킨),소스치킨 선택 2(마늘간장치킨),음료 추가 선택(콜라1.25L 사이즈업)),100원의 행복（1개만 주문가능）/1",치킨도 치킨인데 닭껍질튀김이랑 치즈볼 진짜 맛있네요  특히 껍튀가 크기도 큼직하고 짭쪼롬한게 맛있습니다 배달은 대행이었는지는 모르겠는데 아주 친절하고 요청사항도 너무 잘 들어주셔서 감사했어요 늦은저녁에 맛있고 기분좋게 치킨먹었네요,5,5,5,5,2021년 4월 4일
53,치킨,마포구 상암동,엔칙스치킨-DMC점,ck**님,"（사장추천） 고추치킨/1(치킨 선택(뼈),음료 추가 선택(변경 안함))",배달 엄청 빨랐구요 너무 맛있어요닭껍질 튀김도 잘먹었습니다,5,5,5,5,2021년 3월 19일
54,치킨,마포구 상암동,엔칙스치킨-DMC점,sh**님,"반반（후라이드 ＋ 소스치킨）/1(치킨 선택(뼈),소스치킨 선택(고추치킨),음료 추가 선택(콜라1.25L 사이즈업)),100원의 행복（1개만 주문가능）/1",고추치킨 진짜 맥주도둑 술안주가 필요하면 고추치킨으로,5,5,5,5,2021년 3월 18일
55,치킨,마포구 상암동,엔칙스치킨-DMC점,u7**님,"반반（후라이드 ＋ 소스치킨）/1(치킨 선택(순살),소스치킨 선택(양념치킨),음료 추가 선택(변경 안함))",학원 다녀오는 아들 시간에 맞춘다고 시간전에 주문했는데 분만에 배달 받은거같아요 분후에 먹었는데 괜찮네요 서비스로 받은 달껍질 튀김도 딱 맥주가 생각나는 맛이네요 양념치킨은 맛있고 후라이드도 자극적이지 않게 맛있어요 후라이드양은 괜찮은데 양념치킨은 좀 더 양이 조금 많으면 좋겠어요,5,5,4,5,2021년 3월 16일
56,치킨,마포구 상암동,엔칙스치킨-DMC점,se**님,"（사장추천） 마늘간장치킨/1(치킨 선택(순살),세트 추가 선택(추가 안함),양념치킨으로 변경（소스선택） 추가 선택(고추소스변경),음료 추가 선택(변경 안함)),100원의 행복（1개만 주문가능）/1",진짜 배불리 맛있게 잘 먹었습니다 요청사항 같은거 전화해주셔서 한번 더 확인도 하시고 친절 점수도 점입니다 다음에 또 시켜먹을게용,5,5,5,5,2021년 3월 14일
57,치킨,마포구 상암동,엔칙스치킨-DMC점,oj**님,"（사장추천） 마늘간장치킨/1(치킨 선택(뼈),음료 추가 선택(변경 안함))",와 진짜 감동입니다 이렇게 알차고 맛있는집있다니 이집을 이제 안걸 후회하고있을 지경입니다 당신이 이걸보고 먹을지말지 고민하고있으면 당장 시키십시오 후회안할겁니다,5,5,5,5,2021년 3월 12일
58,치킨,마포구 상암동,엔칙스치킨-DMC점,no**님,"땡초마요치킨/1,엔조이 떡볶이/1",매장에서 맛있게 먹어서 배달로도 시켜봤어요 사진처럼 푸짐하게 배달을 해주셨어요 닭껍질튀김도 서비스로 주셨네요 양이 많아서 다 못먹었어요 내일 또 먹어야겠어요 잘 먹었습니다,5,4,5,4,2021년 3월 7일
59,치킨,마포구 상암동,엔칙스치킨-DMC점,ch**님,"양념치킨/1(치킨 선택(뼈),음료 추가 선택(변경 안함))",늦은시간 주문에도 맛있게 만들어 주셔서 잘 먹었습니다 자주 주문할께요 감사합니다,5,5,5,5,2021년 2월 28일
60,치킨,마포구 상암동,엔칙스치킨-DMC점,wu**님,"（사장추천） 고추치킨/1(치킨 선택(순살),음료 추가 선택(변경 안함))",사장님의 정성스럽게만드신 치킨 어려운시국에 참 밤늦게까지고생많으십니다 맛은 두말하면잔소리,5,5,5,5,2021년 2월 27일
61,치킨,마포구 상암동,엔칙스치킨-DMC점,ym**님,"반반（후라이드 ＋ 소스치킨）/1(치킨 선택(순살),소스치킨 선택(고추치킨),음료 추가 선택(변경 안함))",바삭바삭 너무 맛있네요,5,5,5,5,2021년 2월 26일
62,치킨,마포구 상암동,엔칙스치킨-DMC점,nc**님,"（사장추천） 마늘간장치킨/1(치킨 선택(뼈),음료 추가 선택(변경 안함)),엔조이 불닭발（무뼈）/1",닭발과 간장마늘치킨의 맵짠 조합이 너무 좋습니다 서비스로 주신 닭껍질은 다음에 주문해서 먹을 예정입니다,5,5,5,,2021년 2월 21일
63,치킨,마포구 상암동,엔칙스치킨-DMC점,ju**님,"양념치킨/1(치킨 선택(순살),음료 추가 선택(변경 안함)),100원의 행복（1개만 주문가능）/1",다른 리뷰 답변에 순살 비율 조정해주시겠다고 적어놓은거 보구 주문했는데 닭다리살 많이 주셔서 감사했어요 새해 인사말과 함께 세부사항 친절하게 영수증에 다 적어주시구 제가 원래 소수 브랜드를 제외한 대부분의 치킨을 먹으면 배탈이 나는데 새벽에 시켰는데도 기름이나 닭이 깨끗했는지 다음날도 속이 편안해서 매우 좋네용 양념치킨 맛있어요,5,5,5,5,2021년 2월 13일
64,치킨,마포구 상암동,엔칙스치킨-DMC점,ck**님,"（사장추천） 마늘간장치킨/1(치킨 선택(뼈),음료 추가 선택(변경 안함))",늦을 수도 있다고 미리 전화받아본건 처음이에요사장님도 친절하시고 배달해주신분도 친절하시고 치킨도 맛있어요엄마도 맛있다고 하심,5,5,5,5,2021년 2월 12일
65,치킨,마포구 상암동,엔칙스치킨-DMC점,yu**님,"（사장추천） 마늘간장치킨/1(치킨 선택(순살),음료 추가 선택(변경 안함)),통통 오징어 튀김/1,양념소스/1",항상 대기업 치킨만 먹다가 시간을 못맞춰 한번 시켜봤는데 배달하시는분 서비스에 한번웃고 맛에웃습니다 여기만먹습니다전,5,5,5,5,2021년 2월 11일
66,치킨,마포구 상암동,엔칙스치킨-DMC점,a1**님,"（사장추천） 마늘간장치킨/1(치킨 선택(뼈),음료 추가 선택(변경 안함))",맛있게 잘 먹었습니다 ,5,5,5,5,2021년 2월 10일
67,치킨,마포구 상암동,엔칙스치킨-DMC점,so**님,"엔조이! 마늘간장치킨/1(음료 추가 선택(콜라 500mL로 변경),추가 선택(순살로 변경))",보통 순살은 다리살을 쓰기 마련입니다 대부분의 순살용 치킨은 다리살로 유통되고요 그런데 신기하게도 여기 순살은 가슴살이 이고 다른부위가 이더군요 치킨집이면 코로나때문에 오히려 더 장사가 잘될텐데 몇푼 아끼자고 가슴살섞는건 좀 아닌것같습니다,3,3,5,5,2020년 8월 26일
68,치킨,마포구 상암동,엔칙스치킨-DMC점,do**님,엔조이! 마늘간장치킨/1(음료 추가 선택(콜라 1.25L로 변경)),왜 한동안 주문이 안되었던 건가요 다시는 못먹을줄 알았는데 이제 다시 먹을수 있게되서 너무 좋아요 감자까지 넣어주셔서 먹다가 남겼습니다 다른 어떤 치킨집에서 주문을 해도 엔칙스만에 그 특유의 맛이 안나서 좀 실망 했었는데 앞으로 자주 부탁드릴게요,5,5,5,5,2020년 4월 29일
69,치킨,마포구 상암동,엔칙스치킨-DMC점,do**님,엔조이! 마늘간장치킨/1(음료 추가 선택(변경 안함)),항상 주문 할때마다 친절하게 대응해주시는 사장님 너무 감사합니다,5,5,5,5,2019년 12월 8일
70,치킨,마포구 상암동,엔칙스치킨-DMC점,do**님,"엔조이! 마늘간장치킨/1(음료 추가 선택(변경 안함)),콜라 1.25L/1",항상 시켜먹을때마다 너무 맛있어요,5,5,5,5,2019년 11월 14일
71,치킨,마포구 상암동,엔칙스치킨-DMC점,손님,엔조이! 양념치킨/1(음료 추가 선택(변경 안함)),오호 요기 치킨 맛있네요 양념치킨 시켰는데 양념도 단짠 조화로워 아이도 잘 먹고 닭이 무척 신선 튀김도 비삭하게 잘 되어서 온 가족 맛있게 먹었어요 무엇보다 배달이 아주 초스피드,5,5,5,5,2019년 11월 2일
