﻿,Category,Location,Restaurant,UserID,Menu,Review,Total,Taste,Quantity,Delivery,Date
0,치킨,강남구 삼성동,역전식당-강남본점,se**님,"부대찌개 [공기밥＋도시락김 포함] /1(기본 선택(부대찌개),사리류 추가선택(공기밥,라면사리))",처음시켜봐는데요맛있습니다 배달해주시는라이더님도친철하세요 번창하세요,4,4,4,4,2021년 7월 1일
1,치킨,강남구 삼성동,역전식당-강남본점,mi**님,"김치찌개 [공기밥＋도시락김 포함] /1(기본 선택(돼지 김치찌개＋도시락 김),밥 변경 선택(공기밥),사리류 추가선택(당면사리),김치찌개 사이드메뉴 추가선택(계란찜))",너무 신김치라서 못먹을정도엿어여  제 다이어트를 이렇게 도와주시다니요,5,5,5,5,2021년 5월 25일
2,치킨,강남구 삼성동,역전식당-강남본점,qk**님,"비빔밥[후라이]/1(기본 선택(고추장 불백비빔밥)),면류/1(기본 선택(비빔냉면))",너무너무 맛있어요저번에 너무맛잇어서 또 시켜봣는데 역시나 너무 맛있어요,5,5,5,5,2021년 4월 22일
3,치킨,강남구 삼성동,역전식당-강남본점,jh**님,옛날 도시락 [후라이]/1(기본 선택(옛날 소시지 도시락)),양도 많고 맛있어서 두번에 나눠 먹어요,5,5,5,5,2021년 4월 7일
4,치킨,강남구 삼성동,역전식당-강남본점,kl**님,"미역국 [공기밥＋도시락김 포함] /1(기본 선택(소고기미역국),사이드메뉴 추가선택(스팸3조각),튀김류 추가선택(오징어튀김 3p))",미역국 맛있게 잘먹었습니다,5,5,5,5,2021년 4월 2일
5,치킨,강남구 삼성동,역전식당-강남본점,qk**님,"비빔밥[후라이]/1(기본 선택(고추장 불백비빔밥)),떡볶이/1(떡볶이 사이즈 선택(S),맵기 선택(매운맛 1단계（신라면）),사리류 추가선택(중국당면),튀김류 추가선택(김말이튀김 3p))",너무 맛잇게 잘먹었습니다비빔밥은 진짜 강추강추다음에 또 시킬꺼같아용,5,5,5,5,2021년 3월 26일
6,치킨,강남구 삼성동,역전식당-강남본점,jh**님,옛날 도시락 [후라이]/1(기본 선택(옛날 소시지 도시락)),맛있어서 이틀연속 주문  일단 드셔보세요 맛있어요,5,5,5,5,2021년 3월 22일
7,치킨,강남구 삼성동,역전식당-강남본점,jh**님,옛날 도시락 [후라이]/1(기본 선택(옛날 소시지 도시락)),생각한 옛날 밀가루 소세지는 아닌것 같습니다만 가성비 추억의맛 맛있어요,5,5,5,5,2021년 3월 22일
8,치킨,강남구 삼성동,역전식당-강남본점,na**님,"미역국 [공기밥＋도시락김 포함] /1(기본 선택(소고기미역국)),옛날 도시락 [후라이]/1(기본 선택(옛날 소시지 도시락)),비빔밥[후라이]/1(기본 선택(고추장 불백비빔밥))",옛날도시락에 소시지가 도톰하고 커서 맛있어요 김치도 같이 넣어서 섞어먹으니 정말 옛날도시락 맛이에요 서비스로 보내주신 포도주스도 잘 마셨습니다 감사합니다,5,5,5,5,2021년 3월 21일
9,치킨,강남구 삼성동,역전식당-강남본점,wh**님,"단품요리（공기밥 제공안됨）/1(기본 선택(제육볶음 1인),사리류 추가선택(공기밥)),사이다 500mL/1",맛있게잘먹었습니다 굳굳,5,5,5,5,2021년 3월 18일
10,치킨,강남구 삼성동,역전식당-강남본점,yo**님,"김치찌개 [공기밥＋도시락김 포함] /1(기본 선택(순두부돼지 김치찌개＋도시락 김),밥 변경 선택(공기밥)),미역국 [공기밥＋도시락김 포함] /1(기본 선택(소고기미역국))",맛과 양 모두 좋아요  다만 아쉬운 점은 김치 외 밑반찬이 있으면 좋겠습니다,5,5,5,5,2021년 3월 8일
11,치킨,강남구 삼성동,역전식당-강남본점,yo**님,"미역국 [공기밥＋도시락김 포함] /1(기본 선택(소고기미역국)),옛날 도시락 [후라이]/1(기본 선택(간장 불백 옛날 도시락)),장조림버터비빔밥＋계란후라이/1",맛있어요 배달도 빠르고 서비스도 감사합니다 ,5,5,4,5,2021년 3월 4일
12,치킨,강남구 삼성동,역전식당-강남본점,eh**님,"미역국 [공기밥＋도시락김 포함] /1(기본 선택(소고기미역국),단품메뉴 추가선택(제육볶음[단품]1인),사이드메뉴 추가선택(계란후라이))",맛은 있는데 원래 반찬이 하나도 안오는건가요,3,4,4,5,2021년 3월 2일
13,치킨,강남구 삼성동,역전식당-강남본점,jw**님,옛날 도시락 [후라이]/1(기본 선택(옛날 소시지 도시락)),처음 시켜봤는데 맛있게 잘 먹었습니다 너무 급하게 먹어서 사진은 못찍었네요  서비스 주신것도 감사합니다,5,5,5,5,2021년 2월 18일
14,치킨,강남구 삼성동,역전식당-강남본점,wl**님,"옛날 도시락 [후라이,미니된찌포함]/1(기본 선택(옛날 소시지 도시락),사이드메뉴 추가선택(미니 스팸김치찌개))",감사합니다 잘먹을게용 맛도굳굳,5,5,5,5,2021년 2월 9일
15,치킨,강남구 삼성동,역전식당-강남본점,km**님,"김치찌개 [공기밥＋도시락김 포함] /1(기본 선택(돼지 김치찌개＋도시락 김),밥 변경 선택(공기밥)),김치찌개 [공기밥＋도시락김 포함] /1(기본 선택(돼지 김치찌개＋도시락 김),밥 변경 선택(간장버터계란밥 변경),김치찌개 사이드메뉴 추가선택(계란후라이)),국밥류 [공기밥 포함]/1(기본 선택(나주곰탕)),장조림버터비빔밥＋계란후라이/1(사이드메뉴 추가선택(스팸3조각)),떡볶이/1(떡볶이 사이즈 선택(S),맵기 선택(매운맛 1단계（신라면）),사리류 추가선택(우동사리,메추리알 5p),사이드메뉴 추가선택(참치마요주먹밥),튀김류 추가선택(김말이튀김 3p))",배달도 제 시간에 왔고 맛도있습니다,5,5,5,5,2021년 2월 3일
16,치킨,강남구 삼성동,역전식당-강남본점,gk**님,"옛날 도시락 [후라이,미니된찌포함]/1(기본 선택(간장 불백 옛날 도시락)),비빔밥[후라이,미니된장찌개]/1(기본 선택(고추장 불백비빔밥))",너무 맛있어요 기본구성만으로도 매우 푸짐하고 음료수 서비스까지 굿 매우 잘먹었습니다,5,5,5,5,2021년 1월 27일
17,치킨,강남구 삼성동,역전식당-강남본점,pp**님,"미역국 [공기밥＋도시락김 포함] /1(기본 선택(소고기미역국)),국밥류 [공기밥 포함]/1(기본 선택(나주곰탕))",미역국은 맛있게 먹었는데 나주곰탕드신분이 간이안됬는지 너무 맛없다고 하시더라구요  그래도 미역국이랑 어제먹은 김치찌개는 대만족입니다,4,4,5,5,2020년 12월 30일
18,치킨,강남구 삼성동,역전식당-강남본점,pp**님,"김치찌개 [공기밥＋도시락김 포함] /3(기본 선택(돼지 김치찌개＋도시락 김),밥 변경 선택(공기밥),김치찌개 사이드메뉴 추가선택(계란후라이))",너무 맛있게 먹었습니다 사진은 못찍었네요 ,5,5,5,5,2020년 12월 28일
19,치킨,강남구 삼성동,역전식당-강남본점,so**님,"미역국 [공기밥＋도시락김 포함] /1(기본 선택(소고기미역국),사이드메뉴 추가선택(계란찜))",다른 한식배달집보다 조미료맛 덜나요 계란찜도 집에서 한 느낌 잘먹었어요,5,5,5,5,2020년 12월 28일
20,치킨,강남구 삼성동,역전식당-강남본점,vn**님,"수제돈까스 ＋ 제육볶음 [계란후라이포함]/1(수제돈가스 선택(치즈돈까스),제육볶음 선택(미니제육볶음))",배달도 빠르고 양도 많고 서비스음료까지 맛있게 잘 먹었습니다 ,5,5,5,5,2020년 12월 15일
21,치킨,강남구 삼성동,역전식당-강남본점,tl**님,"미역국 [공기밥＋도시락김 포함] /2(기본 선택(소고기미역국)),비빔밥[후라이,미니된장찌개]/1(기본 선택(고추장 불백비빔밥)),콜라 500mL/1",맛있어요 따뜻하게 잘 먹었습니다 ,5,5,5,5,2020년 12월 13일
22,치킨,강남구 삼성동,역전식당-강남본점,ji**님,"단품요리（공기밥 제공안됨）/1(기본 선택(매운갈비찜 1인),사리류 추가선택(공기밥))",고기가 엄청 부드럽고 진짜 맛있어요 양은 아주 많은 건 아니지만 가격대비 적당한거 같아요 안에 떡사리랑 달걀이랑 감자도 들어가있어요 서비스로 주신 캔커피도 잘 마셨습니다 ,5,5,5,5,2020년 12월 12일
23,치킨,강남구 삼성동,역전식당-강남본점,손님,미역국 [공기밥＋도시락김 포함] /1(기본 선택(소고기미역국)),야갸아이아가 맛있는 소리좀 안나게해라,5,5,5,5,2020년 12월 11일
24,치킨,강남구 삼성동,역전식당-강남본점,tl**님,"비빔밥[후라이,미니된장찌개]/1(기본 선택(간장 불백비빔밥))",한끼 식사로 든든합니다 잘먹었어요,5,5,5,5,2020년 12월 11일
25,치킨,강남구 삼성동,역전식당-강남본점,js**님,장조림버터비빔밥＋계란후라이/1,장조림버터비빔밥 대박이네요 양도많고 너무 맛있어요,5,5,5,5,2020년 12월 11일
26,치킨,강남구 삼성동,역전식당-강남본점,손님,"볶음요리 정식 [공기밥,도시락김,미니된찌]/1(기본 선택(고추장 불백),밥 변경 선택(공기밥))",맛있네연 양도 나쁘지 않고 많이 파세요,5,5,5,5,2020년 12월 11일
27,치킨,강남구 삼성동,역전식당-강남본점,손님,"비빔밥[후라이,미니된장찌개]/1(기본 선택(차돌비빔밥))",간단하게 먹기아주좋았어요 최고,5,5,5,5,2020년 12월 11일
28,치킨,강남구 삼성동,역전식당-강남본점,ck**님,"비빔밥[후라이,미니된장찌개]/1(기본 선택(육회비빔밥))",구성이 맘에들어서 리뷰올립니다  국물에 비빔밥에 비빔장에다가 서비스로 음료수까지주셔서 배부르게 먹었내여,5,5,5,5,2020년 12월 11일
29,치킨,강남구 삼성동,역전식당-강남본점,yu**님,미역국 [공기밥＋도시락김 포함] /1(기본 선택(소고기미역국)),미역국은 잘 안 시켜먹는데 밥 해먹기 귀찮아서 시켰는데 왜케 맛있나요 굴 미역국도 기대가 됩니다,5,5,5,5,2020년 12월 11일
30,치킨,강남구 삼성동,역전식당-강남본점,ls**님,"비빔밥[후라이,미니된장찌개]/1(기본 선택(삼겹비빔밥))",캬아 진짜 맛있네옄 맛집인정,5,5,5,5,2020년 12월 11일
31,치킨,강남구 삼성동,역전식당-강남본점,co**님,"김치찌개（공기밥＋도시락김 포함）/3(김치찌개 선택(돼지 김치찌개＋도시락김),밥 선택(공기밥)),옛날도시락/1(메뉴 선택(옛날 차돌 도시락)),옛날도시락/1(메뉴 선택(옛날 소시지 도시락)),볶음밥&덮밥류 도시락/1(메뉴 선택(제육김치 덮밥)),볶음밥&덮밥류 도시락/1(메뉴 선택(참치마요 덮밥)),볶음밥&덮밥류 도시락/1(메뉴 선택(스팸김치 덮밥))",맛있게 잘먹었습니다 따뜻한 커피까지 너무 감사합니다 직원들 모두 좋아했어요 양이 너무 많아서 다들 힘들게 먹었을만큼 푸짐하고 맛있어요,5,5,5,5,2020년 12월 10일
32,치킨,강남구 삼성동,역전식당-강남본점,wh**님,"볶음요리 정식 [공기밥,도시락김,미니된찌]/1(기본 선택(간장 불백),밥 변경 선택(공기밥),사이드메뉴 추가선택(공기밥))",이틀연속 시켜먹는데 진짜맛잇네요,5,5,5,5,2020년 12월 10일
33,치킨,강남구 삼성동,역전식당-강남본점,js**님,"소곱창전골 정식/1(밥 선택(공기밥),사이즈 선택(1人))",소곱창전골 정말 맛있네요 대박입니다,5,5,5,5,2020년 12월 8일
34,치킨,강남구 삼성동,역전식당-강남본점,손님,볶음밥&덮밥류 도시락/1(메뉴 선택(스팸김치 볶음밥)),한끼해결잘했어요 생각보다 양이많아요 배터지는쥴,5,5,5,5,2020년 12월 8일
35,치킨,강남구 삼성동,역전식당-강남본점,re**님,"옛날도시락/1(메뉴 선택(고추장 불백 옛날 도시락)),비빔밥/1(메뉴 선택(간장 불백비빔밥)),비빔밥/1(메뉴 선택(고추장 불백비빔밥)),중화덮밥/1(메뉴 선택(마파두부밥))",고기는 하나도 안익어서 오고 간장고기는 냄새가나서 못먹었네요 저희꺼만 그런건지,2,2,5,3,2020년 12월 7일
36,치킨,강남구 삼성동,역전식당-강남본점,gg**님,볶음밥&덮밥류 도시락/1(메뉴 선택(스팸마요 덮밥)),되게맛있었어요 다음에또잘부탁드려요,5,5,5,5,2020년 12월 4일
37,치킨,강남구 삼성동,역전식당-강남본점,pi**님,"볶음요리정식（공기밥＋도시락김＋미니된찌）/1(밥 선택(공기밥),메뉴 선택(제육볶음))",가성비좋고 진짜 맛있게 먹었습니다 감사합니다,5,5,5,5,2020년 12월 4일
38,치킨,강남구 삼성동,역전식당-강남본점,ke**님,"볶음밥&덮밥류 도시락/1(메뉴 선택(스팸마요 덮밥),사이드메뉴 추가선택(주먹밥 추가))",처음시켜봤는데 깔끔하고 맛있어요 양도많고 잘먹었어요,4,4,4,4,2020년 12월 4일
39,치킨,강남구 삼성동,역전식당-강남본점,pi**님,"김치찌개（공기밥＋도시락김 포함）/1(김치찌개 선택(돼지 김치찌개＋도시락김),밥 선택(공기밥))",정말 맛있게 잘먹었습니다 배송도 빠르고 포장도 깔끔하고 정성이 느껴지네요,5,5,5,5,2020년 12월 3일
40,치킨,강남구 삼성동,역전식당-강남본점,le**님,"매운갈비찜 정식/1(밥 선택(공기밥),맵기 선택(매운맛 3단계 （불지옥）),사이즈 선택(1人),사리류 추가 선택(메추리알 5p 추가),사이드메뉴 추가선택(갈비만두 6개 추가))",배달빠름과 양은 많습니다 저 분명 불지옥 단계시켯는데 혹시 잘못온건아니겠죠 신라면보다도 안맵고 그냥 매운맛이 도 없습니다 마음같아선 그냥 가져가시고 환불받고싶음 시간동안 고른밥인데,2,1,5,5,2020년 11월 24일
41,치킨,강남구 삼성동,역전식당-강남본점,fl**님,"김치찌개（3찬＋공기밥＋도시락김 포함）/1(김치찌개 선택(참치돼지 김치찌개＋도시락김),밥 선택(공기밥),김치찌개 사이드메뉴 추가 선택(계란후라이 추가)),국밥류（3찬＋공기밥 포함）/1(국밥 선택(사골곰탕))",여기 처음 시켜먹었는데생각보다 너무 맛있습니다 최고입니다,5,5,5,5,2020년 11월 16일
42,치킨,강남구 삼성동,역전식당-강남본점,vn**님,"볶음밥&덮밥류 도시락/1(메뉴 선택(제육덮밥),사이드메뉴 추가선택(계란후라이 추가),음료&생수 추가 선택(사이다 500mL 추가))",배달 빠르고 맛있게 잘 먹었습니다 ,5,5,5,5,2020년 11월 15일
43,치킨,강남구 삼성동,역전식당-강남본점,tj**님,"볶음요리정식（3찬＋공기밥＋도시락김＋미니된찌）/1(밥 선택(공기밥),메뉴 선택(제육볶음),사이드메뉴 추가선택(공기밥 추가))",제육 매콤하고 맛있음 공기밥 양이 만족스러움,5,5,5,5,2020년 11월 8일
44,치킨,강남구 삼성동,역전식당-강남본점,hi**님,"옛날도시락/1(메뉴 선택(옛날 소시지 도시락),사이드메뉴 추가선택(미니 스팸김치찌개 추가))",리뷰를 부탁하는 센스 짱,5,5,5,5,2020년 11월 7일
45,치킨,강남구 삼성동,역전식당-강남본점,re**님,옛날도시락/1(메뉴 선택(옛날 소시지 도시락)),잘먹었습니다 옛날도시락 안의 반찬과 추가로 주신 반찬이 겹칩니다 다른반찬으로 챙겨 주셨으면 좋을것 같아요,4,4,5,5,2020년 11월 4일
46,치킨,강남구 삼성동,역전식당-강남본점,mc**님,짬뽕／볶음짬뽕＋3찬/1(메뉴 선택(짬뽕)),생각보다 맛남 다들 드셔보시길,5,5,5,5,2020년 11월 3일
