﻿,Category,Location,Restaurant,UserID,Menu,Review,Total,Taste,Quantity,Delivery,Date
0,치킨,서초구 방배동,영양센타-반포점,yo**님,통닭/2(사이즈 선택(大)),주문한 음식 모두 맛있습니다,5,5,5,5,어제
1,치킨,서초구 방배동,영양센타-반포점,ji**님,영양삼계탕/3,배송빠르고 맛이 깔끔합니다,4,4,4,5,4일 전
2,치킨,서초구 방배동,영양센타-반포점,손님,영양삼계탕/1,삼계탕은 맛있게 먹었습니다 근데 따뜻하지도 않고 소금이 없어서 아쉬웠습니다 ,5,5,5,5,2021년 7월 24일
3,치킨,서초구 방배동,영양센타-반포점,jo**님,통닭/1(사이즈 선택(大)),기름에 뛰기지 않아 담백해요 양은 대자를 시켜도 크지않고 무엇보다 뜨거운음식을 비닐에 싸줘서 환경호르몬이 나올거같아요포장이 좀 나아뎠음 좋겠네요,3,4,2,4,2021년 7월 23일
4,치킨,서초구 방배동,영양센타-반포점,손님,영양삼계탕/1,정말 맛있게 잘 먹었습니다 ,5,5,5,5,2021년 7월 18일
5,치킨,서초구 방배동,영양센타-반포점,ch**님,통닭/1(사이즈 선택(中)),맛있으니까 불쌍해지네요,5,5,5,5,2021년 7월 14일
6,치킨,서초구 방배동,영양센타-반포점,손님,영양삼계탕/1,카페골목형편없구배달료웃기네,3,2,2,2,2021년 7월 12일
7,치킨,서초구 방배동,영양센타-반포점,ku**님,"통닭/1(사이즈 선택(大)),영양삼계탕/2",요청사항을 적으면 좀 읽으시던가 ,2,2,1,4,2021년 6월 30일
8,치킨,서초구 방배동,영양센타-반포점,bo**님,전복녹용삼계탕/1,맛있게 잘 먹었습니다 전복이 아주 크고 실하네요,5,5,5,5,2021년 6월 28일
9,치킨,서초구 방배동,영양센타-반포점,yu**님,영양삼계탕/1,전통을 자랑하는 영양센타 삼계탕이예요,5,5,5,5,2021년 6월 19일
10,치킨,서초구 방배동,영양센타-반포점,손님,통닭/1(사이즈 선택(大)),맛있게 먹었습니다 단 포장시 종이 먼저 포장후 비닐 포장 해주셨으면 좋겠습니다 치킨이 매우 뜨거워 비닐종이에 먼저 포장할 경우 건강에 해롭지 않을까 해서요,5,5,5,5,2021년 6월 18일
11,치킨,서초구 방배동,영양센타-반포점,ch**님,영양삼계탕/2,진짜 배달 엄청 빨리와서 놀랐어요 사진처럼 포장돼서 흐르거나 하는거 없이 잘 왔어요 영양센터 삼계탕은 가격이 싼편은 아닌데 맛있고 양도 많아서 항상 만족하면서 먹고있어요 깍두기도 맛있고 닭도 부드러워요 잘 먹었습니다,5,5,5,5,2021년 6월 16일
12,치킨,서초구 방배동,영양센타-반포점,mi**님,통닭/1(사이즈 선택(大)),어린시절이 생각나는맛 저는 라떼임,5,5,5,5,2021년 5월 12일
13,치킨,서초구 방배동,영양센타-반포점,eu**님,영양삼계탕/1,영양가도 있고 맛도 있어서 좋아요,5,5,5,5,2021년 5월 12일
14,치킨,서초구 방배동,영양센타-반포점,ch**님,통닭/2(사이즈 선택(大)),아는 맛이지만 매번 맛있어요,5,5,5,5,2021년 5월 7일
15,치킨,서초구 방배동,영양센타-반포점,ji**님,통닭/1(사이즈 선택(中)),겉바삭 속촉촉 맛있게 먹었습니다 크기가 작아서 억시키세요,5,5,4,5,2021년 4월 28일
16,치킨,서초구 방배동,영양센타-반포점,he**님,영양삼계탕/1,배달 정말 빠릅니다 감사해요,5,5,5,5,2021년 4월 27일
17,치킨,서초구 방배동,영양센타-반포점,ro**님,"통닭/2(사이즈 선택(中)),영양삼계탕/2",언제나 즐겨 먹는집이예요 배달까지 되고 코로나 여파로 편하네요,5,5,5,5,2021년 3월 22일
18,치킨,서초구 방배동,영양센타-반포점,gl**님,"영양삼계탕/1,들깨삼계탕/1",최고의 삼계탕집입니다 최강입니다,5,5,5,5,2021년 3월 18일
19,치킨,서초구 방배동,영양센타-반포점,ro**님,통닭/1(사이즈 선택(大)),맛있습니다 배송도 무지 빠르구요,5,5,4,5,2021년 3월 16일
20,치킨,서초구 방배동,영양센타-반포점,mi**님,영양삼계탕/4,다 먹고 사진 찍는게 생각났네요 닭은 영계인듯하고 국물도 깔끔하고 양도 많았어요 맛있게 잘 먹었습니다,5,5,5,5,2021년 3월 12일
21,치킨,서초구 방배동,영양센타-반포점,bo**님,"통닭/1(사이즈 선택(中)),영양삼계탕/1",배송도빠르고 맛있습니다,5,5,5,5,2021년 3월 7일
22,치킨,서초구 방배동,영양센타-반포점,la**님,"통닭/1(사이즈 선택(大)),영양삼계탕/1",전기통닭 메뉴를 안짠 싱거운 통닭도 추가해 주시기 바랍니다 반찬용이나 안주용으로는 좋은데 그냥 먹기에는 짭니다,5,4,5,5,2021년 2월 20일
23,치킨,서초구 방배동,영양센타-반포점,ch**님,통닭/1(사이즈 선택(中)),명절전에 배달이 많안나본데 생각보다 배달 빨랐어오맛있구요,5,5,5,5,2021년 2월 11일
24,치킨,서초구 방배동,영양센타-반포점,손님,들깨삼계탕/3,맛있어요 깍두기도 많이 주시고 맛있어요,5,5,5,5,2021년 2월 5일
25,치킨,서초구 방배동,영양센타-반포점,ju**님,통닭/1(사이즈 선택(大)),겉 바삭 속 촉촉이 아니예요 맛은 괜찮은데 시간이 지나 수분이 빠져 마른 맛 같았구요 배달이 빨리와서 정말 감사했어요,5,2,5,5,2021년 1월 31일
26,치킨,서초구 방배동,영양센타-반포점,jh**님,영양삼계탕/1,삼계탕집으로서 기본에 충실합니다,4,4,4,4,2021년 1월 30일
27,치킨,서초구 방배동,영양센타-반포점,kk**님,통닭/1(사이즈 선택(中)),리뷰가 좋아서 기대했는데 저는 닭 냄새가 닜어요,3,3,4,4,2021년 1월 28일
28,치킨,서초구 방배동,영양센타-반포점,je**님,"통닭/1(사이즈 선택(中)),영양삼계탕/1",항상 같은 맛 맛있습니다,5,5,5,5,2021년 1월 24일
29,치킨,서초구 방배동,영양센타-반포점,ch**님,통닭/1(사이즈 선택(中)),이걸보고 나라에서 허용한 중독이라 하나봐요 주 회 시키고 있네요 올해 내 다이어트는 끝이라고 봅니다,5,5,5,5,2021년 1월 18일
30,치킨,서초구 방배동,영양센타-반포점,da**님,통닭/1(사이즈 선택(中)),언제나 맛있어요 다른 지점보다 반포점이 더 맛있네요,5,5,5,5,2021년 1월 16일
31,치킨,서초구 방배동,영양센타-반포점,sj**님,영양삼계탕/2,날씨가 추우니 뜨겁지는 않았지만 따뜻하게 잘 먹었어요가서 늘 먹는곳이라 맛은 보장이네요,5,5,5,5,2021년 1월 14일
32,치킨,서초구 방배동,영양센타-반포점,ch**님,통닭/1(사이즈 선택(大)),맛있엉맛있어너어무 맛있어요,5,5,5,5,2021년 1월 8일
33,치킨,서초구 방배동,영양센타-반포점,ch**님,통닭/1(사이즈 선택(中)),옛날 약봉지 감성 그걸 아는 내가 너무 웃겼네요 맛도 추억 돋게 너무너무맛있네요,5,5,5,5,2021년 1월 2일
34,치킨,서초구 방배동,영양센타-반포점,pa**님,통닭/2(사이즈 선택(大)),닭이 너무 바짝 마른 느낌이요 겉바삭 속촉촉이 아니에요 손님 없어 너무 오래 돌리다 배달 온 느낌이었어요 영양센터 치킨 좋아하는데 좀 실망했어요,2,1,2,5,2021년 1월 1일
35,치킨,서초구 방배동,영양센타-반포점,an**님,통닭/1(사이즈 선택(大)),역시 영양센타 맛있어요 금방 조리한 음식이 엄청 빨리 배달 되어서 맛있게 먹었네요 사이즈는 대자여도 인 닭 할 수 있는 사이즈에요 원래 통닭구이는 닭이 너무 크면 맛이 없으니까 사이즈가 클 수 없다는건 알고 있었지만 어쨌든 맛있었어요 통닭 땡길때 또 시켜먹고 싶어요,5,5,4,5,2020년 12월 23일
36,치킨,서초구 방배동,영양센타-반포점,da**님,"통닭/1(사이즈 선택(大)),영양삼계탕/1",매장에서 먹던 맛이랑 똑같아요 코로나로 외출힘든데배달되니 너무 좋습니다,5,5,5,5,2020년 12월 13일
