﻿,Category,Location,Restaurant,UserID,Menu,Review,Total,Taste,Quantity,Delivery,Date
0,치킨,마포구 상암동,용심마라탕&마라치킨,do**님,"마라탕（고기 미포함）/1(사이즈 선택(1人),마라탕 매운단계 선택(2단계 맛있는 매운맛),추가 선택(소고기（1＋1）추가))",너무맛있어서 단골됐어요,5,5,5,5,어제
1,치킨,마포구 상암동,용심마라탕&마라치킨,ga**님,"라세트（마라탕 고기포함＋꿔바로우＋주먹밥）/1(마라탕 매운단계 선택(3단계 정말 매운맛),탕 고기 선택(소고기（1＋1）))",요청사항 대로 잘보내주셧어요 맛있게 잘먹었습니다 양많고 최고,5,5,5,5,2021년 7월 25일
2,치킨,마포구 상암동,용심마라탕&마라치킨,do**님,"마라탕（고기 미포함）/1(사이즈 선택(1人),마라탕 매운단계 선택(2단계 맛있는 매운맛),추가 선택(소고기（1＋1）추가))",어제먹고 오늘 또먹어요  역시맛있구 오늘은 배달도 짱빨랐어요,5,5,5,5,2021년 7월 23일
3,치킨,마포구 상암동,용심마라탕&마라치킨,do**님,"마라탕（고기 미포함）/1(사이즈 선택(1人),마라탕 매운단계 선택(2단계 맛있는 매운맛),추가 선택(소고기（1＋1）추가))",요새 완전중독되서 계속시켜먹는중요 ,5,5,5,5,2021년 7월 22일
4,치킨,마포구 상암동,용심마라탕&마라치킨,wh**님,"라세트（마라탕 고기포함＋꿔바로우＋주먹밥）/1(마라탕 매운단계 선택(2단계 맛있는 매운맛),탕 고기 선택(소고기（1＋1）))",양도 좋고 맛나용  서비스로 음료도 감사해용 ,5,5,5,5,2021년 7월 10일
5,치킨,마포구 상암동,용심마라탕&마라치킨,yr**님,"라세트（마라탕 고기포함＋꿔바로우＋주먹밥）/1(마라탕 매운단계 선택(2단계 맛있는 매운맛),탕 고기 선택(소고기（1＋1）))",마라탕도 꿔바로우도 늘 맛있습니다,5,5,5,,2021년 6월 24일
6,치킨,마포구 상암동,용심마라탕&마라치킨,ws**님,"마라탕（고기 미포함）/1(사이즈 선택(1人),마라탕 매운단계 선택(2단계 맛있는 매운맛),추가 선택(소고기（1＋1）추가))",크흐 매번 시켜먹는곳이지만 먹을때마다 넘 맛있어서 새로워여  양도 진짜 많고 배달도 빠르고 진짜 짱 맛있어요,5,5,5,5,2021년 6월 22일
7,치킨,마포구 상암동,용심마라탕&마라치킨,sh**님,"마라탕（고기 미포함）/1(사이즈 선택(1人),마라탕 매운단계 선택(2단계 맛있는 매운맛),추가 선택(소고기（1＋1）추가))",맛있게 잘 먹었습니다 ,5,5,5,,2021년 6월 20일
8,치킨,마포구 상암동,용심마라탕&마라치킨,jo**님,"마라탕（고기 미포함）/1(사이즈 선택(1人),마라탕 매운단계 선택(3단계 정말 매운맛),추가 선택(소고기（1＋1）추가))",첫 주문인데 맛있게 먹었습니다,5,5,5,5,2021년 6월 16일
9,치킨,마포구 상암동,용심마라탕&마라치킨,yr**님,"마라탕（고기 미포함）/1(사이즈 선택(1人),마라탕 매운단계 선택(2단계 맛있는 매운맛),추가 선택(주먹밥 추가))",감동뿐인 맛과 양입니다 맛있게 잘 먹었습니다,5,5,5,,2021년 6월 13일
10,치킨,마포구 상암동,용심마라탕&마라치킨,wj**님,"라세트（마라탕 고기포함＋꿔바로우＋주먹밥）/1(마라탕 매운단계 선택(3단계 정말 매운맛),탕 고기 선택(소고기（1＋1）))",장난이 아니라 이렇게 퍼주시면 어떻게 운영하실까 괜시리 걱정됩니다 진짜 구성이빠른 배달로 음식 모두 뜨겁게 잘 왔고 잘 먹었습니다,5,5,5,5,2021년 6월 11일
11,치킨,마포구 상암동,용심마라탕&마라치킨,ba**님,"마라상궈（고기 미포함）/1(사이즈 선택(1人（공기밥 서비스）),마라상궈 매운단계 선택(1단계 보통매운맛),추가 선택(소고기（1＋1）추가))",양이 정말 많아요 죽순 고구마떡 옥수수 호박고기 시켰더니 엄청 많았어요 많이 라하지 않아서 입문용으로 최고입니다 리뷰이벤트로 요청드린 콜라는 없고 연유꽃빵이 있었는데 신기한 맛이라 좋았어요 전체적으로 한국적인 맛이 특색있고 좋았습니다,5,4,5,5,2021년 6월 1일
12,치킨,마포구 상암동,용심마라탕&마라치킨,lj**님,"라세트（마라탕 고기포함＋꿔바로우＋주먹밥）/1(마라탕 매운단계 선택(2단계 맛있는 매운맛),탕 고기 선택(소고기（1＋1）),추가 선택(푸주 추가,건두부 추가))",역시 양도많고 맛도좋네요 잘먹었어요,5,5,5,5,2021년 5월 28일
13,치킨,마포구 상암동,용심마라탕&마라치킨,ws**님,"라세트（마라탕 고기포함＋꿔바로우＋주먹밥）/1(마라탕 매운단계 선택(2단계 맛있는 매운맛),탕 고기 선택(소고기（1＋1）))",양도 많고 배달도 진짜 빠르고 맛도 넘 맛있어요대박  잘먹었습니다,5,5,5,5,2021년 5월 25일
14,치킨,마포구 상암동,용심마라탕&마라치킨,ry**님,"마라탕（고기 미포함）/1(사이즈 선택(1.5人（공기밥 서비스）),마라탕 매운단계 선택(2단계 맛있는 매운맛),추가 선택(소고기 200g 추가,크랩완자 추가,비엔나 추가,야채（청경채）추가,푸주 추가,건두부 추가))",울 아이들이 마라 좋아하는데 마라탕은 용심이래요,5,5,5,5,2021년 5월 19일
15,치킨,마포구 상암동,용심마라탕&마라치킨,vh**님,"라세트（마라탕 고기포함＋꿔바로우＋주먹밥）/1(마라탕 매운단계 선택(2단계 맛있는 매운맛),탕 고기 선택(소고기（1＋1）))",배달도 빠르고 양이 정말정말 많아서 깜짝놀랐어요 특히 마라탕이 맛있었어요,5,5,5,5,2021년 5월 15일
16,치킨,마포구 상암동,용심마라탕&마라치킨,lj**님,"라세트（마라탕 고기포함＋꿔바로우＋주먹밥）/1(마라탕 매운단계 선택(3단계 정말 매운맛),탕 고기 선택(소고기（1＋1）),추가 선택(비엔나 추가,건두부 추가))",일단 양으로 승부보는 곳인 것 같다는 느낌을 강하기 받았어요 진짜 양이많았거든요 다만 맛은 좀 아니었던것 같아요 특히 꿔바로우 고기 염지가 너무 세게된건지 새콤 달콤 한 소스뒤로 강한 짠맛이 지나갔어요 다만 양많고 가성비 좋은 맛으로 먹는 것같아요 그런면에서는 최고 여튼 잘먹었어요 마라탕 맛은 무난했어요,5,3,5,5,2021년 5월 14일
17,치킨,마포구 상암동,용심마라탕&마라치킨,yr**님,"라세트（마라탕 고기포함＋꿔바로우＋주먹밥）/1(마라탕 매운단계 선택(2단계 맛있는 매운맛),탕 고기 선택(소고기（1＋1）))",마라탕 꿔바로우 둘다 넘 맛있어요,5,5,5,,2021년 4월 24일
18,치킨,마포구 상암동,용심마라탕&마라치킨,ji**님,"라세트（마라탕 고기포함＋꿔바로우＋주먹밥）/1(마라탕 매운단계 선택(2단계 맛있는 매운맛),탕 고기 선택(소고기（1＋1）))",역시나 너무 맛잇어요 마라탕 골고루 푸짐하네요 오늘 궤바로우는 평소보다 눅눅하네요 주먹밥은 밥 양이 많다보니 김이 부족한듯 전체적으로 만족함니다 또 주문할래요,5,5,5,5,2021년 4월 20일
19,치킨,마포구 상암동,용심마라탕&마라치킨,ws**님,"라세트（마라탕 고기포함＋꿔바로우＋주먹밥）/1(마라탕 매운단계 선택(2단계 맛있는 매운맛),탕 고기 선택(소고기（1＋1）))",정말 너무 맛있게 잘먹엇습니다 양이 무지 많아서 너무 놀랬아요 배달도 빠르고  마라탕 너무 좋아하는데 이제 단골 될것같아여,5,5,5,5,2021년 4월 13일
20,치킨,마포구 상암동,용심마라탕&마라치킨,ks**님,"라세트（마라탕 고기포함＋꿔바로우＋주먹밥）/1(마라탕 매운단계 선택(2단계 맛있는 매운맛),탕 고기 선택(소고기（1＋1）),추가 선택(소고기 100g 추가,야채（청경채）추가,넓적당면 추가))",마라탕 맛있게 잘 먹었어요 처음으로 꿔바로우도 먹어봤는데 달달하고 쫀득하고 맛있었어요 마라탕도 적당히 얼얼하고 재료도 많이 들어있어서 든든하게 잘 먹었습니당 다음에 또 시켜먹을게요 번창하세요,5,5,5,5,2021년 3월 19일
21,치킨,마포구 상암동,용심마라탕&마라치킨,sk**님,"마라탕（고기 미포함）/1(사이즈 선택(1人),마라탕 매운단계 선택(3단계 정말 매운맛),추가 선택(소고기（1＋1）추가))",와 짱 맛있고 양도 많고 너무 맛있어요,5,5,5,5,2021년 3월 13일
22,치킨,마포구 상암동,용심마라탕&마라치킨,wj**님,"라세트（마라탕 고기포함＋꿔바로우＋주먹밥）/1(마라탕 매운단계 선택(3단계 정말 매운맛),탕 고기 선택(소고기（1＋1）))",와 가성비에 깜짝 놀라버렸슴다 만원이라곤 믿기지 않는 구성 마라탕 별도 추가 없이도 구성이 푸짐했습니다 꿔바로우도 대박이구요 맛있게 잘 먹었어요,5,5,5,5,2021년 2월 22일
23,치킨,마포구 상암동,용심마라탕&마라치킨,el**님,"라세트（마라탕 고기포함＋꿔바로우＋주먹밥）/1(마라탕 매운단계 선택(2단계 맛있는 매운맛),탕 고기 선택(소고기（1＋1）))",맛있어요그런데 마라탕단계는 매운맛이 하나도 없어서 다음엔 단계 시켜야겠어요 ,4,4,5,5,2021년 2월 16일
24,치킨,마포구 상암동,용심마라탕&마라치킨,ji**님,"라세트（마라탕 고기포함＋꿔바로우＋주먹밥）/1(마라탕 매운단계 선택(2단계 맛있는 매운맛),탕 고기 선택(소고기（1＋1）))",역시 넘 맛나요 마라탕은 푸짐하고 맛잇게 맵고 꿔바로우는 역시 쫀득새콤달콤에 앙이 푸짐해서 다음날에 먹어도 맛잇네요 외식이 고플땐 용심바라탕 생각나요,5,5,5,5,2021년 2월 9일
25,치킨,마포구 상암동,용심마라탕&마라치킨,ss**님,꿔바로우/1,살짜리 아들이 또 먹고싶다고 졸라서 결국 꿔바로우만 다시주문  맛있게 잘먹으니 저도 기분 좋네요,5,5,5,5,2021년 2월 8일
26,치킨,마포구 상암동,용심마라탕&마라치킨,ss**님,"라세트（마라탕 고기포함＋꿔바로우＋주먹밥）/1(마라탕 매운단계 선택(2단계 맛있는 매운맛),탕 고기 선택(소고기（1＋1）),추가 선택(야채（청경채）추가))",마라탕 맛있었는데 약간 싱거웠네요  다음엔 좀더 매운맛으로 주문할께요 겉이온 꿔바로우 맛도 좋고 양도 푸짐해서 좋았네요 맛있게 잘먹었습니다,5,5,5,5,2021년 2월 8일
27,치킨,마포구 상암동,용심마라탕&마라치킨,kp**님,"라세트（마라탕 고기포함＋꿔바로우＋주먹밥）/1(마라탕 매운단계 선택(2단계 맛있는 매운맛),탕 고기 선택(소고기（1＋1）))",사진은 바빠서 못찍었습니다두번째 주문인데요진짜맞있어요탕수육은 진짜 짱입니다,5,5,5,5,2021년 1월 25일
28,치킨,마포구 상암동,용심마라탕&마라치킨,kp**님,"라세트（마라탕 고기포함＋꿔바로우＋주먹밥）/1(마라탕 매운단계 선택(1단계 백탕（고소한맛）),탕 고기 선택(소고기（1＋1）))",너무 맞있어요제가 먹어본 탕수욕증에 제일 맞있는타수욕이었어요 사장님 대박나세요,5,5,5,5,2021년 1월 17일
29,치킨,마포구 상암동,용심마라탕&마라치킨,pi**님,"마라탕（고기 미포함）/2(사이즈 선택(1人),마라탕 매운단계 선택(3단계 정말 매운맛))",항상 진짜 뜨끈하게와요 너무좋아 단계는 무매워서 이제 단계만 시킬려구요 단계먹고 밤새 속아퍼서 끙끙앓았어요 신라면불닭정도는 단계드시고 나는 엄청매운거잘먹는사람부터 단계드세용,5,5,5,5,2021년 1월 12일
30,치킨,마포구 상암동,용심마라탕&마라치킨,ji**님,"라세트（마라탕 고기포함＋꿔바로우＋주먹밥）/1(마라탕 매운단계 선택(2단계 맛있는 매운맛),탕 고기 선택(소고기（1＋1）))",역시 너무 맛잇네요 단계가 적당히 매워서 로 주문햇는데 단계보다 덜 맵더라고요 살짝 아쉬웟어요 믿고 먹는 맛집으로 번창하세요싸비스 음료 잘먹엇슴다,5,5,5,5,2021년 1월 11일
31,치킨,마포구 상암동,용심마라탕&마라치킨,ji**님,"라세트（마라탕 고기포함＋꿔바로우＋주먹밥）/1(마라탕 매운단계 선택(2단계 맛있는 매운맛),탕 고기 선택(소고기（1＋1）),추가 선택(넓적당면 추가))",이거 숨은강자를 찾앗네요 양도 푸짐한데 맛까지 기가막힘니다 마라탕 좋아하는데 단골각이네요 꿔바로우만 가격에 세트까지 주신거 같아 주문 바뀐거 아니냐고 주문서 확인햇어요 궈바로우 바삭촉촉 찍어먹는 간장도 일품이네요 주문한번 잘하고 온가족이 행복햇어요 번창하세요,5,5,5,5,2021년 1월 9일
32,치킨,마포구 상암동,용심마라탕&마라치킨,pi**님,"라세트（마라탕 고기포함＋꿔바로우＋주먹밥）/1(마라탕 매운단계 선택(2단계 맛있는 매운맛),탕 고기 선택(양고기),추가 선택(고수 추가))",마라탕 진짜 뜨끈하게 왔어요 거의매장에서 먹는수준 다먹을때까지도 거의 안식었더라고요 대다나다 마라탕맛은 완전 최고인데 적당히 마라탕맛나는 맛이었어요 너무 그맛이안나도별로잖아요 딱 좋아씀 맛있게잘먹었습니다,5,5,5,5,2021년 1월 1일
33,치킨,마포구 상암동,용심마라탕&마라치킨,sy**님,"마라탕（고기 미포함）/1(사이즈 선택(1人),마라탕 매운단계 선택(3단계 정말 매운맛),추가 선택(소고기（1＋1）추가,소고기 200g 추가,야채（청경채）추가,넓적당면 추가,푸주 추가))",국물이 너무 맛있었어서 마중에 안매운맛도 먹어보고싶어요  이것저것 추가하긴했지만 생각했던것 보다 양이 너무 많았어요 추천이요,5,5,5,5,2020년 12월 20일
34,치킨,마포구 상암동,용심마라탕&마라치킨,mi**님,"마라탕（고기 미포함）/1(사이즈 선택(1人),마라탕 매운단계 선택(2단계 맛있는 매운맛),추가 선택(소고기（1＋1）추가,비엔나 추가))",마라탕 땡길때 자주 찾는 집입니다 내용물도 알차고 맛도 있고 이번에도 맛있게 잘 먹었습니다,5,5,5,5,2020년 12월 3일
35,치킨,마포구 상암동,용심마라탕&마라치킨,st**님,"마라탕（고기 미포함）/1(사이즈 선택(1人),마라탕 매운단계 선택(3단계 정말 매운맛),추가 선택(넓적당면 추가,푸주 추가))",마라탕에빠져 다른마라탕집 다 시켜봤는데 여기가 제일 제 입맛에맞고 양도많고 맛있어서 여기로 다시시켰어요 예전엔 단계시켰을때 조금 다 매웠으면 좋겠다 생각되서 단계시켰는데 단계는 제입맛에 넘 매웠지만 싹싹 긁어먹었습니닼양도 배달도 넘 마음에 드는곳이라 앞으로 여기서만 시켜먹으려구요맛도 양도 변함없이 유지해주세요계속 단골할게요,5,5,5,5,2020년 12월 2일
36,치킨,마포구 상암동,용심마라탕&마라치킨,11**님,"라세트（마라탕 고기포함＋꿔바로우＋주먹밥）/1(마라탕 매운단계 선택(2단계 맛있는 매운맛),탕 고기 선택(소고기（1＋1）))",이 가게에서 훠궈도 먹어봤는데 너무맛있어서 주문했는데 마라탕이랑 꿔바로우도 역시 맛나네요 맛나게 잘 먹었습니다 ,5,5,5,5,2020년 12월 2일
37,치킨,마포구 상암동,용심마라탕&마라치킨,gh**님,"마라탕（고기 미포함）/1(사이즈 선택(1人),마라탕 매운단계 선택(3단계 정말 매운맛),추가 선택(소고기（1＋1）추가,비엔나 추가,야채（청경채）추가,넓적당면 추가,건두부 추가))",역시나역시나 맛있맛있었습니다,5,5,5,5,2020년 12월 1일
38,치킨,마포구 상암동,용심마라탕&마라치킨,vi**님,"마라탕（고기 미포함）/1(사이즈 선택(1人),마라탕 매운단계 선택(3단계 정말 매운맛),추가 선택(건두부 추가))",오자마자 허버허버 먹어서 사진이없네염 단계 먹었고 건두부 추가했는데 진짜 건두부 겁나 많이 주셔서 너무 잘먹었어요 감사합니다,5,4,5,5,2020년 11월 1일
39,치킨,마포구 상암동,용심마라탕&마라치킨,yo**님,"마라상궈（고기 미포함）/1(사이즈 선택(1人（공기밥 서비스）),마라상궈 매운단계 선택(1단계 보통매운맛),추가 선택(고수 추가,야채（청경채）추가))",마라샹궈는 기름에 볶아내는 음식이지 전분 풀어서 질척하게 만드는 음식이 아닙니다 맛없어서 먹다가 다 버렸네요 푸주는 물에 불려지지도 않아서 딱딱하고 건두부는 뭉쳐있고 매운맛은 기분좋게 향신료 향이 곁들인 게 아니라 엽떡 매운맛 같고 다시 시킬 일은 없을 것 같습니다 늦은 밤에 빠른 배달은 감사하네요,2,1,3,5,2020년 8월 28일
40,치킨,마포구 상암동,용심마라탕&마라치킨,ro**님,"마라탕（고기 미포함）/1(사이즈 선택(1人),마라탕 매운단계 선택(1단계 백탕（고소한맛）),추가 선택(소고기（1＋1）추가))", 맛 선택을 잘못해서 단계먹으려던걸 백탕으로 먹어서 정확한 맛 평가가 어렵네요 그래도 양 진짜 많고 괜찮았어요 담엔 단계로 시켜먹을게요 너무아쉽,5,4,5,4,2020년 8월 22일
41,치킨,마포구 상암동,용심마라탕&마라치킨,y9**님,"탕세트（마라상궈 고기포함＋꿔바로우＋주먹밥）/1(마라상궈 매운단계 선택(1단계 보통매운맛),상궈 고기 선택(소고기（1＋1）))",배달도 빠르고 맛있게 잘먹었어요,5,5,5,5,2020년 7월 18일
42,치킨,마포구 상암동,용심마라탕&마라치킨,dm**님,"마라탕（고기 미포함）/1(사이즈 선택(1人),마라탕 매운단계 선택(4단계 짱 매운맛),추가 선택(소고기（1＋1）추가,야채（청경채）추가,푸주 추가,건두부 추가))",양도 많고 맛있었어요 리뷰 사은품으로 주신 아이스티도 잘받았구요 전부 만족스러웠습니다 배달할때 무슨 실수가 있었는지 소스가 새서 일회용 젓가락과 마라탕 뚜껑에 조금 고여있더라구요 배달하면서 좀 샌거같아서 놀랬지만 이걸 잊어버릴 정도로 맛있었어요 다음에 또 시키겠습니다 좋은하루 되세요 ,5,5,5,5,2020년 7월 8일
43,치킨,마포구 상암동,용심마라탕&마라치킨,rk**님,"라세트（마라탕 고기포함＋꿔바로우＋주먹밥）/1(마라탕 매운단계 선택(3단계 정말 매운맛),탕 고기 선택(소고기（1＋1）),추가 선택(비엔나 추가,넓적당면 추가))",요청사항 들어주셔서 너무 감사합니다 진짜 맛있게 먹었어요 양도 짱많고 다음에 또 시켜먹고싶네유콜라도 잘먹었숩니당 케케,5,5,5,5,2020년 6월 27일
