﻿,Category,Location,Restaurant,UserID,Menu,Review,Total,Taste,Quantity,Delivery,Date
0,치킨,마포구 연남동,인도음식포탈라-홍대점,bk**님,"인도세트（탄두리치킨＋커리 中 택1＋한국 밥＋버터난＋샐러드＋음료 中 택1）/1(커리 선택(버터치킨),음료 선택(라씨))",라씨가좀 꾸덕했고 탄두리치킨은뼈만왓어요나름세트여서시킨건데 좀,4,4,5,5,2021년 6월 24일
1,치킨,마포구 연남동,인도음식포탈라-홍대점,pi**님,티베트세트（야채볶음밥＋치킨쵸우민＋사박레＋음료 中 택1）/1(음료 선택(라씨)),치킨쵸우민에 소스를 더 이상 안 넣으실거예요 예전에 그 위에 있는 빨간소스 때문에 치킨쵸우민 너무 맛있게 해서 계속 주문했는데 지난번과 이번은 소스가 없어서 실망했습니다 빨리 먹으니까 사진 없지만 제 지난 리뷰 사진을 봐도 돼요 리뷰 이벤트 소비스 감사합니다,4,4,4,5,2021년 6월 9일
2,치킨,마포구 연남동,인도음식포탈라-홍대점,pi**님,티베트세트（야채볶음밥＋치킨쵸우민＋사박레＋음료 中 택1）/1(음료 선택(라씨)),이번은 치킨쵸우민에 소스 잊어버리셨나봐요 라씨도 거의 상한 것 같아요 사이다 같았어요 이 세트를 자주 시켜먹었는데 실망 처음이네요,4,3,4,5,2021년 5월 17일
3,치킨,마포구 연남동,인도음식포탈라-홍대점,ka**님,치킨커리/1,재주문 했습니다   커리도 맛있고 난도 되게 맛있어요,5,5,5,4,2021년 4월 14일
4,치킨,마포구 연남동,인도음식포탈라-홍대점,pi**님,티베트세트（야채볶음밥＋치킨쵸우민＋사박레＋음료 中 택1）/1(음료 선택(라씨)),리뷰 보니까 저만 시켜 먹는 것 같아요  치킨쵸우민 사랑합니다,5,5,5,5,2021년 4월 9일
5,치킨,마포구 연남동,인도음식포탈라-홍대점,손님,"버터치킨커리/1,치즈난/1,라씨/1(메뉴 선택(망고))",너무 너무 너무 맛있어용,5,5,5,5,2021년 4월 8일
6,치킨,마포구 연남동,인도음식포탈라-홍대점,73**님,"버터치킨커리/1,플레인난/2",배달예상시간보다 늦게왔어요  난은 따뜻했지만 질기고 커리는 맛있는데 양이 적어요  난 개에 커리 개씩 시켜야 양이 맞을 것 같아요 인 커리 난 추천드려요,3,3,4,3,2021년 4월 6일
7,치킨,마포구 연남동,인도음식포탈라-홍대점,ka**님,버터치킨커리/1,처음 먹어봤는데 가격도 싸고 맛있게 잘먹었습니다 배달도 한시간 쯤 걸릴거라고 하셨는데 되게 빨리 왔어요,5,5,5,5,2021년 4월 6일
8,치킨,마포구 연남동,인도음식포탈라-홍대점,pi**님,티베트세트（야채볶음밥＋치킨쵸우민＋사박레＋음료 中 택1）/1(음료 선택(라씨)),치킨쵸우민 좋아해서 또 주문했습니다 잘 먹었습니다,5,5,5,5,2021년 3월 23일
9,치킨,마포구 연남동,인도음식포탈라-홍대점,pi**님,티베트세트（야채볶음밥＋치킨쵸우민＋사박레＋음료 中 택1）/1(음료 선택(라씨)),치킨쵸우민 너무 맛있어요 또 주문할게요,5,5,5,5,2021년 3월 16일
10,치킨,마포구 연남동,인도음식포탈라-홍대점,kh**님,버터치킨커리/1,배달도 빨리오고 너무 맛있어요 잘먹었습니다,5,5,5,5,2021년 1월 16일
11,치킨,마포구 연남동,인도음식포탈라-홍대점,pi**님,"인도세트（탄두리치킨＋커리 中 택1＋한국 밥＋버터난＋샐러드＋음료 中 택1）/1(커리 선택(버터치킨),음료 선택(라씨))",세트로 최고 인데 커리는 그냥 그래요 탄두리치킨은 맛있어요,5,4,5,5,2020년 11월 18일
12,치킨,마포구 연남동,인도음식포탈라-홍대점,ao**님,"인도세트（탄두리치킨＋커리 中 택1＋한국 밥＋버터난＋샐러드＋음료 中 택1）/1(커리 선택(버터치킨),음료 선택(라씨))",오랜만에 인도음식 땡겨서 시켰는데 가격대비 맛있구 좋아여 무엇보다 배달 빠른게 최고였슴다 재주문의사있어요 잘먹었습니당 사장님,5,5,5,5,2020년 11월 17일
13,치킨,마포구 연남동,인도음식포탈라-홍대점,jd**님,"버터치킨커리/1,버터난/1,한국밥/1",여기 진짜 넘넘 맛있어요 ,5,5,5,5,2020년 10월 30일
14,치킨,마포구 연남동,인도음식포탈라-홍대점,lu**님,"인도세트（탄두리치킨＋커리 中 택1＋한국 밥＋버터난＋샐러드＋음료 中 택1）/1(커리 선택(버터치킨),음료 선택(라씨))",너무 맛있게 잘먹었습니다 포장도 잘 왔고 추천해요,5,5,5,5,2020년 9월 28일
15,치킨,마포구 연남동,인도음식포탈라-홍대점,tk**님,"인도세트（탄두리치킨＋커리 中 택1＋한국 밥＋버터난＋샐러드＋음료 中 택1）/1(커리 선택(버터치킨),음료 선택(라씨)),요상박레（튀김빵）/1",컴터 앞에서 펼쳐놓으니 행복해요 너무 맛있게 먹었네요,4,4,3,5,2020년 9월 22일
16,치킨,마포구 연남동,인도음식포탈라-홍대점,pi**님,"인도세트（탄두리치킨＋커리 中 택1＋한국 밥＋버터난＋샐러드＋음료 中 택1）/1(커리 선택(버터치킨),음료 선택(라씨))",이 세트를 자주 시켜먹었는데 이번은 커리 제일 짜요  국물이 되어버리는 느낌이 있어요 근데 탄두리치킨 맛있어요,4,4,5,5,2020년 9월 11일
17,치킨,마포구 연남동,인도음식포탈라-홍대점,la**님,"버터치킨커리/1,마늘난/1,한국밥/1",아주 맛있는 나는 그것을 좋아한다,5,5,5,5,2020년 9월 4일
18,치킨,마포구 연남동,인도음식포탈라-홍대점,11**님,"인도세트（탄두리치킨＋커리 中 택1＋한국 밥＋버터난＋샐러드＋음료 中 택1）/1(커리 선택(소고기),음료 선택(사이다 355mL))",어제 먹어보고 너무 맛있어서 또 시켰는데 서비스라지만 우선 버터난이 아니라 플레인 난이 왔구요 난도 너무 얇게 돼서 과자처럼 부서지더라구요  사이다도 메뉴상으론 미린데 미리 짜리로 왔구요 혹시 직원분이 어제랑 다른가요,4,4,4,5,2020년 9월 3일
19,치킨,마포구 연남동,인도음식포탈라-홍대점,11**님,버터치킨커리/1,너무 맛있게 잘먹었습니다 가격에 비해 양이 생각보다 많네요 ,5,5,5,5,2020년 9월 3일
20,치킨,마포구 연남동,인도음식포탈라-홍대점,ch**님,"인도세트（탄두리치킨＋커리 中 택1＋한국 밥＋버터난＋샐러드＋음료 中 택1）/1(커리 선택(버터치킨),음료 선택(라씨))",살면서 앰새부터 역겨운 탄두리 치킨과 밀밍한 카레와 기름에 쪄서 나온 난은 처음 먹어본다,1,1,1,1,2020년 8월 26일
21,치킨,마포구 연남동,인도음식포탈라-홍대점,sg**님,"커플세트（야채초우민＋탄두리 치킨티카＋비리야니＋버터난＋커리 中 택1＋음료 中 택2）/1(커리 선택(버터치킨),음료 선택 1(라씨),음료 선택 2(라씨))",맛있게 잘 먹었습니다 번창하세요,5,5,5,5,2020년 8월 16일
22,치킨,마포구 연남동,인도음식포탈라-홍대점,pi**님,"인도세트（탄두리치킨＋커리 中 택1＋한국 밥＋버터난＋샐러드＋음료 中 택1）/1(커리 선택(버터치킨),음료 선택(라씨))",제가 여기 단골손님이 되는 것 같아요  세트가 가성비입니다 이번은 탄두리 치킨이 맛있어요,5,4,5,5,2020년 8월 6일
23,치킨,마포구 연남동,인도음식포탈라-홍대점,fi**님,"인도세트（탄두리치킨＋커리 中 택1＋한국 밥＋버터난＋샐러드＋음료 中 택1）/1(커리 선택(버터치킨),음료 선택(라씨))",인도음식을 아주 좋아하는데 이것은 카래도 좋네요  양도 많군요 특별히 사모사를 맛있어요 꼭 추천해요 고마워요,5,5,5,5,2020년 7월 29일
24,치킨,마포구 연남동,인도음식포탈라-홍대점,wd**님,"인도세트（탄두리치킨＋커리 中 택1＋한국 밥＋버터난＋샐러드＋음료 中 택1）/1(커리 선택(소고기),음료 선택(라씨))",커리가 묽어서 좀 아쉽네요 진한 커리가 좋은데,4,4,5,5,2020년 7월 26일
25,치킨,마포구 연남동,인도음식포탈라-홍대점,jo**님,"인도세트（탄두리치킨＋커리 中 택1＋한국 밥＋버터난＋샐러드＋음료 中 택1）/1(커리 선택(버터치킨),음료 선택(라씨))",와 진짜 대박이에요 하나하나 다 맛있어요 핵 양도 엄청 푸짐해요 앞으로 인도카레는 여기서 시켜먹으려구요,5,5,5,5,2020년 7월 25일
26,치킨,마포구 연남동,인도음식포탈라-홍대점,jk**님,"인도세트（탄두리치킨＋커리 中 택1＋한국 밥＋버터난＋샐러드＋음료 中 택1）/1(커리 선택(버터치킨),음료 선택(콜라 355mL)),플레인난/1",카레가 좀 짠거 빼고 여전히 맛있어요,5,5,5,5,2020년 7월 11일
27,치킨,마포구 연남동,인도음식포탈라-홍대점,pi**님,티베트세트（야채볶음밥＋치킨쵸우민＋사박레＋음료 中 택1）/1(음료 선택(라씨)),보통 항상 인도세트를 시켰는데 이번에 다른 메뉴를 먹어 보고 싶어서 티베트세트를 주문했습니다 일단 제일 인상적인 것은 사모사 서비스예요  맛있어요 티베트음식의 맛이 어떨까 싶었는데 낯설어도 생각보다 먹을만해요 여러분 먹어보세요 근데 치킨쵸우민은 치킨 없더라고요 그냥 면과 채소 근데 향기가 좋아요 양은 한끼로 먹으면 많아요,5,4,5,5,2020년 6월 29일
28,치킨,마포구 연남동,인도음식포탈라-홍대점,pi**님,"인도세트（탄두리치킨＋커리 선택＋한국 밥＋버터난＋샐러드＋음료 선택）/1(커리 선택(버터치킨),음료 선택(라씨))",여기 인도음식세트 제일 좋아합니다  이번은 버터난을 너무 잘 포장하고 열자마자 달콤한 버터 냄새 나서 너무 좋아요  배달도 빨라요,5,5,5,5,2020년 6월 5일
29,치킨,마포구 연남동,인도음식포탈라-홍대점,pi**님,"인도세트（탄두리치킨＋커리 선택＋한국 밥＋버터난＋샐러드＋음료 선택）/1(커리 선택(버터치킨),음료 선택(라씨))",여기 세트로 주문할 수 있고 맛있어서 제일 가성비입니다 이번은 두번째 주문인데 버터난이 버터 향기 별로 없네요 그래도 맛있어요  근데 배달기사님이 기분이 안 좋으신가봐 불친절하셨어요,5,4,5,3,2020년 5월 25일
30,치킨,마포구 연남동,인도음식포탈라-홍대점,gu**님,양고기커리/1,커리랑 밥이랑 같이올줄 알았는데 딱 커리만 왔고 심지어 커리도 짜고 맛없었어요 양도 많은것도 아닌데 비싸네요,1,1,2,4,2020년 5월 25일
31,치킨,마포구 연남동,인도음식포탈라-홍대점,ch**님,"인도세트（탄두리치킨＋커리 선택＋한국 밥＋버터난＋샐러드＋음료 선택）/1(커리 선택(소고기),음료 선택(사이다 355mL)),인도세트（탄두리치킨＋커리 선택＋한국 밥＋버터난＋샐러드＋음료 선택）/1(커리 선택(버터치킨),음료 선택(콜라 355mL)),마늘난/1",            ,5,5,5,5,2020년 5월 23일
32,치킨,마포구 연남동,인도음식포탈라-홍대점,jk**님,"인도세트（탄두리치킨＋커리 선택＋한국 밥＋버터난＋샐러드＋음료 선택）/1(커리 선택(버터치킨),음료 선택(콜라 355mL)),버터난/1",아이들이 좋아해서 시켰는대 첨먹어보는 저도 향이 강하지않아서 먹을만 했어요 애들은 맛있데요,4,4,5,4,2020년 5월 7일
33,치킨,마포구 연남동,인도음식포탈라-홍대점,ph**님,"인도세트（탄두리치킨＋커리 선택＋한국 밥＋버터난＋샐러드＋음료 선택）/1(커리 선택(소고기),음료 선택(콜라 355mL))", 샐러드 소스가 다 세서 와서 봉지가 흥건히 젖었습니다 모든 용기를 씻어서 플레이팅 했어요 흑  난이 식으면 딱딱해지다보니 이로 잘 안씹어져서 너무 아쉬웠어요  탄두리치킨은 처음 먹어봤는데 제가 퍽퍽살을 좋아해서 그런지 정말 맛있었어요  성인 여자 명 햇반 하나 데워서 이서 먹어도 될 것 같아요  배달사고가 있었지만 새로운 음식으로 배불리 먹었습니다 감사합니다,4,4,5,3,2020년 5월 2일
34,치킨,마포구 연남동,인도음식포탈라-홍대점,pi**님,"인도세트（탄두리치킨＋커리 선택＋한국 밥＋버터난＋샐러드＋음료 선택）/1(커리 선택(버터치킨),음료 선택(라씨))",치킨 커리 너무 맛있어요 밥이랑 먹는 것보다 버터난과 먹으면 더 어울린다고 생각해요 근데 난이 어떤 부분이 딱딱한데 어떤 부분이 부드러워요 혼자 먹어서 밥 다 못 먹었네요 배가 터질 뻔했어요  양이 많고 배달 빠릅니다 라씨도 좋아요,5,4,5,5,2020년 4월 28일
