﻿,Category,Location,Restaurant,UserID,Menu,Review,Total,Taste,Quantity,Delivery,Date
0,치킨,마포구 상암동,잉치킨-마포구청점,gi**님,"크리스피치킨/1(추가 선택(소금 추가,간장소스 추가))",튀김옷이 깨끗하고 고소해요,5,4,5,,어제
1,치킨,마포구 상암동,잉치킨-마포구청점,ju**님,로스트치킨/1,담백한 로스트 치킨이 치킨 중에 제일 좋아요,5,5,5,,2021년 6월 10일
2,치킨,마포구 상암동,잉치킨-마포구청점,lh**님,반반（크리스피 반＋양념 반）/1,정확한 시간에 받아서 잘 먹었습니다 많이 먹는 편이 아닌데 혼자 다 먹었네요,4,5,4,,2021년 3월 20일
3,치킨,마포구 상암동,잉치킨-마포구청점,di**님,로스트치킨/1,프랜차이즈 치킨집들이 많아도 잉치킨의 로스트 치킨이 제일 좋아요 포장 가능하니까 기다리지 않고 바로 찾아갈 수도 있고 배달비도 아끼고 좋네요,5,5,5,,2021년 1월 27일
4,치킨,마포구 상암동,잉치킨-마포구청점,st**님,반반（크리스피 반＋양념 반）/1,잘 받았습니다 잘 받았습니다,5,5,5,5,2020년 10월 31일
5,치킨,마포구 상암동,잉치킨-마포구청점,dh**님,크리스피치킨/2,너무맛있다 어린때먹은맛있네 또시키자,5,5,5,5,2020년 9월 2일
6,치킨,마포구 상암동,잉치킨-마포구청점,su**님,"로스트치킨/1,크리스피치킨/1(추가 선택(소금 추가))",늘 한결같은 맥주를 부르는 맛 오늘 금요일인줄,5,5,5,5,2020년 3월 26일
