﻿,Category,Location,Restaurant,UserID,Menu,Review,Total,Taste,Quantity,Delivery,Date
0,치킨,마포구 상암동,자담치킨-서울성산점,sn**님,"3반치킨세트/1(맛 선택(마늘치킨반),음료 메뉴 변경(콜라))",닭이 좀 작은 편이에요 동물복지 닭이라 그런가봐요 그래도 맛있고 배달 빨라요 추천,5,5,4,5,2일 전
1,치킨,마포구 상암동,자담치킨-서울성산점,ch**님,순살반반치킨（후라이드＋양념）/1(음료 메뉴 변경(콜라)),자담 순살이 진짜 맛있아요,5,5,5,5,6일 전
2,치킨,마포구 상암동,자담치킨-서울성산점,ya**님,"맵슐랭치킨/1(맛 선택(오리지날（매운맛）),사이드 메뉴 추가(오리지날치즈볼（6개）),음료 메뉴 변경(사이다))",매콤해서 맛있게 잘 먹었어요,5,5,5,,2021년 7월 25일
3,치킨,마포구 상암동,자담치킨-서울성산점,ps**님,"간장치킨/1(사이드 메뉴 추가(매콤로제떡볶이),음료 메뉴 변경(콜라))",간장치킨이랑 로제 떡볶이 넘 냄새 좋구 맛도 간간 매콤 좋아요,5,5,5,5,2021년 7월 22일
4,치킨,마포구 상암동,자담치킨-서울성산점,jm**님,"오리지날치즈볼（6개）/2,조아떡볶이/1",와이프가 좋아해요 난느끼해,5,5,5,,2021년 7월 19일
5,치킨,마포구 상암동,자담치킨-서울성산점,ch**님,맵슐랭치킨/1(음료 메뉴 변경(콜라)),맵네요 다음엔 다른메뉴,5,5,5,5,2021년 7월 13일
6,치킨,마포구 상암동,자담치킨-서울성산점,jm**님,"오리지날치즈볼（6개）/2,조아떡볶이/1",좋아요 맛있었어요 또봐,5,5,5,,2021년 7월 10일
7,치킨,마포구 상암동,자담치킨-서울성산점,sj**님,맵슐랭치킨/1(음료 메뉴 변경(콜라)),맛있는데 매워요 마일드로 먹고싶은데 메뉴에 선택하는게 없던데 요청사항에 마일드로 적으면 될까요,5,5,5,4,2021년 7월 9일
8,치킨,마포구 상암동,자담치킨-서울성산점,ap**님,맵슐랭순살치킨/1(음료 메뉴 변경(콜라)),맛있어요 항상 다른곳에서 시키다 요기요에서 시켰는데도 요청사항 들어주셔서 감사합니다 제가 목소리가 안나와서 전화를 잘못받았는데 잘응대해주셨어요 매번 맵슐랭후라이드 반반 마일드로 먹다 맵슐랭먹었는데 맵기가 틀려요 많이매워요 매운거 좋아하시면 정말좋아하실듯합니다,5,5,5,,2021년 6월 26일
9,치킨,마포구 상암동,자담치킨-서울성산점,va**님,"3반순살치킨세트/1(맛 선택(간장순살반),음료 메뉴 변경(사이다))",아이가 치즈볼을 너무 좋아해서 주문할때 부탁드렸더니 세개나 넣어 주셨어요  근데 제가 하나 뺐어 먹었습니다 치킨은 정말 맛있고 배달도 빨라서 좋았습니다 잘먹었습니다,5,5,5,5,2021년 6월 23일
10,치킨,마포구 상암동,자담치킨-서울성산점,he**님,"생그라나치킨/1(사이드 메뉴 추가(치요링치즈볼（6개）),음료 메뉴 변경(콜라))",맛있어요 매일 시켜먹네요,5,4,5,5,2021년 6월 18일
11,치킨,마포구 상암동,자담치킨-서울성산점,sc**님,"스리라차순살치킨/1(음료 메뉴 변경(콜라),양념 추가(파채))",자담은 이제 저의 원픽이 되었습니다 바삭하고 알싸하게 맛나네요 너무 맛나게 저녁 잘 먹었습니다,5,5,5,5,2021년 5월 25일
12,치킨,마포구 상암동,자담치킨-서울성산점,pr**님,순살반반치킨（후라이드＋양념）/1(음료 메뉴 변경(콜라)),너무 맛있게 잘 먹었습니다,5,5,5,5,2021년 5월 23일
13,치킨,마포구 상암동,자담치킨-서울성산점,ch**님,순살반반치킨（후라이드＋양념）/1(음료 메뉴 변경(콜라)),자담 순살 진짜 맛있어요,5,5,5,5,2021년 5월 20일
14,치킨,마포구 상암동,자담치킨-서울성산점,ko**님,생그라나순살치킨/1(음료 메뉴 변경(사이다)),호불호 갈린다고 하던데 치즈맛 버터맛 허버칩맛 느끼고소달콤 한 맛 좋아하는 저는 극호입니다 근데 확실히 느끼하긴 하네요 ,5,5,5,5,2021년 5월 19일
15,치킨,마포구 상암동,자담치킨-서울성산점,rk**님,생그라나치킨/1(음료 메뉴 변경(사이다 1.25L 변경)),맛이아주특이하지만 맛있습니다,5,5,4,5,2021년 5월 4일
16,치킨,마포구 상암동,자담치킨-서울성산점,yo**님,순살반반치킨（후라이드＋양념）/1(음료 메뉴 변경(콜라 1.25L 변경)),배달도 빠르고 친절하시고 치킨도 넘 맛있어요 ,5,5,5,5,2021년 5월 2일
17,치킨,마포구 상암동,자담치킨-서울성산점,gi**님,"스리라차순살치킨/1(음료 메뉴 변경(사이다),양념 추가(파채))",사이다를 시켰는데 콜라가 왔네요  그냥 먹을께요 신제품 선전하길래 시켜봤는데 알싸한게 맛있네요  양파 파채랑 같이 먹으니까 더 알싸하고 맛있어요 ,5,5,5,5,2021년 4월 10일
18,치킨,마포구 상암동,자담치킨-서울성산점,je**님,핫후라이드치킨/1(음료 메뉴 변경(사이다)),막 핫하진 않았어요 좀 더 매웠으면 좋겠어용,4,4,5,5,2021년 4월 6일
19,치킨,마포구 상암동,자담치킨-서울성산점,yo**님,순살반반치킨（후라이드＋양념）/1(음료 메뉴 변경(콜라)),배달도 빠르고 친절하시고 치킨도 넘 맛있었어요 ,5,5,5,5,2021년 3월 28일
20,치킨,마포구 상암동,자담치킨-서울성산점,jh**님,"핫순살치킨/1(음료 메뉴 변경(사이다)),생맥주 1000cc/1", 핫크리스피 정도의 맵기를 기대했는데 막상 온건 살인무기였다 얼굴이 시뻘개지며 맥주로도 매운맛이 가시지 않았다 누가 후라이드에 이런 복병을 숨길 생각을 했을까 자담은 매운맛으로 사람 죽일 일이 있나 결국 취식 다음날 위장이 전부 쓰라리고 복통과 신물이 올라오며 정상적인 일상을 보내기 어려웠다 아직까지 위장이 온전치않다 반 가량을 남겼다,3,2,4,5,2021년 3월 19일
21,치킨,마포구 상암동,자담치킨-서울성산점,rn**님,"맵슐랭치킨/1(사이드 메뉴 추가(모짜감짜（치요링）),음료 메뉴 변경(콜라))",항상 진짜 맛나지만 다음날 속이 난리가 날 정도로 나 자신과의 싸움이 필요한 녀석 널 정말 갖고싶지만 가질수없는걸까모찌 뭐시기도 매운맛 달래기 적절,5,4,5,5,2021년 3월 17일
22,치킨,마포구 상암동,자담치킨-서울성산점,li**님,"3반순살치킨세트/1(맛 선택(간장순살반),사이드 메뉴 추가(우유튀김（15개）),음료 메뉴 변경(콜라),양념 추가(파채＋파소스))",완전 굿 자담 실망시키지 않네요 양도많고 고기가 너무 부드러워요,5,5,5,5,2021년 3월 17일
23,치킨,마포구 상암동,자담치킨-서울성산점,sc**님,"맵슐랭순살치킨/1(음료 메뉴 변경(사이다),양념 추가(파채＋파소스))",닭다리살이라 부드럽고 바삭함도 느낄 수 있습니다 맛은 당연히 보장되고 서비스로 보내주신 마스크에 또 감동 맛난 저녁 잘 먹었습니다 ,5,5,5,5,2021년 3월 14일
24,치킨,마포구 상암동,자담치킨-서울성산점,me**님,맵슐랭반반치킨（핫후라이드반＋맵슐랭반）/1(음료 메뉴 변경(사이다 1.25L 변경)),맵지만 맛있습니다 바삭바삭하고 매력있네요,5,5,5,5,2021년 3월 13일
25,치킨,마포구 상암동,자담치킨-서울성산점,zi**님,"맵슐랭치킨/1(음료 메뉴 변경(콜라 1.25L 변경)),오리지날치즈볼（6개）/1",치즈볼은 정말이지 개인적으루다가 엄청 맛있네요 좀 더 시킬 걸 그랬어요 매운 거 못먹는데 맵슐랭 시켰어요  다음엔 다른 거 함 주문해 봐야 겠네요 맛있게 잘 먹었습니다,5,5,5,5,2021년 3월 11일
26,치킨,마포구 상암동,자담치킨-서울성산점,wo**님,생그라나치킨/1(음료 메뉴 변경(콜라)),치킨은 그냥그랬는데 소스찍어먹으니 꿀맛 흰빨소스,5,4,4,5,2021년 3월 10일
27,치킨,마포구 상암동,자담치킨-서울성산점,pp**님,맵슐랭치킨/1(음료 메뉴 변경(콜라)),다른 매장에서 먹은것보다 훨씬 맛있어요 예상시간보다 빨리오셨구요 번창하세요,5,5,5,5,2021년 3월 9일
28,치킨,마포구 상암동,자담치킨-서울성산점,sa**님,맵슐랭반반치킨（핫후라이드반＋맵슐랭반）/1(음료 메뉴 변경(콜라)),맛있어요 처음시켜 먹는데 자담자담 담에도 또 주문할께요,5,5,5,5,2021년 2월 23일
29,치킨,마포구 상암동,자담치킨-서울성산점,to**님,순살반반치킨（후라이드＋양념）/1(음료 메뉴 변경(콜라)),아사진찍을새도 없이 순삭했는디요 너무나 만족스런 저녁이였어요 개취지만 저는 퍽퍽살 안좋아하눈데 살이 다 부들부들해서 진짜 만족이요,5,5,5,5,2021년 2월 19일
30,치킨,마포구 상암동,자담치킨-서울성산점,jo**님,"생그라나치킨/1(음료 메뉴 변경(콜라)),맵슐랭치킨/1(음료 메뉴 변경(콜라)),통오징어튀김/1",맵슐랭 매워요 생그라나다는 음허니버터칩 같은 맛이네요,4,4,5,5,2021년 1월 29일
31,치킨,마포구 상암동,자담치킨-서울성산점,wi**님,순살반반치킨（후라이드＋양념）/1(음료 메뉴 변경(콜라)),가족과 함게 잘 먹었습니다,5,5,5,5,2021년 1월 29일
32,치킨,마포구 상암동,자담치킨-서울성산점,im**님,맵슐랭순살치킨/1(음료 메뉴 변경(콜라)),맵슐랭 처음먹어봤는데 단짠맵느 다 있고 정말 맛있어요 저는 부탁해서 맵슐랭 마일드맛으로 먹었는데 딱맞게 맛있었지만 화끈한맛 좋아하시는 분들은 일반맵슐랭이 맞으실거같아요 순살에 양도 많고 냄새도 안나고 바삭하면서 쫄깃촉촉 맛있습니닭 그리고 치즈볼도 꼭 주문하세요 튀김피가 두꺼워서 떡같이 쫀득퐁신하면서 안에 치즈도 있고 겉은 바삭하고 아주 미쳤습니다 사진은 두조각 먹고 찍었어요 참지못하고 또주문할게요,5,5,5,5,2021년 1월 27일
33,치킨,마포구 상암동,자담치킨-서울성산점,sy**님,반반치킨（후라이드＋양념）/1(음료 메뉴 변경(콜라 1.25L 변경)),맛있어요 요즘 여기서만 치킨시켜요,5,5,5,4,2021년 1월 24일
34,치킨,마포구 상암동,자담치킨-서울성산점,oh**님,후라이드치킨/1(음료 메뉴 변경(콜라)),양이 더 많아진거 같아요  굿굿 항상 배달도 친절,5,5,5,5,2021년 1월 23일
35,치킨,마포구 상암동,자담치킨-서울성산점,hh**님,생그라나치킨/1(음료 메뉴 변경(콜라)),너무 맛있어서 또 시켜 먹었습니다 겉은 바삭 양념은 단짠의 조화가 환상입니다,5,5,5,5,2021년 1월 20일
36,치킨,마포구 상암동,자담치킨-서울성산점,hn**님,맵슐랭치킨/1(음료 메뉴 변경(콜라)),주문 들어오면 한꺼번에 조리하셔서 분배하시나요 닭 날개 하나 밖에 없었고 퍽살도 너무 많았어요 다음부턴 신경써서 조리 부탁드립니다,3,5,3,4,2021년 1월 20일
37,치킨,마포구 상암동,자담치킨-서울성산점,do**님,"맵슐랭치킨/1(사이드 메뉴 추가(크런치감자스틱,모짜감짜（슈가）),음료 메뉴 변경(콜라 1.25L 변경))",첫주문이었는데 너무 맛있게잘먹었어요,5,5,5,5,2021년 1월 19일
38,치킨,마포구 상암동,자담치킨-서울성산점,su**님,"생그라나치킨/1(음료 메뉴 변경(콜라)),맵슐랭치킨/1(음료 메뉴 변경(콜라))",처음 생그라나맵슐랭 주문 했는데 양이 좀 작은 듯 하지만 좋은 닭고기 맛에 오랜만에 맛있는 치킨 먹었습니다 배달은 시간 예상인데 분만에 도착해서 빨리 식사 할 수 있어 좋았습니다 중딩 아이들이 좋아 할 맛이라 울집 중딩들 폭풍 흡입했습니다,4,4,4,5,2021년 1월 16일
39,치킨,마포구 상암동,자담치킨-서울성산점,sg**님,맵슐랭치킨/1(음료 메뉴 변경(콜라)),맛있어요다음에또주문할거예요다른것도먹어보고싶슴니다많이파세요,5,5,5,5,2021년 1월 13일
40,치킨,마포구 상암동,자담치킨-서울성산점,te**님,맵슐랭치킨/1(음료 메뉴 변경(콜라)),성산점이 닭 상태가 정말 좋아여 ,5,5,5,5,2021년 1월 6일
41,치킨,마포구 상암동,자담치킨-서울성산점,ea**님,맵슐랭반반치킨（핫후라이드반＋맵슐랭반）/1(음료 메뉴 변경(콜라 1.25L 변경)),맵슐랭 반반 주문했는데 적당히 맛있게 맵고 바삭바삭 추운날 딱 맛있게 먹을수 있을것 같아요,5,5,5,5,2020년 12월 30일
42,치킨,마포구 상암동,자담치킨-서울성산점,my**님,"맵슐랭순살치킨/1(음료 메뉴 변경(콜라)),생맥주 1000cc/1",맛있는데 상당히 매워요 ,5,5,5,5,2020년 12월 27일
43,치킨,마포구 상암동,자담치킨-서울성산점,up**님,후라이드치킨/1(음료 메뉴 변경(콜라)),나름 괜찮았어요 또 주문 예정 입니다,4,4,4,4,2020년 12월 27일
44,치킨,마포구 상암동,자담치킨-서울성산점,eu**님,맵슐랭순살치킨/1(음료 메뉴 변경(콜라)),광고보고 너무 마니 가댜했나 봐요 사실상 맛은 별로,3,1,2,3,2020년 12월 25일
45,치킨,마포구 상암동,자담치킨-서울성산점,wi**님,"맵슐랭순살치킨/1(음료 메뉴 변경(콜라),양념 추가(파채＋파소스,핫마요소스))",맛나게 잘 먹었어요 어제 먹고 남은거 지금 먹고 있는데 하루 지나도 낫있어요,5,5,5,5,2020년 12월 25일
46,치킨,마포구 상암동,자담치킨-서울성산점,co**님,맵슐랭치킨/1(음료 메뉴 변경(콜라)),먹을때마다 너무 맛있어요 또시켜먹을께요,5,5,5,5,2020년 12월 24일
47,치킨,마포구 상암동,자담치킨-서울성산점,ok**님,핫후라이드반반치킨（후라이드＋양념）/1(음료 메뉴 변경(사이다)),사이다 시켰는데 사이다 안왔음,3,3,5,5,2020년 12월 23일
48,치킨,마포구 상암동,자담치킨-서울성산점,te**님,생그라나순살치킨/1(음료 메뉴 변경(콜라)),생그라다 맛있어요 자담치킨 몇 번 먹어봤는데 다 괜찮은듯 ,5,5,5,5,2020년 12월 22일
49,치킨,마포구 상암동,자담치킨-서울성산점,mi**님,반반치킨（후라이드＋양념）/1(음료 메뉴 변경(사이다)),항상 맛있어요 잘먹겠습니다,5,5,5,5,2020년 12월 20일
50,치킨,마포구 상암동,자담치킨-서울성산점,mo**님,"맵슐랭반반치킨（핫후라이드반＋맵슐랭반）/1(음료 메뉴 변경(콜라)),윙봉스반반치킨（후라이드＋양념）/1(음료 메뉴 변경(콜라))",맵슐랭은 오리지날이아니라서 너무안매웠어요 양념은 딸이맛있게먹었는데 후라이드는 시간이좀초과됐는지 치킨색도그렇고좀탄맛이나서 마니아숴웠네요,3,3,4,4,2020년 12월 18일
51,치킨,마포구 상암동,자담치킨-서울성산점,yh**님,날다닭반반치킨（후라이드＋양념）/1(음료 메뉴 변경(콜라)),정말 오랜만에 맛있는 후라이드 발견요 까탈스런 둘째도 만족이래요,5,5,5,5,2020년 12월 17일
52,치킨,마포구 상암동,자담치킨-서울성산점,ju**님,순살반반치킨（후라이드＋양념）/1(음료 메뉴 변경(콜라)),맛도 좋고 혼술하기 딱 좋은 안주네요,5,5,5,5,2020년 12월 16일
53,치킨,마포구 상암동,자담치킨-서울성산점,ba**님,맵슐랭반반치킨（핫후라이드반＋맵슐랭반）/1(음료 메뉴 변경(콜라)),맵슐랭 핫후라이드 두 개 다 넘 마싯오요,5,5,5,5,2020년 12월 12일
54,치킨,마포구 상암동,자담치킨-서울성산점,ys**님,"3반치킨세트/1(음료 메뉴 변경(콜라 1.25L 변경),맛 선택(마늘치킨반),양념 추가(파채))",아이들과 제가 좋아해서 맛나게 잘먹고 있습니다수고하세요,5,5,5,5,2020년 12월 11일
55,치킨,마포구 상암동,자담치킨-서울성산점,gj**님,후라이드치킨/1(음료 메뉴 변경(콜라)),처음 시켜봤는데 맛나네요,5,5,5,5,2020년 12월 10일
56,치킨,마포구 상암동,자담치킨-서울성산점,go**님,"3반치킨세트/1(음료 메뉴 변경(사이다),맛 선택(간장치킨반),양념 추가(치요링소스))",드디어 먹어보네요상암엔 자담이 없어서 가까운 성산점에서 시켰는데 닭고기 신선하고 촉촉부드럽네요 기대안한 양념이 제일 맛있었고 간장도 표면의 바삭함이 살아있어서 좋았어요 후라이드는 약간 목이 메였지만 추가 주문한 치요링소스가 신의 한수네요,4,4,4,5,2020년 12월 6일
57,치킨,마포구 상암동,자담치킨-서울성산점,sc**님,"맵슐랭순살치킨/1(사이드 메뉴 추가(자담 피클무),음료 메뉴 변경(콜라),양념 추가(파채＋파소스))",오늘 처음 자담치킨 먹었는데 정말 굉장한 맛이네요 너무 맛있고 순살치킨 넘버원 급 최강의 맛입니다,5,5,5,5,2020년 12월 5일
58,치킨,마포구 상암동,자담치킨-서울성산점,pa**님,맵슐랭반반치킨（핫후라이드반＋맵슐랭반）/1(음료 메뉴 변경(사이다)),맵찔이분들은  이번에 받은 핫후라이드는 조금 아쉬웠어요,5,4,5,5,2020년 12월 3일
59,치킨,마포구 상암동,자담치킨-서울성산점,tm**님,맵슐랭반반치킨（핫후라이드반＋맵슐랭반）/1(음료 메뉴 변경(사이다)),처음 시켜먹었는데 맛있습니당,5,5,5,5,2020년 12월 3일
60,치킨,마포구 상암동,자담치킨-서울성산점,ca**님,맵슐랭치킨/1(음료 메뉴 변경(콜라)),배달 분 걸린다고 했었는데 거의 분도 안돼서 온 것 같아요 맵슐랭 처음 먹어보는데 가족 모두 만족해서 먹었답니다 닭냄새도 안나고 맛있게 먹었어요,5,5,5,5,2020년 12월 2일
61,치킨,마포구 상암동,자담치킨-서울성산점,ko**님,순살반반치킨（후라이드＋양념）/1(음료 메뉴 변경(콜라)),후라이드와 양념 반반을 시켰는데 바삭하고 양념도 세지 않아 먹기 좋아요,5,5,4,4,2020년 11월 30일
62,치킨,마포구 상암동,자담치킨-서울성산점,qk**님,"맵슐랭순살치킨/1(음료 메뉴 변경(콜라)),치요링치즈볼（6개）/1",맛은 있는데  처음에 박스열고 놀랬어요 다른 지점에서 시켰을땐 조각도 크고 박스위까지 쌓여있고 흰소스도 눈에 보일만큼 아예 밑에 소스 쌓이도록 듬뿍 뿌려져있고 고추 후레이크 그것도 엄청많았는데 지점마다 닭 호수가 다른건지  그래도 맛은 있어서 금방 다먹었습니다,4,5,3,3,2020년 11월 27일
63,치킨,마포구 상암동,자담치킨-서울성산점,oh**님,"핫후라이드반반치킨（후라이드＋양념）/1(사이드 메뉴 추가(조아떡볶이),음료 메뉴 변경(사이다))",바삭함이 오래가고 너무 잘먹었습니다,5,5,5,5,2020년 11월 16일
64,치킨,마포구 상암동,자담치킨-서울성산점,rn**님,"맵슐랭치킨/1(사이드 메뉴 추가(크런치감자스틱,치요링치즈볼（6개）),음료 메뉴 변경(사이다),양념 추가(치요링소스))",엄청 맛나게 매움 이게 그 캡사이신 매운맛같은게 아니구 청양고추 매운느낌 약간 정통 한국느낌으로다가 매움 근데 또 웃긴건 대놓고 아 맵다 가 아니고 첫맛은 달큰하고 바삭함 근데 뒷맛이 알싸 나 이거 첨시켰을때 같이먹은분이 나 두조각먹을동안 다먹어서 다른날 또시킴요 그분이 그렇게 치킨 잘 먹는거 처음봄 그분 최애치킨으로 뽑힘 자담 통과역시 조정석,5,5,3,4,2020년 11월 13일
65,치킨,마포구 상암동,자담치킨-서울성산점,sp**님,맵슐랭치킨/1(음료 메뉴 변경(콜라)),처음먹어보는데 기대되는비주얼이내요,5,5,5,5,2020년 10월 31일
66,치킨,마포구 상암동,자담치킨-서울성산점,ne**님,맵슐랭치킨/1(음료 메뉴 변경(콜라)),맵슐랭이라서 맵찔이인 저한텐 매운데 깔끔하게 매운맛입니다 튀김옷도 적당하고 살도 연하고 잡내도 없어요  매운데 맛있어요 간만에 흡족한 치킨이었습니다 다음번엔 안매운 메뉴 시켜 먹어보려고요 배달 해주신분도 엄청 친절하셨어요 사장님 잘먹었습니다 ,5,5,5,5,2020년 10월 30일
