﻿,Category,Location,Restaurant,UserID,Menu,Review,Total,Taste,Quantity,Delivery,Date
0,치킨,강남구 삼성동,장군식당-강남본점,vi**님,"옛날 도시락 [후라이,미니된찌포함]/1(기본 선택(옛날 차돌 도시락)),옛날 도시락 [후라이,미니된찌포함]/1(기본 선택(옛날 삼겹 도시락)),수제 돈까스 도시락（선택） [계란후라이포함]/1(기본 선택(수제 치즈돈까스))",양도많고 맛도 최고입니다 배달도 정말 빨랐어요,5,5,5,5,2021년 1월 23일
1,치킨,강남구 삼성동,장군식당-강남본점,손님,"1人 김치찌개（공기밥＋도시락김 포함）/1(메뉴 선택(돼지 김치찌개＋도시락김 추가),밥 선택(공기밥))",잘먹었습니다 너무맛있어요,5,5,5,5,2020년 12월 7일
2,치킨,강남구 삼성동,장군식당-강남본점,ls**님,"순살닭도리탕 정식/1(밥 선택(공기밥),닭도리탕 사이즈 선택(1人))",닭도리탕 엄청좋아하는데 진짜맛있네옄,5,5,5,5,2020년 12월 7일
3,치킨,강남구 삼성동,장군식당-강남본점,yu**님,"1人 김치찌개（공기밥＋도시락김 포함）/1(메뉴 선택(돼지 김치찌개＋도시락김 추가),밥 선택(공기밥))",여기 김치찌개 김치 왜케 맛있어요 나중엔 얼큰하게 요청해서 먹어보려구요 감사합니다,5,5,5,5,2020년 12월 7일
4,치킨,강남구 삼성동,장군식당-강남본점,ck**님,"곱도리탕 정식/1(밥 선택(공기밥),사이즈 선택(1人))",양 미쳤군요 든든하게먹었습니다,5,5,5,5,2020년 12월 7일
5,치킨,강남구 삼성동,장군식당-강남본점,손님,비빔밥（후라이＋미니된장찌개）/1(비빔밥 선택(고추장 불백비빔밥)),양 엄청많고 평타치네요 처음 먹어봤는데 굿굿,5,5,5,5,2020년 12월 7일
6,치킨,강남구 삼성동,장군식당-강남본점,손님,비빔밥（후라이＋미니된장찌개）/1(비빔밥 선택(삼겹 비빔밥)),사진엔 없지만 된장찌개도 있어여 가성비 좋아하시면 드셔 보세여 맛도 양도 만족 하실검다,5,5,5,5,2020년 12월 7일
7,치킨,강남구 삼성동,장군식당-강남본점,wj**님,"1人 김치찌개（공기밥＋도시락김 포함）/1(메뉴 선택(돼지 김치찌개＋도시락김 추가),밥 선택(공기밥))",맛있으면짖는개왈왈와로아왈왈와로아왈왈왈와왈왈와로아왈왈왈와왈왈와로아왈왈와로아왈왈왈와왈왈와로아왈왈왈와왈왈와로아왈왈와로아왈왈왈와왈왈와로아왈왈왈와왈왈와로아왈왈와로아왈왈왈와왈왈와로아왈왈왈와왈왈와로아왈왈와로아왈왈왈와왈왈와로아왈왈왈와왈왈와로아왈왈와로아왈왈왈와왈왈와로아왈왈왈와왈왈와로아왈왈와로아왈왈왈와왈왈와로아왈왈왈와왈왈와로아왈왈와로아왈,5,5,5,5,2020년 12월 7일
8,치킨,강남구 삼성동,장군식당-강남본점,js**님,"곱도리탕 정식/1(밥 선택(공기밥),사이즈 선택(1人))",곱도리탕 대박 맛있습니다 무조건 단골입니다,5,5,5,5,2020년 12월 7일
9,치킨,강남구 삼성동,장군식당-강남본점,hm**님,"소곱창전골 정식/1(밥 선택(공기밥),사이즈 선택(1人))",맛도 매우 좋고 양과 가격이 합리적입니다,5,5,5,5,2020년 11월 21일
10,치킨,강남구 삼성동,장군식당-강남본점,ab**님,"1人 김치찌개（3찬＋공기밥＋도시락김 포함）/1(메뉴 선택(스팸돼지 김치찌개＋도시락김 추가),밥 선택(공기밥),사리 추가 선택(라면사리 추가,당면사리 추가),김치찌개 사이드 메뉴 추가 선택(계란후라이 추가,공기밥 추가))",양도 푸짐하고 맛있었습니다 잘 먹었습니다,5,5,5,5,2020년 11월 5일
11,치킨,강남구 삼성동,장군식당-강남본점,li**님,"옛날 도시락（3찬＋후라이＋미니된찌 포함）/1(도시락 선택(옛날 차돌 도시락),튀김 추가 선택(치즈볼 추가))",맛있게 잘 먹었습니다 치즈볼은 종이 봉투에 넣어져 왔고 제가 밥 위로 꺼낸 것 입니다,5,5,5,5,2020년 11월 2일
12,치킨,강남구 삼성동,장군식당-강남본점,vn**님,"비빔밥（3찬＋후라이＋미니된장찌개）/1(비빔밥 선택(고추장 불백비빔밥),사이드 추가 선택(계란후라이 추가))",배달 빠르고 맛있었는데 후라이 추가한게 안왔네요 ,5,5,2,5,2020년 10월 30일
