﻿,Category,Location,Restaurant,UserID,Menu,Review,Total,Taste,Quantity,Delivery,Date
0,치킨,강남구 논현동,정통매운갈비찜&곱도리탕-강남본점,손님,"곱도리탕 정식/1(곱도리탕 사이즈 선택(1인),밥 변경 선택(공기밥),사리류 추가선택(중국당면,비엔나사리（8p）),음료&생수 추가선택(식혜 340mL))",시킨게 정확하게 오지 않아서 좀 그렇네요,1,1,4,4,2021년 4월 8일
1,치킨,강남구 논현동,정통매운갈비찜&곱도리탕-강남본점,dk**님,"단품요리（공기밥 제공안됨）/1(기본 선택(매운갈비찜 1인)),메추리알 5p/1",별 개 남기고 가요 양념도 맛있게 깔끔한 매콤 굿굿 파채랑 같이 어우러져서 더 맛있어요 새해복 귀여운 망고쥬스 감사합니다,5,5,5,5,2021년 2월 23일
2,치킨,강남구 논현동,정통매운갈비찜&곱도리탕-강남본점,yu**님,"곱도리탕 정식/1(곱도리탕 사이즈 선택(1인),밥 변경 선택(공기밥),사리류 추가선택(넙적당면사리),사이드메뉴 추가선택(계란찜))",사실 그냥 닭갈비 같았어요 맛 없는건 아닌데 곱도리탕은 아닌거같은,3,3,3,5,2021년 1월 15일
3,치킨,강남구 논현동,정통매운갈비찜&곱도리탕-강남본점,aa**님,"곱도리탕 정식/1(곱도리탕 사이즈 선택(1인),밥 변경 선택(공기밥)),치킨봉 5p/1",맛있습니다 기분좋게 말입니다 음료도 챙겨주시는 세심함도 맘에 들었습니다 그런데 공기밥이 안왔어요 햇반이 있어 다행이었습니다 아니면 탄수화물은 건너뛸뻔  담엔 꼭 챙겨주세요  메뉴가 골고루 있어 여기서 자주 주문할 것 같습니다 ,5,5,5,5,2021년 1월 2일
4,치킨,강남구 논현동,정통매운갈비찜&곱도리탕-강남본점,ja**님,"소곱창전골 정식/1(소곱창전골 사이즈 선택(2~3인（공기밥2）),밥 변경 선택(공기밥))",양많고 맛있게 잘먹었어요,5,5,5,5,2020년 12월 14일
5,치킨,강남구 논현동,정통매운갈비찜&곱도리탕-강남본점,hg**님,"곱도리탕 정식/1(곱도리탕 사이즈 선택(1인),밥 변경 선택(공기밥),음료&생수 추가선택(사이다 500mL))",잘 먹었어요 양도 많고 배달도 빨랐어요,5,4,5,4,2020년 12월 13일
6,치킨,강남구 논현동,정통매운갈비찜&곱도리탕-강남본점,ys**님,"매운갈비찜 정식/1(매운갈비찜 사이즈 선택(1人),맵기 선택(매운맛 1단계（신라면）),밥 변경 선택(공기밥),사리류 추가 선택(넙적당면사리 추가),음료&생수 추가 선택(사이다 500mL 추가))",맛있어용 다음번에는 더 매운맛으로 시켜야겠어요,4,4,4,4,2020년 12월 7일
7,치킨,강남구 논현동,정통매운갈비찜&곱도리탕-강남본점,wa**님,수제 치즈돈까스 도시락/1,바삭바삭 돈까스 죽입니다,5,5,5,5,2020년 12월 7일
8,치킨,강남구 논현동,정통매운갈비찜&곱도리탕-강남본점,wi**님,"순살닭도리탕 정식/1(닭도리탕 사이즈 선택(1人),밥 변경 선택(공기밥))",생각보다 맛있게 먹었어요 잘먹었읍니다,5,5,5,5,2020년 12월 7일
9,치킨,강남구 논현동,정통매운갈비찜&곱도리탕-강남본점,ls**님,"매운갈비찜 정식/1(매운갈비찜 사이즈 선택(1人),맵기 선택(매운맛 1단계（신라면）),밥 변경 선택(공기밥))",옼 진짜 밥한그릇 뚝딱했습니당,5,5,5,5,2020년 12월 7일
10,치킨,강남구 논현동,정통매운갈비찜&곱도리탕-강남본점,yu**님,"곱도리탕 정식/1(곱도리탕 사이즈 선택(1人),밥 변경 선택(공기밥))",곱도리탕 먹구 싶어서 코로나 때문에 배달 시켰는데요 곱창에 곱도 많구 특히 깻잎향이 너무 잘 어울려서 좋네요 나중엔 중국당면 추가해보려구요 번창하세요,5,5,5,5,2020년 12월 7일
11,치킨,강남구 논현동,정통매운갈비찜&곱도리탕-강남본점,손님,"매운갈비찜 정식/1(매운갈비찜 사이즈 선택(1人),맵기 선택(매운맛 1단계（신라면）),밥 변경 선택(공기밥))",리뷰 잘 안 쓰는데 너무 맛있게 먹어서 오랜만에 써봐요 고기도 너무 부드럽고 내용물도 많아서 만족 스럽네요 많이 파세요,5,5,5,5,2020년 12월 7일
12,치킨,강남구 논현동,정통매운갈비찜&곱도리탕-강남본점,wj**님,"김치찌개/1(김치찌개 메뉴 선택(돼지김치찌개),밥 변경 선택(공기밥))",맛있으면짖는개왈왈와로아왈왈와로아왈왈왈와왈왈와로아왈왈왈와왈왈와로아왈왈와로아왈왈왈와왈왈와로아왈왈왈와왈왈와로아왈왈와로아왈왈왈와왈왈와로아왈왈왈와왈왈와로아왈왈와로아왈왈왈와왈왈와로아왈왈왈와왈왈와로아왈왈와로아왈왈왈와왈왈와로아왈왈왈와왈왈와로아왈왈와로아왈왈왈와왈왈와로아왈왈왈와왈왈와로아왈왈와로아왈왈왈와왈왈와로아왈왈왈와왈왈와로아왈왈와로아왈,5,5,5,5,2020년 12월 7일
13,치킨,강남구 논현동,정통매운갈비찜&곱도리탕-강남본점,js**님,"매운갈비찜 정식/1(매운갈비찜 사이즈 선택(1人),맵기 선택(매운맛 1단계（신라면）),밥 변경 선택(공기밥))",매운갈비찜 양도 많고 정말 맛있게 잘먹었습니다,5,5,5,5,2020년 12월 7일
14,치킨,강남구 논현동,정통매운갈비찜&곱도리탕-강남본점,pi**님,"매운갈비찜 정식/1(매운갈비찜 사이즈 선택(1人),맵기 선택(매운맛 1단계（신라면）),밥 변경 선택(공기밥))",양도 많고 적당히 맵고 너무 맛있어요,5,5,5,5,2020년 12월 4일
15,치킨,강남구 논현동,정통매운갈비찜&곱도리탕-강남본점,sc**님,"매운갈비찜 정식/1(매운갈비찜 사이즈 선택(1人),맵기 선택(매운맛 1단계（신라면）),밥 변경 선택(공기밥),단품메뉴 추가 선택(미니 간장 숯불고기（120g）추가),사리류 추가 선택(당면사리 추가,비엔나사리 8p 추가,삶은계란 2p 추가),사이드메뉴 추가 선택(스팸후라이 추가),음료&생수 추가 선택(사이다 500mL 추가,식혜 340mL 추가))",분명 사이다를 주문했는데 생수가 왔네요,3,4,4,3,2020년 11월 4일
