﻿,Category,Location,Restaurant,UserID,Menu,Review,Total,Taste,Quantity,Delivery,Date
0,치킨,마포구 상암동,지코바치킨-응암1호점,to**님,순살양념（보통맛）/1,지코바는 역시 배신하지 않죠 달큰하지만 매콤한 양념에 순살에 아주 맛있습니다,5,5,5,5,14시간 전
1,치킨,마포구 상암동,지코바치킨-응암1호점,bl**님,순살양념（매운맛）/1,맛있어요소스가 걸쭉하네요 서비스로 들어간 똥집이 또 별미예요,5,5,5,5,2일 전
2,치킨,마포구 상암동,지코바치킨-응암1호점,co**님,"순살양념（보통맛）/1,무 추가/1",지코바는 언제 먹어도 맛있네요 치밥에 최고입니다 또 시킬게요,5,5,5,5,3일 전
3,치킨,마포구 상암동,지코바치킨-응암1호점,lu**님,순살양념（보통맛）/1,보통맛 도전했는데 제입맛에는 순한맛이 더 맞네요 ,4,4,5,5,3일 전
4,치킨,마포구 상암동,지코바치킨-응암1호점,l7**님,순살양념（매운맛）/1,배달도 빠르고 맛있네요 잘 먹었습니다,5,5,5,5,4일 전
5,치킨,마포구 상암동,지코바치킨-응암1호점,di**님,순살양념（매운맛）/1,맛있음 저한테 너무매워요 한단계낮춰 먹을게요 불달보다 매움,5,5,5,5,5일 전
6,치킨,마포구 상암동,지코바치킨-응암1호점,an**님,뼈 양념치킨（매운맛）/1,와 매운데 맛있네요 사장님 매운맛이 이렇게 매운건가요 아님 제가 매콤하게 해달라고 해서 더 맵게 해주신건지요 이번에 이사왔는데 예전 살던곳 지코바 매운맛은 유아용이였네요 매운데 자꾸 땡기는 맛입니다 맥주캔 우유한통 다먹었네요,5,5,5,5,6일 전
7,치킨,마포구 상암동,지코바치킨-응암1호점,rn**님,뼈 양념치킨（보통맛）/1,맛있네요 살짝 고기가 퍽퍽한것 빼고는 좋았어요,5,4,4,4,일주일 전
8,치킨,마포구 상암동,지코바치킨-응암1호점,ma**님,순살양념（순한맛）/1,배달이 빠르네요 음료수도  코카 주네요 펩시가 아니라 정말 좋아요,4,4,4,5,2021년 7월 24일
9,치킨,마포구 상암동,지코바치킨-응암1호점,ss**님,반반순살（보통맛）/1,배달 완전 빨랐어요 양도 많고 맛있었어요 처음이라 반반 먹었는데 갠적으로 양념이 더 맛있네요 담엔 양념으로만 재주문하겠습니다,5,5,5,5,2021년 7월 24일
10,치킨,마포구 상암동,지코바치킨-응암1호점,ab**님,반반순살（보통맛）/1,처음 주문해봤는데 너무 맛있어요 아이도 순살 순한맛 잘먹었고 저는 보통맛 밥에 비벼가며 잘먹었어요,5,5,5,5,2021년 7월 23일
11,치킨,마포구 상암동,지코바치킨-응암1호점,qh**님,뼈 양념치킨（보통맛）/1,배터지게 맛있게 먹었습니다,5,5,5,5,2021년 7월 21일
12,치킨,마포구 상암동,지코바치킨-응암1호점,8r**님,순살양념（매운맛）/1,역시 지코바입니다 맵찔이라 매운맛 울면서 먹었는데 맛있게 매운 맛이라 정말 맛있게 먹었어요,5,5,5,5,2021년 7월 17일
13,치킨,마포구 상암동,지코바치킨-응암1호점,dn**님,반반순살（보통맛）/1,맛있게 먹었습니다 반반이있어서 일부러 여기 지점으로 시켜요,5,5,4,5,2021년 7월 17일
14,치킨,마포구 상암동,지코바치킨-응암1호점,le**님,"순살양념（매운맛）/1,공기밥 추가/1",국물도 항상 넉넉하게 주시고 메뉴도 반반에 여러가지 특별한 것도 있어서 좋아요,5,5,5,5,2021년 7월 14일
15,치킨,마포구 상암동,지코바치킨-응암1호점,su**님,순살양념（매운맛）/1,저번에는 보통 시켜먹어서 이번에는 매운맛으로 시켰습니당 배달 엄청 빠르게 왔어요 맛나게 잘먹었습니다,5,5,5,5,2021년 7월 14일
16,치킨,마포구 상암동,지코바치킨-응암1호점,ha**님,순살양념（매운맛）/1,다 좋은데 매운맛 시켰는데 안매운맛으로 온것 같아요 지난번엔 매운맛 맛있게 먹었는데 아쉽지만 항상 맛있게 먹어요,5,5,5,5,2021년 7월 12일
17,치킨,마포구 상암동,지코바치킨-응암1호점,ks**님,순살양념（보통맛）/1,중간맛 했는데 하나도 안맨워서 담번엔 매운맛 시켜볼게욤,5,5,5,5,2021년 7월 11일
18,치킨,마포구 상암동,지코바치킨-응암1호점,yu**님,순살양념（순한맛）/1,정말 맛있네요 다음번에도 시킬게요,5,5,5,5,2021년 7월 10일
19,치킨,마포구 상암동,지코바치킨-응암1호점,js**님,반반순살（순한맛）/1,너무너무 맛있었습니다  흑미밥도 엄청많이주셔서 마요네즈랑 야무지게 비벼먹었어요 잘 먹었습니다,5,5,5,5,2021년 7월 10일
20,치킨,마포구 상암동,지코바치킨-응암1호점,ni**님,순살양념（보통맛）/1,맛있게 잘 먹었습니다 담번에 또 시킬게요,5,5,5,5,2021년 7월 9일
21,치킨,마포구 상암동,지코바치킨-응암1호점,yo**님,순살양념（보통맛）/1,역시 친구가 추천한 이유가있네요 맛있게 잘먹었습니다 양념에 밥비벼 먹으니 오 좋아요,5,5,5,5,2021년 7월 8일
22,치킨,마포구 상암동,지코바치킨-응암1호점,fi**님,순살양념（보통맛）/1,맛있게 잘 먹었습니다 또 시켜먹어야 겠어요,5,5,5,5,2021년 7월 6일
23,치킨,마포구 상암동,지코바치킨-응암1호점,lh**님,순살양념（보통맛）/1,배달 진짜 욕나오네요 엊그제 시켰을 때도 그냥 놓고 가더니종 누르자 마자 나갔는데도 그냥 놓고 가더라구요 오늘도 그러네요 거기에 오늘은 상자가 세로로 눕혀있었어요 바닥에 놓고 갔으니 봉투 그대로 식탁에 올릴 순 없어 상자를 꺼내는데 국물 줄줄 기분 더럽지만 그냥 쌍욕하면서 꺼내는데 상자 안에 더 많은 국물이 흘러 있어서 여기저기 떨어지고 난리 덕분에 아주 쌍욕 잔치가 났네요 주말 저녁시간이 매우 더러워졌어요 가게에서부터 포장을 대충 하셨는지 배달 하시면서 이렇게 된건진 모르겠지만 배달 신경쓰시길,2,5,5,1,2021년 7월 4일
24,치킨,마포구 상암동,지코바치킨-응암1호점,lo**님,순살양념（순한맛）/1,늘 맛잇게 먹고있어요 ,5,5,5,5,2021년 7월 4일
25,치킨,마포구 상암동,지코바치킨-응암1호점,lo**님,순살소금구이치킨/1,늘 맛잇게 먹고있어요 ,5,5,5,5,2021년 7월 4일
26,치킨,마포구 상암동,지코바치킨-응암1호점,ma**님,순살양념（매운맛）/1,언제나 맛있어요 밥이랑도 잘어율리고 술이랑도 최고예요,5,5,5,,2021년 7월 2일
27,치킨,마포구 상암동,지코바치킨-응암1호점,je**님,순살양념（매운맛）/1,정말 맛있게 먹었습니다,5,5,5,5,2021년 7월 1일
28,치킨,마포구 상암동,지코바치킨-응암1호점,pp**님,순살양념（보통맛）/1,완전 푸짐하구 맛있고 좋아용 짱이에요옹옹,5,5,5,,2021년 6월 27일
29,치킨,마포구 상암동,지코바치킨-응암1호점,ru**님,순살양념（매운맛）/1,리뷰 참여 한다고 썼는데 안주셨어요 그래도 맛있게 먹었습니다,5,5,5,5,2021년 6월 26일
30,치킨,마포구 상암동,지코바치킨-응암1호점,lo**님,뼈 양념치킨（보통맛）/1,양도 많고 맛도 좋고 배달도 빨리 온거같아요 잘먹었습니당,4,4,5,5,2021년 6월 17일
31,치킨,마포구 상암동,지코바치킨-응암1호점,su**님,순살양념（보통맛）/1,맛나게 잘먹었습니다 친구네서 지코바 처음먹고 반해서 보통으로 시켜봤는데 담엔 매운맛도 먹어봐야겠어용,5,5,5,5,2021년 6월 16일
32,치킨,마포구 상암동,지코바치킨-응암1호점,dm**님,뼈 양념치킨（보통맛）/1,이 동네에서 처음 시켜먹는 건데 역시 지코바 실망시키지 않습니다 다음번엔 순살로 먹어야 겠어요 뼈 있으니까 아무래도 좀 불편하더라구요 리뷰 이벤트로 주신 똥집사리도 맛있어서 맥주 한 캔 뚝딱 했습니다 다음번에 또 시킬게요,5,5,5,5,2021년 6월 16일
33,치킨,마포구 상암동,지코바치킨-응암1호점,kt**님,순살양념（보통맛）/1,따뜻하게 배달되어 맛있게 먹었습니다,5,5,5,5,2021년 6월 15일
34,치킨,마포구 상암동,지코바치킨-응암1호점,k_**님,순살양념（보통맛）/1,항상 맛있게 잘먹고있습니다 또 시킬께요,5,5,5,5,2021년 6월 15일
35,치킨,마포구 상암동,지코바치킨-응암1호점,1b**님,순살양념（보통맛）/1,보통맛시켯는데땀이주륵주륵 흐르네요 매운거땡길때 최고인거같습니다,5,5,4,4,2021년 6월 12일
36,치킨,마포구 상암동,지코바치킨-응암1호점,yh**님,반반순살（보통맛）/1,맛있게 먹엇어요 근위도 잘 먹었습니다,5,5,5,5,2021년 6월 12일
37,치킨,마포구 상암동,지코바치킨-응암1호점,wo**님,"순살양념（보통맛）/1,진로/1",항상 먹는고곳이라 아들도 좋아해요,5,5,5,5,2021년 6월 12일
38,치킨,마포구 상암동,지코바치킨-응암1호점,ad**님,순살양념（보통맛）/1,매번 시켜먹지만 너뮤 맛잇습니다 진짜 엄청 뜨거워서 호호불정도로 뜨듯하게와서 너무 좋아어 앞으로도 자주시켜먹겟습니다,5,5,5,5,2021년 6월 12일
39,치킨,마포구 상암동,지코바치킨-응암1호점,zo**님,순살양념（보통맛）/1,빠르고 맛있었어요 최고,5,5,5,5,2021년 6월 9일
40,치킨,마포구 상암동,지코바치킨-응암1호점,nh**님,순살양념（매운맛）/1(추가메뉴(떡사리)),지코바 너무 좋아요 맛있습니다,5,5,5,5,2021년 6월 8일
41,치킨,마포구 상암동,지코바치킨-응암1호점,ch**님,"반반순살（순한맛）/1,콜라 500ml/1",너무 맛있어요 다음에 꼭 다시 시켜먹을게용,5,5,5,5,2021년 6월 7일
42,치킨,마포구 상암동,지코바치킨-응암1호점,jh**님,순살양념（매운맛）/1,맛잇게 잘 먹었습니다 너무 매워서 다음번엔 순한 맛으로 도전할게요,5,3,5,5,2021년 6월 5일
43,치킨,마포구 상암동,지코바치킨-응암1호점,sa**님,"순살양념（보통맛）/1,배달 생맥주 500cc/1",맛나요 배달빠르고 또시킬게요,5,5,5,5,2021년 6월 4일
44,치킨,마포구 상암동,지코바치킨-응암1호점,en**님,순살양념（순한맛）/1,최고으 맛 추천합니다 똥집사리 추가 돈주고도 가능하면 좋겠어요 진짜 똥집 기가맥혔네요 물론 치킨도 맛잇엇음 ,5,5,5,5,2021년 6월 2일
45,치킨,마포구 상암동,지코바치킨-응암1호점,ch**님,뼈 양념치킨（매운맛）/1,너무너무 맵지도 않고 너무 맛있어요 또 시켜먹을께요  정말 치밥 치킨이네요,5,5,5,5,2021년 6월 1일
46,치킨,마포구 상암동,지코바치킨-응암1호점,ub**님,순살양념（보통맛）/1,지코바치킨은 역시 최곱니다 맛도 좋고 치밥도 최고에요 리뷰이벤트로 흑미밥 서비스로 주셨는데 양도 정말 많이 주시고 정성이 느껴져서 정말 맛있게 잘 먹었어요 담에 또 주문할게요,5,5,5,,2021년 5월 25일
47,치킨,마포구 상암동,지코바치킨-응암1호점,mi**님,순살양념（보통맛）/1,주인이바뀌셨나바여 양도 다르고 맛도더맛있네요,5,5,5,3,2021년 5월 25일
48,치킨,마포구 상암동,지코바치킨-응암1호점,rt**님,순살양념（보통맛）/1,언제 먹어도 맛있는 밥도둑이에요 떡도 많이 주시고 한끼 잘 넘겼습니다 약간 매콤한 맛이 도는게 딱 적당한 맛이에요,5,5,5,,2021년 5월 24일
49,치킨,마포구 상암동,지코바치킨-응암1호점,bl**님,순살양념（매운맛）/1,마요네즈 원래주는건가요맛잇네요,5,5,5,5,2021년 5월 23일
50,치킨,마포구 상암동,지코바치킨-응암1호점,ko**님,"반반순살（보통맛）/1,배달 생맥주 1000cc/1",지코바 처음으로 먹어봤는데 진짜 맛있네요  잘먹었습니다,5,5,5,5,2021년 5월 23일
51,치킨,마포구 상암동,지코바치킨-응암1호점,hy**님,순살양념（보통맛）/1,양이 좀 적어진 거 같아요  엄마가 좋아하셔서 올만에 시켰습니다 잘 먹었어요 소스 남은 거에 낼 우동사리 넣어서 볶아먹게요,5,5,3,5,2021년 5월 23일
52,치킨,마포구 상암동,지코바치킨-응암1호점,sa**님,반반순살（매운맛）/1,매운맛 찐맛이네요 서비스도 넘 맛나게 잘 먹었습니다,5,5,5,5,2021년 5월 21일
53,치킨,마포구 상암동,지코바치킨-응암1호점,mo**님,뼈 양념치킨（매운맛）/1,처음 먹어봤는데 맛있어요,5,5,5,5,2021년 5월 20일
54,치킨,마포구 상암동,지코바치킨-응암1호점,tj**님,순살양념（매운맛）/1,지코바치킨 매콤한맛 맛좋습니다 ,5,5,5,5,2021년 5월 19일
55,치킨,마포구 상암동,지코바치킨-응암1호점,sk**님,반반순살（보통맛）/1,코바는 치밥 치밥 하더니 진짜 맞네요 터음 먹었는데 너무 맛있게 잘먹었습니다,5,5,5,5,2021년 5월 18일
56,치킨,마포구 상암동,지코바치킨-응암1호점,is**님,순살양념（보통맛）/1,따뜻하게 배달와서 좋았습니다,5,5,5,5,2021년 5월 16일
57,치킨,마포구 상암동,지코바치킨-응암1호점,dd**님,순살양념（보통맛）/1,지코바는 진리죠 추천합니다,5,5,5,5,2021년 5월 16일
58,치킨,마포구 상암동,지코바치킨-응암1호점,dk**님,순살양념（순한맛）/1(추가메뉴(떡사리)),맛있었어요 부들부들해서 최고 ,5,5,5,5,2021년 5월 15일
59,치킨,마포구 상암동,지코바치킨-응암1호점,ed**님,순살양념（매운맛）/1,빠른배달 아주이주 베스트입니다  매운맛 너무 좋아요,5,5,5,5,2021년 5월 15일
60,치킨,마포구 상암동,지코바치킨-응암1호점,ho**님,순살양념（보통맛）/1,주변에 지코바 중에서 가장 맛있었어요,5,5,5,5,2021년 5월 13일
61,치킨,마포구 상암동,지코바치킨-응암1호점,dn**님,반반순살（순한맛）/1,맛있었어요 잘먹었습니다,5,5,5,5,2021년 5월 13일
62,치킨,마포구 상암동,지코바치킨-응암1호점,ru**님,순살양념（매운맛）/1,맛있게 잘 먹었습니다 근위서비스로 양도 엄청 많고 매운데 꼬마마요네즈도 챙겨주셔서 더 맛있게 먹었어요 짱짱,5,5,5,5,2021년 5월 13일
63,치킨,마포구 상암동,지코바치킨-응암1호점,yh**님,순살양념（보통맛）/1(추가메뉴(떡사리)),맛잇게 먹었습니다 떡도 많아서 좋아요,5,5,5,5,2021년 5월 12일
64,치킨,마포구 상암동,지코바치킨-응암1호점,a_**님,순살양념（매운맛）/1,평소에 먹던 지점 말고 다른 곳에서 시켜봤는데 맛이 좀 달라요 지점마다 맛 차이가 있나봐요,4,4,5,5,2021년 5월 12일
65,치킨,마포구 상암동,지코바치킨-응암1호점,gy**님,반반순살（순한맛）/1,최고 지코바는역시 응암점,5,5,5,5,2021년 5월 11일
66,치킨,마포구 상암동,지코바치킨-응암1호점,rl**님,"순살양념（보통맛）/1,콜라 대 변경/1",맛있네요 잘 먹었습니다,5,5,5,5,2021년 5월 10일
67,치킨,마포구 상암동,지코바치킨-응암1호점,by**님,"순살양념（보통맛）/1,배달 생맥주 1000cc/2",치밥으로 지코바가 최고에요,4,4,4,4,2021년 5월 9일
68,치킨,마포구 상암동,지코바치킨-응암1호점,he**님,순살양념（순한맛）/1,리뷰 이벤트로 똥집 받았는데 이게 너무 잘 어울린단 말이죠 최고란 말이죠 요청사항도 너무 잘 들어주시고 친절하시단 말이죠 지코바 너무 맛있단 말이죠,5,5,5,5,2021년 5월 8일
69,치킨,마포구 상암동,지코바치킨-응암1호점,pi**님,순살양념（보통맛）/1,양도 많고 국물도 많이주셔서 맛있게 먹었습니다 ,5,5,5,5,2021년 5월 8일
70,치킨,마포구 상암동,지코바치킨-응암1호점,kj**님,순살양념（보통맛）/1,안새고 배달도 잘 왔고 맛있었어요,5,5,5,5,2021년 5월 8일
71,치킨,마포구 상암동,지코바치킨-응암1호점,yu**님,"순살양념（매운맛）/1,근위 추가/2",맛있는 매운맛 제가 좋아하는 매운맛이라 맛있게 먹었어요,5,5,5,5,2021년 5월 7일
72,치킨,마포구 상암동,지코바치킨-응암1호점,wk**님,반반순살（순한맛）/1,허겁지겁 먹다가 찍어서 이쁜사진은 아니지만 정말 맛잇게 잘먹엇습니다 소금구이는 퍽퍽할줄알앗는데 촉촉해서 더좋앗고 소스도 두종류나주셔서 좋앗어요 불광점에서만 시켜먹다 처음인데 응암점도 좋네요,5,5,5,5,2021년 5월 6일
73,치킨,마포구 상암동,지코바치킨-응암1호점,wk**님,"순살소금구이치킨/1,순살양념（보통맛）/1",언제먹어도 훌륭하군요 양 엄청 많아여,5,5,5,5,2021년 5월 6일
74,치킨,마포구 상암동,지코바치킨-응암1호점,jo**님,순살양념（보통맛）/1,잘먹었습니다 치밥은지코바,5,5,5,5,2021년 5월 6일
75,치킨,마포구 상암동,지코바치킨-응암1호점,ba**님,순살양념（매운맛）/1,치킨은 역시 지코바죠 서비스로 받은 떡사리에 가족들과 맛있는 저녁 시간이 되었네요 사랑해요 지코바,5,5,5,5,2021년 5월 5일
76,치킨,마포구 상암동,지코바치킨-응암1호점,kz**님,순살양념（매운맛）/1,적당히 맵고 아주 맛있었습니다,5,5,5,5,2021년 5월 5일
77,치킨,마포구 상암동,지코바치킨-응암1호점,eo**님,순살양념（보통맛）/1,사진을 깜빡하고 못찍었어요  너무 맛있게 잘먹었고 배달도 너믄 빠르게 받았습니다 맛 양 배달 다 만족스러웠고 자주 시켜먹을거에요,5,5,5,5,2021년 5월 4일
78,치킨,마포구 상암동,지코바치킨-응암1호점,sk**님,반반순살（순한맛）/1,지코바 첨 먹어봤는데 너무 맛있어요 제가 너무 맵쓰라서 양념 매울까봐도 걱정했는데 넘 맛있어서 순삭  순살로 시키니까 뼈도 안나오고 넘 좋아요  담에 또 시켜먹읗거에요 배달도 딱 적당하게 왔어요 최고,5,5,5,5,2021년 5월 3일
79,치킨,마포구 상암동,지코바치킨-응암1호점,ch**님,순살양념（보통맛）/1,지코바는 배신 하지 않아요,5,5,5,5,2021년 5월 3일
80,치킨,마포구 상암동,지코바치킨-응암1호점,xo**님,순살양념（보통맛）/1,역시 믿고먹는 지코바 너무 맛있어요 남은 양념으로 내일 밥도 비벼 먹어야겠어요 잘 먹었습니다,5,5,5,5,2021년 5월 3일
81,치킨,마포구 상암동,지코바치킨-응암1호점,he**님,순살양념（순한맛）/1,진짜 너무 맛있게 잘 먹었어요 지코바에 똥집추가가 이렇게 맛있을 일입니까 이거 본 메뉴에도 추가할 수 있게해쥬세요 넘 맛있어요,5,5,5,5,2021년 5월 1일
82,치킨,마포구 상암동,지코바치킨-응암1호점,su**님,순살양념（보통맛）/1,배달 엄청 빨랐고 맛있게 잘 먹었습니다 맵찔이라 걱정돼서 보통맛 시켰는데 하나도 안 매워서 담엔 매운맛으로 먹을게요 리뷰 콜라도 잘 받았습니다,5,5,5,5,2021년 5월 1일
83,치킨,마포구 상암동,지코바치킨-응암1호점,ao**님,순살양념（보통맛）/1,순살 양념 맛있네요  지코바는 역시 밥이랑 먹는게 꿀 맛,5,5,5,,2021년 4월 29일
84,치킨,마포구 상암동,지코바치킨-응암1호점,le**님,순살양념（보통맛）/1,너무밋있어요  또시켜먹을게요,5,5,5,5,2021년 4월 29일
85,치킨,마포구 상암동,지코바치킨-응암1호점,si**님,순살양념（보통맛）/1,너무 맛있게 잘먹었어요,5,5,5,5,2021년 4월 28일
86,치킨,마포구 상암동,지코바치킨-응암1호점,pc**님,순살양념（보통맛）/1,역시 지코바는 존맛입니다,5,5,5,5,2021년 4월 26일
87,치킨,마포구 상암동,지코바치킨-응암1호점,kd**님,반반순살（순한맛）/1,아이들과 너무 맛있게 먹었습니다 음식도 따뜻하고 다른 지점보다 더 맛있는 것 같아요,5,5,5,5,2021년 4월 23일
88,치킨,마포구 상암동,지코바치킨-응암1호점,sh**님,순살양념（보통맛）/1,처음 먹어봤는데 맛있네요,5,5,5,5,2021년 4월 23일
