﻿,Category,Location,Restaurant,UserID,Menu,Review,Total,Taste,Quantity,Delivery,Date
0,치킨,마포구 상암동,청춘국물닭발-홍대점,wf**님,국물닭발（소）/1,사장님 너무 맛있자나요 또 주문할게요오오오옷,5,5,5,5,4일 전
1,치킨,마포구 상암동,청춘국물닭발-홍대점,mi**님,국물닭발（소）/1,년만에 먹은 닭발인데 넘 매웠지만 정말 맛있게 먹었어요배달도 빠르고 조만간 또 주문할거 같아요,5,5,5,5,2021년 7월 8일
2,치킨,마포구 상암동,청춘국물닭발-홍대점,lg**님,"똥집튀김/1,닭발 튀김/1",맛있게 잘먹었습니다 닭발튀김은 후라이드처럼보였는데 많이 매워요,5,5,5,5,2021년 7월 7일
3,치킨,마포구 상암동,청춘국물닭발-홍대점,cj**님,"세트4（뼈없는국물닭발 대＋주먹밥＋쿨피스 대）/1,메추리알/1,비엔나 /1",제가 먹어본 국물닭발 중에 제일이에요 일 전에 첫 주문했는데 자꾸 생각나구 너무 맛있어서 또 시켰어요 배달원님도 너무 친절하시구 주먹밥에 멘트까지 적어주시는 사장님 너무 감사합니다 맛 양 친절 배달 최고,5,5,5,5,2021년 7월 6일
4,치킨,마포구 상암동,청춘국물닭발-홍대점,hi**님,"세트4（뼈없는국물닭발 대＋주먹밥＋쿨피스 대）/1,날치알주먹밥/2,계란찜/1",맛있는 매움이어서 맛있었고 계란찜도 좋았다만 숙주에서 약간의 비린내가 나서 아쉬웠어요,4,4,4,5,2021년 6월 27일
5,치킨,마포구 상암동,청춘국물닭발-홍대점,bh**님,"똥집튀김/1,세트3（뼈없는국물닭발 소＋주먹밥＋쿨피스 대）/1",치킨 한 마리 더 시켜야지,1,1,1,5,2021년 6월 26일
6,치킨,마포구 상암동,청춘국물닭발-홍대점,ki**님,"똥집튀김/1,뼈없는 국물닭발（소）/1,우동/1,치킨무/1,콘샐러드 /1,계란찜/1", 여기 너무맛있음 첨시켯는데 앞으류 자주시킬게요 사장님 대박,5,5,5,5,2021년 6월 23일
7,치킨,마포구 상암동,청춘국물닭발-홍대점,wh**님,국물닭발（소）/1,국물닭발 좋아하는거라 급 땡겨서 시켜먹었네요 넘 맛있어용 쏘주 있었으면 딸뻔  맵기도 저랑 찰떡으로 잘맞아서 스트레스도 풀리고  손이 멈출수가 없었음이따 저녁에 또 시켜먹을지 몰라요 쏘주 냉장고에 충전해놓음,5,5,5,5,2021년 6월 15일
8,치킨,마포구 상암동,청춘국물닭발-홍대점,hs**님,국물닭발（소）/1,오늘은 국물 자작한 닭발이 땡기는 날이라 오후까지 기다렸다가 시켜봤어요 와웅 첨 시켜봤는데 넘 맛나네요 양도 혼자 먹기 좋았구요 잡내없이 통통한 닭발살도 마음에 들었구암튼 단골될거같아요 잘 먹었습니다 담엔 똥집도 함께 시키는걸루,5,5,5,5,2021년 6월 15일
9,치킨,마포구 상암동,청춘국물닭발-홍대점,pw**님,"똥집튀김/1,세트4（뼈없는국물닭발 대＋주먹밥＋쿨피스 대）/1",국물닭발은 쏘쏘이긴 한데 닭똥집튀김은 너무하네요 아무리 셋트라지만 저게 천원어치라니 그것도 오래된 기름인지 새싸맣고 딱딱해서 씹기도 힘들어서 배달도 한시간 이상 걸려서 오고 다시 주문할 일은 없을것 같네요,2,3,3,2,2021년 6월 11일
10,치킨,마포구 상암동,청춘국물닭발-홍대점,29**님,세트4（뼈없는국물닭발 대＋주먹밥＋쿨피스 대）/1,포장이 터져 아쉬웠지만 맛있게 잘먹었습니다,5,5,5,5,2021년 6월 9일
11,치킨,마포구 상암동,청춘국물닭발-홍대점,ks**님,국물닭발（소）/1,양도 엄청 많고 콩나물도 넘나 맛있고 국물도 맛있어요 근데 생각보다 더 맵네요 그래도 좋아여 잘 먹었습니다,5,5,5,5,2021년 6월 7일
12,치킨,마포구 상암동,청춘국물닭발-홍대점,p6**님,"뼈없는 국물닭발（대）/1,콘샐러드 /2",옥수수콘을 좋아한대서 추가로도 시켰는데 개나 더 주셔서 감사해용 아쉬운점은 주문하고 분만에 상당히 빠르게 픽업떴는데 메인음식을 미리 조리해두시는건지 숙주나물 오래삶아놓은건지상태도 맛도 오래되서 음식 신선도에선 많이 아쉬웠어요 그리고 주문하고 음식점에서 분만에 조리포장완료 뜨고 기사님이 픽업해서 배달 출발후 정확히 출발시점에서 분후에 왔어요 음식 식는것도 상당히 싫어하는지라 차라리 조금 배달이 늦어도 음식 신선도라도 좋았으면하네요,3,2,5,1,2021년 6월 6일
13,치킨,마포구 상암동,청춘국물닭발-홍대점,de**님,"세트10（뼈있는 국물닭발 소＋옛날통닭＋주먹밥＋쿨피스）/1,우동/1,계란찜/1",리뷰이벤트 참여한댔는데 서비스가 오지 않았더라구요 흑흑 아쉽지만 그래도 잘 먹었습니다 오랜만에 옛날통닭먹으니 맛났어요 닭발도 부드럽고 맛있었어요 앗 근데 계란찜이 천원이나 추가비용 내는거치곤 넘 양이적어요 흔들려서 군데군데 묻어서 그렇지 딱 저정도네요,4,5,4,5,2021년 6월 6일
14,치킨,마포구 상암동,청춘국물닭발-홍대점,br**님,국물닭발（대）/1,처음 먹어보는데 너무 맛있게 먹었어요 양도 많고 꼭 드셔보세여,5,5,5,5,2021년 6월 6일
15,치킨,마포구 상암동,청춘국물닭발-홍대점,mi**님,국물닭발（소）/1,일단 닭발을 너무좋아하는데 빠른배달 감사드리구요 하나 뜯고 약속대로 리뷰남깁니다 맵기 괜찮구요양도 적당합니다 근데 포장 뜯자마자 콩나물 비린내같은게 많이 나서 별하나 뺐습니다 콩나물은 선택사항으로 넣는게 나을듯합니다,4,4,5,5,2021년 6월 3일
16,치킨,마포구 상암동,청춘국물닭발-홍대점,se**님,"국물닭발（대）/1,계란찜/2",우선 잔짜 맛있고 너무 인위적인 매운맛이 아니라 좋았어요 계란찜은 계란국계란탕에 더 가까운 거 같아요 무튼 그래도 맛있음,5,5,5,5,2021년 6월 2일
17,치킨,마포구 상암동,청춘국물닭발-홍대점,ac**님,국물닭발（소）/1,조금 맵긴한데 아주맛있어요 다음에도 먹어야지,5,5,5,5,2021년 6월 1일
18,치킨,마포구 상암동,청춘국물닭발-홍대점,hy**님,뼈없는 국물닭발（소）/1,존맛탱 오늘은 무뼈국물닭발로 시켰어요 너무맛있어요,5,5,5,5,2021년 6월 1일
19,치킨,마포구 상암동,청춘국물닭발-홍대점,hy**님,국물닭발（소）/1,사진을 잘 못찍는데 존맛탱이예요 치아교정한것 망각하고 뼈닭발로 시켜서 너무 한탄스러웠어요 근데 진짜 하나도 안남기고 다먹었어요 소짜인데 양도 많아서 번으로 나눠먹었어요 여긴정말 미쳤어요너무 맛집이라 혼자 알고 싶은데 사장님 코로나에 힘드시면 안되니까 리뷰 남겨요 재주문 의사있어여,5,5,5,5,2021년 5월 25일
20,치킨,마포구 상암동,청춘국물닭발-홍대점,ji**님,국물닭발（소）/1,닭발을 너무 좋아해서 주문했는데 진짜 존맛탱이네요  국물이 자작하게 있는 닭발이라서 양념이 잘 베어있네요 야들야들한 식감을 가진 닭발이라서 맛있게 잘 먹었네요,5,5,5,5,2021년 5월 25일
21,치킨,마포구 상암동,청춘국물닭발-홍대점,so**님,국물닭발（대）/1,그냥 닭발말고 오늘은 자작한 국물 닭발이 생각나더라고요부드럽게 살 발라지고 국물도 같이 후루룩 먹을 수 있는 새로생긴거같아서 주문해봤는데 배달도 깔끔하게 오고 잡내없는 국물닭발에 맛있게 먹고 배 통통 두드리는중이예요 잘 먹었어요 단골찜콩할게요,5,5,5,5,2021년 5월 25일
22,치킨,마포구 상암동,청춘국물닭발-홍대점,jk**님,"국물닭발（소）/1,쫄면/1,계란찜/1",배달 시간 딱 맞춰 왔구요 국물이 넘 먹고 싶었지만 쫄면도 먹고 싶어 사리 추가 했어요 역시 거리가 있어 쫄면이 조금 불긴 했지만 쫄면도 떡도 닭발도 맛있게 먹었습니다 근데 달걀찜이 너무 짰어요,4,4,5,4,2021년 5월 24일
23,치킨,마포구 상암동,청춘국물닭발-홍대점,mi**님,세트4（뼈없는국물닭발 대＋주먹밥＋쿨피스 대）/1,양괜찮고 맛있게먹었습니다,5,5,5,5,2021년 5월 21일
24,치킨,마포구 상암동,청춘국물닭발-홍대점,ha**님,"뼈없는 국물닭발（소）/1,소주（처음처럼）/1",맛은있는데 리뷰이벤트를 잊으셨나봐요 다음부턴 리뷰이벤트 꼭 봐주시면좋겠습니다 잘먹었습니다,4,5,4,1,2021년 5월 18일
25,치킨,마포구 상암동,청춘국물닭발-홍대점,ws**님,세트3（뼈없는국물닭발 소＋주먹밥＋쿨피스 대）/1,넘 맛있어요 양도 많고 맵기도 적당하고 정말 맛있게 잘 먹었습니다 ,5,5,5,5,2021년 5월 18일
26,치킨,마포구 상암동,청춘국물닭발-홍대점,si**님,"국물닭발（대）/1,떡/1,콘샐러드 /2",너무 맛있게 먹었어요 콘샐러드 기본으로 주시는거 모르고 개 추가했네요 그래서 풍족하게 먹었어요 리뷰이벤트 서비스로 받은 주먹밥도 맛나요 김도 엄청 많이 주셨어요 닭발 매콤하니 맛있었고 국물닭발 뼈도 잘 발라져서 불편함 없이 잘 먹었어요 남편은 국물 맛있는지 밥까지 비벼 먹었어요 잘먹었습니다 담에 또 시킬게요,5,5,5,5,2021년 5월 15일
