﻿,Category,Location,Restaurant,UserID,Menu,Review,Total,Taste,Quantity,Delivery,Date
0,치킨,강남구 논현동,치밥의달인-강남점,ee**님,치즈덮은 불닭 치밥 도시락/3,양 진짜많아요 배달도 엄청 빨리 오고 맛있었습니당,5,5,5,5,2일 전
1,치킨,강남구 논현동,치밥의달인-강남점,gu**님,치밥의 끝 바베큐 치밥 도시락/4,양이 푸짐해요 먹고 버릴게 많지않아 편하네요 맛도 좋았어요,5,4,5,5,일주일 전
2,치킨,강남구 논현동,치밥의달인-강남점,ne**님,"치밥의 끝 바베큐 치밥 도시락/1,추억의 닭강정 치밥 도시락/1(사이드 추가 선택(곱배기로 변경)),담백한 숯불간장 치밥 도시락/1(사이드 추가 선택(치즈토핑 추가)),스페셜 갈릭 데리야끼 치밥 도시락/1",양도 많고 맛있게 잘먹었습니다 치밥 브랜드 중 제일 맛있는것같아요 이번엔 저번과 다르게 양념소스가 좀 덜 왔는데 담엔 뜸뿍 부탁드려요,5,5,5,5,2021년 7월 23일
3,치킨,강남구 논현동,치밥의달인-강남점,gj**님,"치즈덮은 불닭 치밥 도시락/1(사이드 추가 선택(팝만두（15개）추가,곱배기로 변경))",진짜 제일 맛있는거 같음 딱 한계치까지 맵고,5,5,5,5,2021년 7월 8일
4,치킨,강남구 논현동,치밥의달인-강남점,gu**님,"치밥의 끝 바베큐 치밥 도시락/1,담백한 숯불간장 치밥 도시락/1,콜라 1.25L/1",수고하시고 많이 파세요,3,3,3,5,2021년 7월 3일
5,치킨,강남구 논현동,치밥의달인-강남점,ja**님,"치밥의 끝 바베큐 치밥 도시락/1,치밥의 끝 바베큐 치밥 도시락/1(사이드 추가 선택(곱배기로 변경))",양도 좋고 맛도 좋아요 잘 먹었습니다,4,4,4,4,2021년 6월 30일
6,치킨,강남구 논현동,치밥의달인-강남점,kl**님,"담백한 숯불간장 치밥 도시락/1(사이드 추가 선택(곱배기로 변경),음료 추가 선택(콜라 1.25L 추가))",콜라 시켰는데  주셨 하지만 맛있게 먹었습니다,5,5,5,5,2021년 6월 29일
7,치킨,강남구 논현동,치밥의달인-강남점,yh**님,"중독 마늘간장 치밥 도시락/1(사이드 추가 선택(곱배기로 변경),음료 추가 선택(콜라 1.25L 추가))",축구 보면서 먹는데 경기애 집중이 안되네요  맛있게 잘 먹었습니다 ,5,5,5,5,2021년 6월 27일
8,치킨,강남구 논현동,치밥의달인-강남점,ly**님,치즈덮은 불닭 치밥 도시락/1,따뜻한 상태로 왔는데도 치즈가 몇일지난거처럼 굳어있어서  치즈는 좋은치즈 쓰시는거같진 않네영,2,1,5,5,2021년 6월 20일
9,치킨,강남구 논현동,치밥의달인-강남점,ka**님,치밥의 끝 바베큐 치밥 도시락/1(사이드 추가 선택(계란찜 추가)),배달도 빠르고 양도 많아요 잘먹었습니당,5,5,5,5,2021년 5월 25일
10,치킨,강남구 논현동,치밥의달인-강남점,12**님,"치밥의 끝 바베큐 치밥 도시락/1(사이드 추가 선택(곱배기로 변경),음료 추가 선택(콜라 500mL 추가)),치밥의 끝 바베큐 치밥 도시락/1(음료 추가 선택(콜라 500mL 추가)),단짠 데리야끼 치밥 도시락/1(음료 추가 선택(콜라 500mL 추가)),치즈덮은 불닭 치밥 도시락/1(음료 추가 선택(콜라 500mL 추가))",따뜻하게 와서 잘먹었습니다양념이 맛있었어요,5,5,5,5,2021년 5월 25일
11,치킨,강남구 논현동,치밥의달인-강남점,pp**님,"맵다땡초 치밥 도시락/1(사이드 추가 선택(무우 추가,치즈토핑 추가))",치밥 오랜만에시켜먹었는데 없던 양파가들어있어서 소스가 너무 물이었어요치즈추가해서그런가 담엔 치즈추가를 안해야겠어요 그래도맛있었어요,5,5,5,5,2021년 5월 22일
12,치킨,강남구 논현동,치밥의달인-강남점,d4**님,치즈덮은 불닭 치밥 도시락/1(사이드 추가 선택(곱배기로 변경)),너무 맛있고 푸짐하네요 감사합니다,5,5,5,5,2021년 5월 21일
13,치킨,강남구 논현동,치밥의달인-강남점,ka**님,치밥의 끝 바베큐 치밥 도시락/2,선배랑 아주 맛나게 먹었습니다,5,5,5,5,2021년 5월 7일
14,치킨,강남구 논현동,치밥의달인-강남점,손님,"치밥의 끝 바베큐 치밥 도시락/1(사이드 추가 선택(치즈토핑 추가,떡사리（10개）추가))",완전 맛있게 잘 먹었습니다 여태껏 먹은 배달음식들 중 최고였음 만족도 별 다섯개 사장님 치킨무 대신 단무지가 더 어울릴 것 같아요,5,5,5,5,2021년 4월 27일
15,치킨,강남구 논현동,치밥의달인-강남점,db**님,"스페셜 갈릭 데리야끼 치밥 도시락/1,야채김말이/1(개수 선택(7개))",그저께 시켜먹었는데 맛있었어요 소스가 넘 맛있어요 직접 포스트잇에 손글씨로 써주신 메모도 너무 감사했습니다 번창하세요,5,5,5,5,2021년 3월 11일
16,치킨,강남구 논현동,치밥의달인-강남점,ss**님,"맵다땡초 치밥 도시락/1,야채김말이/1(개수 선택(7개))",너무 맵고 맛있어요  부족한 점이 없어요 왜냐면 몇번 치밥의달인에서 주문해도 매번 맛이 더 맛있어진다 같이 이벤트따라서 팝만두 주셔서 너무 너무 감사합니다,5,5,5,5,2021년 3월 7일
17,치킨,강남구 논현동,치밥의달인-강남점,to**님,치밥의 끝 바베큐 치밥 도시락/2,맛있어요 잘 먹었습니다,4,4,4,5,2021년 3월 1일
18,치킨,강남구 논현동,치밥의달인-강남점,wn**님,"치밥의 끝 바베큐 치밥 도시락/1,추억의 닭강정 치밥 도시락/1,중독 마늘간장 치밥 도시락/1",맛있습니다 메뉴 징짜 괜찮아요 근데 배달이 다텨져서 옴사진첨부해여 포장지가 왜 왔따 쪽갈비 인지모르것지만 다 터져서 숟가락 젓가락이 아주 양념 범벅,5,5,5,3,2021년 2월 27일
19,치킨,강남구 논현동,치밥의달인-강남점,wo**님,매운 불닭 치밥 도시락/1(사이드 추가 선택(계란찜 추가)),지코바의시대는 끝났다 한국최고치밥 치밥으로 임명합니다,5,5,5,5,2021년 2월 10일
20,치킨,강남구 논현동,치밥의달인-강남점,ju**님,"치밥의 끝 바베큐 치밥 도시락/1,계란찜/1,야채김말이/1(개수 선택(4개))",맛있고 빨르니깐 괜찬음 수고하세요,4,3,3,4,2021년 2월 4일
21,치킨,강남구 논현동,치밥의달인-강남점,ch**님,"치밥의 끝 바베큐 치밥 도시락/1(사이드 추가 선택(곱배기로 변경,치즈토핑 추가)),중독 마늘간장 치밥 도시락/1",양도 푸짐하고 맛도 좋아요 ,4,4,4,5,2021년 2월 2일
22,치킨,강남구 논현동,치밥의달인-강남점,ja**님,"메뉴 1 ＋ 장국or계란찜 ＋ 김치 ＋ 콜라500ml /1(메뉴 선택 1(오리지날캠핑허브 치밥),메뉴 선택(장국)),치밥의 끝 바베큐 치밥 도시락/1(사이드 추가 선택(무우 추가)),팝만두/1(개수 선택(15개))",배달시간은 조금 긴편이긴한데 요청사항도 항상 잘 읽어주시고 좋습니다 건축일하다보니 특성상 새벽 늦게 끝나는일이많은데 시간이라 회사에서나 집에서나 종종 시켜먹습니다,5,5,5,5,2021년 1월 26일
23,치킨,강남구 논현동,치밥의달인-강남점,de**님,"치즈덮은 불닭 치밥 도시락/1(사이드 추가 선택(해쉬브라운（15개）추가,팝만두（15개）추가,곱배기로 변경)),반반（반＋반 순살）1kg/1(순살 메뉴 선택(단짠 데리야끼구이 순살,매운 불닭구이 순살)),주먹밥/1(메뉴 선택(날치알주먹밥))",음식이 시간 분 걸려서 왔네요 맛있다는 리뷰 보고 바로 주문했는데 치즈는 모두 굳어서 왔고 날치알주먹밥은 덮밥으로 오고 사이드 메뉴는 모두 눅눅해져서 왔네요 너무 실망했어요 예상시간이 분 내외라고 적혀있어서 시간 넘는것까지는 감안할 수 있어도 시간 분 걸려서 오니까 아무리 맛있어도 음식이 모두 식어서 맛있게 먹을 수가 없었어요 처음 주문하는거라 날치알주먹밥이 어떻게 생겼는지 잘 몰랐지만 이건 누가봐도 날치알덮밥인데 음식 사진이라도 제대로 표기해주셨으면 좋겠어요,1,1,4,1,2021년 1월 26일
24,치킨,강남구 논현동,치밥의달인-강남점,ch**님,"맵다땡초 치밥 도시락/1(사이드 추가 선택(팝만두（15개）추가,곱배기로 변경))",오늘도 맛있게 먹었어요,5,5,5,5,2020년 12월 30일
25,치킨,강남구 논현동,치밥의달인-강남점,ch**님,"치밥의 끝 바베큐 치밥 도시락/1,담백한 숯불간장 치밥 도시락/1(사이드 추가 선택(곱배기로 변경,치즈토핑 추가))",가성바도 좋고 음식 맛도 좋아요 종종 시켜먹을게요,4,4,5,4,2020년 12월 28일
26,치킨,강남구 논현동,치밥의달인-강남점,co**님,"반반（반＋반 순살）1kg/1(순살 메뉴 선택(오리지날 캠핑소금구이 순살,매운 불닭구이 순살),음료 추가 선택(콜라 1.25L 추가))",양은 아주살짝 부족하지만 맛있게 잘먹었습니다,5,5,4,5,2020년 12월 26일
27,치킨,강남구 논현동,치밥의달인-강남점,hy**님,"매운 불닭구이 순살 1kg/1(사이드 추가 선택(계란찜 추가,해쉬브라운（15개）추가,팝만두（15개）추가))",일주일에 네번은 시켜먹는데 리뷰 처음 남기네요 맛있어요 근데 오늘은 좀 심했어요 아무리 배달 폭주라도 한시간 사십분 걸려서 온 배달이 음식은 다 식어있고 음식에 대한 요청사항은 하나도 신경안써주셨고 음식은 다 새서 포장해온 비닐봉지가 양념 투성이네요 차라리 더 오래 걸리더라도 전화 한번 해서 양해를 구하고 제대로 따뜻한 음식 손님한테 주셔야죠 배달 받고 먹을 손님 생각하면 이렇게 하시면 안될거같습니다  시킨 메뉴는 늘 시키던 메뉴였습니다 매운 불닭구이 순살에 계란찜 사이드 해쉬브라운 팝만두 각 개,5,5,5,5,2020년 12월 18일
28,치킨,강남구 논현동,치밥의달인-강남점,ji**님,"중독 마늘간장 치밥 도시락/1(사이드 추가 선택(곱배기로 변경)),치즈덮은 불닭 치밥 도시락/1",매일매일 맛있는 치밥  이제 더이상 강남쪽 회사를 안나가서 더이상 못시켜먹을것같지만  지금까지 정말 맛있게 먹었습니다 제 원픽은 치즈불닭이지만 양이 넘 많아서 항상 남기네요흑흑 아까웡 다음에 시키게 된다면 제 위장을 늘려 한그릇 뚝딱 하겠습니당  리뷰이벤트로 받는 팝만두 존맛,5,5,5,5,2020년 12월 18일
29,치킨,강남구 논현동,치밥의달인-강남점,fi**님,"치밥의 끝 바베큐 치밥 도시락/1(음료 추가 선택(콜라 1.25L 추가)),담백한 숯불간장 치밥 도시락/1",맛이 좋았어요 양도 딱 적당했어요,5,5,5,5,2020년 12월 11일
30,치킨,강남구 논현동,치밥의달인-강남점,sa**님,스페셜 데리야끼 순살/1(소스 선택(갈릭소스)),항상 맛있게 잘 먹고 있습니다,5,5,5,5,2020년 12월 1일
31,치킨,강남구 논현동,치밥의달인-강남점,hj**님,"반반（반＋반 순살）1kg/1(순살 메뉴 선택(오리지날 캠핑소금구이 순살,치밥의끝 바베큐구이 순살))",처음 시켜봤는데 맛있고 만족스럽습니다 앞으로도 이 품질 쭉 지켜주시면 쭉 단골 하겠습니다 타 브랜드 체인점보다 가격도 맛도 소스도 훨씬 좋네요,5,5,5,5,2020년 11월 8일
32,치킨,강남구 논현동,치밥의달인-강남점,sa**님,스페셜 데리야끼 순살/1(소스 선택(갈릭소스)),너무 맛있어요 잘 먹었습니다,5,5,5,5,2020년 11월 6일
33,치킨,강남구 논현동,치밥의달인-강남점,55**님,치즈덮은 불닭 치밥 도시락/1(음료 추가 선택(콜라 500mL 추가)),세상 맛있게 먹었어요 진짜 감칠맛 나는 매운맛 이에요굳,5,5,5,5,2020년 11월 4일
34,치킨,강남구 논현동,치밥의달인-강남점,le**님,"치밥의 끝 바베큐 치밥 도시락/1(사이드 추가 선택(팝만두（15개）추가),음료 추가 선택(콜라 500mL 추가))",처음시켭봤는데 양도 많고 음식도 맛있었습니다,4,4,4,4,2020년 11월 3일
35,치킨,강남구 논현동,치밥의달인-강남점,jj**님,"반반（반＋반 순살）1kg/1(순살 메뉴 선택(스페셜 갈릭 데리야끼구이 순살,매운 불닭구이 순살),사이드 추가 선택(마약주먹밥 추가))",세사람이 먹었는데도 배부르게 잘 먹었습니다 개인적으로 불닭이 맛있네요 떡을 안좋아해서 별로 안들어있는점이 더 좋았어요,5,5,5,5,2020년 10월 28일
36,치킨,강남구 논현동,치밥의달인-강남점,dl**님,"치밥의 끝 바베큐 치밥 도시락/1(사이드 추가 선택(곱배기로 변경),음료 추가 선택(콜라 500mL 추가))",기본은 하는 맛이라서 종종 시켜먹어요 오늘도 맛있었습니다,5,5,5,5,2020년 10월 24일
37,치킨,강남구 논현동,치밥의달인-강남점,sh**님,"치밥의 끝 바베큐구이 순살 1kg/1,주먹밥/1(메뉴 선택(마약주먹밥)),햇반/2",술취한 이모가 치밥을 너무 좋아하셨어요 근데 자꾸 제정신이 아닌데 주먹밥을 직접 만드시겠다고 고집을 햇반도 두개 주문했는데 하나밖에 안 왔다고 성도 내시네요 다음번엔 꼭 챙겨주세요,5,5,5,5,2020년 10월 14일
38,치킨,강남구 논현동,치밥의달인-강남점,le**님,"치밥의 끝 바베큐 치밥 도시락/1(사이드 추가 선택(계란찜 추가,무우 추가))",양 엄청 많아서 반먹으니까 배가 터지는 줄 알았어용 근데 무가 오는 지 모르고 하나 더시켰네요  다음부터는 음료수로 시켜야겠어요,5,5,5,5,2020년 10월 12일
39,치킨,강남구 논현동,치밥의달인-강남점,pp**님,맵다땡초 치밥 도시락/1(사이드 추가 선택(치즈스틱（5개）추가)),맵다땡초모두모두 드세욧 존맛임니다,5,5,5,5,2020년 10월 8일
40,치킨,강남구 논현동,치밥의달인-강남점,sa**님,스페셜 데리야끼 순살/1(소스 선택(갈릭소스)),떡이 덜 불려진 건지 식었다가 다시 데워진 건지 딱딱해서 결국 떡만 다 남겼습니다  다음부터는 주의 부탁드려요,3,3,5,5,2020년 10월 4일
41,치킨,강남구 논현동,치밥의달인-강남점,sc**님,"주먹밥/1(메뉴 선택(마약주먹밥)),해쉬브라운/1(개수 선택(15개)),팝만두/1(개수 선택(15개)),케이준감자 300g/1,콜라 500mL/1",팝만두가 있는데 간장이 안와가지고,4,4,5,5,2020년 9월 19일
42,치킨,강남구 논현동,치밥의달인-강남점,ks**님,"스페셜 갈릭 데리야끼 치밥 도시락/2,치즈스틱/1(개수 선택(5개))",데리야끼 언제 먹어도 맛있네요 잘 먹었습니다,5,5,5,5,2020년 9월 15일
43,치킨,강남구 논현동,치밥의달인-강남점,sa**님,스페셜 데리야끼 순살/1(소스 선택(갈릭소스)),너무 맛있게 먹었습니다 양이 많아서 두번에 나눠서 밥이랑 같이 먹으니 맛있네요,5,5,5,5,2020년 9월 4일
44,치킨,강남구 논현동,치밥의달인-강남점,pp**님,치즈덮은 불닭 치밥 도시락/1(사이드 추가 선택(곱배기로 변경)),이날 바베큐맛이품절이라 불닭시켰는데 맵고 맛잇엇어용,5,5,5,5,2020년 8월 26일
45,치킨,강남구 논현동,치밥의달인-강남점,dr**님,"반반（반＋반 순살）1kg/1(순살 메뉴 선택(숯불간장구이 순살,스페셜 갈릭 데리야끼구이 순살))",숯불은 좀 매콥한거 맞죠 데리야끼가 순해서 저한테 맞네요 도시락은 밥이 나오는 거 같은데 이건 닭위주이고 기본 해시브라운이랑 떡이 조금은 있네요 인기가 너무 많은지 배달이 오래걸리는 거 같네요,5,5,5,4,2020년 8월 22일
46,치킨,강남구 논현동,치밥의달인-강남점,ui**님,"추억의 닭강정 치밥 도시락/1(사이드 추가 선택(해쉬브라운（15개）추가,곱배기로 변경))",맛있는데 배달속도가 넘 느려요  시간 반 넘게걸림,5,5,5,5,2020년 8월 12일
47,치킨,강남구 논현동,치밥의달인-강남점,hy**님,"치밥의 끝 바베큐 치밥 도시락/2,치밥의 끝 바베큐 치밥 도시락/1(사이드 추가 선택(마약주먹밥 추가))",치킨이 좀 덜익었어요 실망입니다,1,1,5,5,2020년 8월 6일
48,치킨,강남구 논현동,치밥의달인-강남점,gj**님,"치즈덮은 불닭 치밥 도시락/1(사이드 추가 선택(야채김말이（4개）추가,곱배기로 변경))",김말이도 맛있고 다 졸맛,5,5,5,5,2020년 8월 3일
49,치킨,강남구 논현동,치밥의달인-강남점,손님,"추억의 닭강정 치밥 도시락/1,추억의 닭강정 치밥 도시락/1(사이드 추가 선택(팝만두（15개）추가))",진짜 맛있구 양도 엄청 많아요 그런데 견과류를 싫어해서 빼달라고 요청드렸는데 그대로 와서 다 골라내서 먹었어요,4,5,5,4,2020년 7월 24일
50,치킨,강남구 논현동,치밥의달인-강남점,pp**님,"맵다땡초 치밥 도시락/1(사이드 추가 선택(곱배기로 변경),음료 추가 선택(콜라 500mL 추가))",맵다땡초인데 땡초하나도없이 전혀안매웠어요 기본바베큐맛으로 잘못왔어요 여기처음생겼을때부터 땡초만 항상 시켰는데 저번에도 기본으로 잘못왔거든요 짜증나요 매운거먹고싶었는데 그때도 지금도 먹다가 알아가지고 전화하기도 그렇고 기분이에휴 ,4,5,5,5,2020년 7월 21일
51,치킨,강남구 논현동,치밥의달인-강남점,hs**님,"치밥의 끝 바베큐 치밥 도시락/1(사이드 추가 선택(계란찜 추가,곱배기로 변경),음료 추가 선택(콜라 1.25L 추가)),치즈덮은 불닭 치밥 도시락/1(사이드 추가 선택(곱배기로 변경))",여기 색다른 느낌이어서 시켜봤는데 맛잇어요 자주 애용할것 같습니다 날 더운데 항상 건강챙기시고 번창하세요,5,5,5,5,2020년 7월 18일
52,치킨,강남구 논현동,치밥의달인-강남점,zk**님,맵다 땡초구이 순살 1kg/1(소스 선택(바베큐소스)),땡초구이는 소스 자체는 그다지 맵지 않고 청양고추가 들어가있는 거라서 소스 자체가 매운 불닭구이보다는 덜 맵습니다 주문하실 때 참고하세요,5,5,5,5,2020년 7월 10일
53,치킨,강남구 논현동,치밥의달인-강남점,zk**님,매운 불닭구이 순살 1kg/1,맛도 좋고 양도 넉넉합니다,5,5,5,5,2020년 7월 8일
54,치킨,강남구 논현동,치밥의달인-강남점,h-**님,"담백한 숯불간장 치밥 도시락/1(사이드 추가 선택(팝만두（15개）추가),음료 추가 선택(콜라 500mL 추가))",늘 그렇듯 너무너무 맛있어요  양도 항상 넘치게 많이 주셔서 진짜 배부르게 잘 먹고 있습니다 ,5,5,5,5,2020년 7월 7일
55,치킨,강남구 논현동,치밥의달인-강남점,cj**님,"추억의 닭강정 치밥 도시락/1(사이드 추가 선택(치즈스틱（5개）추가,치즈토핑 추가))",배달도 친절히 해 주시고 잘 먹었어요,5,5,5,5,2020년 7월 4일
56,치킨,강남구 논현동,치밥의달인-강남점,sc**님,"치즈덮은 불닭 치밥 도시락/1(사이드 추가 선택(곱배기로 변경),음료 추가 선택(콜라 1.25L 추가))",아주맛있어요 또 시켜먹을것 이맛은 볼케이노쯤 생각했는데 많이매워요,5,5,5,5,2020년 7월 2일
57,치킨,강남구 논현동,치밥의달인-강남점,gj**님,"치즈덮은 불닭 치밥 도시락/1(사이드 추가 선택(야채김말이（7개）추가,곱배기로 변경))",회사에서 먹다가 집에서도 먹었는데 양도 많고 좋음,5,5,5,5,2020년 6월 25일
58,치킨,강남구 논현동,치밥의달인-강남점,ja**님,"중독 마늘간장 치밥 도시락/1(사이드 추가 선택(곱배기로 변경),음료 추가 선택(콜라 500mL 추가)),야채김말이/1(개수 선택(4개)),팝만두/1(개수 선택(15개)),콜라 500mL/1",다좋았습니다 맛도있구요 근데 소스가 밥이랑다합쳐져서 간이 너무 셌습니다 치밥할때 닭이랑 밥먹는느낌이아니라 양념치킨남은양념에 밥넣고 비빈느낌인데 흠 개취에따라호불호갈릴듯싶네요 개인적으론 불호 진짜개인적입니다 탕수육이랑 돈까스같은거 먹을때도 소스를 아예안먹는스타일이라 앞서말했듯 맛은 있어요 닭이랑 밥이랑 따로왔음좋았을텐데 아무튼 잘먹었습니다,5,5,5,5,2020년 6월 24일
59,치킨,강남구 논현동,치밥의달인-강남점,ki**님,"반반（반＋반 순살）1kg/1(순살 메뉴 선택(치밥의끝 바베큐구이 순살,치즈덮은 불닭구이 순살),사이드 추가 선택(치즈스틱（5개）추가))",치즈덮은불닭구이를 시켰는데 왜 동일한 두 가지 맛이 온 거 같죠 맛은 있어요,5,5,5,5,2020년 6월 22일
60,치킨,강남구 논현동,치밥의달인-강남점,ph**님,"치밥의 끝 바베큐 치밥 도시락/1,추억의 닭강정 치밥 도시락/1",다음에도 또 시켜먹을게요,5,5,5,5,2020년 6월 21일
61,치킨,강남구 논현동,치밥의달인-강남점,01**님,매운 불닭 치밥 도시락/1(사이드 추가 선택(치즈토핑 추가)),넘 마싯어용 배에서 시켜먹고 여기에서보이길래간만에시켜먹네요번창하세여,5,5,5,3,2020년 6월 21일
62,치킨,강남구 논현동,치밥의달인-강남점,h-**님,"치밥의 끝 바베큐 치밥 도시락/1(사이드 추가 선택(케이준감자（300g）추가),음료 추가 선택(콜라 500mL 추가))",오늘도 너무너무 맛있게 먹었습니다  역시 믿고 먹는 치밥의 달인 ,5,5,5,5,2020년 6월 19일
63,치킨,강남구 논현동,치밥의달인-강남점,yj**님,"메뉴 1 ＋ 장국or계란찜 ＋ 김치 ＋ 콜라500ml /1(메뉴 선택 1(치밥의 끝 바베큐 치밥),메뉴 선택(장국))",맛있게 잘먹었습니다 또 주문할게요,5,5,5,5,2020년 6월 13일
64,치킨,강남구 논현동,치밥의달인-강남점,th**님,"치밥의 끝 바베큐 치밥 도시락/1,중독 마늘간장 치밥 도시락/1",맛있게 잘 먹었습니다 자주 시켜먹는중이에요,5,5,5,5,2020년 6월 10일
65,치킨,강남구 논현동,치밥의달인-강남점,om**님,담백한 숯불간장 치밥 도시락/1(사이드 추가 선택(치즈스틱（5개）추가)),맛있어요치즈스틱도맛있어요,5,5,5,5,2020년 6월 8일
66,치킨,강남구 논현동,치밥의달인-강남점,os**님,"반반（반＋반 순살）1kg/1(순살 메뉴 선택(숯불간장구이 순살,치밥의끝 바베큐구이 순살),사이드 추가 선택(곱배기1 추가)),팝만두/1(개수 선택(25개))",너무 맛있게 잘 먹었습니다,5,4,5,4,2020년 5월 31일
67,치킨,강남구 논현동,치밥의달인-강남점,ke**님,"치밥의 끝 바베큐 치밥 도시락/1(사이드 추가 선택(곱배기로 변경)),치밥의 끝 바베큐 치밥 도시락/1",정말 맛잇게잘먹엇습니다,5,5,5,5,2020년 5월 26일
68,치킨,강남구 논현동,치밥의달인-강남점,om**님,"치밥의 끝 바베큐 치밥 도시락/1(사이드 추가 선택(계란찜 추가,곱배기로 변경))",양 많고 맛있음 계란찜 시켜봤는데 좀 비린듯,5,5,5,5,2020년 5월 26일
69,치킨,강남구 논현동,치밥의달인-강남점,co**님,"치밥의 끝 바베큐 치밥 도시락/1(사이드 추가 선택(해쉬브라운（15개）추가),음료 추가 선택(콜라 500mL 추가))",갑자기 치밥이 먹고싶어서 시켰는데 기대 이상이었어요,5,4,5,5,2020년 5월 24일
70,치킨,강남구 논현동,치밥의달인-강남점,mi**님,치밥의 끝 바베큐 치밥 도시락/2,맛있게 잘 먹었습니다 ,5,5,5,5,2020년 5월 24일
71,치킨,강남구 논현동,치밥의달인-강남점,a0**님,"치밥의 끝 바베큐 치밥 도시락/1(사이드 추가 선택(해쉬브라운（15개）추가,곱배기로 변경))",맛있게 잘 먹었습니다 사장님  번창하세요,5,5,5,5,2020년 5월 22일
72,치킨,강남구 논현동,치밥의달인-강남점,to**님,"반반（반＋반 순살）1kg/1(순살 메뉴 선택(숯불간장구이 순살,매운 불닭구이 순살))",너무 잘 먹었어요 역시 치밥의 달인 ,5,5,5,5,2020년 5월 20일
73,치킨,강남구 논현동,치밥의달인-강남점,am**님,"메뉴 1 ＋ 장국or계란찜 ＋ 김치 ＋ 콜라500ml /1(메뉴 선택 1(치밥의 끝 바베큐 치밥),메뉴 선택(계란찜))",깔끔함이 느껴져요 원래 배달음식 대충대충 오잖아요 거의 근데 신경쓰셔서 잘 보내주신 느낌이 들어좋구요 계란찜도 너무 간이 쌔지않아 맛있어요 전체적으로 혼자먹기 양도 알맞구요 재주문 하겠습니다 번창하세요,5,5,5,5,2020년 5월 15일
74,치킨,강남구 논현동,치밥의달인-강남점,01**님,"메뉴 1 ＋ 장국or계란찜 ＋ 김치 ＋ 콜라500ml /1(메뉴 선택 1(치밥의 끝 바베큐 치밥),메뉴 선택(장국))",진짜맛있었어요 인혼밥으로파는것도너무좋고양도엄청많아요 앞으로치킨은여기서만시킬거에요,5,5,5,5,2020년 5월 14일
75,치킨,강남구 논현동,치밥의달인-강남점,uj**님,"반반（반＋반 순살）1kg/1(순살 메뉴 선택(치밥의끝 바베큐구이 순살,스페셜 갈릭 데리야끼구이 순살),음료 추가 선택(콜라 1.25L 추가))",처음시켜봤는데 너무 맛있어요감사합니다,5,5,5,5,2020년 5월 2일
76,치킨,강남구 논현동,치밥의달인-강남점,ki**님,"치밥의 끝 바베큐 치밥 도시락/1,해쉬브라운/1(개수 선택(25개))",양도많구 너무맛잇어여 근데 매운걸 못먹어서 조금매워서 먹기힘들뮤,5,5,5,5,2020년 5월 2일
77,치킨,강남구 논현동,치밥의달인-강남점,th**님,"담백한 숯불간장 치밥 도시락/1,스페셜 갈릭 데리야끼 치밥 도시락/1",치킨이 조금 타서 아쉬웠지만 맛이 괜찮고 양이 많아서 맛있게 잘먹었습니다 그리고 음료수까지 챙겨주셔서 감사합니다,4,4,5,5,2020년 4월 25일
78,치킨,강남구 논현동,치밥의달인-강남점,손님,담백한 숯불간장 치밥 도시락/1,너무너무 맛있어요  간편하게 한끼 할때 최고 인 것 같습니당  자주 먹으러 들리겠습니당  잘 먹었습니다,5,5,5,5,2020년 4월 24일
79,치킨,강남구 논현동,치밥의달인-강남점,wa**님,"2人세트 도시락（메뉴1＋메뉴2＋콜라500mL）/1(메뉴 선택 1(치밥의 끝 바베큐 치밥),메뉴 선택 2(담백한 숯불간장 치밥),메뉴 추가 선택(메뉴1 곱배기 추가),사이드 추가 선택(해쉬브라운（15개）추가))",양 엄청 많아요 잘먹었습니다,5,5,5,5,2020년 4월 14일
80,치킨,강남구 논현동,치밥의달인-강남점,mi**님,"오리지날 캠핑허브 치밥 도시락/4,치밥의 끝 바베큐 치밥 도시락/1,맵다땡초 치밥 도시락/1,콜라 500mL/6",음료 짜리 개 시켰는데 짜리 개랑 리터짜리 개만 주셨네요,3,3,3,3,2020년 4월 8일
81,치킨,강남구 논현동,치밥의달인-강남점,lw**님,"치밥의 끝 바베큐구이 순살 1kg/1,케이준감자 300g/1",치밥 끝판왕 너무 맛있어요 ,5,5,5,5,2020년 4월 3일
82,치킨,강남구 논현동,치밥의달인-강남점,lw**님,"반반（반＋반 순살）1kg/1(순살 메뉴 선택(단짠 데리야끼구이 순살,추억의 닭강정구이 순살))",너무 배고파서 사진도 못찍고 호다닥 먹어버렸네요 ,5,5,5,5,2020년 3월 30일
83,치킨,강남구 논현동,치밥의달인-강남점,lw**님,"치밥의 끝 바베큐 치밥 도시락/1(사이드 추가 선택(치즈스틱（7개）추가,곱배기로 변경,치즈토핑 추가))",어제도 먹었는데 또 생각나서 시켜먹었네요  어제 반반먹었을때 너무 배불러서 도시락으로 먹었는데 양이 아주 어마어마하네요 가성비 갑,5,5,5,5,2020년 3월 27일
84,치킨,강남구 논현동,치밥의달인-강남점,lw**님,"반반（반＋반 순살）1kg/1(순살 메뉴 선택(치밥의끝 바베큐구이 순살,치즈덮은 불닭구이 순살),음료 추가 선택(콜라 500mL 추가))",너무 맛있었습니다 배 터져버릴것같아요오,5,5,5,5,2020년 3월 26일
85,치킨,강남구 논현동,치밥의달인-강남점,co**님,"4人세트 도시락（메뉴1＋메뉴2＋메뉴3＋메뉴4＋맛감자＋콜라1.25L）/1(메뉴 선택 1(치밥의 끝 바베큐 치밥),메뉴 선택 2(치밥의 끝 바베큐 치밥),메뉴 선택 3(치밥의 끝 바베큐 치밥),메뉴 선택 4(치밥의 끝 바베큐 치밥))",밥이 많고 닭이 먹을만하나 치킨말고 치밥을 시켜먹을 이유는 없을것같네요,3,3,4,5,2020년 3월 19일
86,치킨,강남구 논현동,치밥의달인-강남점,hs**님,"2人세트 도시락（메뉴1＋메뉴2＋콜라500mL）/1(메뉴 선택 1(치밥의 끝 바베큐 치밥),메뉴 선택 2(치밥의 끝 바베큐 치밥),메뉴 추가 선택(떡사리（10개）추가))",귀찮아서 리뷰 잘안다는데 배달 음식시키면 먹고나서 후회하는편인데 여기진짜 잘나옵니다 양도 많고요 만원주고 치킨사먹을바엔 여기서 먹는게 나아요,5,5,5,5,2020년 3월 17일
87,치킨,강남구 논현동,치밥의달인-강남점,hd**님,치즈덮은 불닭구이 순살 1kg/1(음료 추가 선택(콜라 1.25L 추가)),맛있게 먹었어요 사진을 못찍었네요  담에 또 시켜먹을게요,5,5,5,5,2020년 3월 9일
88,치킨,강남구 논현동,치밥의달인-강남점,nn**님,"반반（반＋반 순살）1kg/1(순살 메뉴 선택(숯불간장구이 순살,스페셜 갈릭 데리야끼구이 순살),사이드 추가 선택(치즈토핑2 추가))",맛있습니다 생각보다 양도 적당하구요,4,5,5,4,2020년 2월 25일
89,치킨,강남구 논현동,치밥의달인-강남점,wi**님,"2人세트 도시락（메뉴1＋메뉴2＋콜라500mL）/1(메뉴 선택 1(담백한 숯불간장 치밥),메뉴 선택 2(치밥의 끝 바베큐 치밥),메뉴 추가 선택(떡사리（10개）추가),사이드 추가 선택(계란찜 추가,야채김말이（4개）추가))",양진짜많고 배부르게먹었어요 뭣도모르고 이것저것추가했다가 배만터져버렸네요  계란찜 맛있었고 김말이튀김은 새끼손가락크기만한거 오니까 참고하세여 그대신 존맛탱임 담에도 또 시켜먹을게요 잘먹었어요,5,5,5,5,2020년 2월 21일
90,치킨,강남구 논현동,치밥의달인-강남점,ck**님,"반반（반＋반 순살）1kg/1(순살 메뉴 선택(치밥의끝 바베큐구이 순살,스페셜 화이트갈릭 데리야끼구이 순살),사이드 추가 선택(곱배기1 추가,곱배기2 추가,치즈스틱（7개）추가),음료 추가 선택(콜라 500mL 추가)),햇반/1",주말 점심 잘 먹었습니다 ,5,5,5,4,2020년 2월 16일
91,치킨,강남구 논현동,치밥의달인-강남점,al**님,"반반（반＋반 순살）1kg/1(순살 메뉴 선택(숯불간장구이 순살,치밥의끝 바베큐구이 순살))",후기가 없어서 반신반의 했는데 잘먹었습니당,4,4,5,5,2020년 2월 15일
