﻿,Category,Location,Restaurant,UserID,Menu,Review,Total,Taste,Quantity,Delivery,Date
0,치킨,마포구 상암동,치킨을사랑한떡볶이-이대점,ko**님,"[ 대박강력추천 ] 막창 떡볶이/1(떡볶이 비율(반반),떡볶이 맵기(매운맛),숟가락 선택(숟가락 필요없어요)),쿨피스 450mL/1",매번 시켜먹을때마다 막창과 떡볶이의 조화로움에 감동,5,5,5,5,2일 전
1,치킨,마포구 상암동,치킨을사랑한떡볶이-이대점,sa**님,"치사한떡볶이 [中]/1(떡볶이 비율(반반),떡볶이 맵기(매운맛),숟가락 선택(숟가락 필요해요))",떡볶이 진짜 맛있어요 양도 많고 맵기도 적절해서 맛있게 먹었습니당,5,5,5,,4일 전
2,치킨,마포구 상암동,치킨을사랑한떡볶이-이대점,ks**님,"치사한 튀김SET [中]/1(떡볶이 비율(떡많이),떡볶이 맵기(순한맛),숟가락 선택(숟가락 필요해요))",맛있는 떡볶이 셋트가 와서 야식으로 맛나게 먹었어요,5,5,5,5,6일 전
3,치킨,마포구 상암동,치킨을사랑한떡볶이-이대점,aa**님,"치사한 로제 떡볶이/1,당면사리 추가/1,비엔나 7개/1,김말이 3개/1",맛있어요 양이 어마어마해서 배가 터지고도 남아요 좋은데 처리하기 힘들어요,5,5,5,5,6일 전
4,치킨,마포구 상암동,치킨을사랑한떡볶이-이대점,ji**님,"[ 둘이 배 빵빵하게 ] 치킨＋떡볶이 SET [中]/1(떡볶이 비율(떡많이),떡볶이 맵기(매운맛),뼈 or 순살 선택(순살치킨 （닭다리살100%）),치킨 선택([떡볶이찰떡궁합~]후라이드한마리),숟가락 선택(숟가락 필요없어요))",다 맛있네요 떡볶이는 엽떡이랑 비슷한 맛인데 엽떡보다 살짝 달달한맛이라고나 할까요 암튼 순살치킨도 제 입맛에 딱이었어요 잘 먹었습니다,5,5,5,5,2021년 7월 19일
5,치킨,마포구 상암동,치킨을사랑한떡볶이-이대점,tj**님,"[ 배빵빵 1.5人 ] 치킨＋떡볶이 SET [小]/1(떡볶이 비율(떡많이),떡볶이 맵기(순한맛),뼈 or 순살 선택(순살치킨 （닭다리살100%）),치킨 선택([떡볶이찰떡궁합~]후라이드반마리),숟가락 선택(숟가락 필요해요),떡볶이 사리 추가 선택(중국당면 추가),떡볶이 튀김 추가 선택(만두튀김5개 추가),음료 추가 선택(펩시콜라 1.25L로 변경))",치킨이랑 떡볶이 중에 뭐 시킬지 고민하다가 치사떡에 도전했습니다 아무래도 다른 분야 음식이 세트다 보니까 맛에 대한 기대는 없었는데 생각보다 음식 퀄도 좋고 너무너무 맛있어서 깜짝 놀랐어요  양도 인분 치고 많은 편이었어서 네 명이 배부르게 잘 먹었습니다 비록 주문부터 음식 도착까지 시간 정도가 걸려서 배고파 쓰러질 뻔 했지만 먹는동안 행복했습니다 번창하세용 ,5,5,5,4,2021년 7월 19일
6,치킨,마포구 상암동,치킨을사랑한떡볶이-이대점,eh**님,"[ 대박강력추천 ] 막창 떡볶이/1(떡볶이 비율(떡많이),떡볶이 맵기(순한맛),숟가락 선택(숟가락 필요없어요),떡볶이 사리 추가 선택(중국당면 추가))",재주문입니다 너무 맛있었요 내일도 먹고싶어요 하지만 참아야겠죠 나중에 또 주문하러 올게요 ,5,5,5,5,2021년 7월 16일
7,치킨,마포구 상암동,치킨을사랑한떡볶이-이대점,dd**님,치사한 로제 떡볶이/1,처음 주문해봤어요 로제 먹고싶은데 여기저기 후기 보다가 주문했는데 음식 진짜 깔끔하고 맛있네요 매콤한 로젬맛이라 많이 느끼하지 않아요 스파게티면이 신의한수네욬 꾸덕한 로제파스타 맛도 나고 너무 맛있어요 강추,5,5,5,5,2021년 7월 9일
8,치킨,마포구 상암동,치킨을사랑한떡볶이-이대점,er**님,"[ 둘이 배 빵빵하게 ] 치킨＋떡볶이 SET [中]/1(떡볶이 비율(오뎅많이),떡볶이 맵기(더매운맛),뼈 or 순살 선택(뼈치킨),치킨 선택(후라이드반＋양념반),숟가락 선택(숟가락 필요해요))",떡볶이도 맛있고 치킨도 맛있어요,5,5,5,5,2021년 7월 8일
9,치킨,마포구 상암동,치킨을사랑한떡볶이-이대점,손님,"[ 대박강력추천 ] 막창 떡볶이/1(떡볶이 비율(떡많이),떡볶이 맵기(매운맛),숟가락 선택(숟가락 필요해요))",처음먹었는데 와막창떡볶이 너무맛있엇어요 최고예요 맛도좋고양도푸짐해요,5,5,5,5,2021년 7월 7일
10,치킨,마포구 상암동,치킨을사랑한떡볶이-이대점,an**님,"[ 배빵빵 1.5人 ] 치킨＋떡볶이 SET [小]/1(떡볶이 비율(오뎅많이),떡볶이 맵기(순한맛),뼈 or 순살 선택(순살치킨 （닭다리살100%）),치킨 선택([떡볶이찰떡궁합~]후라이드반마리),숟가락 선택(숟가락 필요없어요))",치떡 조합이 좋네요양도 많고 맛있게 잘 먹었습니다,5,5,5,5,2021년 7월 6일
11,치킨,마포구 상암동,치킨을사랑한떡볶이-이대점,dn**님,"[ 배빵빵 1.5人 ] 치킨＋떡볶이 SET [小]/1(떡볶이 비율(떡많이),떡볶이 맵기(매운맛),뼈 or 순살 선택(순살치킨 （닭다리살100%）),치킨 선택(양념반마리),숟가락 선택(숟가락 필요없어요))",씁하 매운맛  떡볶이는 당연히 매워야제 하고 시켰는데 맵린이인 저에게는 너무 매웠네요  다음부터는 나대지 않고 순함맛 시키겠습니다 ,5,5,5,5,2021년 7월 6일
12,치킨,마포구 상암동,치킨을사랑한떡볶이-이대점,bi**님,"[ 배빵빵 1.5人 ] 치킨＋떡볶이 SET [小]/1(떡볶이 비율(오뎅많이),떡볶이 맵기(순한맛),뼈 or 순살 선택(순살치킨 （닭다리살100%）),치킨 선택([떡볶이찰떡궁합~]후라이드반마리),숟가락 선택(숟가락 필요없어요),떡볶이 사리 추가 선택([토핑 1위] 막창추가))",맛있어요 떡볶이가 예전보다 좀 매워진듯한 느낌이에요,5,5,5,5,2021년 7월 6일
13,치킨,마포구 상암동,치킨을사랑한떡볶이-이대점,손님,"[ 배빵빵 1.5人 ] 치킨＋떡볶이 SET [小]/1(떡볶이 비율(반반),떡볶이 맵기(순한맛),뼈 or 순살 선택(순살치킨 （닭다리살100%）),치킨 선택([떡볶이찰떡궁합~]후라이드반마리),숟가락 선택(숟가락 필요해요))",처음시켜먹어봤는데 진짜 웬만한 떡볶이 프랜차이즈보다 훨씬 맛있어요 리뷰이벤트로 주신 소세지서비스 맛있게 잘 먹었습니다 번창하세요,5,5,5,5,2021년 7월 5일
14,치킨,마포구 상암동,치킨을사랑한떡볶이-이대점,k2**님,"[ 배빵빵 1.5人 ] 치킨＋떡볶이 SET [小]/1(떡볶이 비율(오뎅많이),떡볶이 맵기(더매운맛),뼈 or 순살 선택(순살치킨 （닭다리살100%）),치킨 선택([떡볶이찰떡궁합~]후라이드반마리),숟가락 선택(숟가락 필요없어요),떡볶이 사리 추가 선택([토핑 1위] 막창추가),떡볶이 튀김 추가 선택(치즈스틱3개 추가))",치킨 완전 바삭 어쩔 수 없는 느끼함은 떡볶이가 잡아준다는,5,5,5,5,2021년 6월 28일
15,치킨,마포구 상암동,치킨을사랑한떡볶이-이대점,ta**님,"[ 배빵빵 1.5人 ] 치킨＋떡볶이 SET [小]/1(떡볶이 비율(오뎅많이),떡볶이 맵기(매운맛),뼈 or 순살 선택(순살치킨 （닭다리살100%）),치킨 선택([떡볶이찰떡궁합~]후라이드반마리),숟가락 선택(숟가락 필요없어요))",치킨도 떡볶이도 맛잇어용 양이 많아요,5,5,5,5,2021년 6월 28일
16,치킨,마포구 상암동,치킨을사랑한떡볶이-이대점,zi**님,"[ 배빵빵 1.5人 ] 치킨＋떡볶이 SET [小]/1(떡볶이 비율(반반),떡볶이 맵기(매운맛),뼈 or 순살 선택(순살치킨 （닭다리살100%）),치킨 선택([떡볶이찰떡궁합~]후라이드반마리),숟가락 선택(숟가락 필요없어요),떡볶이 사리 추가 선택(중국당면 추가),기타 추가 선택(주먹김밥 추가))",둘이 먹기에 양도 많고 진짜 맛있어요 치킨도 바삭하고 군만두도 따뜻하고 많이 맵지 않아서 맵찔인 친구도 잘먹어요 많이 파세요,5,5,5,5,2021년 6월 27일
17,치킨,마포구 상암동,치킨을사랑한떡볶이-이대점,dl**님,"[ 배빵빵 1.5人 ] 치킨＋떡볶이 SET [小]/1(떡볶이 비율(반반),떡볶이 맵기(더더 매운맛),뼈 or 순살 선택(뼈치킨),치킨 선택([떡볶이찰떡궁합~]후라이드반마리),숟가락 선택(숟가락 필요없어요))",처음시켰는데 맛있었어요 매운거 좋아해서 제일 매운맛했는데 막 엄청 맵지는 않은정도 치킨이랑 떡볶이 둘다 깔끔 맛남 재주문의사 많음,5,5,5,5,2021년 6월 13일
18,치킨,마포구 상암동,치킨을사랑한떡볶이-이대점,eh**님,"[ 대박강력추천 ] 막창 떡볶이/1(떡볶이 비율(떡많이),떡볶이 맵기(순한맛),숟가락 선택(숟가락 필요없어요),떡볶이 사리 추가 선택(중국당면 추가))",냄새 완전 고소하고 넘 맛있어용,5,5,5,5,2021년 6월 12일
19,치킨,마포구 상암동,치킨을사랑한떡볶이-이대점,ni**님,"[ 배빵빵 1.5人 ] 치킨＋떡볶이 SET [小]/1(떡볶이 비율(떡많이),떡볶이 맵기(순한맛),뼈 or 순살 선택(순살치킨 （닭다리살100%）),치킨 선택([떡볶이찰떡궁합~]후라이드반마리),숟가락 선택(숟가락 필요없어요),떡볶이 사리 추가 선택(중국당면 추가))",몇 번째 시키는 건지 정말,5,5,5,5,2021년 6월 6일
20,치킨,마포구 상암동,치킨을사랑한떡볶이-이대점,gn**님,"[ 배빵빵 1.5人 ] 치킨＋떡볶이 SET [小]/1(떡볶이 비율(반반),떡볶이 맵기(매운맛),뼈 or 순살 선택(순살치킨 （닭다리살100%）),치킨 선택([떡볶이찰떡궁합~]후라이드반마리),숟가락 선택(숟가락 필요해요),떡볶이 사리 추가 선택(우동사리 추가))",최고의맛 추천드려요 정말,5,5,5,5,2021년 6월 6일
21,치킨,마포구 상암동,치킨을사랑한떡볶이-이대점,gk**님,"[ 대박강력추천 ] 막창 떡볶이/1(떡볶이 비율(떡많이),떡볶이 맵기(매운맛),숟가락 선택(숟가락 필요해요))",새벽 시 다 되어가는데 너무 배고파서 시켰어요 타 배달 어플에는 준비중이라 뜨길래 혹시 장사 끝났나 싶어 조마조마 했는데 순조롭게 접수되고 매우 빨리 도착 치킨이랑 막창이랑 마지막의 마지막까지 고민하다가 막창 시켰는데 하 솔직히 둘다 맛있어요 뭘 시키든 후회 안하는 곳 막창 쫀득한데 바삭하고 진짜 비법이 뭔지 너무 궁금할 지경이에요 오픈이벤트 치즈도 변함없이 맛있네요  양이야 말해 뭐해 싶고 사장님도 친절하시고 오래오래 장사하셨으면 좋겠어요,5,5,5,5,2021년 6월 5일
22,치킨,마포구 상암동,치킨을사랑한떡볶이-이대점,wj**님,"[ 배빵빵 1.5人 ] 치킨＋떡볶이 SET [小]/1(떡볶이 비율(떡많이),떡볶이 맵기(매운맛),뼈 or 순살 선택(뼈치킨),치킨 선택([떡볶이찰떡궁합~]후라이드반마리),숟가락 선택(숟가락 필요없어요))",맛있어요 근데 비가 와서 봉투에 같이 물이 있네요,5,5,5,5,2021년 5월 30일
23,치킨,마포구 상암동,치킨을사랑한떡볶이-이대점,ye**님,"[ 배빵빵 1.5人 ] 치킨＋떡볶이 SET [小]/1(떡볶이 비율(반반),떡볶이 맵기(순한맛),뼈 or 순살 선택(순살치킨 （닭다리살100%）),치킨 선택([떡볶이찰떡궁합~]후라이드반마리),숟가락 선택(숟가락 필요없어요),떡볶이 튀김 추가 선택(모둠튀김 추가))",너무 잘 먹었습니다 처음시켰는데 맛있게 잘먹었습니다 앞으로 자주 애용하고싶습니다 치즈가 살짝 아쉽긴 핬으나 감사합니다,5,5,5,5,2021년 5월 30일
24,치킨,마포구 상암동,치킨을사랑한떡볶이-이대점,ni**님,"[ 배빵빵 1.5人 ] 치킨＋떡볶이 SET [小]/1(떡볶이 비율(떡많이),떡볶이 맵기(매운맛),뼈 or 순살 선택(순살치킨 （닭다리살100%）),치킨 선택([떡볶이찰떡궁합~]후라이드반마리),숟가락 선택(숟가락 필요없어요),떡볶이 사리 추가 선택(중국당면 추가))",떡볶이도 치킨도 평타 이상으로 맛있습니다,5,5,5,5,2021년 5월 30일
25,치킨,마포구 상암동,치킨을사랑한떡볶이-이대점,bi**님,"[ 둘이 배 빵빵하게 ] 치킨＋떡볶이 SET [中]/1(떡볶이 비율(오뎅많이),떡볶이 맵기(순한맛),뼈 or 순살 선택(순살치킨 （닭다리살100%）),치킨 선택([떡볶이찰떡궁합~]후라이드한마리),숟가락 선택(숟가락 필요없어요),떡볶이 사리 추가 선택([토핑 1위] 막창추가))",막장추가해서 먹는게 맛있어여  치킨이퍽살없이 순살이라좋아요,5,5,5,5,2021년 5월 25일
26,치킨,마포구 상암동,치킨을사랑한떡볶이-이대점,rj**님,"[ 배빵빵 1.5人 ] 치킨＋떡볶이 SET [小]/1(떡볶이 비율(오뎅많이),떡볶이 맵기(순한맛),뼈 or 순살 선택(순살치킨 （닭다리살100%）),치킨 선택(양념반마리),숟가락 선택(숟가락 필요없어요))",떡볶이 치킨 둘다 너무 만족했어요양도 넉넉하늬 맛있게 잘 먹었습니다,5,5,5,5,2021년 5월 23일
27,치킨,마포구 상암동,치킨을사랑한떡볶이-이대점,ni**님,"[ 둘이 배 빵빵하게 ] 치킨＋떡볶이 SET [中]/1(떡볶이 비율(떡많이),떡볶이 맵기(순한맛),뼈 or 순살 선택(순살치킨 （닭다리살100%）),치킨 선택([떡볶이찰떡궁합~]후라이드한마리),숟가락 선택(숟가락 필요해요),기타 추가 선택(펩시콜라 1.25L로 변경)),주먹김밥/1",떡볶이도 치킨도 맛있어요 가격대비 양도 많음,5,5,5,5,2021년 5월 17일
28,치킨,마포구 상암동,치킨을사랑한떡볶이-이대점,pl**님,"[ 배빵빵 1.5人 ] 치킨＋떡볶이 SET [小]/1(떡볶이 비율(반반),떡볶이 맵기(매운맛),뼈 or 순살 선택(순살치킨 （닭다리살100%）),치킨 선택([떡볶이찰떡궁합~]후라이드반마리),숟가락 선택(숟가락 필요해요))",치킨 튀김이 진짜 맛있었어요,5,5,3,4,2021년 5월 12일
29,치킨,마포구 상암동,치킨을사랑한떡볶이-이대점,tm**님,"[ 배빵빵 1.5人 ] 치킨＋떡볶이 SET [小]/1(떡볶이 비율(오뎅많이),떡볶이 맵기(순한맛),뼈 or 순살 선택(순살치킨 （닭다리살100%）),치킨 선택([떡볶이찰떡궁합~]후라이드반마리),숟가락 선택(숟가락 필요해요),기타 추가 선택(주먹김밥 추가))",배달원도 친절하시고 맛있어요 떡볶이 소스도 달당 매콤해서 맛있고 치킨 시간은 지나도 바삭바삭하네요 배빵빵 인정합니다 양 진짜 많아요 덕분에 행복한 저녁 되었습니다,5,5,5,5,2021년 4월 18일
30,치킨,마포구 상암동,치킨을사랑한떡볶이-이대점,gn**님,"[ 둘이 배 빵빵하게 ] 치킨＋떡볶이 SET [中]/1(떡볶이 비율(반반),떡볶이 맵기(매운맛),뼈 or 순살 선택(순살치킨 （닭다리살100%）),치킨 선택([떡볶이찰떡궁합~]후라이드한마리),숟가락 선택(숟가락 필요해요))",진짜 개존맛탱 리뷰리벤트도 감사해요,5,5,5,5,2021년 4월 17일
31,치킨,마포구 상암동,치킨을사랑한떡볶이-이대점,bi**님,"[ 둘이 배 빵빵하게 ] 치킨＋떡볶이 SET [中]/1(떡볶이 비율(반반),떡볶이 맵기(순한맛),뼈 or 순살 선택(순살치킨 （닭다리살100%）),치킨 선택([떡볶이찰떡궁합~]후라이드한마리),숟가락 선택(숟가락 필요없어요),떡볶이 사리 추가 선택([토핑 1위] 막창추가))",늦게까지배달되서좋구 맛있어요 서비스김말이도 바삭해요 여기는 순살치킨이 퍽살아니고 닭다리살이라부드러워서좋아요,5,5,5,5,2021년 4월 16일
32,치킨,마포구 상암동,치킨을사랑한떡볶이-이대점,il**님,"치사한떡볶이 [中]/1(떡볶이 비율(오뎅많이),떡볶이 맵기(매운맛),숟가락 선택(숟가락 필요없어요),기타 추가 선택(주먹김밥 추가))",맛있어요 떡이 쫄깃쫄깃해요,5,5,5,5,2021년 4월 11일
33,치킨,마포구 상암동,치킨을사랑한떡볶이-이대점,as**님,"[ 배빵빵 인원 추가요~ ] 치킨＋떡볶이 SET [大]/1(떡볶이 비율(반반),떡볶이 맵기(순한맛),치킨 선택([떡볶이찰떡궁합~]후라이드한마리),숟가락 선택(숟가락 필요해요)),주먹김밥/2,치킨무/2",진짜로 맨날 시켜먹습니다 여기보다 맛있는곳 없습니다 무조건 시켜드셔보세요,5,5,5,5,2021년 4월 6일
34,치킨,마포구 상암동,치킨을사랑한떡볶이-이대점,bi**님,"[ 배빵빵 1.5人 ] 치킨＋떡볶이 SET [小]/1(떡볶이 비율(반반),떡볶이 맵기(순한맛),뼈 or 순살 선택(순살치킨 （닭다리살100%）),치킨 선택([떡볶이찰떡궁합~]후라이드반마리),숟가락 선택(숟가락 필요없어요),떡볶이 사리 추가 선택([토핑 1위] 막창추가))",양도 많고 맛있어요 내장 드실 수 았는 분은 꼭 막창 추가하세요 막창이 고소하고 맛있는 데 떡볶이의 맛을 해치지도 않고 신기하게 어울립니다,5,5,5,5,2021년 4월 5일
35,치킨,마포구 상암동,치킨을사랑한떡볶이-이대점,oj**님,"[ 배빵빵 1.5人 ] 치킨＋떡볶이 SET [小]/1(떡볶이 비율(반반),떡볶이 맵기(매운맛),뼈 or 순살 선택(순살치킨 （닭다리살100%）),치킨 선택([떡볶이찰떡궁합~]후라이드반마리),숟가락 선택(숟가락 필요없어요))",맛있어요 배달도 빨랐고,5,5,5,5,2021년 4월 4일
36,치킨,마포구 상암동,치킨을사랑한떡볶이-이대점,ri**님,"[ 배빵빵 1.5人 ] 치킨＋떡볶이 SET [小]/1(떡볶이 비율(떡많이),떡볶이 맵기(순한맛),뼈 or 순살 선택(순살치킨 （닭다리살100%）),치킨 선택(간장반마리),숟가락 선택(숟가락 필요없어요))",떡볶이도 맛있고 치킨도 무난하니 잘 먹었어요,5,5,5,5,2021년 4월 2일
37,치킨,마포구 상암동,치킨을사랑한떡볶이-이대점,fo**님,"[ 대박강력추천 ] 막창 떡볶이/1(떡볶이 비율(떡많이),떡볶이 맵기(매운맛),숟가락 선택(숟가락 필요없어요))",배달도 빠르고 배달원분이 정말 인상깊네요 맛도 좋았습니다,5,5,5,5,2021년 3월 30일
38,치킨,마포구 상암동,치킨을사랑한떡볶이-이대점,be**님,"[ 배빵빵 1.5人 ] 치킨＋떡볶이 SET [小]/1(떡볶이 비율(떡많이),떡볶이 맵기(순한맛),뼈 or 순살 선택(뼈치킨),치킨 선택([떡볶이찰떡궁합~]후라이드반마리),숟가락 선택(숟가락 필요없어요))",인분배빵빵 치고양이엄청많구요 맛있어서 배불러도다먹어버렸어요 배달도엄청빠르고 친절하셔서 더 맛있게 잘먹었습니다 치킨떡볶이 둘다 맛있는곳은 처음입니다  ,5,5,5,5,2021년 3월 29일
39,치킨,마포구 상암동,치킨을사랑한떡볶이-이대점,ji**님,"[ 대박강력추천 ] 막창 떡볶이/1(떡볶이 비율(떡많이),떡볶이 맵기(순한맛),숟가락 선택(숟가락 필요없어요))",다른떡볶이는 많이먹어봣는데 막창떡볶이는 진짜 맛잇어요흔하지않아서 너무 좋아요 단골예약입니다 사장님께 죄송하지만 나만알고싶은맛집 잘먹엇습니당,5,5,5,5,2021년 3월 29일
40,치킨,마포구 상암동,치킨을사랑한떡볶이-이대점,db**님,"[ 둘이 배 빵빵하게 ] 치킨＋떡볶이 SET [中]/1(떡볶이 비율(반반),떡볶이 맵기(더매운맛),뼈 or 순살 선택(뼈치킨),치킨 선택(간장한마리),숟가락 선택(숟가락 필요없어요),기타 추가 선택(펩시콜라 1.25L로 변경))",음 치킨도 떡볶이도 매우 만족스러운 맛은 아니였어요 치킨은 약간 말라있는듯한 느낌이였어요,3,3,4,5,2021년 3월 9일
41,치킨,마포구 상암동,치킨을사랑한떡볶이-이대점,dm**님,"[ 대박강력추천 ] 막창 떡볶이/1(떡볶이 비율(오뎅많이),떡볶이 맵기(매운맛),숟가락 선택(숟가락 필요없어요))",맛있어요 곱창을 한번 튀기시는지 곱창 씹을수록 맛있는기름향이 올라와요 저는 매운맛골랐는데 맵찔이에게는 좀 매웠는데 그래도 맛있게 잘먹었어요,5,5,5,5,2021년 3월 1일
42,치킨,마포구 상암동,치킨을사랑한떡볶이-이대점,ja**님,"[ 둘이 배 빵빵하게 ] 치킨＋떡볶이 SET [中]/1(떡볶이 비율(떡많이),떡볶이 맵기(순한맛),뼈 or 순살 선택(순살치킨 （닭다리살100%）),치킨 선택([떡볶이찰떡궁합~]후라이드한마리),숟가락 선택(숟가락 필요없어요))",이 집은 치킨이랑 떡볶이 같이하는 곳 느낌이없고 치킨 맛집떡볶이 맛집에서 각각 시킨 맛이에요 양도 진짜 많아요 강추합니다 앞으로 여기서 먹을듯,5,5,5,5,2021년 2월 14일
43,치킨,마포구 상암동,치킨을사랑한떡볶이-이대점,pp**님,"[ 배빵빵 1.5人 ] 치킨＋떡볶이 SET [小]/1(떡볶이 비율(오뎅많이),떡볶이 맵기(순한맛),뼈 or 순살 선택(순살치킨 （닭다리살100%）),치킨 선택(양념반마리),숟가락 선택(숟가락 필요해요))",와 치킨진짜맛나요떡볶이두 맛나구요 아랫분보니 맛이그다지다면서 다묵은거보 살짝놀람요 저희는넘맛있고 양도최고에요 좋은음식 감사합니다,5,5,5,5,2021년 2월 11일
44,치킨,마포구 상암동,치킨을사랑한떡볶이-이대점,lo**님,"[ 둘이 배 빵빵하게 ] 치킨＋떡볶이 SET [中]/1(떡볶이 비율(떡많이),떡볶이 맵기(매운맛),뼈 or 순살 선택(순살치킨 （닭다리살100%）),치킨 선택([떡볶이찰떡궁합~]후라이드한마리),숟가락 선택(숟가락 필요없어요),떡볶이 사리 추가 선택([토핑 1위] 막창추가))",맛은 그냥그랬어요 양은 무지 많아서 엄청 배부르게 먹었네요 번창하세요,3,3,5,5,2021년 2월 9일
