﻿,Category,Location,Restaurant,UserID,Menu,Review,Total,Taste,Quantity,Delivery,Date
0,치킨,마포구 상암동,치킨사냥-망원점,ps**님,크리스피반＋양념반/1(뼈or순살 선택(뼈)),튀김옷이 바삭하고 닭누린내도 없어요 항상 맛있게 먹고 있습니다,5,5,5,,2021년 7월 9일
1,치킨,마포구 상암동,치킨사냥-망원점,ps**님,"인기 크리스피 후라이드 치킨/1(뼈or찹쌀순살 선택(뼈),추가선택1(반반메뉴 양념 추가))",후라이드 맛집인건 진작 알았지만 양념도 맛있네요 매콤달달하니 후라이드랑 반반하니까 딱 좋았어요 리뷰이벤트로 주신 콜라도 잘 먹었습니다 감사합니다,5,5,5,,2021년 6월 5일
2,치킨,마포구 상암동,치킨사냥-망원점,gy**님,"인기 크리스피 후라이드 치킨/1(뼈or찹쌀순살 선택(찹쌀순살),추가선택1(추가안함),추가선택2(핫양념소스 추가))",일반 뼈있는 치킨은 맛있었는데 순살은 정말 별로더라구요고기자체가 많이 말라있었던것 같아요다음부터 순살 대신 뼈있는걸로 먹을라구요,2,1,1,3,2021년 5월 10일
3,치킨,마포구 상암동,치킨사냥-망원점,bc**님,"후라이드반＋간장반/1(뼈or순살 선택(순살),음료 추가선택(콜라 500mL 추가))",약간 매콤하고 맛있어요 양이 두명이서 딱 적당해요,5,5,5,,2021년 5월 7일
4,치킨,마포구 상암동,치킨사냥-망원점,ps**님,"인기 크리스피 후라이드 치킨/1(뼈or찹쌀순살 선택(뼈),추가선택1(반반메뉴 허니버터 추가))",후라이드 치킨이 바삭하고 매콤해서 진짜 맛있어요 허니버터는 처음 먹어보는데 단짠단짠 합이 좋더라고요  잘 먹었숩니다,5,5,5,,2021년 5월 5일
5,치킨,마포구 상암동,치킨사냥-망원점,aa**님,"세트（후라이드＋후라이드＋콜라500mL＋소스1＋치킨무＋깨맛소금）/1(음료 선택(콜라 500mL),후라이드 추가선택(간장으로 변경))",양도많고 맛있어요 추천합니다,5,5,5,,2021년 3월 25일
6,치킨,마포구 상암동,치킨사냥-망원점,74**님,"세트（순살후라이드＋순살양념＋콜라500mL＋소스1＋무）/1(음료 선택(콜라 500mL),후라이드 추가선택(파＋소스 추가로 변경))",친구들과먹으면 거의 여기만가용,5,5,4,5,2021년 2월 15일
7,치킨,마포구 상암동,치킨사냥-망원점,to**님,"인기 크리스피 후라이드 치킨/1(뼈or찹쌀순살 선택(찹쌀순살),추가선택1(추가안함))",과자 같이 바삭하고 맛있는 적당한 매운 맛이예요 양도 적당하고 배달도 만족합니다,5,5,5,5,2021년 1월 31일
8,치킨,마포구 상암동,치킨사냥-망원점,ba**님,"세트（순살후라이드＋순살파닭＋콜라500mL＋소스1＋무）/1(음료 선택(콜라 500mL),후라이드 추가선택(양념으로 변경),음료 추가선택(콜라 1.25L 추가))",저희동네는 치즈볼까지 넣어주던데 그게 좀 아쉬웠지만 맛있었어요,4,4,4,4,2020년 12월 3일
9,치킨,마포구 상암동,치킨사냥-망원점,bl**님,"크리스피반＋양념반/1(뼈or순살 선택(순살),음료 추가선택(스프라이트1.5L 추가))",오랜만에 시켜먹었는데  맛있네요 잘 먹었습니다,5,5,5,5,2020년 10월 22일
10,치킨,마포구 상암동,치킨사냥-망원점,an**님,크리스피반＋양념반/1(뼈or순살 선택(뼈)),처음 시켜 봤는데 맛양가격배달시간 모두 좋았습니다 크리스피도 맛나고 양념도 참 맛있습니다 강추,5,5,5,5,2020년 9월 5일
11,치킨,마포구 상암동,치킨사냥-망원점,bl**님,"후라이드반＋간장반/1(뼈or순살 선택(순살),음료 추가선택(스프라이트1.5L 추가))",오랜만에 먹었는데 맛있게 잘 먹었네요,5,5,4,4,2020년 8월 20일
12,치킨,마포구 상암동,치킨사냥-망원점,nm**님,"세트（순살후라이드＋순살파닭＋콜라500mL＋소스1＋무）/1(음료 선택(스프라이트500mL),후라이드 추가선택(매운양념으로 변경))",감자칩도 있었는데 다 먹어버렸네요 너무 양도 먾고 맛있습니다 또 시켜먹을거에요,5,5,5,,2020년 7월 11일
13,치킨,마포구 상암동,치킨사냥-망원점,20**님,크리스피반＋양념반/1(뼈or순살 선택(뼈)),맛있어요 양이 적당해서 야식으로 인이 먹기 좋네요,5,5,5,5,2020년 5월 5일
14,치킨,마포구 상암동,치킨사냥-망원점,bl**님,크리스피반＋양념반/1(뼈or순살 선택(순살)),오랜만에 먹었는데 맛있게 먹었습니다,5,5,4,5,2020년 4월 22일
15,치킨,마포구 상암동,치킨사냥-망원점,jy**님,"인기 크리스피 후라이드 치킨/1(뼈or찹쌀순살 선택(뼈),추가선택1(추가안함),추가선택2(양념 반마리 추가))",맛있었어요 진짜 바삭하고 양념도 괜찮았어요,5,5,5,5,2020년 4월 20일
16,치킨,마포구 상암동,치킨사냥-망원점,손님,"세트（후라이드＋양념＋콜라500mL＋소스1＋치킨무＋깨맛소금）/1(음료 선택(스프라이트500mL),후라이드 추가선택(변경안함))",처음 주문했는데 대박 맛 배달 모두 만점요,5,5,5,5,2020년 2월 29일
17,치킨,마포구 상암동,치킨사냥-망원점,pr**님,"인기 크리스피 후라이드 치킨/1(뼈or찹쌀순살 선택(뼈),추가선택1(추가안함),추가선택2(양념소스 추가,후라이드 반마리 추가))",치킨도 맛있고 감자도 바삭해요 굿뜨,5,5,5,5,2020년 2월 3일
18,치킨,마포구 상암동,치킨사냥-망원점,yo**님,"세트（순살후라이드＋순살치즈스노우＋콜라500mL＋소스1＋무）/1(음료 선택(콜라 500mL),후라이드 추가선택(변경안함))",굿굿 짱짱맨 가성비최강인듯,5,5,5,5,2020년 1월 24일
19,치킨,마포구 상암동,치킨사냥-망원점,ic**님,크리스피반＋양념반/1(뼈or순살 선택(뼈)),재주문입니다 날이 너무 추운 탓에 조금 식어서 아쉬움이 적절한 양에 기름 냄새가 없는 한결같은 맛 역시 이집은 후라이드가 최곱니다,5,5,5,5,2020년 1월 16일
20,치킨,마포구 상암동,치킨사냥-망원점,bo**님,"크리스피반＋양념반/1(뼈or순살 선택(순살),음료 추가선택(콜라 500mL 추가))",사진은 못 찍었는데 맛은 넘 맛나요 양은 둘이 먹이에 약간 부족한듯 적당한 느낌 입니다,5,5,4,5,2020년 1월 9일
21,치킨,마포구 상암동,치킨사냥-망원점,bl**님,크리스피반＋양념반/1(뼈or순살 선택(순살)),새해에 되고나서 바로 시켜먹었는데 맛있어서 좋았어요,5,5,5,5,2020년 1월 7일
22,치킨,마포구 상암동,치킨사냥-망원점,wl**님,매운양념 레드 치킨/1(뼈or찹쌀순살 선택(뼈)),너무너무매워서이틀동안먹었어욘,4,4,4,5,2019년 12월 19일
23,치킨,마포구 상암동,치킨사냥-망원점,hi**님,추천 파닭치킨/1(뼈or찹쌀순살 선택(뼈)),파닭리뷰는 아무리 찾아도 없어서 걱정하면서 시켰는데다행히 너무 맛있게 먹었습니다 그냥 크리스피 치킨 자체가 너무 맛있어용,5,5,3,5,2019년 12월 14일
24,치킨,마포구 상암동,치킨사냥-망원점,손님,"크리스피반＋양념반/1(뼈or순살 선택(순살),음료 추가선택(콜라 500mL 추가))",맛있는 치킨이여요 진짜로,5,5,5,5,2019년 12월 13일
25,치킨,마포구 상암동,치킨사냥-망원점,by**님,"인기 크리스피 후라이드 치킨/1(뼈or찹쌀순살 선택(뼈),추가선택1(추가안함)),인기 치즈스노우치킨/1(뼈or찹쌀순살 선택(뼈))",진짜 요기요앱을 쓰는 유일한 이유라해도 과언이 아님여기 알고 나서 진짜 맨날 여기만 시켜먹구 있어요 오늘은 감자칩도 다른날보다 더더 마니 담아주셨더라구요 너무 마싯게 잘먹었어요 절대 문닫지 말구 더더 대박나세여,5,5,5,5,2019년 12월 8일
26,치킨,마포구 상암동,치킨사냥-망원점,ah**님,크리스피반＋양념반/1(뼈or순살 선택(뼈)),전에 시켰을때 맛있었어서 다시 주문했어용 여전히 배달 빠르구 치킨두 맛있어요 다른 후라이드는 느끼해서 별로 안좋아하는데 요기는 약간 매콤해서 느끼하지두 않고 좋아요,5,5,5,5,2019년 12월 3일
27,치킨,마포구 상암동,치킨사냥-망원점,rb**님,후라이드반＋치즈스노우반/1(뼈or순살 선택(뼈)),드디어 크리스피 치킨 맛집 찾았다,5,5,5,5,2019년 11월 27일
28,치킨,마포구 상암동,치킨사냥-망원점,bl**님,"후라이드반＋허니마늘반/1(뼈or순살 선택(순살),음료 추가선택(콜라 500mL 추가))",크리스피 치킨은 항상 맛있고 허니마늘 치킨도 맛있었습니다,5,5,4,4,2019년 11월 27일
29,치킨,마포구 상암동,치킨사냥-망원점,a4**님,"세트（순살후라이드＋순살치즈스노우＋콜라500mL＋소스1＋무）/1(음료 선택(콜라 500mL),후라이드 추가선택(양념으로 변경))",너무 맛있고 양도 많아요 계속 시켜먹으려구요 ,5,5,5,5,2019년 11월 22일
30,치킨,마포구 상암동,치킨사냥-망원점,손님,"추천 양념치킨/1(뼈or찹쌀순살 선택(뼈),추가선택(간장 반마리 추가))",가성비 최고인듯 싶어요,5,5,5,5,2019년 11월 12일
31,치킨,마포구 상암동,치킨사냥-망원점,dn**님,후라이드반＋레드반/1(뼈or순살 선택(뼈)),옹 맛있게먹엇습니다  레드는 넘 맵네요 ,5,5,4,5,2019년 11월 11일
32,치킨,마포구 상암동,치킨사냥-망원점,bl**님,"세트（순살후라이드＋순살어니언＋콜라500mL＋소스1＋무）/1(음료 선택(콜라 500mL),후라이드 추가선택(변경안함))",오늘도 크리스피 치킨은 맛있었구 스노우 어니언도 오랜만에 먹었는데 맛났습니다,4,5,4,5,2019년 11월 6일
33,치킨,마포구 상암동,치킨사냥-망원점,bu**님,"추천 스노우어니언치킨/1(뼈or찹쌀순살 선택(뼈),추가선택(반반메뉴 레드추가))",스노우어니언시켰는데 흉내낸다는 느낌이깅하네요 닭자체는 신선하고 좋은데 음식솜씨가 닭을 살려주질못하는것같아여 배달은 빨리와서 좋았어요,3,2,3,4,2019년 10월 20일
34,치킨,마포구 상암동,치킨사냥-망원점,ru**님,"세트（순살후라이드＋순살파닭＋콜라500mL＋소스1＋무）/1(음료 선택(스프라이트500mL),후라이드 추가선택(변경안함),추가선택(무 추가))",덕분에 파티 즐겁게 했습니다 맛있게 먹었습니다,5,5,5,5,2019년 10월 20일
35,치킨,마포구 상암동,치킨사냥-망원점,bl**님,"세트（순살후라이드＋순살양념＋콜라500mL＋소스1＋무）/1(음료 선택(콜라 500mL),후라이드 추가선택(변경안함))",찹쌀 후라이드 양념 세트 맛있게 먹었습니다 감자튀김과 양념소스가 맛있어요,5,5,4,4,2019년 10월 20일
36,치킨,마포구 상암동,치킨사냥-망원점,bl**님,"인기 크리스피 후라이드 치킨/1(뼈or찹쌀순살 선택(찹쌀순살),추가선택1(추가안함),추가선택2(양념소스 추가))",이번에도 맛있게 잘 먹었습니다,5,5,5,4,2019년 10월 11일
37,치킨,마포구 상암동,치킨사냥-망원점,ic**님,크리스피반＋양념반/1(뼈or순살 선택(뼈)),겉은 바삭 속은 촉촉합니다 냄새도 전혀 없고 조각이 커서 너무 좋습니다 그 위에 얹혀진 감자 또한 예술이고 크리스피도 훌륭한데 양념이 너무 맛있네요,5,5,5,5,2019년 10월 10일
38,치킨,마포구 상암동,치킨사냥-망원점,gh**님,추천 파닭치킨/1(뼈or찹쌀순살 선택(찹쌀순살)),세번째 시켜먹었습니다 파닭으로 또 먹었습니다 튀김상태가 일단 너무 좋구요 파닭소스는 되게 걸쭉한데 파에 부으니까 괜찮네요 아무튼 강추,5,5,5,5,2019년 10월 8일
39,치킨,마포구 상암동,치킨사냥-망원점,bl**님,"인기 크리스피 후라이드 치킨/1(뼈or찹쌀순살 선택(찹쌀순살),추가선택1(반반메뉴 간장 추가))",이번에는 크리스피와 간장으로 시켜먹었는데 맛있게 잘 먹었어요,5,5,5,4,2019년 10월 6일
40,치킨,마포구 상암동,치킨사냥-망원점,fp**님,후라이드반＋레드반/1(뼈or순살 선택(순살)),음식 빠르게 잘 잗았어요 근데 박스가 너무 작아서 깜놀  가격이 저렴해서 그런지 양은 좀 작았는데 혼자이신분들은 딱좋을듯 하고 명은 모자랄거 같아요 리뷰처럼 순살에 염지가 되어 넘 맛있었는대 후라이드 겉 튀김은 아무런 양념간이 안되어있어서 조화가 덜 되는 느낌 밀가루 맛이 난다고 할까   케엡씨보다눈 아니지만 맛있어요  소금이나 양념소스 찍어먹어야할듯 양념은 넘 맛나요 보드라워,5,5,5,5,2019년 10월 5일
41,치킨,마포구 상암동,치킨사냥-망원점,gh**님,추천 파닭치킨/1(뼈or찹쌀순살 선택(찹쌀순살)),두번째 시켜먹었습니다 이번에는 파닭 실망시키지 않는 맛 여기만 먹을 듯,5,5,5,5,2019년 10월 4일
42,치킨,마포구 상암동,치킨사냥-망원점,jy**님,후라이드반＋간장반/1(뼈or순살 선택(뼈)),넘 맛있었어요 감사합니다,5,5,5,5,2019년 9월 29일
43,치킨,마포구 상암동,치킨사냥-망원점,bl**님,크리스피반＋양념반/1(뼈or순살 선택(순살)),맛있게 잘 먹었습니다 속부분이 몇조각이 살짝 덜익은 게 있어서 조금 아쉬웠습니다,5,4,5,4,2019년 9월 22일
44,치킨,마포구 상암동,치킨사냥-망원점,gi**님,"세트（순살후라이드＋순살양념＋콜라500mL＋소스1＋무）/1(음료 선택(콜라 500mL),후라이드 추가선택(변경안함))",동네주민으로서 요 근래 들어 치킨생각 나면 항상 이곳에서 주문합니다 매장에서 맥주랑 먹을때도 맛있지만 집에서 가족들하고 배달 시켜 먹으니 또 맛있더군요 순살치킨인데도 겉바속촉한 느낌을 충분히 살리신 치킨의 식감이 항상 참 좋습니다 막상 리뷰는 좀 늦게 남겨서 죄송합니다  변치 않고 맛있는 치킨 계속 잘 튀겨주시길 바래봅니다,5,5,5,5,2019년 9월 14일
45,치킨,마포구 상암동,치킨사냥-망원점,gh**님,"크리스피반＋양념반/1(뼈or순살 선택(뼈),추가선택(간장 반마리 추가))",깔끔합니다 맛도 있습니다,5,5,5,5,2019년 9월 8일
46,치킨,마포구 상암동,치킨사냥-망원점,er**님,"후라이드반＋허니마늘반/1(뼈or순살 선택(뼈),추가선택(후라이드 반마리 추가))",바삭하니 맛있네요 잘먹었습니다,3,3,3,4,2019년 8월 31일
47,치킨,마포구 상암동,치킨사냥-망원점,kt**님,"크리스피반＋양념반/1(뼈or순살 선택(뼈),음료 추가선택(스프라이트500mL 추가))",일단 열자마자 좋은기름에서 튀겼구나 먹는순간 아 감탄 맛있어요진짜 약간매운크라스피랑 달달양념 반반먹었어요 닭크기가 살짝작어요 진짜살짝 근데 맛은 최고,5,5,5,5,2019년 8월 31일
48,치킨,마포구 상암동,치킨사냥-망원점,xi**님,"후라이드반＋허니마늘반/1(뼈or순살 선택(뼈),추가선택(양념소스 추가))",후라이드가 매콤해서 진짜 맛있었어요  치킨이랑 비슷한 느낌이라 그래서 많이 짜지 않을까 걱정했는데 그렇게 짜지도 않더라구요 적당히 간이 배이고 바삭바삭한 핵꿀맛 치킨이었습니당  허니마늘치킨도 너무 달지 않고 은은한 마늘맛이 나서 흡입했네요 양이 적다는 평이 많던데 저는 딱 적당했던 것 같습니다 큰 치킨 조각 개 결국 남겨서 담날에 먹었어요 담에도 꼭 여기 치킨 시키려구요 가격도 착하고 맛보장 강추합니당,5,5,5,5,2019년 8월 26일
49,치킨,마포구 상암동,치킨사냥-망원점,ic**님,"세트（순살후라이드＋순살양념＋콜라500mL＋소스1＋무）/1(음료 선택(콜라 500mL),후라이드 추가선택(변경안함),음료 추가선택(콜라 1.25L 추가))",후라이드가 약간 매콤하네요 전 매운거 거의 못먹는편입니다 가족들은 다 맛있게 먹었어요,5,5,5,5,2019년 8월 25일
50,치킨,마포구 상암동,치킨사냥-망원점,jo**님,"인기 크리스피 후라이드 치킨/1(뼈or찹쌀순살 선택(뼈),추가선택1(추가안함),추가선택2(후라이드 반마리 추가))",지금까지 배달해서 먹어본 치킨중 최고 였어요 계속 변함없는 맛 부탁드려요,5,5,5,5,2019년 8월 23일
51,치킨,마포구 상암동,치킨사냥-망원점,bl**님,"인기 크리스피 후라이드 치킨/1(뼈or찹쌀순살 선택(찹쌀순살),추가선택1(추가안함),음료 추가선택(콜라 500mL 추가))",또 먹어도 깔끔하고 바삭하고 맛있어요,5,5,4,4,2019년 8월 23일
52,치킨,마포구 상암동,치킨사냥-망원점,do**님,"세트（순살후라이드＋순살치즈스노우＋콜라500mL＋소스1＋무）/1(음료 선택(콜라 500mL),후라이드 추가선택(변경안함),음료 추가선택(콜라 1.25L 추가))",맛있게 먹었습니다 제가 많이 먹어서 양이 조금 적었어요개인적인 기준,5,5,4,5,2019년 8월 18일
53,치킨,마포구 상암동,치킨사냥-망원점,ks**님,크리스피반＋양념반/1(뼈or순살 선택(순살)),제가 치킨은 다 좋아하지만 그중에서도 닭강정스타일의 치킨을 좋아하는데 닭강정같은 느낌이네요 겉바속촉에 식감 맛 좋습니다 한가지 아쉬운건 양이 조금 적어요  그래도 맛있어서 패스,5,5,5,5,2019년 8월 10일
54,치킨,마포구 상암동,치킨사냥-망원점,en**님,"인기 크리스피 후라이드 치킨/1(뼈or찹쌀순살 선택(뼈),추가선택1(추가안함)),스프라이트1.5L/1",싼값에데 받아서 먹어보니까 이해가 되네요 ,5,5,3,5,2019년 8월 10일
55,치킨,마포구 상암동,치킨사냥-망원점,go**님,"세트（후라이드＋레드＋콜라500mL＋소스1＋치킨무＋깨맛소금）/1(음료 선택(콜라 500mL),후라이드 추가선택(변경안함),추가선택(무 추가))",가격 저렴에 맛도 오지고 단골 등록하것슴다,5,5,5,5,2019년 8월 8일
56,치킨,마포구 상암동,치킨사냥-망원점,bl**님,크리스피반＋양념반/1(뼈or순살 선택(순살)),배달도 빠르게 오고 양도 적당하고 바삭하고 맛있어요,5,5,4,4,2019년 8월 3일
57,치킨,마포구 상암동,치킨사냥-망원점,손님,"인기 크리스피 후라이드 치킨/1(뼈or찹쌀순살 선택(뼈),추가선택1(추가안함))",크리스피 딱 제 취향 세상 맛있어서 식구한테도 추천했더니 역시나 맛있대요 ,5,5,5,5,2019년 8월 1일
58,치킨,마포구 상암동,치킨사냥-망원점,손님,후라이드반＋치즈스노우반/1(뼈or순살 선택(뼈)),맛있어요 배달도 빠름 추천,5,5,5,5,2019년 8월 1일
59,치킨,마포구 상암동,치킨사냥-망원점,손님,"인기 크리스피 후라이드 치킨/1(뼈or찹쌀순살 선택(뼈),추가선택1(추가안함))",배달 빠르고 좋아요  맛나고 다음에 또 시켜먹을게요,5,5,5,5,2019년 7월 22일
60,치킨,마포구 상암동,치킨사냥-망원점,ah**님,"세트（후라이드＋양념＋콜라500mL＋소스1＋치킨무＋깨맛소금）/1(음료 선택(콜라 500mL),후라이드 추가선택(변경안함))",맛도좋고 배달도 무지 빠르네요너무너무 만족합니당 다음에 또 주문해야겠어요,5,5,5,5,2019년 7월 22일
61,치킨,마포구 상암동,치킨사냥-망원점,pb**님,후라이드반＋허니버터반/1(뼈or순살 선택(뼈)), 치킨 처럼 염지돼있는데 덜느끼해서 좋네요 맛있습니다 양도 적지않구요,5,5,5,5,2019년 7월 21일
62,치킨,마포구 상암동,치킨사냥-망원점,손님,"크리스피반＋양념반/1(뼈or순살 선택(뼈)),강추 치즈스노우 스페셜모듬감자튀김 大/1",크리스피하고 감자 맛있어요 양념은 조금 남겼네요,5,5,3,5,2019년 7월 18일
63,치킨,마포구 상암동,치킨사냥-망원점,lo**님,크리스피반＋양념반/1(뼈or순살 선택(뼈)),후라이드는 느낌이구요 양념치킨도 매콤하다고했는데 많이맵진않고 칼칼하고 덜 단 정도입니다 위에 감자튀김 올려주셔서 맛나게 잘먹었구요 닭이 작다고하시는분들 있었는데 작긴작습니다 근데 저희는 크고맛없는거 남기느니 맛있고 작은게 더 좋은것같네요 가격도 저렴하구요 감사하게 잘먹었습니다,5,5,5,5,2019년 7월 15일
64,치킨,마포구 상암동,치킨사냥-망원점,손님,"후라이드반＋간장반/1(뼈or순살 선택(뼈),음료 추가선택(스프라이트500mL 추가))",아정말양이 너무 적네요너무요순살이 인기인 이유는 양을 더 많이 줘서 인가요맛은 정말 훌륭했지만 양이너무적어요인닭하기 좋은양이에요인닭못하는사람도할수있을것같은,3,5,1,4,2019년 7월 13일
65,치킨,마포구 상암동,치킨사냥-망원점,ba**님,"인기 크리스피 후라이드 치킨/1(뼈or찹쌀순살 선택(뼈),추가선택1(반반메뉴 매운양념 추가))",복날이라 다른 집들은 시간 이상 기다렸다는데 분안에 도착해서 놀랐어요 후라이드 바삭하고 양념도 맛있습니다 자주 시켜먹을께요,5,5,4,5,2019년 7월 13일
66,치킨,마포구 상암동,치킨사냥-망원점,no**님,크리스피반＋양념반/1(뼈or순살 선택(뼈)),치킨이랑 감자칩 다 맛있어요,5,5,5,5,2019년 7월 13일
67,치킨,마포구 상암동,치킨사냥-망원점,손님,크리스피반＋양념반/1(뼈or순살 선택(뼈)),제가 원래 매콤한 후라이드를 좋아하는데 기본적인 후라이드가 매콤해서 좋앗어요 단지 원래 음료가 없나 생각햇는 사장님이 음료를 빼뜨리셧다고 순수 문자를 주셨니요감동,5,5,5,5,2019년 7월 10일
68,치킨,마포구 상암동,치킨사냥-망원점,km**님,"인기 크리스피 후라이드 치킨/1(뼈or찹쌀순살 선택(뼈),추가선택1(추가안함))",간이 되있는 치킨 좋아하시는 분은 강추입니당,5,5,5,5,2019년 7월 10일
69,치킨,마포구 상암동,치킨사냥-망원점,kg**님,"세트（순살후라이드＋순살양념＋콜라500mL＋소스1＋무）/1(음료 선택(콜라 500mL),후라이드 추가선택(변경안함))",튀김옷에서 약간 매운 맛이 나고 간이 적절해서 맛있게 먹었습니다 처음 포장 뜯었을땐 양이 적어보여서 실망한 감이 있으나 치밥으로 먹으니 알맞은 양이였습니다 그리고 요즘 양념 치킨들은 빨간 설탕물에 대충 묻히고 나오는 느낌인데 여기 양념 치킨은 좀 맵습니다 후라이드도 그렇고요 싱겁고 심심한 치킨보다 간이 된 치킨 좋아하신 분들에겐 잘 맞을 거 같아요 적어도 맛이나 튀김옷에서 흠 잡을데는 없었습니다 번창하세요,5,5,4,5,2019년 7월 5일
