﻿,Category,Location,Restaurant,UserID,Menu,Review,Total,Taste,Quantity,Delivery,Date
0,치킨,강남구 삼성동,코코참숯바베큐-강남점,ch**님,"참숯바베큐 소금 ＋ 양념/1(맛 선택(보통맛),뼈 or 순살 선택(순살))",사진 더럽게 못찍어서 죄송합니다 원래 리뷰 절대 안남기는데 처음으로 남겨봅니다 최근에 먹었던 닭고기중 제일 맛있습니다 대박나세요,5,5,5,5,2021년 7월 7일
1,치킨,강남구 삼성동,코코참숯바베큐-강남점,ma**님,참숯양념바베큐（뼈）/1(맛 선택(매콤맛)),어제 먹어보고 재주문했는데 오늘 소스맛이 다르더군요 전 매콤한맛을 이틀연속 주문했는데 오늘 온것은 보통맛 같더군요 주문 확인 잘해주시길 바라요 공기밥 같이 보내주니 괜찮네요 잘먹었어요,5,5,5,5,2021년 6월 20일
2,치킨,강남구 삼성동,코코참숯바베큐-강남점,th**님,"참숯바베큐 소금 ＋ 양념/1(맛 선택(매콤맛),뼈 or 순살 선택(뼈))",맛있어요 배달도 좋았어요,5,5,5,5,2021년 6월 4일
3,치킨,강남구 삼성동,코코참숯바베큐-강남점,rn**님,"참숯바베큐 소금 ＋ 양념/2(맛 선택(보통맛),뼈 or 순살 선택(뼈))",너무맛있는 것같습니다 그리고 소금구이는 정말 담백하고 좋습니다,5,5,4,4,2021년 4월 24일
4,치킨,강남구 삼성동,코코참숯바베큐-강남점,re**님,"돈순이 안심탕수육/1(사이즈 선택(中),소스 선택(새콤달콤))",맛있어요너무나 자즈 시켜먹고싶네요,5,5,3,5,2021년 4월 19일
5,치킨,강남구 삼성동,코코참숯바베큐-강남점,jg**님,"돈순이 안심탕수육/1(사이즈 선택(小),소스 선택(새콤달콤))",맛있게 잘 먹었어요 소스가 좀 많았으면 하는 아쉬움이 있지만 맛 좋네요 눅눅 하지도 않고 바삭 하고 굿,4,4,4,4,2021년 4월 14일
6,치킨,강남구 삼성동,코코참숯바베큐-강남점,ru**님,"돈순이 안심탕수육/1(사이즈 선택(小),소스 선택(새콤달콤))",무야 탕수윳 왤케 맛있어요,5,5,5,5,2021년 4월 8일
7,치킨,강남구 삼성동,코코참숯바베큐-강남점,hy**님,"참숯바베큐 소금 ＋ 양념/1(맛 선택(매운맛),뼈 or 순살 선택(순살)),치즈 추가/1,맥주 1000cc/1",정말 오랫만에 시켜 먹는데 맛있어요,5,5,5,5,2021년 4월 5일
8,치킨,강남구 삼성동,코코참숯바베큐-강남점,ky**님,"돈순이 안심탕수육/1(사이즈 선택(小),소스 선택(새콤달콤))",탕슉하면 여기가 먼저 생각납니다,5,5,5,5,2021년 4월 4일
9,치킨,강남구 삼성동,코코참숯바베큐-강남점,ky**님,"돈순이 안심탕수육/1(사이즈 선택(小),소스 선택(새콤달콤))",또 시켜먹었네요 탕수육에 광 소스가 궁금합니다,5,5,5,5,2021년 3월 27일
10,치킨,강남구 삼성동,코코참숯바베큐-강남점,ky**님,"돈순이 안심탕수육/1(사이즈 선택(小),소스 선택(새콤달콤),추가 선택(갈릭소스 추가))",탕수육이 치킨과 쌍벽인듯 합니다,5,5,5,5,2021년 3월 27일
11,치킨,강남구 삼성동,코코참숯바베큐-강남점,ru**님,"참숯바베큐 소금 ＋ 양념/1(맛 선택(보통맛),뼈 or 순살 선택(뼈)),치즈떡 추가/1",여기는 기본 소금이 너무 맛있어요 육즙 짭쫄,5,5,5,5,2021년 3월 15일
12,치킨,강남구 삼성동,코코참숯바베큐-강남점,eh**님,참숯양념바베큐（순살）/1(맛 선택(매콤맛)),항상 이 맛 그대로 유지되면좋겠네요 진짜 맛있어요,5,5,5,5,2021년 3월 9일
13,치킨,강남구 삼성동,코코참숯바베큐-강남점,eh**님,참숯양념바베큐（순살）/1(맛 선택(매콤맛)),진짜 맛있게 잘먹고있습니다,5,5,5,5,2021년 3월 9일
14,치킨,강남구 삼성동,코코참숯바베큐-강남점,dh**님,참숯양념바베큐（순살）/1(맛 선택(매콤맛)),사진을 못찍엇네요 오랫만에 시켰는데 여전히 맛있네요,5,5,5,5,2021년 3월 6일
15,치킨,강남구 삼성동,코코참숯바베큐-강남점,dy**님,"참숯바베큐 소금 ＋ 양념/1(맛 선택(매콤맛),뼈 or 순살 선택(순살)),콜라 1.25L/1",사장님 감사합니다 주소 잘못 적어서 다 이해해주시고 맛도 서비스도 짱입니다요,5,5,5,5,2021년 3월 1일
16,치킨,강남구 삼성동,코코참숯바베큐-강남점,jo**님,참숯양념바베큐（순살）/1(맛 선택(보통맛)),맛있게 잘 먹었어요 배달도 빠르고 편했습니다 밥도 주셔서 알찼어요,5,5,5,5,2021년 2월 22일
17,치킨,강남구 삼성동,코코참숯바베큐-강남점,ze**님,참숯양념바베큐（뼈）/1(맛 선택(보통맛)),다좋은데 보내주신 밥에 머리카락이 박혀있네요  확인 잘부탁드립니다,4,5,4,5,2021년 2월 20일
18,치킨,강남구 삼성동,코코참숯바베큐-강남점,손님,참숯양념바베큐（뼈）/1(맛 선택(보통맛)),아주 맛나게 먹었음 앞으로 종종 생각이 ,4,5,4,4,2021년 2월 2일
19,치킨,강남구 삼성동,코코참숯바베큐-강남점,yy**님,"참숯바베큐 간장 ＋ 양념/1(맛 선택(보통맛),뼈 or 순살 선택(뼈))",맛은 있어서 안시켜야지 하고는 꼭 또 시키게되는데 밤늦게 시켰다지만  너무 늦게오고 양도 엄청 줄고 소스도 잘 안묻어서 왔어여 다른 치킨집으로 갈아탈래요,3,5,3,3,2021년 1월 27일
20,치킨,강남구 삼성동,코코참숯바베큐-강남점,rl**님,"참숯양념바베큐（뼈）/1(맛 선택(매운맛)),치즈떡 추가/1",떡 마싯어요 소스도 듬뿍주시고 굿입니딘,5,5,5,5,2021년 1월 23일
21,치킨,강남구 삼성동,코코참숯바베큐-강남점,손님,참숯양념바베큐（순살）/1(맛 선택(매콤맛)),그냥 전체적으로 별로였어요,3,3,3,5,2021년 1월 3일
22,치킨,강남구 삼성동,코코참숯바베큐-강남점,th**님,"참숯바베큐 소금 ＋ 간장/1(맛 선택(매콤맛),뼈 or 순살 선택(순살))",최고의 닭구이 너무 맛있어요 양도 많아서 마음에 들어요,5,5,5,5,2020년 12월 26일
23,치킨,강남구 삼성동,코코참숯바베큐-강남점,al**님,참숯바베큐（순살）/1,점말 맛있게 먹었습니다,5,5,5,5,2020년 12월 12일
24,치킨,강남구 삼성동,코코참숯바베큐-강남점,to**님,"참숯바베큐 소금 ＋ 양념/1(맛 선택(매콤맛),뼈 or 순살 선택(뼈))",맛있네요 영도 적당하고요,4,4,4,5,2020년 11월 24일
25,치킨,강남구 삼성동,코코참숯바베큐-강남점,am**님,"참숯바베큐 소금 ＋ 양념/1(맛 선택(보통맛),뼈 or 순살 선택(순살))",양이 좀 아쉽긴 한데 맛있어서 좋아요,5,5,3,5,2020년 10월 31일
26,치킨,강남구 삼성동,코코참숯바베큐-강남점,pi**님,참숯바베큐（순살）/1,배달 빠르고 밤이라 벨 안 누르시고 전화 해 주시는 센스 감사합니다 맛있게 잘 먹었어요,5,5,5,5,2020년 9월 17일
27,치킨,강남구 삼성동,코코참숯바베큐-강남점,ss**님,"참숯바베큐 간장 ＋ 양념/1(맛 선택(보통맛),뼈 or 순살 선택(뼈)),맥주 1000cc/1",맛을 연구해야할것같아요 소스,2,1,1,5,2020년 9월 11일
28,치킨,강남구 삼성동,코코참숯바베큐-강남점,me**님,참숯간장바베큐（순살）/1(맛 선택(보통맛)),야식으로 간장 바베큐 시켜먹었는데 담날에 친구가 맛있다고 인분 또 시킴,5,5,5,5,2020년 9월 7일
29,치킨,강남구 삼성동,코코참숯바베큐-강남점,wo**님,"참숯바베큐 간장 ＋ 양념/1(맛 선택(보통맛),뼈 or 순살 선택(순살))",배달 속도빼고 진짜 맛이좋았엉,5,5,4,2,2020년 8월 28일
30,치킨,강남구 삼성동,코코참숯바베큐-강남점,sm**님,"참숯바베큐 소금 ＋ 양념/1(맛 선택(보통맛),뼈 or 순살 선택(순살)),모듬감자튀김/1,콜라 1.25L/1",반반으로 먹었는데 둘다 맛있었어용 담에 또 시켜먹고싶네용,5,5,5,5,2020년 8월 19일
31,치킨,강남구 삼성동,코코참숯바베큐-강남점,jj**님,참숯양념바베큐（뼈）/1(맛 선택(매콤맛)),양은 생각보다 많았고 튀겨진떡이 쫀득하니 맛있었는데 생각했던 양념맛은 아니었지만 잘 먹었어요 양념이 많이 안 밴 느낌이랑 숯불맛이 약했음,3,3,4,4,2020년 8월 7일
32,치킨,강남구 삼성동,코코참숯바베큐-강남점,mm**님,"참숯바베큐 간장 ＋ 양념/1(맛 선택(보통맛),뼈 or 순살 선택(순살))",원래 안이랬었는데 탄 부분이 좀 있었어요 정말 맛있는 집인데 탄 부분 때문에 이번엔 좀 아쉬웠네여,3,3,5,5,2020년 7월 26일
33,치킨,강남구 삼성동,코코참숯바베큐-강남점,손님,"참숯양념바베큐（순살）/1(맛 선택(매콤맛)),모듬감자튀김/1,사이다 1.25L/1",무난한맛이며 매운맛을시켰는데 맵지았고욤 소스랑 닭이 어울어져야하는데 잘 흡수가 되지 않았던것 같아요 감자튀김은 한번튀겨서인지 몰라도 빨리눅눅하고 들러붙어있어 사이드 천원 더내고 먹기 아까웠던것 같아요 공기밥서비스를 주셨는데 전기밥솥 밥인것 같은데 시간이 좀 지난 밥인디 밥이 쩝 사이드 고구마 닭조합 맛있다는데 전 그냥그냥 그랬던것 같네요,4,4,4,5,2020년 7월 23일
34,치킨,강남구 삼성동,코코참숯바베큐-강남점,th**님,"참숯바베큐 소금 ＋ 간장/1(맛 선택(보통맛),뼈 or 순살 선택(순살))",너무 맛있어요 배달도 빨라요,5,5,5,5,2020년 7월 18일
35,치킨,강남구 삼성동,코코참숯바베큐-강남점,vi**님,"참숯바베큐 소금 ＋ 간장/1(맛 선택(보통맛),뼈 or 순살 선택(순살)),참숯바베큐 간장 ＋ 양념/1(맛 선택(보통맛),뼈 or 순살 선택(순살)),치즈 추가/1,치즈떡 추가/1,사이다 1.25L/1",배달 빠르고 만족합니다,5,5,5,5,2020년 7월 16일
36,치킨,강남구 삼성동,코코참숯바베큐-강남점,손님,"참숯바베큐 소금 ＋ 양념/1(맛 선택(보통맛),뼈 or 순살 선택(순살)),콜라（캔）/1",배달빠르고 가격대비 양많고 좋았는데 숯불향은 그닥,4,3,3,4,2020년 7월 8일
37,치킨,강남구 삼성동,코코참숯바베큐-강남점,th**님,"참숯바베큐 소금 ＋ 양념/1(맛 선택(매콤맛),뼈 or 순살 선택(순살))",처음 주문해본건데 너무 맛있고 양도 많고 배달도 빨라서 너무 마음에 들어요 맛있게 잘 먹었습니다,5,5,5,5,2020년 7월 5일
38,치킨,강남구 삼성동,코코참숯바베큐-강남점,dk**님,참숯양념바베큐（뼈）/1(맛 선택(보통맛)),원래 고구마가 늘 들어있었는데 이번엔 없네요 따로 주문해야하는건가요 아님 이번에만 빠진건가요,4,3,4,4,2020년 6월 4일
39,치킨,강남구 삼성동,코코참숯바베큐-강남점,sc**님,"참숯바베큐 소금 ＋ 양념/1(맛 선택(매콤맛),뼈 or 순살 선택(순살))",너무 맛있어요 약간 닭꼬치 산처럼 쌓아놓고 먹는느낌,5,5,5,5,2020년 6월 2일
40,치킨,강남구 삼성동,코코참숯바베큐-강남점,bl**님,"돈순이 안심탕수육/1(사이즈 선택(中),소스 선택(새콤달콤))",바베큐집인가 탕수육집인가 안심탕수육 존맛탱,5,5,5,5,2020년 5월 31일
41,치킨,강남구 삼성동,코코참숯바베큐-강남점,wo**님,"참숯바베큐 간장 ＋ 양념/1(맛 선택(보통맛),뼈 or 순살 선택(순살))",생각보다 맵지만 두고두고 계속 먹었습니다 뇸뇸굿,4,4,5,4,2020년 5월 9일
42,치킨,강남구 삼성동,코코참숯바베큐-강남점,ma**님,"참숯바베큐 소금 ＋ 양념/1(맛 선택(매콤맛),뼈 or 순살 선택(순살)),사이다（캔）/1",감사합니다 너무잘먹었습니다,3,3,3,3,2020년 5월 8일
43,치킨,강남구 삼성동,코코참숯바베큐-강남점,br**님,참숯양념바베큐（뼈）/1(맛 선택(매콤맛)),코코 좋아하는데 오늘은 닭이 쓴맛이 느껴질 정도로 타서 왔어요 배고파서 동생이랑 그냥 먹긴 했는데 오늘은 너무 엉망이네요,2,1,5,5,2020년 5월 3일
44,치킨,강남구 삼성동,코코참숯바베큐-강남점,ch**님,"참숯바베큐 소금 ＋ 양념/1(맛 선택(매콤맛),뼈 or 순살 선택(순살))",역쉬 기대를 저버리지 않은 맛 맛있어요,5,5,5,5,2020년 5월 3일
45,치킨,강남구 삼성동,코코참숯바베큐-강남점,lo**님,참숯양념바베큐（순살）/1(맛 선택(매운맛)),매운맛을 시켰는데 별루 않매워요 그점이 좀 아쉬웠어요,4,4,4,4,2020년 5월 2일
46,치킨,강남구 삼성동,코코참숯바베큐-강남점,ck**님,참숯양념바베큐（순살）/1(맛 선택(보통맛)),제가 뻑뻑살 안 좋아하는데 뻑뻑살이 많아서 아쉬웠어요,5,3,5,3,2020년 4월 2일
47,치킨,강남구 삼성동,코코참숯바베큐-강남점,je**님,"참숯바베큐 간장 ＋ 양념/1(맛 선택(보통맛),뼈 or 순살 선택(순살)),치즈떡 추가/1",숯불향과 소스 맛의 조화가 일품 치즈떡 추가는 기본이죠,5,5,5,5,2020년 3월 26일
48,치킨,강남구 삼성동,코코참숯바베큐-강남점,ks**님,참숯간장바베큐（뼈）/1(맛 선택(보통맛)),맛있어요 고구마도 더많이 들었으면,4,4,4,4,2020년 3월 24일
49,치킨,강남구 삼성동,코코참숯바베큐-강남점,pe**님,"참숯바베큐 소금 ＋ 양념/1(맛 선택(보통맛),뼈 or 순살 선택(뼈))",잘먹었습니다 다음에도 주문할께요,4,4,4,4,2020년 3월 22일
50,치킨,강남구 삼성동,코코참숯바베큐-강남점,on**님,"참숯양념바베큐（순살）/1(맛 선택(매콤맛)),소주/1",치킨을 시켰는데 배고플까봐 따끈한 공깃밥서비스 감사해요 양도 푸짐하고 치킨도 맛있어요,5,5,5,5,2020년 3월 16일
51,치킨,강남구 삼성동,코코참숯바베큐-강남점,ks**님,참숯간장바베큐（뼈）/1(맛 선택(보통맛)),지코바가 영업시간 아니어서 여기서 시켰는데 맛있어요,5,4,4,4,2020년 3월 12일
52,치킨,강남구 삼성동,코코참숯바베큐-강남점,im**님,"참숯양념바베큐（순살）/2(맛 선택(매콤맛)),치즈떡 추가/1,콜라 1.25L/1",소스가 맛있어요 배딜 되게 빨리 오더라고요 많이 파세요,4,4,5,5,2020년 3월 12일
53,치킨,강남구 삼성동,코코참숯바베큐-강남점,dh**님,"참숯바베큐 간장 ＋ 양념/1(맛 선택(매운맛),뼈 or 순살 선택(뼈))",소스랑 닭이랑 따로노는게 좀 아쉽네요,5,4,5,5,2020년 3월 10일
54,치킨,강남구 삼성동,코코참숯바베큐-강남점,gh**님,"참숯양념바베큐（순살）/1(맛 선택(매콤맛)),치즈 추가/1,치즈떡 추가/1",솔직히 번 정도 시켜먹었는데 다른곳 못시킵니다 강추,5,5,5,5,2020년 3월 8일
55,치킨,강남구 삼성동,코코참숯바베큐-강남점,vn**님,"참숯바베큐 소금 ＋ 양념/1(맛 선택(매콤맛),뼈 or 순살 선택(순살))",배달도 빠르고 맛있었어요,5,5,5,5,2020년 3월 5일
56,치킨,강남구 삼성동,코코참숯바베큐-강남점,ck**님,참숯양념바베큐（순살）/1(맛 선택(보통맛)),배달도 빠르고 맛있었어요,5,5,5,5,2020년 2월 27일
57,치킨,강남구 삼성동,코코참숯바베큐-강남점,ch**님,"참숯바베큐 소금 ＋ 양념/1(맛 선택(매운맛),뼈 or 순살 선택(순살))",엄청 맛있어요 항상 기대이상,4,4,4,4,2020년 2월 24일
58,치킨,강남구 삼성동,코코참숯바베큐-강남점,_u**님,"참숯바베큐 소금 ＋ 간장/1(맛 선택(보통맛),뼈 or 순살 선택(뼈))", 양배추 샐러드 메뉴에 없는데 추가해주심 좋겠어요 배민에만 있네용 서비스인지 콜라랑 무를 빼달라 부탁드렸는데 밥이 왔네유 저는 치밥은 먹지 않지만  감사해용 이 집은 간장소스가 늠늠 맛있어욧 다음엔 치즈떡 추가할래요,5,5,5,5,2020년 2월 22일
59,치킨,강남구 삼성동,코코참숯바베큐-강남점,ap**님,"참숯바베큐 소금 ＋ 양념/1(맛 선택(보통맛),뼈 or 순살 선택(순살))",일단 배달이 넘 늦었구여 양도 쪼금 부족한듯 했어요 뭣보다 양념이 일반 시중에 양념만 따로파는 그 치킨양념 같이 단맛이 강했구요 뭔가 특별함이 없었어요 그러나 공깃밥을 챙겨주는 센스 마침 햇반을 돌려먹으려했는데 굳굳 닭고기맛은 나쁘지 않았어요,4,3,3,3,2020년 2월 20일
60,치킨,강남구 삼성동,코코참숯바베큐-강남점,손님,참숯양념바베큐（순살）/1(맛 선택(보통맛)),잘 먹었습니다 맛있어요,5,5,5,5,2020년 2월 16일
61,치킨,강남구 삼성동,코코참숯바베큐-강남점,su**님,참숯양념바베큐（순살）/1(맛 선택(매콤맛)),맛나는 숯불바베큐 감사합니다,5,5,5,5,2020년 2월 15일
62,치킨,강남구 삼성동,코코참숯바베큐-강남점,손님,참숯양념바베큐（뼈）/1(맛 선택(보통맛)),배달도 빠르고 맛있어요,5,5,5,5,2020년 2월 2일
63,치킨,강남구 삼성동,코코참숯바베큐-강남점,ys**님,참숯양념바베큐（순살）/1(맛 선택(보통맛)),먹을만 합니다 밀떡을 좋아해서,5,4,5,5,2020년 2월 2일
64,치킨,강남구 삼성동,코코참숯바베큐-강남점,ja**님,"참숯바베큐 소금 ＋ 간장/1(맛 선택(매운맛),뼈 or 순살 선택(순살)),사이다（캔）/1",언제나 맛있게 해주셔서 감사해용,5,5,5,5,2020년 1월 31일
65,치킨,강남구 삼성동,코코참숯바베큐-강남점,tg**님,참숯양념바베큐（순살）/1(맛 선택(보통맛)),맛있는데 먹다보니 양이 부족해요,5,5,3,5,2020년 1월 30일
66,치킨,강남구 삼성동,코코참숯바베큐-강남점,ky**님,"참숯바베큐 간장 ＋ 양념/1(맛 선택(매콤맛),뼈 or 순살 선택(순살)),소주/2",처음 시켜봤는데 배달시간도 예정시간보다빠르고 맞도 좋아요 이제 가개에서도 자주시킬것같아요  더불어 밥까지  잘 먹었습니다,5,5,5,5,2020년 1월 28일
67,치킨,강남구 삼성동,코코참숯바베큐-강남점,ja**님,"참숯바베큐 소금 ＋ 양념/1(맛 선택(매콤맛),뼈 or 순살 선택(순살)),콜라 500mL/1",사장님 언제나 맛있게 해주셔서 감사합니다,5,5,5,5,2020년 1월 28일
68,치킨,강남구 삼성동,코코참숯바베큐-강남점,zz**님,"참숯바베큐 소금 ＋ 양념/1(맛 선택(매콤맛),뼈 or 순살 선택(순살))",맛은 괜찮은데 넘 딱딱 건조해요 촉촉함이 없어서 아쉬워요,3,3,3,5,2019년 12월 26일
69,치킨,강남구 삼성동,코코참숯바베큐-강남점,ha**님,"참숯바베큐 간장 ＋ 양념/1(맛 선택(매콤맛),뼈 or 순살 선택(순살)),맥주 1000cc/1",맛은 별루네요 여기 후기글 믿고 시켰는데 돈만버렸네요,2,1,3,4,2019년 12월 24일
70,치킨,강남구 삼성동,코코참숯바베큐-강남점,co**님,"참숯바베큐 간장 ＋ 양념/1(맛 선택(매운맛),뼈 or 순살 선택(순살))",잘먹었습니다 맛있네요 양도좋고 근데 매운맛은 단곈데 별로안맵네요,5,4,5,5,2019년 12월 23일
71,치킨,강남구 삼성동,코코참숯바베큐-강남점,rh**님,"참숯바베큐 간장 ＋ 양념/1(맛 선택(매운맛),뼈 or 순살 선택(뼈))",맛도좋았지만 닭한마리 정말 풍성하게 먹었습니다,5,4,5,5,2019년 12월 22일
72,치킨,강남구 삼성동,코코참숯바베큐-강남점,su**님,참숯양념바베큐（순살）/1(맛 선택(매콤맛)),우와 정말 맛있어요  호우,5,5,5,5,2019년 12월 14일
73,치킨,강남구 삼성동,코코참숯바베큐-강남점,xi**님,"참숯바베큐 간장 ＋ 양념/1(맛 선택(매콤맛),뼈 or 순살 선택(순살)),모듬감자튀김/1",생각보다 양은적었으나 맛있었음 양념은 칠리소스맛 ,5,5,4,5,2019년 11월 28일
74,치킨,강남구 삼성동,코코참숯바베큐-강남점,fo**님,"참숯양념바베큐（뼈）/1(맛 선택(보통맛)),맥주 1000cc/2",아주 맛있네요 좋은 치킨을 새로 알았어요 소고기랑 같이 차렸는데소고기 인기가 시들 참 맛있었어요,5,5,5,5,2019년 11월 24일
75,치킨,강남구 삼성동,코코참숯바베큐-강남점,pl**님,참숯양념바베큐（순살）/1(맛 선택(보통맛)),처음 시켜보는데 맛나요 둘 다 매운 맛을 잘 못먹어서 보통맛 시켰는데 그래도 저희한텐 맛나게 매운 편이었어요 배달도 정해진 시간에 왔구 햇반이랑 치밥으로 맛나게 먹었습니다,5,5,5,5,2019년 11월 24일
76,치킨,강남구 삼성동,코코참숯바베큐-강남점,ck**님,참숯양념바베큐（순살）/1(맛 선택(보통맛)),덜 맵게 해주셔서 정말 좋았고 맛있게 먹었습니다,5,5,5,5,2019년 11월 24일
77,치킨,강남구 삼성동,코코참숯바베큐-강남점,ry**님,"참숯바베큐 소금 ＋ 양념/1(맛 선택(보통맛),뼈 or 순살 선택(뼈))",정말 빠른 배송 고맙습니다,4,4,4,5,2019년 11월 21일
78,치킨,강남구 삼성동,코코참숯바베큐-강남점,un**님,"참숯바베큐 간장 ＋ 양념/1(맛 선택(매콤맛),뼈 or 순살 선택(순살))",후회할일 없을듯 잘먹엇어요,5,5,5,5,2019년 11월 20일
79,치킨,강남구 삼성동,코코참숯바베큐-강남점,zz**님,"참숯양념바베큐（뼈）/1(맛 선택(매운맛)),치즈떡 추가/1",껍질많이익혀달라고요청했더니 껍질이없는상태로왔어요다리만빼고 당황스럽네요껍질이싫타는건아닌데좋아하는데 매운맛시켯는데안매워서순한맛시킨줄 안매운거시키는거라면맛있겠네요 치즈떡추가했는데떡많이줌그래서닭이적어보이나적은듯,3,4,3,3,2019년 11월 20일
80,치킨,강남구 삼성동,코코참숯바베큐-강남점,cu**님,참숯양념바베큐（순살）/1(맛 선택(매콤맛)),비와서그런지 너무늦게 배달옴,4,3,4,1,2019년 11월 19일
81,치킨,강남구 삼성동,코코참숯바베큐-강남점,gu**님,참숯양념바베큐（순살）/1(맛 선택(매콤맛)),매우 만족합니다 으흐흐,5,5,5,5,2019년 11월 15일
82,치킨,강남구 삼성동,코코참숯바베큐-강남점,di**님,"참숯양념바베큐（뼈）/1(맛 선택(보통맛)),치즈떡 추가/1,콜라 500mL/1",양이좀적지만 맛있어요 ,5,5,4,5,2019년 11월 5일
83,치킨,강남구 삼성동,코코참숯바베큐-강남점,손님,참숯양념바베큐（순살）/1(맛 선택(매운맛)),이번엔 넘 맛잇엇어여 하루만에 뚝딱 배달은 흘려서 와가지고 다시가셔서 다시해오시긴햇는데 미안하기도하고 짜증나기더하고  암튼 고기는 진짜맛있었어요,5,5,5,4,2019년 11월 5일
84,치킨,강남구 삼성동,코코참숯바베큐-강남점,lo**님,"참숯양념바베큐（순살）/1(맛 선택(매운맛)),치즈떡 추가/1",매운맛을 시켰는데 너무 달아요 맷지도 않구요 콜라는 어디서 찍여는지 다 새있구요,2,2,5,3,2019년 11월 5일
85,치킨,강남구 삼성동,코코참숯바베큐-강남점,kd**님,"참숯바베큐 소금 ＋ 양념/1(맛 선택(매콤맛),뼈 or 순살 선택(순살))",배달은 예상시간보다 빨랐고 맛도 양도 괜찮네요,4,4,4,5,2019년 11월 1일
86,치킨,강남구 삼성동,코코참숯바베큐-강남점,sa**님,"참숯바베큐 소금 ＋ 양념/1(맛 선택(매운맛),뼈 or 순살 선택(뼈))",와진짜 대박이집을 왜 이제서야 알앗을까 앞으로는 이집에서만 시켜먹어야지 진짜 대박,5,5,5,5,2019년 10월 31일
87,치킨,강남구 삼성동,코코참숯바베큐-강남점,wn**님,"참숯바베큐 소금 ＋ 양념/1(맛 선택(보통맛),뼈 or 순살 선택(순살))",양이 매우 적긴하네요 소금구이는 너무 별로였구 양념은 괜찮아요 중식칠리 맛이에요,2,1,1,3,2019년 10월 29일
88,치킨,강남구 삼성동,코코참숯바베큐-강남점,손님,참숯양념바베큐（순살）/1(맛 선택(보통맛)),지코바 오픈전이라 차선으로 시켰는데 깔끔하니 괜찮네요 떡이랑 고구마도 잘 익어 맛나요,4,4,4,4,2019년 10월 28일
89,치킨,강남구 삼성동,코코참숯바베큐-강남점,su**님,참숯양념바베큐（순살）/1(맛 선택(매콤맛)),오랜만에 먹었는데 너무 맛나서 흡입했네요,5,5,5,5,2019년 10월 28일
90,치킨,강남구 삼성동,코코참숯바베큐-강남점,손님,참숯양념바베큐（순살）/1(맛 선택(매콤맛)),빠르고 맛있습니다 번창하세요,4,4,5,5,2019년 10월 23일
91,치킨,강남구 삼성동,코코참숯바베큐-강남점,go**님,"참숯양념바베큐（순살）/1(맛 선택(매운맛)),맥주 1000cc/1",조금 더 매웠으면 하는 아쉬움이 있지만 맛있었어요,5,5,5,5,2019년 10월 22일
92,치킨,강남구 삼성동,코코참숯바베큐-강남점,di**님,"참숯바베큐 소금 ＋ 양념/1(맛 선택(보통맛),뼈 or 순살 선택(뼈)),콜라 500mL/1",리뷰보고시겼는데  양념이 맛있네요 ,5,5,5,4,2019년 10월 20일
93,치킨,강남구 삼성동,코코참숯바베큐-강남점,gu**님,"참숯바베큐 소금 ＋ 양념/1(맛 선택(매운맛),뼈 or 순살 선택(순살)),맥주 1000cc/1",맛있게 잘먹었습니다 근데 맥주 배달오신분이 카스피처를 주시네요 생맥인줄 알고 배달시킨건데 황당했네요,4,4,4,3,2019년 10월 9일
94,치킨,강남구 삼성동,코코참숯바베큐-강남점,손님,"참숯양념바베큐（순살）/1(맛 선택(매콤맛)),치즈떡 추가/1",양도 많고 치즈떡 추가했더니 더 맛있어요 다음에 또 시켜먹을거에요 ,5,5,5,5,2019년 10월 8일
95,치킨,강남구 삼성동,코코참숯바베큐-강남점,me**님,"참숯양념바베큐（순살）/1(맛 선택(매콤맛)),사이다 1.25L/1",고구마가 들어 있을 줄은 몰랐는데 달달하니 넘 좋음,5,5,5,5,2019년 10월 5일
96,치킨,강남구 삼성동,코코참숯바베큐-강남점,ek**님,참숯양념바베큐（순살）/1(맛 선택(보통맛)),맛있어서 또 시켜먹었네요,5,5,5,5,2019년 9월 30일
97,치킨,강남구 삼성동,코코참숯바베큐-강남점,sk**님,참숯양념바베큐（순살）/1(맛 선택(매콤맛)),항상 시켜먹는 곳 맛잇네유 사진 매우 영롱,5,5,4,4,2019년 9월 29일
98,치킨,강남구 삼성동,코코참숯바베큐-강남점,sh**님,"참숯순살바베큐/1,콜라 500mL/1",맛있게 잘먹었습니다 굿굿,5,5,5,5,2019년 9월 18일
99,치킨,강남구 삼성동,코코참숯바베큐-강남점,손님,"참숯양념바베큐/1(맛 선택(보통맛)),치즈떡 추가/1,콜라 1.25L/1,맥주 1000cc/1",치즈떡 사리 추가하길 잘했어요 핵존맛 보통맛으로 시켰는데 양념 맵기도 달기도 적당하고 숯불향도 인위적이지 않구요닭도 잘 익어서 왔습니다 완전완전 맛있어요 강츄,5,5,5,5,2019년 9월 15일
100,치킨,강남구 삼성동,코코참숯바베큐-강남점,eu**님,"돈순이 안심탕수육/1(사이즈 선택(小),소스 선택(새콤달콤))",식당예약이 마강되어 요기요주문했는데 좋은고기로 맛있게 조리혀주셔서 배불리 잘 먹었습니다,5,5,5,5,2019년 9월 13일
101,치킨,강남구 삼성동,코코참숯바베큐-강남점,cy**님,참술순살양념바베큐/1(맛 선택(보통맛)),맛이 정말 좋아요 강추입니다,5,5,5,5,2019년 9월 12일
102,치킨,강남구 삼성동,코코참숯바베큐-강남점,by**님,"돈순이 안심탕수육/1(사이즈 선택(小),소스 선택(새콤달콤)),맥주 1000cc/3",두시간 기다려서 받았더니 배달 오류환불해주겠다고 하고 깜깜 무소식다시는 안 시킴 차액 환불이나 하시오,1,3,3,1,2019년 9월 8일
103,치킨,강남구 삼성동,코코참숯바베큐-강남점,손님,"돈순이 안심탕수육/1(사이즈 선택(小),소스 선택(광동소스))",항상 배달 빠르고 바삭해요,5,5,5,5,2019년 8월 30일
104,치킨,강남구 삼성동,코코참숯바베큐-강남점,ul**님,참술순살양념바베큐/1(맛 선택(매콤맛)),양이 완전 적네요 혼자 다먹었네,4,4,1,5,2019년 8월 21일
105,치킨,강남구 삼성동,코코참숯바베큐-강남점,ja**님,"돈순이 안심탕수육/1(사이즈 선택(小),소스 선택(새콤달콤))",치킨집인데 탕수육이 왤케 맛있어요 ,5,5,5,5,2019년 8월 6일
106,치킨,강남구 삼성동,코코참숯바베큐-강남점,br**님,"참술순살양념바베큐/1(맛 선택(매콤맛)),치즈떡 추가/1",항상 맛있어요 오늘은 양도 더 많은 것 같아요,5,5,5,5,2019년 7월 29일
107,치킨,강남구 삼성동,코코참숯바베큐-강남점,손님,"돈순이 안심탕수육/1(사이즈 선택(小),소스 선택(새콤달콤))",배달하시는분이 안녕하세요감사합니다하시길래 넘친절해서깜놀꿉꿈한날씨에 감사햇네요  배달도빠르고 고기도 크고 좋아용,5,5,5,5,2019년 7월 25일
108,치킨,강남구 삼성동,코코참숯바베큐-강남점,lo**님,참술순살양념바베큐/1(맛 선택(매콤맛)),배달도 빠르고 맛있습니다,5,5,5,5,2019년 7월 20일
109,치킨,강남구 삼성동,코코참숯바베큐-강남점,jo**님,참숯양념바베큐/1(맛 선택(매콤맛)),긋긋 맛있게잘먹었습니다,5,5,4,4,2019년 7월 15일
110,치킨,강남구 삼성동,코코참숯바베큐-강남점,se**님,"참술순살양념바베큐/1(맛 선택(매콤맛)),치즈떡 추가/1",유노  지코바랑 비슷한데 더 깔끔해서 맛난거같댜 양개만타,5,5,5,5,2019년 7월 13일
111,치킨,강남구 삼성동,코코참숯바베큐-강남점,ly**님,참숯양념바베큐/1(맛 선택(매콤맛)),맛있어요 사리 추가해서 먹어야겠어용,4,5,4,5,2019년 7월 10일
112,치킨,강남구 삼성동,코코참숯바베큐-강남점,st**님,참술순살양념바베큐/1(맛 선택(보통맛)),이번엔 왜케 맵게 왔어요 늘 잘 먹었는데 이번엔 너무 매워서 헉헉댔어요 ,5,5,5,5,2019년 7월 10일
113,치킨,강남구 삼성동,코코참숯바베큐-강남점,손님,"돈순이 안심탕수육/1(사이즈 선택(小),소스 선택(새콤달콤))",제가 어제 밤부터 탕수육이 정말 먹고 싶었는데 오전에 영업중인 괜찮은 중국집이 없더라구요 그래서 한참 보다가 주문했는데 너무 바삭하고 양도 많고 반찬용으로 정말 맛있게 먹었습니당,5,5,5,5,2019년 6월 26일
114,치킨,강남구 삼성동,코코참숯바베큐-강남점,손님,참숯순살바베큐/2,항상시켜먹는곳입니다 잘먹었습니다,5,5,5,5,2019년 6월 21일
115,치킨,강남구 삼성동,코코참숯바베큐-강남점,to**님,참술순살양념바베큐/1(맛 선택(매콤맛)),여긴 치킨무가 좀 그래요,2,2,4,4,2019년 6월 19일
116,치킨,강남구 삼성동,코코참숯바베큐-강남점,손님,참술순살양념바베큐/1(맛 선택(매운맛)),늦으면 늦는다고 전화라고 주던가 전화도 안받고 뭐하는건데,1,1,1,1,2019년 6월 2일
117,치킨,강남구 삼성동,코코참숯바베큐-강남점,ha**님,"참숯양념바베큐/1(맛 선택(매콤맛)),맥주 1000cc/1",순살 시키지 않았는데 순살이왔어요 문의하기 귀찮아서 그냥 먹었는데 닭을 미리 구어놨는지 살이 딱딱하게 굳은부분이 많았어요 누가먹어도 이건 오래된닭이다 였네요 양념은 맛있고 떡도 그냥아니고 치즈떡에 고구마도 들어있어요 다좋은데 주문 한건한건에 신경쓰시길바래요,2,2,4,4,2019년 5월 28일
118,치킨,강남구 삼성동,코코참숯바베큐-강남점,손님,참술순살양념바베큐/1(맛 선택(매콤맛)),치킨은 엄청맛있는데 양이 미쳐 뒤집어지게 적어요딱보자마자 이게 원이야이랬어용 치킨사업해봤는데 이건 한마리가 아니다눈탱이 맞는거다이생각이 치킨받고나서도 먹으면서도 엄청들음,3,5,1,3,2019년 5월 27일
119,치킨,강남구 삼성동,코코참숯바베큐-강남점,lo**님,참술순살양념바베큐/1(맛 선택(매콤맛)),배송도 빠르고 맛있습니다,5,5,5,5,2019년 5월 27일
120,치킨,강남구 삼성동,코코참숯바베큐-강남점,he**님,참술순살양념바베큐/1(맛 선택(매콤맛)),사장 도둑이에요 맛도둑 개마싯어요,5,5,5,5,2019년 5월 26일
121,치킨,강남구 삼성동,코코참숯바베큐-강남점,ju**님,"참술순살양념바베큐/1(맛 선택(매콤맛)),치즈떡 추가/1,콜라 500mL/1",오랜만에 시켜먹었는에 여전히 맛있네요,5,5,5,5,2019년 5월 25일
122,치킨,강남구 삼성동,코코참숯바베큐-강남점,손님,"참숯양념바베큐/1(맛 선택(매콤맛)),모듬감자튀김/1",오랜만에 치킨아닌 바베큐 먹었는데 너무 맛있어요,5,5,5,5,2019년 5월 20일
123,치킨,강남구 삼성동,코코참숯바베큐-강남점,or**님,참술순살양념바베큐/1(맛 선택(보통맛)),배달도 빠르고 맛있어서 자주먹어요,5,5,5,5,2019년 5월 7일
124,치킨,강남구 삼성동,코코참숯바베큐-강남점,su**님,"참술순살양념바베큐/1(맛 선택(매콤맛)),콜라 1.25L/1",배달은 빠르지 않지만 너무 맛있어서 자주 먹어요,5,5,5,3,2019년 4월 20일
125,치킨,강남구 삼성동,코코참숯바베큐-강남점,su**님,"돈순이 안심탕수육/1(사이즈 선택(小),소스 선택(새콤달콤))",고기가 짱짱 탕수육 최고 ,5,5,5,5,2019년 4월 15일
126,치킨,강남구 삼성동,코코참숯바베큐-강남점,손님,"참술순살양념바베큐/1(맛 선택(보통맛)),콜라 1.25L/1",진짜 완전 맛잇어뇨 지코바보다 나은거같아용 ,5,5,5,5,2019년 4월 12일
127,치킨,강남구 삼성동,코코참숯바베큐-강남점,ki**님,참숯바베큐/1,배달시간이 너무 오래 걸려요맛은 먹을만 합니다,3,3,3,2,2019년 4월 10일
128,치킨,강남구 삼성동,코코참숯바베큐-강남점,손님,참술순살양념바베큐/1(맛 선택(매콤맛)),퍽퍽살이 좀 많아서 그렇지 맛있습니다,5,5,5,5,2019년 4월 5일
129,치킨,강남구 삼성동,코코참숯바베큐-강남점,손님,"돈순이 안심탕수육/1(사이즈 선택(小),소스 선택(과일소스))",너무맛잇네요배달도빠르구고기가 너무부드럽고 질기지않아서좋아요 치킨안시키고탕수육시키길 잘한듯,5,5,5,5,2019년 4월 5일
130,치킨,강남구 삼성동,코코참숯바베큐-강남점,손님,참숯양념바베큐/1(맛 선택(매콤맛)),배달하시는분 초인종 너무 여러분 연달아 누르셔서 누가 장난으로 벨누르는줄 알았어요 못들어서 나가기까지 오래걸린것도 아닌데 당황했네요,3,3,3,2,2019년 3월 31일
131,치킨,강남구 삼성동,코코참숯바베큐-강남점,lo**님,참술순살양념바베큐/1(맛 선택(매콤맛)),배달도 빠르고 맛있어요,5,5,5,5,2019년 3월 28일
132,치킨,강남구 삼성동,코코참숯바베큐-강남점,cy**님,"참술순살양념바베큐/1(맛 선택(매콤맛)),소주/1",언제먹어도 맛나요 사진이 없네요 도착하자마자 다먹는통에  고구마사리 강추 입니다 맛탕같기도하고 넘 맛있어요,5,5,5,5,2019년 3월 26일
133,치킨,강남구 삼성동,코코참숯바베큐-강남점,ck**님,참술순살양념바베큐/1(맛 선택(보통맛)),워낙 맵찔이라서 보통맛이라도 좀 매웠어요 그리고 퍽퍽살이 넘 많았어요,5,5,5,5,2019년 3월 26일
134,치킨,강남구 삼성동,코코참숯바베큐-강남점,손님,"참술순살양념바베큐/1(맛 선택(매콤맛)),맥주 1000cc/1",너무 맛있어서 깜짝 놀랐습니다 이 정도일 줄 이야 살짝 퍽퍽한 고기도 일부 있었지만 대부분 다 너무 촉촉 부드러웠고요 고구마도 별미 떡은 너무 최고 모든 걸 다 떠나서 소스가 단짠의 끝판왕냠얌얌 최고에요,5,5,5,5,2019년 3월 22일
135,치킨,강남구 삼성동,코코참숯바베큐-강남점,cy**님,참술순살양념바베큐/1(맛 선택(매콤맛)),최고 고구마 사리 추가 강추예요 일주일에 한번이상 먹어도 질리지가 않네요,5,5,5,5,2019년 3월 20일
136,치킨,강남구 삼성동,코코참숯바베큐-강남점,su**님,"참술순살양념바베큐/1(맛 선택(매콤맛)),콜라 1.25L/1",맛있어요 역시 살짝 매콤한게 좋네용 ,5,5,5,5,2019년 3월 19일
137,치킨,강남구 삼성동,코코참숯바베큐-강남점,ba**님,참술순살양념바베큐/1(맛 선택(보통맛)),코코참숯이 아니라 피자뜨레 같던데 아닌가,3,3,4,4,2019년 3월 19일
138,치킨,강남구 삼성동,코코참숯바베큐-강남점,손님,참술순살양념바베큐/1(맛 선택(매콤맛)),단골이지요 맛이 좋지요,5,5,5,5,2019년 3월 17일
139,치킨,강남구 삼성동,코코참숯바베큐-강남점,손님,참숯순살바베큐/1,자주 시켜 먹고 있어요,5,5,5,5,2019년 3월 15일
140,치킨,강남구 삼성동,코코참숯바베큐-강남점,손님,참숯양념바베큐/1(맛 선택(보통맛)),배달도 안 됐는데 배달완료라고 뜨더니 배달 받고 시간 체크할때 시간 분만에 치킨 받았어요 허기질 때 시키기엔 비추입니다,2,1,1,1,2019년 3월 14일
141,치킨,강남구 삼성동,코코참숯바베큐-강남점,손님,"참술순살양념바베큐/1(맛 선택(매운맛)),치즈떡 추가/1",매운맛 맞나요 하나도 맵지가 않아요,4,4,4,4,2019년 3월 11일
142,치킨,강남구 삼성동,코코참숯바베큐-강남점,tj**님,참술순살양념바베큐/1(맛 선택(매운맛)),뻑살이 많네요 당황스럽구요,3,3,3,3,2019년 3월 10일
143,치킨,강남구 삼성동,코코참숯바베큐-강남점,al**님,"참숯양념바베큐/1(맛 선택(매콤맛)),모듬감자튀김/1",모듬 감자 튀김이 살짝 아쉬워요,4,4,4,5,2019년 3월 9일
144,치킨,강남구 삼성동,코코참숯바베큐-강남점,손님,참숯양념바베큐/1(맛 선택(보통맛)),완전맛났어요 거의 인닭했네용 사진은 다아 먹고 쬐끔 남은거에요 ,5,5,5,5,2019년 3월 6일
145,치킨,강남구 삼성동,코코참숯바베큐-강남점,손님,참술순살양념바베큐/1(맛 선택(매콤맛)),역시 맛은 말안해도 알죠 혼술값,5,5,5,5,2019년 3월 1일
146,치킨,강남구 삼성동,코코참숯바베큐-강남점,bi**님,참숯양념바베큐/1(맛 선택(매콤맛)),맛있어요 자주시켜먹어요,3,3,3,3,2019년 2월 28일
147,치킨,강남구 삼성동,코코참숯바베큐-강남점,손님,참술순살양념바베큐/1(맛 선택(보통맛)),처음 시켜서 먹었는데 되게 맛있네요 자주 시켜먹을거같아요,5,5,5,5,2019년 2월 18일
148,치킨,강남구 삼성동,코코참숯바베큐-강남점,su**님,"참술순살양념바베큐/1(맛 선택(매콤맛)),콜라 1.25L/1",완전 맛있어요  짱이얌,5,5,5,5,2019년 2월 15일
149,치킨,강남구 삼성동,코코참숯바베큐-강남점,wh**님,참술순살양념바베큐/1(맛 선택(보통맛)),지코바보다 맛있습니다 반반으로 전화요청해서 먹었는데 양념안한건 냄새조금 나고 살이 훨씬 뻑뻑합니다 뻑뻑살 좋아하는데 그런 느낌보단 근막느낌이라고 해야 할까요 그래도 맛있습니다 양념으로 또 시킬겁니다 감튀도 맛있어요,4,4,3,4,2019년 2월 11일
150,치킨,강남구 삼성동,코코참숯바베큐-강남점,tj**님,참술순살양념바베큐/1(맛 선택(매콤맛)),배달은 늦었는데 맛은있어요 술도둑,5,5,4,1,2019년 2월 11일
151,치킨,강남구 삼성동,코코참숯바베큐-강남점,su**님,"돈순이 안심탕수육/1(사이즈 선택(大),소스 선택(새콤달콤))",바베큐 치킨 집인데 탕수육 맛있다고 소문나서 열심히 찾아서 주문했어요  탕수육 완전 최고 인생탕수육,5,5,5,5,2019년 1월 29일
152,치킨,강남구 삼성동,코코참숯바베큐-강남점,wo**님,참술순살양념바베큐/1(맛 선택(매콤맛)),아주좋음  맛이 항상 동일에서 좋음,5,5,4,4,2019년 1월 27일
153,치킨,강남구 삼성동,코코참숯바베큐-강남점,cy**님,참술순살양념바베큐/1(맛 선택(매콤맛)),얌얌 넘흐 맛나요 언제 먹어도 꿀맛,5,5,5,5,2019년 1월 26일
154,치킨,강남구 삼성동,코코참숯바베큐-강남점,손님,"참숯양념바베큐/1(맛 선택(매콤맛)),모듬감자튀김/1,치즈떡 추가/1",양념보다는 양념이 더 나은듯 글고 치즈떡 사리 말고 그냥 떡사리는 없나요,4,4,4,4,2019년 1월 25일
155,치킨,강남구 삼성동,코코참숯바베큐-강남점,cy**님,참술순살양념바베큐/1(맛 선택(매콤맛)),최고한달째 먹고있어요  이러다 닭이되면 어쩌지하고 가족들이 걱정해요 ,5,5,5,5,2019년 1월 21일
156,치킨,강남구 삼성동,코코참숯바베큐-강남점,st**님,참술순살양념바베큐/1(맛 선택(보통맛)),요번엔 조금 매웠어요 그래도 늘 만족하는 코코입니다,5,5,5,5,2019년 1월 21일
157,치킨,강남구 삼성동,코코참숯바베큐-강남점,lo**님,참술순살양념바베큐/1(맛 선택(매콤맛)),배달도 빠르고 맛있습니다,5,5,5,5,2019년 1월 21일
158,치킨,강남구 삼성동,코코참숯바베큐-강남점,ji**님,참숯양념바베큐/1(맛 선택(매콤맛)),쏘쏘해요 갠적으루 단맛이 싫어서요,4,4,3,3,2019년 1월 18일
159,치킨,강남구 삼성동,코코참숯바베큐-강남점,cy**님,"참술순살양념바베큐/1(맛 선택(매콤맛)),콜라 500mL/1",오늘또 주문했요 코코참숯 매장한번 가야겠네요 너무맛있어서 중독된거 같아요,5,5,5,5,2019년 1월 16일
160,치킨,강남구 삼성동,코코참숯바베큐-강남점,cy**님,"참술순살양념바베큐/1(맛 선택(매콤맛)),콜라 500mL/1",최고 너무맛나서 일주일에 벌써번째  내배속으로,5,5,5,5,2019년 1월 16일
161,치킨,강남구 삼성동,코코참숯바베큐-강남점,cy**님,"참술순살양념바베큐/1(맛 선택(매콤맛)),콜라 500mL/1",배달 정말빨랐구요 치킨매니아 인데 요거 정말 맛나요 순식간에 다 먹어서 사진을 못찍었어요 중간매운맛 강추입니다,5,5,5,5,2019년 1월 3일
162,치킨,강남구 삼성동,코코참숯바베큐-강남점,손님,참술순살양념바베큐/1(맛 선택(보통맛)),너무 따뜻하고 맛있네요 배달해주시는 분이 여성분이여서 놀랬어요 친절하시고 번창하세요 너무맛나요,5,5,5,5,2018년 12월 30일
163,치킨,강남구 삼성동,코코참숯바베큐-강남점,ho**님,"참술순살양념바베큐/1(맛 선택(보통맛)),맥주 1000cc/1",맥주가 생맥인줄 알았는데 아니였네요,4,4,4,5,2018년 12월 15일
164,치킨,강남구 삼성동,코코참숯바베큐-강남점,st**님,참술순살양념바베큐/1(맛 선택(보통맛)),너무 맛있어서 늘 먹는 메뉴 감사합니당,5,5,5,5,2018년 12월 14일
165,치킨,강남구 삼성동,코코참숯바베큐-강남점,on**님,참숯양념바베큐/1(맛 선택(보통맛)),완전 맛있어요 가격도 착하고 배달 시간도 빠르고,5,5,5,5,2018년 12월 3일
166,치킨,강남구 삼성동,코코참숯바베큐-강남점,손님,"참술순살양념바베큐/1(맛 선택(매콤맛)),치즈떡 추가/1,고구마사리/1",약간 비린내가 나긴 해여 그래도 잘 먹엇습니다,3,3,4,3,2018년 12월 1일
167,치킨,강남구 삼성동,코코참숯바베큐-강남점,st**님,참술순살양념바베큐/1(맛 선택(보통맛)),너무너무너무 맛있음 이건 남은 거 다음날 다시 데워먹어도 맛남,5,5,5,5,2018년 11월 23일
168,치킨,강남구 삼성동,코코참숯바베큐-강남점,wo**님,참숯순살바베큐/1,정말 숫향 별루고 간판보고 시키다 완전 맹탕 너무 맛 없고 포장 허술하고 닭 비림네 나고 평균수준 이하 요기요 배달업체 선정할때 아무 검증장치 안하는건지,1,1,2,1,2018년 11월 18일
169,치킨,강남구 삼성동,코코참숯바베큐-강남점,lo**님,참술순살양념바베큐/1(맛 선택(매콤맛)),배달도 빠르고 맛있어요,5,5,5,5,2018년 11월 13일
170,치킨,강남구 삼성동,코코참숯바베큐-강남점,lj**님,참술순살양념바베큐/1(맛 선택(보통맛)),맛있어요 마노이 파세요,5,5,5,5,2018년 11월 12일
171,치킨,강남구 삼성동,코코참숯바베큐-강남점,손님,참숯순살바베큐/1,먹어본 바베큐 중에 최고인듯여 이틀 연속 시켜먹네요,5,5,5,5,2018년 11월 9일
172,치킨,강남구 삼성동,코코참숯바베큐-강남점,ck**님,참술순살양념바베큐/1(맛 선택(보통맛)),생각보다 매콤했지만 맵찔이인 저에게 맵지 않아서 좋았어요 역시 치킨은 진리 근데 떡이 좀 딱딱한거 같아서 그건 조금 아쉬웠어요 ,5,5,5,5,2018년 11월 9일
173,치킨,강남구 삼성동,코코참숯바베큐-강남점,손님,참술순살양념바베큐/1(맛 선택(매운맛)),맛잇음  새벽에 주문했는데 배달도되고 좋음,3,3,2,2,2018년 11월 8일
174,치킨,강남구 삼성동,코코참숯바베큐-강남점,lo**님,참술순살양념바베큐/1(맛 선택(매콤맛)),배달도 빠르고 맛있어요,5,5,5,5,2018년 11월 5일
175,치킨,강남구 삼성동,코코참숯바베큐-강남점,st**님,참술순살양념바베큐/1(맛 선택(보통맛)),오랜만에 재주문했는데 여전히 최고군요,5,5,5,5,2018년 10월 24일
176,치킨,강남구 삼성동,코코참숯바베큐-강남점,lo**님,"참술순살양념바베큐/1(맛 선택(매콤맛)),사이다（캔）/1",맛있어요 배달도 빨라요,5,5,5,5,2018년 10월 24일
177,치킨,강남구 삼성동,코코참숯바베큐-강남점,oh**님,"참숯순살바베큐/1,모듬감자튀김/1,고구마사리/1",감자튀김도 맛있게 잘 먹었내요,5,5,5,5,2018년 10월 14일
178,치킨,강남구 삼성동,코코참숯바베큐-강남점,oh**님,"돈순이 안심탕수육/1(사이즈 선택(小),소스 선택(갈릭소스)),고구마사리/1",역시 맛있게 잘 먹었습니다,5,5,5,5,2018년 10월 14일
179,치킨,강남구 삼성동,코코참숯바베큐-강남점,js**님,"참숯양념바베큐/1(맛 선택(보통맛)),치즈 추가/1,콜라 1.25L/1",역시 언제나 맛있습니바,5,5,5,5,2018년 10월 5일
180,치킨,강남구 삼성동,코코참숯바베큐-강남점,sm**님,"참술순살양념바베큐/1(맛 선택(매콤맛)),돈순이 안심탕수육/1(사이즈 선택(小),소스 선택(광동소스))",또시켜먹았습니다 탕수육도 너무 맛이있네요 ,5,5,5,5,2018년 9월 29일
181,치킨,강남구 삼성동,코코참숯바베큐-강남점,sm**님,"참술순살양념바베큐/1(맛 선택(매콤맛)),사이다（캔）/1",예전에 먹었던 맛이네요 포장지가 바껴 그런지 좀더 촉촉해진듯 합니다 다시 자주 시켜먹을께요,5,5,5,5,2018년 9월 29일
182,치킨,강남구 삼성동,코코참숯바베큐-강남점,do**님,참술순살양념바베큐/1(맛 선택(매운맛)),전에 단골 처럼 자주자주 먹고 땡겼든 코코참숯 생각 하고 시켰는데 요기가 같은데인지 잘 모르겠네요 포장부터 달르드라구요 박으랑 호일에 장에서 왔는데 이제 플라스틱에 오고 소스는 조금 비슷하긴 한것 같은데 치킨닭살이 예전이랑 질이 낮은것 같아요 예전에 시킨데는 치킨이 참숯바베큐 에 구운 맛 바삭바삭한 맛 있었는데 오늘는 치킨이 촉촉하면서 후라팬에다가 대풍 만든것 같았어요 전에 시킨데 생각이 자꾸 나서 또 시키고싶었고 땡겼었는데 요기 앞으로 또 시킬것 같지않아요,2,2,2,2,2018년 8월 20일
183,치킨,강남구 삼성동,코코참숯바베큐-강남점,손님,"참숯양념바베큐/1(맛 선택(보통맛)),콜라 500mL/1",항상 시킬때마다 느끼는 건데 닭껍질이 다 떨어져나가고 없네요,3,3,3,3,2018년 8월 20일
