﻿,Category,Location,Restaurant,UserID,Menu,Review,Total,Taste,Quantity,Delivery,Date
0,치킨,강남구 삼성동,토마토도시락-아크로힐스논현점,pr**님,"큐브스테이크덮밥/1(메뉴 선택(단품),추가선택(곱빼기로 변경)),야채참치비빔밥 도시락/1(메뉴 선택(단품))",너무 맛있어서 허겁지겁 먹다가 찍느라 사진이 짱 맛있어여 인생비빔밥,5,5,5,5,2021년 7월 24일
1,치킨,강남구 삼성동,토마토도시락-아크로힐스논현점,an**님,"콤보도시락/1(메뉴 선택(단품)),유린기볶음밥 도시락/1(메뉴 선택(단품))",유린기 진짜 맛있게 먹었어요 제 취향에 맞는 눅진한 맛이었어요  도시락이 다 깔끔하게 맛있어서 다 맛있게 먹었어요 배달진짜 빨랐어요,5,5,5,5,2021년 7월 18일
2,치킨,강남구 삼성동,토마토도시락-아크로힐스논현점,yo**님,"치킨마요 도시락/3(메뉴 선택(단품)),치떡세트 （떡볶이＋치킨＋케이준감자）/1",유명한 도시락집 치킨마요 보다 맛있습니다 다만 배달은 엄청 느렸습니다,4,5,5,1,2021년 7월 16일
3,치킨,강남구 삼성동,토마토도시락-아크로힐스논현점,ch**님,수제함박정식도시락/2(메뉴 선택(세트（4종반찬）)),총알배송이라 뜨뜻하게 잘 먹었습니다,5,5,5,5,2021년 6월 27일
4,치킨,강남구 삼성동,토마토도시락-아크로힐스논현점,ps**님,"떡닭갈비도시락/1(메뉴 선택(세트（4종반찬）),토핑 추가선택(계란후라이（1개）추가),추가선택(곱빼기로 변경)),교자만두/1",빠른 배달에 양도 많고 좋았어요 떡갈비를 주문했는데 닭갈비가 와서 좀 당황했어요 그래도 맛있어서 만족해요 담엔 주문대로 왔으면 해요,5,5,5,5,2021년 6월 12일
5,치킨,강남구 삼성동,토마토도시락-아크로힐스논현점,ch**님,소불튀김도시락/2(메뉴 선택(세트（4종반찬）)),작게나마 동영양지원에 동참하고자 선택한 메뉴 반찬이 많아서 애들이 좋아할듯,5,5,5,5,2021년 6월 6일
6,치킨,강남구 삼성동,토마토도시락-아크로힐스논현점,ch**님,만찬도시락 （제철국 ＋ 백반 포함）/1(메뉴 선택(단품)),음식을 보자마자 홀인듯 흡입하느라 사진찍는거 잊어버려서 또 예전사진 올립니다 항상 총알 배송해주셔셔 따끈따끈하게 잘 먹습니다,5,5,5,5,2021년 5월 19일
7,치킨,강남구 삼성동,토마토도시락-아크로힐스논현점,ss**님,진수성찬 도시락 /1(메뉴 선택(세트（4종반찬）)),기대한것만큼은 아니였다인스턴트음식을 너무 마니 사용했네요건강식이였음 합니다편의점도시락과 다를바가없네요가격은 넘 비싼편이구요다시는 배달 안할꺼같네요,3,3,5,5,2021년 5월 5일
8,치킨,강남구 삼성동,토마토도시락-아크로힐스논현점,ch**님,한상차림 도시락 /3(메뉴 선택(단품)),사진찍는거 까먹어서 전에 주문했던걸로 올렸어요 종반찬 품절이여서 반찬많은게 뭘까 고민하다 한상주문했는데 오이냉국도 들어있어서 좋았어요 담부터 한상주문할래요,5,5,5,5,2021년 5월 2일
9,치킨,강남구 삼성동,토마토도시락-아크로힐스논현점,ch**님,"소불고기도시락/1(메뉴 선택(세트（4종반찬）),토핑 추가선택(크리스피치킨（2조각）추가,계란후라이（1개）추가))",이것저것 추가해서 맛있게 잘 먹었어요,5,5,5,5,2021년 4월 25일
10,치킨,강남구 삼성동,토마토도시락-아크로힐스논현점,ph**님,"큐브스테이크덮밥/1(메뉴 선택(단품),추가선택(볶음김치 추가)),코다리강정반찬/1",배달빠르고 잘먹었어요 근데 간단한 국물하나 있으면 좋겠더라고용,5,5,5,5,2021년 4월 12일
11,치킨,강남구 삼성동,토마토도시락-아크로힐스논현점,ek**님,"떡닭갈비도시락/1(메뉴 선택(단품)),마늘보쌈도시락/1(메뉴 선택(단품))",닭갈비 볶음이 매콤매콤하니 맛있네요,5,5,5,5,2021년 4월 2일
12,치킨,강남구 삼성동,토마토도시락-아크로힐스논현점,ja**님,"사천탕수볶음밥 도시락/1(메뉴 선택(세트（케이준감자튀김＋콜라245mL）)),고로케 2조각/1",무난하게 좋았고 특히 고로케 생각보다 맛있었어요 참 기름기있는 음식에 회용케찹을 함께 넣는것보다 음식 밖으로 케찹 담아주셨으면해요 케찹 뜯을때 손에 기름 묻어서요 ,5,5,5,5,2021년 4월 2일
13,치킨,강남구 삼성동,토마토도시락-아크로힐스논현점,ch**님,"제육볶음도시락/1(메뉴 선택(세트（4종반찬）)),국물떡볶이/1",오늘따라 제육이 푸짐하고 맛있었어요,5,5,5,5,2021년 3월 14일
14,치킨,강남구 삼성동,토마토도시락-아크로힐스논현점,na**님,"만찬도시락/1(메뉴 선택(단품)),소불고기도시락/1(메뉴 선택(단품))",엄청 빠르게 받고 맛있게 잘 먹었어요,5,5,5,5,2021년 2월 20일
15,치킨,강남구 삼성동,토마토도시락-아크로힐스논현점,jj**님,"떡닭갈비도시락/1(메뉴 선택(단품)),콤보도시락/1(메뉴 선택(단품),토핑 추가선택(새우튀김（1개）추가)),교자만두/1,고로케 2조각/1",오늘의 선택은 아주 나이스,5,5,5,5,2021년 2월 18일
16,치킨,강남구 삼성동,토마토도시락-아크로힐스논현점,ch**님,"제육볶음도시락/1(메뉴 선택(세트（4종반찬）)),치즈국물떡볶이/1(메뉴 선택(국물떡볶이))",맛 괜찮아요떡볶이도 맛있었어요,5,5,5,5,2021년 2월 15일
17,치킨,강남구 삼성동,토마토도시락-아크로힐스논현점,jj**님,"인기스타 도시락/2(메뉴 선택(단품)),데리와퍼치킨 도시락/1(메뉴 선택(단품),추가선택(볶음김치 추가,청양고추 추가,곱빼기로 변경))",엉엉 나는 흑우였읍니다 음머어어어어 곱빼기가 밥만 곱빼긴줄몰랐네 그래서 너무 밍밍했음 김치로도 커버 불가능 흑,4,3,4,5,2021년 2월 15일
18,치킨,강남구 삼성동,토마토도시락-아크로힐스논현점,jj**님,"불고기 비빔밥 도시락/1(메뉴 선택(단품)),콤보도시락/1(메뉴 선택(단품)),짝1호 도시락/1(메뉴 선택(단품))",토마토마토마토마토도시락,5,5,5,5,2021년 2월 6일
19,치킨,강남구 삼성동,토마토도시락-아크로힐스논현점,ch**님,한상차림 도시락/1(메뉴 선택(세트（4종반찬）)),항상 배달 빠르고 맛도 좋아요,5,5,5,5,2021년 2월 5일
20,치킨,강남구 삼성동,토마토도시락-아크로힐스논현점,tw**님,만찬도시락/1(메뉴 선택(단품)),다 식어서 왔는데 맛까지 별로임,3,3,3,3,2021년 2월 5일
21,치킨,강남구 삼성동,토마토도시락-아크로힐스논현점,sw**님,"데리와퍼치킨 도시락/1(메뉴 선택(세트（케이준감자튀김＋콜라245mL）)),마늘보쌈도시락/1(메뉴 선택(단품))",양 진짜 많아요 도저히 다 못먹어서 먹다 남겼습니다 맛은 먹을만하고요 배달비와 양 고려했을때 가성비 좋아요 다음에 또 시켜먹을 의향있습니다 그리고 감튀랑콜라 세트로 시킬 수 있는거 좋은 아이디어 같아요 참 배달이 분으로 되어있는데 분정도 걸린것 같아요 생각만큼 느리지 않습니다 추천해요,5,5,5,5,2021년 1월 15일
22,치킨,강남구 삼성동,토마토도시락-아크로힐스논현점,sk**님,"만찬도시락/1(메뉴 선택(단품),토핑 추가선택(크리스피치킨（2조각）추가)),콜라 245mL/2",도시락치고 여기 좋아요,5,5,5,5,2021년 1월 12일
23,치킨,강남구 삼성동,토마토도시락-아크로힐스논현점,is**님,인기스타 도시락/2(메뉴 선택(단품)),칠리셋트도 먹어봤는데 역시 인기스타가 제일 좋은거 같아요,4,4,5,3,2021년 1월 11일
24,치킨,강남구 삼성동,토마토도시락-아크로힐스논현점,hy**님,"제육볶음도시락/1(메뉴 선택(단품),추가선택(곱빼기로 변경)),소불고기도시락/1(메뉴 선택(세트（4종반찬）),추가선택(곱빼기로 변경)),돈까스반찬/1",구반찬이 한 몫을 단단히 하네요 맛있게 먹고 있습니다 다만 시간적 여유를 가지고 시키셔야합니다,5,5,5,5,2020년 12월 31일
25,치킨,강남구 삼성동,토마토도시락-아크로힐스논현점,ho**님,"삼겹매콤와퍼 도시락/1(메뉴 선택(단품),추가선택(곱빼기로 변경)),삼겹매콤마요 도시락/11(메뉴 선택(단품),토핑 추가선택(계란후라이（1개）추가))",맛있음 양은 가격싼만큼 어쩔수없음 배달비싸서 좋아용,5,5,4,5,2020년 12월 28일
26,치킨,강남구 삼성동,토마토도시락-아크로힐스논현점,ch**님,제육볶음도시락/2(메뉴 선택(세트（4종반찬）)),자주 주문하는데 항상 배송 빠르고 맛도 좋아요,5,5,5,5,2020년 12월 25일
27,치킨,강남구 삼성동,토마토도시락-아크로힐스논현점,ch**님,제육볶음도시락/2(메뉴 선택(세트（4종반찬）)),구성 괜찮아요 배달빨라요,5,5,5,5,2020년 12월 20일
28,치킨,강남구 삼성동,토마토도시락-아크로힐스논현점,ja**님,"코다리 소불고기 도시락/1(메뉴 선택(세트（4종반찬）)),코다리 제육 도시락/3(메뉴 선택(세트（4종반찬）))",분 걸린다고 하더니 자꾸 늦어져 시간 걸려 왔습니다 넘 심하네요,3,4,4,1,2020년 12월 17일
29,치킨,강남구 삼성동,토마토도시락-아크로힐스논현점,wp**님,"인기스타 도시락/8(메뉴 선택(단품),토핑 추가선택(제육볶음（60g）추가,계란후라이（1개）추가),추가선택(곱빼기로 변경))",양도많고 맛있게 먹었습니다,5,5,5,5,2020년 12월 17일
30,치킨,강남구 삼성동,토마토도시락-아크로힐스논현점,nu**님,"불맛땡초치킨 도시락/1(메뉴 선택(단품),토핑 추가선택(제육볶음（60g）추가,크리스피치킨（2조각）추가,햄버그（1개）추가),추가선택(청양고추 추가,곱빼기로 변경)),만찬도시락/1(메뉴 선택(단품),토핑 추가선택(돈까스（1개）추가,햄버그（1개）추가,계란후라이（1개）추가),추가선택(곱빼기로 변경)),한상차림 도시락/1(메뉴 선택(단품),추가선택(곱빼기로 변경))",두번째 먹는데 양도 많고 맛있어요,5,5,5,5,2020년 12월 14일
31,치킨,강남구 삼성동,토마토도시락-아크로힐스논현점,nu**님,"인기스타 도시락/1(메뉴 선택(세트（케이준감자튀김＋콜라245mL）),토핑 추가선택(제육볶음（60g）추가,돈불고기（60g）추가,돈까스（1개）추가,햄버그（1개）추가,삼겹살（60g）추가,계란후라이（1개）추가),추가선택(곱빼기로 변경)),진수성찬 도시락/1(메뉴 선택(단품),추가선택(곱빼기로 변경))",양도 많았고 맛있었어요 도시락 먹고 싶을때 또 시킬게요,5,5,5,5,2020년 12월 4일
32,치킨,강남구 삼성동,토마토도시락-아크로힐스논현점,cb**님,"인기스타 도시락/4(메뉴 선택(단품),토핑 추가선택(계란후라이（1개）추가),추가선택(곱빼기로 변경))",국이 없어 아쉽네요 다른곳에서는 써비스인디 아쉽네요 아무튼 잘 먹었어요,5,4,5,4,2020년 12월 3일
33,치킨,강남구 삼성동,토마토도시락-아크로힐스논현점,se**님,인기스타 도시락/3(메뉴 선택(세트（4종반찬）)),배달이 너무 느렸어요 분이나 기다렸네요,3,3,3,1,2020년 11월 30일
34,치킨,강남구 삼성동,토마토도시락-아크로힐스논현점,dl**님,"만찬도시락/1(메뉴 선택(단품)),김치제육와퍼 도시락/1(메뉴 선택(단품)),치떡세트（치킨＋만두＋떡볶이）/1,모듬튀김/1,크림치즈볼 4개/1",완벽 맛과 양과 신속한 배달까지,5,5,5,5,2020년 11월 27일
35,치킨,강남구 삼성동,토마토도시락-아크로힐스논현점,cn**님,"한상차림 도시락/1(메뉴 선택(단품)),치킨마요 도시락/1(메뉴 선택(단품),추가선택(곱빼기로 변경))",고기인지 김치인지 국물이 좀 많이새서 사진을 못찍었네요 맛있었어요 치킨마용 양 넉넉해서좋았습니당,5,5,5,3,2020년 11월 24일
36,치킨,강남구 삼성동,토마토도시락-아크로힐스논현점,yo**님,"제육볶음도시락/2(메뉴 선택(세트（4종반찬）)),소불고기도시락/3(메뉴 선택(세트（4종반찬）))",배달 빨라요 맛도 좋아요,5,5,5,5,2020년 11월 20일
37,치킨,강남구 삼성동,토마토도시락-아크로힐스논현점,ch**님,소불고기도시락/1(메뉴 선택(세트（4종반찬）)),대체적으로 메뉴가 괜찮은 편이고 배송이 빨라요,5,5,5,5,2020년 10월 25일
38,치킨,강남구 삼성동,토마토도시락-아크로힐스논현점,ch**님,"소불고기도시락/1(메뉴 선택(세트（4종반찬）)),케이준감자/1",주말 근무할때면 꼭 주문하는 곳 총알배달해줘서 완전 뜨끈끄끈하게 잘 먹었어요,5,5,5,5,2020년 10월 3일
39,치킨,강남구 삼성동,토마토도시락-아크로힐스논현점,za**님,"김치제육와퍼 도시락/1(메뉴 선택(단품)),마늘보쌈도시락/1(메뉴 선택(단품)),짝1호 도시락/1(메뉴 선택(단품)),짝3호 도시락/1(메뉴 선택(단품)),치즈국물떡볶이/1(메뉴 선택(치즈국물떡볶이))",두번째 주문해보는 토마토도시락입니다 배달 예상시간보다 빨리와서 만족했구요 김치제육은 김치가 약간은 달긴하지만 섞어먹으면 괜찮았습니다 오여기 제육 맛집인거같아요 고기가 아주 양념이 잘베어있습니다 다음에 또 시켜먹을게요,4,4,4,5,2020년 9월 30일
40,치킨,강남구 삼성동,토마토도시락-아크로힐스논현점,wn**님,"삼겹매콤와퍼 도시락/1(메뉴 선택(단품)),콤보도시락/1(메뉴 선택(단품))",갠찮아요 단골될거가타여,5,5,5,5,2020년 9월 12일
41,치킨,강남구 삼성동,토마토도시락-아크로힐스논현점,ch**님,제육볶음도시락/2(메뉴 선택(세트（4종반찬）)),언제나 총알배송 맛있게 잘 먹었어요,5,5,5,5,2020년 9월 6일
42,치킨,강남구 삼성동,토마토도시락-아크로힐스논현점,jj**님,"코다리 강정 도시락/1(메뉴 선택(단품)),야채참치비빔밥 도시락/1(메뉴 선택(단품)),콤보도시락/2(메뉴 선택(단품)),마늘간장치킨도시락/1(메뉴 선택(세트（4종반찬）)),수제함박반찬/1,돈까스반찬/1",회사에서 매일 시켜먹고 있는데 파티가 점점 증가하고 있어요 가성비 갑,5,5,5,5,2020년 8월 25일
43,치킨,강남구 삼성동,토마토도시락-아크로힐스논현점,ne**님,"데리와퍼치킨 도시락/1(메뉴 선택(단품)),유린기볶음밥 도시락/1(메뉴 선택(단품)),치킨커리 도시락/1(메뉴 선택(단품)),돈불새우튀김도시락/1(메뉴 선택(단품))",맛 괜찮 배달 빠름 양 아쉽,4,4,3,4,2020년 8월 9일
44,치킨,강남구 삼성동,토마토도시락-아크로힐스논현점,ch**님,"인기스타 도시락/2(메뉴 선택(단품),토핑 추가선택(제육볶음（60g）추가,크리스피치킨（2조각）추가),추가선택(곱빼기로 변경))",깔끔한포장과 맛도 일품입니다 벌써 번째 주문이네요,5,5,5,5,2020년 7월 29일
45,치킨,강남구 삼성동,토마토도시락-아크로힐스논현점,na**님,한상차림 도시락/2(메뉴 선택(단품)),지난 번에 시켜먹고 괜찮아서 또 시켰어요 맛있게 잘 먹었어요,5,5,5,5,2020년 7월 27일
46,치킨,강남구 삼성동,토마토도시락-아크로힐스논현점,tm**님,"짝7호（소불＋제육）도시락/1(메뉴 선택(단품)),인기스타 도시락/4(메뉴 선택(단품)),돈치와퍼 도시락/1(메뉴 선택(단품)),삼겹매콤와퍼 도시락/1(메뉴 선택(단품))",배달  어떻게 가지고오셨는지 봉투안에 국물이랑 다샜네요  신나는 일 있으셨나 봐요,4,5,5,1,2020년 7월 25일
47,치킨,강남구 삼성동,토마토도시락-아크로힐스논현점,th**님,"인기스타 도시락/1(메뉴 선택(단품)),짝3호 도시락/1(메뉴 선택(단품))",비와서 배달이 많이 늦었네요 양 적당하고 맛도 괜찮아요 맛있게 잘 먹었습니다,4,4,4,4,2020년 7월 23일
48,치킨,강남구 삼성동,토마토도시락-아크로힐스논현점,na**님,진수성찬 도시락/2(메뉴 선택(단품)),맛있게 잘 먹었어요 돈까스 밑에 스파게티 면이 조금 들어있었는데 원래 들어있는게 맞나요 뭔가 밑에 숨겨진 채 조금 들어있어서 긴가민가 했어요 칠리소스 하나밖에 없는게 조금 아쉽긴 했는데 돈까스랑 새우튀김에 다 잘 어울려서 잘 먹었습니다,5,5,5,5,2020년 7월 20일
49,치킨,강남구 삼성동,토마토도시락-아크로힐스논현점,tl**님,"치킨마요 도시락/1(메뉴 선택(단품),토핑 추가선택(크리스피치킨（2조각）추가),추가선택(곱빼기로 변경)),강된장 제육 비빔밥 도시락/1(메뉴 선택(단품))",어제 시켰었는데 원래 강된장비빔밥에 소스 없이 주나요 예전에 먹었을 땐 소스가 있었는데 어제 줄 땐 없더라구요,3,3,3,1,2020년 7월 9일
50,치킨,강남구 삼성동,토마토도시락-아크로힐스논현점,ch**님,한상차림 도시락/1(메뉴 선택(세트（4종반찬）)),반찬이 다양해서 좋았어요,5,5,5,5,2020년 7월 5일
51,치킨,강남구 삼성동,토마토도시락-아크로힐스논현점,ma**님,"인기스타 도시락/1(메뉴 선택(단품)),짝1호 도시락/1(메뉴 선택(단품))",간단하게 먹기엔 괜찮은거 같습니다,4,4,4,5,2020년 6월 9일
52,치킨,강남구 삼성동,토마토도시락-아크로힐스논현점,ch**님,짝7호（소불＋제육）도시락/4(메뉴 선택(세트（4종반찬）)),예전사진으로 대체합니다 제육불고기 반반했는데 좋았어요 배송은 엄청 빠름,5,5,5,5,2020년 6월 7일
53,치킨,강남구 삼성동,토마토도시락-아크로힐스논현점,ki**님,"코다리 제육 도시락/1(메뉴 선택(단품)),불고기 비빔밥 도시락/1(메뉴 선택(단품))",늘 좋아요 고민없이 여기에요,5,5,5,5,2020년 6월 6일
54,치킨,강남구 삼성동,토마토도시락-아크로힐스논현점,ki**님,"콤보도시락/1(메뉴 선택(단품)),코다리강정반찬/1,제육볶음반찬/1",몇번째 주문인지 셀수도 없음 맛있고 간편 모르겠다 싶을때 그냥 여깁니다,5,5,5,5,2020년 6월 1일
55,치킨,강남구 삼성동,토마토도시락-아크로힐스논현점,ki**님,"새우콤보 도시락/1(메뉴 선택(단품)),인기스타 도시락/2(메뉴 선택(단품))",반찬 종류를 조금 추가해도 좋을듯,3,3,4,4,2020년 5월 24일
56,치킨,강남구 삼성동,토마토도시락-아크로힐스논현점,an**님,"데리와퍼치킨 도시락/1(메뉴 선택(단품),토핑 추가선택(새우튀김（1개）추가)),치킨마요 도시락/1(메뉴 선택(단품),토핑 추가선택(햄버그（1개）추가)),짝1호 도시락/1(메뉴 선택(세트（4종반찬）),토핑 추가선택(크리스피치킨（2조각）추가))",맛있어영 배달도 빨랏어요,5,5,5,5,2020년 5월 15일
57,치킨,강남구 삼성동,토마토도시락-아크로힐스논현점,ch**님,제육볶음도시락/3(메뉴 선택(세트（4종반찬）)),구성괜찮습니다 배송이 엄청 빨라요,5,5,5,5,2020년 5월 3일
58,치킨,강남구 삼성동,토마토도시락-아크로힐스논현점,be**님,"코다리 소불고기 도시락/1(메뉴 선택(단품)),묵은지김치찌개 도시락/1(메뉴 선택(단품))",좋아요 좋아요 좋아요 좋아요,4,4,4,4,2020년 4월 22일
59,치킨,강남구 삼성동,토마토도시락-아크로힐스논현점,cy**님,"데리와퍼치킨 도시락/2(메뉴 선택(단품)),불고기 비빔밥 도시락/1(메뉴 선택(단품)),강된장 제육 비빔밥 도시락/1(메뉴 선택(단품)),야채참치비빔밥 도시락/1(메뉴 선택(단품))",너무 맛있습니다 회사 동료들과 시켜먹었는데 양이 많고 맛도 있어서 다들 반응이 좋습니다,5,5,5,5,2020년 3월 30일
60,치킨,강남구 삼성동,토마토도시락-아크로힐스논현점,in**님,"코다리 소불고기 도시락/1(메뉴 선택(단품),토핑 추가선택(제육볶음（60g）추가)),코다리 소불고기 도시락/1(메뉴 선택(단품))",맛있어요 맛있어요 맛있어요 맛있어요,4,3,4,3,2020년 3월 19일
61,치킨,강남구 삼성동,토마토도시락-아크로힐스논현점,za**님,"인기스타 도시락/1(메뉴 선택(단품)),짝1호 도시락/1(메뉴 선택(단품))",제육볶음은 꼭추가해야겠네요,5,5,5,5,2020년 3월 18일
62,치킨,강남구 삼성동,토마토도시락-아크로힐스논현점,ki**님,"제육볶음도시락/1(메뉴 선택(단품)),짝5호 도시락/1(메뉴 선택(단품),토핑 추가선택(돈까스（1개）추가)),군만두/1",제육 양이 다른때보다 적어서 아쉬웠어요 그래도 맛있게 늘 잘먹고있어요,5,5,5,5,2020년 3월 5일
63,치킨,강남구 삼성동,토마토도시락-아크로힐스논현점,ki**님,"김치제육와퍼 도시락/1(메뉴 선택(단품)),짝5호 도시락/1(메뉴 선택(단품),토핑 추가선택(햄버그（1개）추가))",맛있어요 늘 주문하고 있어요,5,5,5,5,2020년 2월 26일
64,치킨,강남구 삼성동,토마토도시락-아크로힐스논현점,do**님,"돈까스커리 도시락/1(메뉴 선택(단품),추가선택(볶음김치 추가)),짝1호 도시락/1(메뉴 선택(단품),추가선택(김치 추가))",제육 불맛나고 카레도 인도향 나고 맛나요 후회하지 않는 집이지만 제육에서 단단한 뼈가 나와서 이빨 아파요 돌씹은줄 오돌뼈가 아니여요  아파서 별 두개씩 뺐어요,5,3,3,3,2020년 2월 21일
65,치킨,강남구 삼성동,토마토도시락-아크로힐스논현점,ki**님,"제육볶음도시락/1(메뉴 선택(단품)),짝5호 도시락/1(메뉴 선택(단품),토핑 추가선택(돈까스（1개）추가))",번째 먹는거에요 가성비도 좋고 맛도 좋네요 시키는 메뉴마다 다 맛있어요,5,5,5,5,2020년 2월 21일
66,치킨,강남구 삼성동,토마토도시락-아크로힐스논현점,ki**님,"진수성찬 도시락/1(메뉴 선택(단품)),김치제육와퍼 도시락/1(메뉴 선택(단품))",맛있어요 또 시켜먹을거에요,5,5,5,5,2020년 2월 6일
67,치킨,강남구 삼성동,토마토도시락-아크로힐스논현점,po**님,"돈까스커리 도시락/1(메뉴 선택(단품),토핑 추가선택(제육볶음（60g）추가,돈불고기（60g）추가,돈까스（1개）추가,크리스피치킨（2조각）추가,햄버그（1개）추가))",맛있게 잘먹었어요 또시켜먹을께요,5,5,5,5,2020년 2월 2일
68,치킨,강남구 삼성동,토마토도시락-아크로힐스논현점,h-**님,"짝5호 도시락/1(메뉴 선택(단품),토핑 추가선택(햄버그（1개）추가)),크리스피치킨/1(사이즈 선택(小)),콜라 245mL/1",포장도 깔끔하고 배달도 빨랐어요 맛있게 잘먹었습니다 ,4,4,4,5,2020년 1월 15일
69,치킨,강남구 삼성동,토마토도시락-아크로힐스논현점,ma**님,"만찬도시락/1(메뉴 선택(단품),추가선택(볶음김치 추가,청양고추 추가)),고로케 2조각/1",무난하게 푸짐하고 양많은 도시락이었네요,5,4,5,5,2019년 12월 22일
70,치킨,강남구 삼성동,토마토도시락-아크로힐스논현점,yi**님,"인기스타 도시락/1(메뉴 선택(단품)),코다리 소불고기 도시락/1(메뉴 선택(단품)),유린기볶음밥 도시락/1(메뉴 선택(단품)),콤보반찬/1",맛있어요 잘 먹었습니다,5,5,5,5,2019년 12월 18일
