﻿,Category,Location,Restaurant,UserID,Menu,Review,Total,Taste,Quantity,Delivery,Date
0,치킨,강남구 삼성동,페리카나-강남구청점,na**님,순살매운맛반＋순살후라이드반/1,튀김옷이 바삭해서 넘 맛있었어요 앉은자리에서 가족끼리 뚝딱,5,5,5,5,18시간 전
1,치킨,강남구 삼성동,페리카나-강남구청점,pi**님,양념치킨/1,맛있어요 애들이 정말 잘막어요,5,5,5,5,2021년 7월 21일
2,치킨,강남구 삼성동,페리카나-강남구청점,ui**님,1세트（순살양념치킨＋순살후라이드＋콜라1.25L）/1,진짜  맛있다 내가준 페리카나가 교보다 맛있음,5,5,5,5,2021년 7월 18일
3,치킨,강남구 삼성동,페리카나-강남구청점,la**님,반반치킨/1,페리카나 치킨이 찾아왔어요 정말 맛있는 치킨이 찾아왔어요 예전 생각 나는 맛이었어요,5,5,5,5,2021년 7월 17일
4,치킨,강남구 삼성동,페리카나-강남구청점,sh**님,반반치킨/1,잘 먹었어요 근데 다음부터는 문을 세게 두드리지 마세요,4,5,5,4,2021년 7월 17일
5,치킨,강남구 삼성동,페리카나-강남구청점,ho**님,양념치킨/1,맛있어요 또 시켜먹을게요,5,5,5,5,2021년 7월 16일
6,치킨,강남구 삼성동,페리카나-강남구청점,ko**님,두마리치킨（후라이드치킨＋양념치킨＋콜라1.25L）/1(후라이드 치킨 변경(변경안함（후라이드）)),치킨 넉넉하니 좋네요 ,5,4,5,5,2021년 7월 15일
7,치킨,강남구 삼성동,페리카나-강남구청점,sc**님,"꼬들목/2,후라이드치킨/1",오늘은 튀김옷이 너무 두꺼웟어요 그래도 역시 치킨은,5,5,5,5,2021년 7월 12일
8,치킨,강남구 삼성동,페리카나-강남구청점,mo**님,"순살양념치킨/1,콜라 1.25L/1",페리카나 는 역시 강남구청점,5,5,5,5,2021년 7월 11일
9,치킨,강남구 삼성동,페리카나-강남구청점,tk**님,반반치킨/1,바삭거리고 닭이 신선해서 그런지 냄새도 안나고 넘 맛있네요  떡도 넘 맛있습니당,5,5,5,4,2021년 7월 8일
10,치킨,강남구 삼성동,페리카나-강남구청점,jh**님,순살양념치킨/1,박삭하게 빨리 배달왔어요,5,4,4,4,2021년 6월 28일
11,치킨,강남구 삼성동,페리카나-강남구청점,hw**님,반반치킨/1,뜨겁게 튀겨주셔서 맛있더라구요,4,4,5,4,2021년 6월 27일
12,치킨,강남구 삼성동,페리카나-강남구청점,ja**님,반반치킨/1,주일에 한번씩 시켜 먹는 페리카나 정말 맛있어요,5,5,4,4,2021년 6월 25일
13,치킨,강남구 삼성동,페리카나-강남구청점,hy**님,순살양념치킨/1,양념 순살 시켰는데 겉바속촉 장난 아니네요 확실히 다른 지점보다 맛있어요,5,5,5,5,2021년 6월 23일
14,치킨,강남구 삼성동,페리카나-강남구청점,du**님,반반치킨/1,제가 먹어본 페리카나 치킨중에 여기가 제일 맛있어요 믿고 드세요,5,5,5,5,2021년 6월 13일
15,치킨,강남구 삼성동,페리카나-강남구청점,kj**님,"반반치킨/1,콜라 1.25L/1",진짜 강남구청점 맛있네요,5,5,5,5,2021년 6월 12일
16,치킨,강남구 삼성동,페리카나-강남구청점,ri**님,두마리치킨（후라이드치킨＋양념치킨＋콜라1.25L）/1(후라이드 치킨 변경(변경안함（후라이드）)),후라이드 마리 양념 마리 마리 세트 푸짐합니다,5,5,5,5,2021년 6월 6일
17,치킨,강남구 삼성동,페리카나-강남구청점,ig**님,양념치킨/1,배달이 빠르긴 했으나 요청사항은 가볍게 다 무시해버리네요 음 다른 분들 리뷰 충분히 참고하고 시켰는데 문 두드리고 벨 누르는 건 습관인가봐요 분명 요청사항에도 적었는데 문 두드리거나 벨 누르지 마시고 그냥 두고 가시라고 젓가락 꼭 달라 요청했는데 젓가락도 없고 치킨은 나무젓가락으로 집어야 먹기가 편한데 뭐 이거야 아예 제공이 안 되는 부분이라면 어쩔 수 없지만 배달매너는 좀 지키셔야 할 듯요 마지막으로 맛 평범한 양념치킨 맛이에요 조각이 커서 저는 좀 징그러운데 이게 좋은 분들도 있겠죠,3,3,4,3,2021년 6월 6일
18,치킨,강남구 삼성동,페리카나-강남구청점,sk**님,반반치킨/1,맛있게 배달 빠르게 잘 먹었습니다,5,5,5,5,2021년 6월 5일
19,치킨,강남구 삼성동,페리카나-강남구청점,dw**님,반반치킨/1,아이들과 맛잇게 먹었습니다,5,5,5,5,2021년 5월 31일
20,치킨,강남구 삼성동,페리카나-강남구청점,cs**님,두마리치킨（후라이드치킨＋양념치킨＋콜라1.25L）/1(후라이드 치킨 변경(변경안함（후라이드）)),여기 페리카나는 전국탑이라고 해도 과언아님 단한번도 맛의기복이 없는집은 이집뿐 다 같은 페리카나가 아니에요 배달인데도 항상 신선하고 따뜻한상태로 먹을수 있는집,5,5,5,4,2021년 5월 28일
21,치킨,강남구 삼성동,페리카나-강남구청점,na**님,"꼬들목/1,츄러스치즈볼 5개/1,감자튀김/1",꼬들목맛나요 잘먹엇습니다,5,5,5,5,2021년 5월 26일
22,치킨,강남구 삼성동,페리카나-강남구청점,my**님,양념치킨/1,신속배달 해주셧고 맛도 점 만점에 점 줄만합니다,5,5,5,5,2021년 5월 19일
23,치킨,강남구 삼성동,페리카나-강남구청점,le**님,반반치킨/1,아웅 또 먹고 사진찍기  이번엔 꼭 그렇게 해야지 다짐하면서 기다렸는데 받자마자 나의 기억은 저 안드로메다로 날라가 버렸네요 다음엔 진짜 완벽한 사진찍기 도전 양념치킨은 무조건 페리카네 입니다 맛있게 먹었어요,5,5,5,5,2021년 5월 17일
24,치킨,강남구 삼성동,페리카나-강남구청점,ko**님,"반반치킨/1,콜라 1.25L/1",추억의 양념치킨 어릴때 먹던 맛 그대로에요 잘먹었습니다,5,5,5,5,2021년 5월 2일
25,치킨,강남구 삼성동,페리카나-강남구청점,eu**님,3세트（순살양념치킨＋순살간장치킨＋콜라1.25L）/1,오랜만에 먹었는데 좀 실망스러웠어요 퍽퍽한 가슴살 싫어해서 일부러 뼈 안시키고 순살로 시킨컨데 이상이 퍽퍽한 가슴살 전에는 안그랬던 것 같은데 그리고 간장맛은 교이랑 너무 비교가 돼서 말이죠 어쨌든 아쉬운 주문 이었어요,1,1,1,,2021년 5월 1일
26,치킨,강남구 삼성동,페리카나-강남구청점,si**님,후라이드치킨/1,페리카나 말해뭐해 진짜 감동인건 친구들이랑 따뜻하게 같이먹으려고 시간지정해서 배달 부탁드렸는데 타이밍 완전딱 맞춰 오셨어요 너무 감사해요 덕분에 매장에서 갓튀긴 치킨먹는 느낌으로 따땃하고 바삭한치킨 맛나게먹었어요 너무 맛있었습니다 최고 최고 최고,5,5,5,5,2021년 4월 29일
27,치킨,강남구 삼성동,페리카나-강남구청점,l1**님,양념치킨/1,빨리 도착했고 양념 맛도 좋습니다 서비스 목살도 잘 먹었습니다,5,5,5,5,2021년 4월 29일
28,치킨,강남구 삼성동,페리카나-강남구청점,la**님,반반치킨/1,맛있어요 가족들도 좋아하네요,5,5,5,5,2021년 4월 29일
29,치킨,강남구 삼성동,페리카나-강남구청점,he**님,반반치킨/1,이번 치킨은 더 바삭하고 맛있었네요 ,5,5,5,5,2021년 4월 24일
30,치킨,강남구 삼성동,페리카나-강남구청점,id**님,순살양념치킨/1,여기 순살은 퍽퍽살 비중이 너무 높아요 몇조각 빼고 다 퍽퍽한 거였어요 여타 지점하고 편차가 좀 있는거 같습니다,4,3,4,4,2021년 4월 6일
31,치킨,강남구 삼성동,페리카나-강남구청점,ge**님,순살양념치킨/1,페리카나 치킨이 찾아왔어요,5,5,5,5,2021년 4월 6일
32,치킨,강남구 삼성동,페리카나-강남구청점,he**님,반반치킨/1,크 어릴때 먹던 그 맛 그대로였습니다 페리카나치킨이찾아왔어요,5,5,5,5,2021년 4월 6일
33,치킨,강남구 삼성동,페리카나-강남구청점,di**님,양념치킨/1,양념치킨동네에서최고맛있는집,5,5,5,5,2021년 4월 2일
34,치킨,강남구 삼성동,페리카나-강남구청점,ba**님,반반치킨/1,다음에는 배달용기 뚜껑 살짝 열어주세요 후라이드 눅눅해질수 있으니깐요,5,5,5,5,2021년 3월 31일
35,치킨,강남구 삼성동,페리카나-강남구청점,cu**님,두마리치킨（후라이드치킨＋양념치킨＋콜라1.25L）/1(후라이드 치킨 변경(변경안함（후라이드）)),양도 넉넉하고 맛있습니다,5,5,5,5,2021년 3월 31일
36,치킨,강남구 삼성동,페리카나-강남구청점,li**님,두마리치킨（후라이드치킨＋양념치킨＋콜라1.25L）/1(후라이드 치킨 변경(변경안함（후라이드）)),넘나 맛있게 잘 먹었습니다 배달도 생각보다 엄청 빨랐어요,5,4,5,5,2021년 3월 30일
37,치킨,강남구 삼성동,페리카나-강남구청점,99**님,양념치킨/1,다 좋은데 끝맛이 약간 쓴 맛이 있는데 무엇 때문일까요 그냥 궁금해서,5,5,5,5,2021년 3월 30일
38,치킨,강남구 삼성동,페리카나-강남구청점,mi**님,양념치킨/1,문앞에두고 문자달랬는데 늦은시간에 문계속 두드리시면 어떻해요식구들 다깨짜나요이런경우잘없는데짜증나씀,3,5,5,1,2021년 3월 30일
39,치킨,강남구 삼성동,페리카나-강남구청점,ye**님,5세트（순살마늘치킨＋순살양념치킨＋콜라1.25L）/1,바삭함보다는 부드러운 맛으로 먹는다고 생각하시면 됩니다 튀김 자체가 물렁하달까 부드럽습니다 그 외엔 무난한 맛입니다 자극적이지 않은건 마음에 듭니다,4,4,4,5,2021년 3월 29일
40,치킨,강남구 삼성동,페리카나-강남구청점,gh**님,1세트（순살양념치킨＋순살후라이드＋콜라1.25L）/1(순살양념 사리 추가(순살양념 파 추가)),주문하고 가서 받아봤어요 페리카나 잘먹었습니다,5,5,5,,2021년 3월 25일
41,치킨,강남구 삼성동,페리카나-강남구청점,ko**님,순살양념치킨/1,다 좋았는데 배달하시는 기사님이 초인종 누르고 문 앞에 놓는걸로 요청 드렸는데 굳이 문을 쿵쿵 두드리고 가시더라고요,4,4,5,2,2021년 2월 28일
42,치킨,강남구 삼성동,페리카나-강남구청점,su**님,두마리치킨（후라이드치킨＋양념치킨＋콜라1.25L）/1(후라이드 치킨 변경(변경안함（후라이드）)),양도 많고 맛있습니다 담에 또 주문할게요 ,5,5,5,5,2021년 2월 19일
43,치킨,강남구 삼성동,페리카나-강남구청점,hd**님,다리치킨/1,쵝오 닭다리 쵝오입니다,5,5,5,5,2021년 2월 4일
44,치킨,강남구 삼성동,페리카나-강남구청점,re**님,2세트（순살떡양념치킨＋순살후라이드＋콜라1.25L）/1,순살 너무 괜찮네요 떡도 맛있고 살도 실하고 맛있어요,5,5,5,5,2021년 2월 3일
45,치킨,강남구 삼성동,페리카나-강남구청점,su**님,두마리치킨（후라이드치킨＋양념치킨＋콜라1.25L）/1(후라이드 치킨 변경(변경안함（후라이드）)),최곱니다  정말 맛있어요,5,5,5,5,2021년 1월 31일
46,치킨,강남구 삼성동,페리카나-강남구청점,ks**님,반반치킨/1,쿠폰을 안 주세요 정보공유 차원에서 올립니다,1,4,4,4,2021년 1월 28일
47,치킨,강남구 삼성동,페리카나-강남구청점,hy**님,순살양념치킨/1,양념 순살 정말 맛있어요 양도 많고 맛있게 잘 먹었습니다 배달도 빨랐어요 ,5,5,5,5,2021년 1월 19일
48,치킨,강남구 삼성동,페리카나-강남구청점,si**님,두마리치킨（후라이드치킨＋양념치킨＋콜라1.25L）/1(후라이드 치킨 변경(변경안함（후라이드）)),오랜만에 먹어봤습니다 옛날에 먹던 치킨맛이라 추억에 잠겨서 먹었습니다 감사합니다,5,5,5,5,2020년 12월 22일
49,치킨,강남구 삼성동,페리카나-강남구청점,du**님,"1세트（순살양념치킨＋순살후라이드＋콜라1.25L）/1(순살양념 사리 추가(순살양념 파 추가),순살후라이드 사리 추가(순살후라이드 파 추가))",치킨 진짜 너무너무 맛있어요,5,5,5,5,2020년 12월 20일
50,치킨,강남구 삼성동,페리카나-강남구청점,du**님,반반치킨/1,치킨 여기가 제일 맛있어용,5,5,5,5,2020년 12월 18일
51,치킨,강남구 삼성동,페리카나-강남구청점,mo**님,"순살양념치킨/1,콜라 1.25L/1",다시 예잔맛으로돌아와너무감사합니다,5,5,5,5,2020년 12월 12일
52,치킨,강남구 삼성동,페리카나-강남구청점,br**님,"반반치킨/1(사리 추가(파 추가)),츄러스치즈볼 5개/1",핵존맛 역시 파는 진리,5,5,5,5,2020년 12월 9일
53,치킨,강남구 삼성동,페리카나-강남구청점,mo**님,1세트（순살양념치킨＋순살후라이드＋콜라1.25L）/1,다시돌아온맛이에요 역시 ,5,5,5,5,2020년 12월 6일
54,치킨,강남구 삼성동,페리카나-강남구청점,손님,5세트（순살마늘치킨＋순살양념치킨＋콜라1.25L）/1,페리카나 맛임 그냥 그래요 딱 닭임,5,4,5,5,2020년 12월 5일
55,치킨,강남구 삼성동,페리카나-강남구청점,yj**님,1세트（순살양념치킨＋순살후라이드＋콜라1.25L）/1,배달도 빠르고 잘 먹었습니다,5,5,5,5,2020년 10월 18일
56,치킨,강남구 삼성동,페리카나-강남구청점,sh**님,반반치킨/1,맛있게 잘 먹었어요 이따금씩 생각나는 그 양념맛이예요,5,5,5,5,2020년 10월 14일
57,치킨,강남구 삼성동,페리카나-강남구청점,mo**님,1세트（순살양념치킨＋순살후라이드＋콜라1.25L）/1,사장님 사장님 저 여기진짜단골인데 맛이 달라진것같아요 닭고기도너무질기고,1,1,5,5,2020년 10월 11일
58,치킨,강남구 삼성동,페리카나-강남구청점,jh**님,후라이드치킨/1,항상 변함없는 조리에 감사할 뿐이다 다만 펩시 보단 코카콜라로 보내주시면 더 좋았을 것이다,5,5,5,5,2020년 10월 6일
59,치킨,강남구 삼성동,페리카나-강남구청점,ja**님,매운맛반＋후라이드반/1,짱맛있어요 치킨은페리카나에요,5,5,5,5,2020년 10월 5일
60,치킨,강남구 삼성동,페리카나-강남구청점,si**님,반반치킨/1,요 근래 먹은 치킨 중에 제일 맛있는 듯요 배달도 예상 소요시간보다 굉장히 빨리왔어요 옛날에 먹던 맛 생각하고 시킨건데 맛이 똑같아서 먹으면서 다시 한번 감동 바삭하면서도 달달한 양념이 먹고 싶었는데 그맛 그대로 너무 맛있네요  다 먹을 때까지 바삭바삭해요,5,5,5,5,2020년 9월 20일
61,치킨,강남구 삼성동,페리카나-강남구청점,an**님,순살후라이드/1,맛있어요 매번 이것만 먹어요,5,5,5,5,2020년 9월 18일
62,치킨,강남구 삼성동,페리카나-강남구청점,sq**님,두마리치킨（후라이드치킨＋양념치킨＋콜라1.25L）/1(후라이드 치킨 변경(변경안함（후라이드）)),이런음식을 파나요 닭에서 냄새도 나고 어제 뒀던 닭을 먹다남은 기름에 튀겼는지 최악이네요 다시는 안시켜먹을껍니다 비오는 날이라서 눅눅한건지 눅눅함은 말할것도 없고 고기에서 눅눅한 냄새나는 건 정말 참을 수가 없네요 닭 상태 좀 보고 장사하세요 무슨 생각으로 장사하는지 모르겠네요 당신이 튀긴 닭 좀 드셔보세요 이게 장사하자는 마인드인지 먹다가 그냥 쏟아버렸네요 코로나 같은 상황에서 이런가게에 시켜먹은 게 정말 짜증나네요 기름이라도 좀 갈아쓰세요 제발 어휴,1,1,1,4,2020년 9월 9일
63,치킨,강남구 삼성동,페리카나-강남구청점,hj**님,순살후라이드/1,일단 배달이 빨라서 좋음,5,5,5,5,2020년 8월 29일
64,치킨,강남구 삼성동,페리카나-강남구청점,hj**님,순살후라이드/1,배달도 빠르고 페리카나 순살이 뻑살도 부드럽고 맛있습니다,5,5,5,5,2020년 8월 29일
65,치킨,강남구 삼성동,페리카나-강남구청점,hj**님,순살후라이드/1,역시 페리카나 항상 맛있습니다,5,5,5,5,2020년 8월 29일
66,치킨,강남구 삼성동,페리카나-강남구청점,hj**님,순살후라이드/1,역시 페리카나 항상 맛있습니다,5,5,5,5,2020년 8월 29일
67,치킨,강남구 삼성동,페리카나-강남구청점,se**님,1세트（순살양념치킨＋순살후라이드＋콜라1.25L）/1,배달도 빠르고 맛있어요,4,5,5,5,2020년 8월 27일
68,치킨,강남구 삼성동,페리카나-강남구청점,mo**님,1세트（순살양념치킨＋순살후라이드＋콜라1.25L）/1,여긴 찐임 내 초애 양념치킨,5,5,5,5,2020년 8월 23일
69,치킨,강남구 삼성동,페리카나-강남구청점,mo**님,1세트（순살양념치킨＋순살후라이드＋콜라1.25L）/1,배달 겁나 빠름 너무 감사합니다 잘먹겠습니다사장님 라이더님,5,5,5,5,2020년 8월 10일
70,치킨,강남구 삼성동,페리카나-강남구청점,gu**님,반반치킨/1,역시 페리카나가 제일 맛있음돠,5,5,5,5,2020년 8월 10일
71,치킨,강남구 삼성동,페리카나-강남구청점,ac**님,두마리치킨（후라이드치킨＋양념치킨＋콜라1.25L）/1(후라이드 치킨 변경(후라이드를 마늘치킨으로 변경)),맛이 없어서 먹다가 남겼는데 아까워서 어떻게든 먹으려고 하다가 안들어가서 결국 못먹고 버렸습니다 감히 치킨을 버리게 만들다니 참수치스럽네요,1,1,3,5,2020년 8월 10일
72,치킨,강남구 삼성동,페리카나-강남구청점,le**님,두마리치킨（후라이드치킨＋양념치킨＋콜라1.25L）/1(후라이드 치킨 변경(변경안함（후라이드）)),양념치킨 때문에 꾸준히 페리카나를 좋아합니다 마리로 시키니 푸짐해서 먹을만하네요 잘 먹었습니다 짱,5,5,5,5,2020년 8월 7일
73,치킨,강남구 삼성동,페리카나-강남구청점,im**님,두마리치킨（후라이드치킨＋양념치킨＋콜라1.25L）/1(후라이드 치킨 변경(변경안함（후라이드）)),주문전에는 비안왔는데 배달받으러 나가니깐 비가와서 죄송했지만 맛있게 먹었습니다,5,5,5,5,2020년 8월 5일
74,치킨,강남구 삼성동,페리카나-강남구청점,ho**님,반반치킨/1,옛날 맛나는 게 괜찮네요,4,4,4,4,2020년 8월 5일
75,치킨,강남구 삼성동,페리카나-강남구청점,li**님,1세트（순살양념치킨＋순살후라이드＋콜라1.25L）/1,항상 빠른 배달로 잘 먹고있어요 포장상자 바뀌어서 이전보다 좋네요,4,4,4,4,2020년 8월 3일
76,치킨,강남구 삼성동,페리카나-강남구청점,jh**님,후라이드치킨/1,따끈해서 정말 정말 맛있다,5,5,5,5,2020년 7월 31일
77,치킨,강남구 삼성동,페리카나-강남구청점,mo**님,1세트（순살양념치킨＋순살후라이드＋콜라1.25L）/1,제가여기진짜진짜단골인데닭고기가너무질기고냄새가나서 다른지점 으로 잘못시킨줄알았어요 이날만 고기가 안좋았던거죠,5,1,5,5,2020년 7월 26일
78,치킨,강남구 삼성동,페리카나-강남구청점,a1**님,순살마늘/1,마늘치킨 잘 먹었습니다 마늘잼처럼 위에 뿌려져있습니다 칩이 아님 매운편은 전혀 아닙니다,5,5,5,5,2020년 7월 18일
79,치킨,강남구 삼성동,페리카나-강남구청점,ju**님,순살양념치킨/1,한번정도는 다시 먹을 생각는 있는맛입니다,3,3,3,3,2020년 7월 17일
80,치킨,강남구 삼성동,페리카나-강남구청점,ra**님,1세트（순살양념치킨＋순살후라이드＋콜라1.25L）/1,페리카나는 맛있고 강남구청점은 배달이 빨라서 좋아요 근데 세트로 시키면 한 박스에 담는건가요 기존에는 뼈였나 순살이었나 정확치는 않지만 두 상자에 담겼던거 같아 보자마자 양이 좀 적어서 잉 하긴했어요 그래도 맛있습니다,4,5,2,5,2020년 7월 13일
81,치킨,강남구 삼성동,페리카나-강남구청점,jh**님,후라이드치킨/1,다른 치킨 보다 도 멋있다,5,5,5,5,2020년 6월 20일
82,치킨,강남구 삼성동,페리카나-강남구청점,mo**님,순살양념치킨/1,진짜양념순살은 여기꺼만 먹음,5,5,5,5,2020년 6월 18일
83,치킨,강남구 삼성동,페리카나-강남구청점,ji**님,1세트（순살양념치킨＋순살후라이드＋콜라1.25L）/1,양이 예전보다 많이 줄어들었어요,4,5,3,5,2020년 6월 15일
84,치킨,강남구 삼성동,페리카나-강남구청점,jh**님,후라이드치킨/1,교촌 또는  닭보다 옷을 두껍게 입혀 바싹한 맛이 일품,5,5,5,5,2020년 6월 1일
85,치킨,강남구 삼성동,페리카나-강남구청점,mo**님,순살양념치킨/1,역시 순살양념은 페리카나임,5,5,5,5,2020년 6월 1일
86,치킨,강남구 삼성동,페리카나-강남구청점,mo**님,순살양념치킨/1,또시켜먹었습니다양념순살대박,5,5,5,5,2020년 5월 29일
87,치킨,강남구 삼성동,페리카나-강남구청점,mo**님,순살양념치킨/1,우린페리키나매니아입니다,5,5,5,5,2020년 5월 29일
88,치킨,강남구 삼성동,페리카나-강남구청점,to**님,"핫데블치킨/1,매운맛양념치킨/1",맛잇어요 크리스피하고좋아요,5,5,5,5,2020년 5월 27일
89,치킨,강남구 삼성동,페리카나-강남구청점,ho**님,반반치킨/1,완전 오래된 기름에 오래 튀긴듯한 기름쩐내가 강하고 냄새도 기름쩐내 나요살이 다 말라버렸어요 자주 시켜먹는 치킨인데 이집은 오늘 첨 시켜봤네요,1,1,3,3,2020년 5월 27일
90,치킨,강남구 삼성동,페리카나-강남구청점,손님,후라이드치킨/1,늘 똑같은 맛이며 맛있어요 양도 많아요,5,5,5,5,2020년 5월 19일
91,치킨,강남구 삼성동,페리카나-강남구청점,ng**님,두마리치킨（후라이드치킨＋양념치킨＋콜라1.25L）/1(후라이드 치킨 변경(변경안함（후라이드）)),맛나게 잘 먹었습니다 감사합니다,5,5,5,5,2020년 5월 14일
92,치킨,강남구 삼성동,페리카나-강남구청점,ma**님,"누꼬진짬뽕（순살）/1,반반치킨/1,무추가/2",문의사항에 친절하게 응대해주시고 빠르고 깔끔하게 왔네요 중화풍 해산물 매콤소스 강하지않은 무난한 신상 면이 맛나고여 역시 페리카나는 달달한 마늘 풍미나는 양념 치킨,5,5,5,5,2020년 5월 14일
93,치킨,강남구 삼성동,페리카나-강남구청점,wi**님,마늘치킨/1,맛있고 배달이 빠릅니다,5,5,5,5,2020년 5월 6일
94,치킨,강남구 삼성동,페리카나-강남구청점,se**님,1세트（순살양념치킨＋순살후라이드＋콜라1.25L）/1,아이들이 좋아해요 양념 맛있어요,5,5,4,5,2020년 5월 6일
95,치킨,강남구 삼성동,페리카나-강남구청점,mo**님,1세트（순살양념치킨＋순살후라이드＋콜라1.25L）/1,맛있어서 자주시켜먹어요,5,5,5,5,2020년 5월 5일
96,치킨,강남구 삼성동,페리카나-강남구청점,cd**님,반반치킨/1,역시 바삭바삭 감사해요 배달 빨랐어요 ,4,4,4,5,2020년 4월 29일
97,치킨,강남구 삼성동,페리카나-강남구청점,손님,반반치킨/1,역시 패리카나가 튀김옷은 제일 인거 같아요 맛있게 잘 먹었어요,5,5,5,5,2020년 4월 27일
98,치킨,강남구 삼성동,페리카나-강남구청점,ar**님,로스핀/1(맛선택(매운양념)),양은적게 느껴집니다 맛있고 간이 짭짤해서 치맥용으로도 좋았어요 튀긴 치킨이 아니고 양념이 더해져 치밥용으로 좋아요 생각보다 더 빨리 받았고 닭다리 속까지 잘 익었습니다 적당히 매콤한맛이고 다음엔 최고등급 시켜보고 싶어 졌어요,4,4,3,5,2020년 4월 24일
99,치킨,강남구 삼성동,페리카나-강남구청점,th**님,반반치킨/1,일단 배달이 넘 빨라서 한입 먹는 순간 육즙이 터져서 혀 데었네요  그래서 진짜 바삭하게 넘 맛있게 먹었어요 튀김옷은 크리스피 스타일 아니고 약간 옛날 치킨 스타일인데 진짜 바삭해서 너무 맛있어요 양념도 맛있구요 또 시킬게요,5,5,5,5,2020년 4월 22일
100,치킨,강남구 삼성동,페리카나-강남구청점,gj**님,양념치킨/1,좋아요 맛있어요 배달도 빠른편,5,5,5,5,2020년 4월 22일
101,치킨,강남구 삼성동,페리카나-강남구청점,mi**님,"반반치킨/1,페리치즈볼 5개/1",분만에 배달와서 엄청 따끈따끈하고 맛 있었어요 특히 치즈볼은 담백해서 너무 좋았고요,5,5,5,5,2020년 4월 21일
102,치킨,강남구 삼성동,페리카나-강남구청점,jj**님,후라이드치킨/1,배달 빨라요 근데 기름을 좀더 빼서 줬으며 좋겠고 좀더 짭짤했으면,5,4,5,5,2020년 4월 10일
103,치킨,강남구 삼성동,페리카나-강남구청점,pc**님,다리치킨/1,바삭하고 크기자체가 크고 기대이상이에요,5,5,5,5,2020년 4월 9일
104,치킨,강남구 삼성동,페리카나-강남구청점,sy**님,로스핀/1(맛선택(마늘)),솔직한 리뷰 튀긴게 아니라 건강함이 느껴짐 근데 왜이렇게 미적지근한 온도인지 뜨뜻하면 맛있을듯 그리고 담엔 매운맛을 시켜야겠음 음식 온도만큼 매늘맛은 뜨뜨미지근했음,5,5,5,5,2020년 4월 8일
105,치킨,강남구 삼성동,페리카나-강남구청점,ch**님,반반치킨/1,맛있어요 배달도 빠르고 좋네요,4,4,4,5,2020년 4월 8일
106,치킨,강남구 삼성동,페리카나-강남구청점,so**님,두마리치킨（후라이드치킨＋양념치킨＋콜라1.25L）/1(후라이드 치킨 변경(변경안함（후라이드）)),그냥저냥 그러네요 별로,3,3,3,3,2020년 4월 6일
107,치킨,강남구 삼성동,페리카나-강남구청점,ls**님,반반치킨/1,치킨 튀김이 낼 아침에 먹어도 맛있을정도로 맘에 드네요 강추입니다,5,5,4,4,2020년 4월 1일
108,치킨,강남구 삼성동,페리카나-강남구청점,im**님,1세트（순살양념치킨＋순살후라이드＋콜라1.25L）/1,빨리 배달해주시고 맛있었어요 양이 살짝 아쉽네요,5,5,4,5,2020년 3월 23일
109,치킨,강남구 삼성동,페리카나-강남구청점,li**님,1세트（순살양념치킨＋순살후라이드＋콜라1.25L）/1,페리카나 순살 배달도 빠르고 맛있었어요,5,5,5,5,2020년 3월 21일
110,치킨,강남구 삼성동,페리카나-강남구청점,zx**님,양념치킨/1(사리 추가(파 추가)),간도 입맛에 맞고 제취향입니다,4,3,4,3,2020년 3월 7일
111,치킨,강남구 삼성동,페리카나-강남구청점,ba**님,매운맛양념치킨/1,맵고맛잇엇어요 배달 소요 시간은 보통,5,5,5,4,2020년 3월 6일
112,치킨,강남구 삼성동,페리카나-강남구청점,pi**님,반반치킨/1,튀김이 바삭하지 않고 눅눅한 느낌이예요 원래 이런가요 아님 기름 문제인지,4,3,5,5,2020년 3월 1일
113,치킨,강남구 삼성동,페리카나-강남구청점,10**님,반반치킨/1,배달은 빠른데 솔직히 기름지고 기름이 오래됐더군요 비추에요 논현점이 더 맛있네요,2,2,3,5,2020년 3월 1일
114,치킨,강남구 삼성동,페리카나-강남구청점,손님,양념치킨/1,괜찮았습니다 서비스도 좋았어요,5,5,5,5,2020년 3월 1일
115,치킨,강남구 삼성동,페리카나-강남구청점,se**님,반반치킨/1,다른데보다 맛있는거 같아요,5,5,5,5,2020년 2월 28일
116,치킨,강남구 삼성동,페리카나-강남구청점,id**님,순살양념치킨/1,배달도 빨리 오고 좋았으나 운이 단순히 안좋았는지 모르겠는데 순살치킨 대부분이 퍽퍽살이었어요 다양한 지점에서 먹어봤지만 유독 퍽퍽살이 많아서 좀 아쉬웠어요,3,3,4,4,2020년 2월 25일
117,치킨,강남구 삼성동,페리카나-강남구청점,손님,매운후라이드/1,잘먹었습니다 배달빨라서 굿굿,5,5,5,5,2020년 2월 22일
118,치킨,강남구 삼성동,페리카나-강남구청점,ad**님,반반치킨/1,튀김옷이 너무 두껍구 반죽또한 오래된거 같아요,2,1,3,5,2020년 2월 22일
119,치킨,강남구 삼성동,페리카나-강남구청점,ys**님,두마리치킨（후라이드치킨＋양념치킨＋콜라1.25L）/1(후라이드 치킨 변경(변경안함（후라이드）)),양도 푸짐하고 후라이드가 바삭하고 신선하고 맛있었어요,5,5,5,5,2020년 2월 6일
120,치킨,강남구 삼성동,페리카나-강남구청점,03**님,두마리치킨（후라이드치킨＋양념치킨＋콜라1.25L）/1(후라이드 치킨 변경(변경안함（후라이드）)),너무 맛있었어요 지금 또 시키려구용 ,5,5,5,5,2020년 2월 4일
121,치킨,강남구 삼성동,페리카나-강남구청점,wo**님,"순살파닭치킨/1(사리 추가(떡 추가)),순살마늘/1",바삭바삭 맛있어요 잘먹었습니당,5,5,5,5,2020년 2월 3일
122,치킨,강남구 삼성동,페리카나-강남구청점,hy**님,반반치킨/1,여긴 진짜 맛있는거 같아요 강추합니다 ,5,5,4,4,2020년 1월 27일
123,치킨,강남구 삼성동,페리카나-강남구청점,jw**님,반반치킨/1,여기 지점 페리카나는 진짜 페리카나 맛을 잘 살였네요 다른 지점 페리카나는 엉터리여서 그동안 페리카나는 안시켜 먹었는데이사와서 맛없으면 버리지 생각하고켜 시켜 먹었는데 맛났습니다 앞으로 종종 시킬께요,5,5,5,5,2020년 1월 18일
124,치킨,강남구 삼성동,페리카나-강남구청점,cd**님,반반치킨/1,아니 요러케 맛나도 됩니까  저번에 여기시킬까 하다 교촌시켰는데 실망하고 역시 페리카나는 실망시키지 않고 맛이 한결같네요 금욜인데도 빨리도착하고 지금 너무 맛나게 먹고있습니다 또 주문할께요 살도 보들보들 익힘도 완벽  역시 페리카나 감사해요 ,5,4,4,5,2020년 1월 17일
125,치킨,강남구 삼성동,페리카나-강남구청점,hk**님,반반치킨/1(사리 추가(떡 추가)),이미 만들어놓은 치킨을 얼려놨다가 녹여서 가져온것같음 갓 튀긴 치킨이 대체 어떻게 뜨거운부분과 차가운 부분이 있는지 전혀 이해가 안됨 고기도 푸석푸석 하고 딱 집에서 남은 치킨 냉동실에 놔뒀다가 해동해서 먹었을때랑 똑같았음 죄송하지만 이런치킨 보내주신다면 다시는 여기서 안시킬것같습니다,1,1,1,1,2019년 12월 27일
126,치킨,강남구 삼성동,페리카나-강남구청점,wh**님,반반치킨/1,마씨단다 배다르 빠르타,5,5,5,5,2019년 12월 27일
127,치킨,강남구 삼성동,페리카나-강남구청점,손님,반반치킨/1,항상 잘 시켜 먹는 곳입니다 양념이 가장 맛있는것같아요 하지만 이번 치킨에서는 냄새도 좀 나고 튀김옷도 많이 물러져있어서 먹다가 버렸는데 그 다음날 저와 같이 먹었던 저희 아이가 배탈이 한 번 낫네요 지금까지 괜찮았었는데 이번엔 냄새나는 닭이 온게 처음이었어요,3,3,4,4,2019년 12월 24일
128,치킨,강남구 삼성동,페리카나-강남구청점,to**님,매운맛양념치킨/1,따뜻하게 배달잘 왔어용,5,5,4,4,2019년 12월 22일
129,치킨,강남구 삼성동,페리카나-강남구청점,ca**님,순살마늘/1,마늘치킨 처음 시켜봤어요 제 생각이랑 다른데저는 양념이 묻은 느낌이 아니라 마늘가루 느낌으로 생각했어요  나름 맛있네요,4,4,5,4,2019년 12월 18일
130,치킨,강남구 삼성동,페리카나-강남구청점,손님,순살양념치킨/1,배달도 빠르고 맛있어요,5,5,5,5,2019년 12월 11일
131,치킨,강남구 삼성동,페리카나-강남구청점,jj**님,후라이드치킨/1,배송빨라요 항시 시켜먹는데 어제는  바삭함으로 먹엏는데,4,5,5,5,2019년 12월 6일
132,치킨,강남구 삼성동,페리카나-강남구청점,id**님,순살양념치킨/1,양념치킨은 역시 페리카나,4,4,4,3,2019년 11월 26일
133,치킨,강남구 삼성동,페리카나-강남구청점,mi**님,반반치킨/1,맛있게 먹었어요 그리고 소스 많이 무쳐주서서 감사해요,4,4,4,4,2019년 11월 22일
134,치킨,강남구 삼성동,페리카나-강남구청점,pu**님,후라이드치킨/1(사리 추가(떡 추가)),맛있게 잘먹었습니다 떡튀김도 최고예요,5,5,5,5,2019년 11월 17일
135,치킨,강남구 삼성동,페리카나-강남구청점,3r**님,두마리치킨（후라이드치킨＋양념치킨＋콜라1.25L）/1(후라이드 치킨 변경(변경안함（후라이드）)),양념치킨은 페리카나가 진리,5,5,5,5,2019년 11월 9일
136,치킨,강남구 삼성동,페리카나-강남구청점,손님,순살후라이드/1(사리 추가(떡 추가)),처음시켜봤는데 양도많고맛있었어요,5,5,5,5,2019년 11월 2일
137,치킨,강남구 삼성동,페리카나-강남구청점,ko**님,1세트（순살양념치킨＋순살후라이드＋콜라1.25L）/1,순살은 페리카나지요 배달해주신 분은 좀 무서웠습니다 절대과묵,4,5,5,3,2019년 10월 30일
138,치킨,강남구 삼성동,페리카나-강남구청점,손님,반반치킨/1(사리 추가(파 추가)),요청사항 잘 들어주셔서 감사해요 맛있게 잘먹었어요,5,5,5,5,2019년 10월 30일
139,치킨,강남구 삼성동,페리카나-강남구청점,di**님,순살양념치킨/1,일반적인 페리카나 치킨입니다,5,4,4,5,2019년 10월 9일
140,치킨,강남구 삼성동,페리카나-강남구청점,ji**님,양념치킨/1(사리 추가(떡 추가)),비오는날에 배달은감사하나 한시간더걸리고 치킨무주시지말라고했는데 두마리다 주셨네요 음쓰만들기싫은데,4,4,5,5,2019년 10월 3일
141,치킨,강남구 삼성동,페리카나-강남구청점,an**님,반반치킨/1(사리 추가(떡 추가)),닭도 실하고 양도 많고 맛있어요,5,5,5,5,2019년 9월 28일
142,치킨,강남구 삼성동,페리카나-강남구청점,je**님,반반치킨/1,양념치킨 한마리할까 반반할까 하다가 반반했는데 아주 나이스한 초이스였어요 진짜너뮤너뮤 마싯서 강남구청점 쨩 ,5,5,5,5,2019년 9월 27일
143,치킨,강남구 삼성동,페리카나-강남구청점,bb**님,반반치킨/1,배달빠르고 맛은 보통입니다,4,4,4,5,2019년 9월 23일
144,치킨,강남구 삼성동,페리카나-강남구청점,ha**님,반반치킨/1,왠지 전보다 느끼해진것같아요  배달도 오늘은 평상시보다 좀 오래 걸렸지만 잘 먹었습니다,4,4,4,4,2019년 9월 22일
145,치킨,강남구 삼성동,페리카나-강남구청점,yo**님,"반반치킨/1,크림치즈볼/1",언제나 느끼는 거지만 페리카나는 양념이 최고에요따흑 크림치즈볼도 맛있어요 약간 느끼해서 많이는 못먹고 친구가 다먹었네요 ,5,5,5,5,2019년 9월 22일
146,치킨,강남구 삼성동,페리카나-강남구청점,손님,순살양념치킨/1,배달도 빠르고 양념인데도 바삭해서 더 맛있어요,5,5,5,5,2019년 9월 11일
147,치킨,강남구 삼성동,페리카나-강남구청점,ha**님,다리치킨/1(양념 추가(양념 추가)),페리카나는 사랑입니다  어렸을때 먹던 맛이 생각나면 꼭 페리카나 주문합니당,5,5,5,5,2019년 9월 10일
148,치킨,강남구 삼성동,페리카나-강남구청점,pu**님,반반치킨/1,짱맛있습니다  역시 진리의 페리카나 반반 압구정점이 젤위에뜨는데 강남구청점이 빨라서 좋네요,5,5,5,5,2019년 9월 7일
149,치킨,강남구 삼성동,페리카나-강남구청점,va**님,순살양념치킨/1(사리 추가(파 추가)),사장님 비 오니까 계좌번호 알려주세요,5,5,5,5,2019년 9월 5일
150,치킨,강남구 삼성동,페리카나-강남구청점,손님,순살양념치킨/1,배달도 빠르고 정말 맛있어요 계속 주문하고 싶네요 번창하세요,5,5,5,5,2019년 8월 30일
151,치킨,강남구 삼성동,페리카나-강남구청점,손님,반반치킨/1,배달 금방 오고 맛있어요,5,5,5,5,2019년 8월 29일
152,치킨,강남구 삼성동,페리카나-강남구청점,ti**님,반반치킨/1,양도 많고 배달이 엄청 빠르네요,5,4,5,5,2019년 8월 21일
153,치킨,강남구 삼성동,페리카나-강남구청점,손님,반반치킨/1(사리 추가(파 추가)),페리카나 치킨진리 맛있네용,5,5,5,5,2019년 8월 19일
154,치킨,강남구 삼성동,페리카나-강남구청점,gh**님,반반치킨/1,페리카나는 진리 너므 맛있어요 특히 강남구청점 짱,5,5,5,5,2019년 8월 13일
155,치킨,강남구 삼성동,페리카나-강남구청점,hd**님,다리치킨/1,옛날생각나고 맛있고 좋았습니다,5,5,5,5,2019년 8월 9일
156,치킨,강남구 삼성동,페리카나-강남구청점,jm**님,반반치킨/1,맛은그럭저럭배송은빠르네요,5,4,4,5,2019년 8월 3일
157,치킨,강남구 삼성동,페리카나-강남구청점,me**님,누꼬진짬뽕（순살）/1,진짬뽕 먹어보셨고 좋아하시면 먹어보심될듯 별미긴합니다,5,5,5,5,2019년 8월 2일
158,치킨,강남구 삼성동,페리카나-강남구청점,손님,두마리치킨（후라이드치킨＋양념치킨＋콜라1.25L）/1(후라이드 치킨 변경(변경안함（후라이드）)),나름죠아요 튀김 후라이드 넘나 신경쓴거같구 근데 닭이 퍽살이좀 뭐랄까 넘 퍽퍽 부스럭 죄송해요 입이좀까다로워서,5,3,5,4,2019년 8월 1일
159,치킨,강남구 삼성동,페리카나-강남구청점,손님,반반치킨/1,그냥 페리카나 입니다 ,3,3,3,3,2019년 8월 1일
160,치킨,강남구 삼성동,페리카나-강남구청점,rl**님,반반치킨/1,배달도 적당하고 페리카나는 옛날맛나는 치킨이 땡길때 시켜요 ,4,4,4,4,2019년 7월 31일
161,치킨,강남구 삼성동,페리카나-강남구청점,손님,반반치킨/1,맛잇엇어요 담에 또 시킬게요,4,4,4,4,2019년 7월 31일
162,치킨,강남구 삼성동,페리카나-강남구청점,jy**님,후라이드치킨/1,비오는날시켜서 죄송해요 잘먹게습니다,5,5,5,5,2019년 7월 27일
163,치킨,강남구 삼성동,페리카나-강남구청점,jk**님,순살양념치킨/1,맛있게잘먹었어요또시킬게요오오,5,5,5,5,2019년 7월 27일
164,치킨,강남구 삼성동,페리카나-강남구청점,ca**님,양념치킨/1,다좋은데 역시 쿠폰이용하면 그래도 만족합니다,5,5,3,5,2019년 7월 27일
165,치킨,강남구 삼성동,페리카나-강남구청점,th**님,순살양념치킨/1(사리 추가(파 추가)),비오는데 배달시키는게 좀 그래서 고민하다 그래도 일주일의 낙이 금요일 치맥이라 주문했는데 배달도 빨리오고 기사님도 친절하고 따뜻해서 엄청 맛있고 감동했어요 페리카나 파닭이 세상에서 제일 맛있는 파닭인거 세상 사람들 모두 알게 해 주세요 흑흑,5,5,5,5,2019년 7월 26일
166,치킨,강남구 삼성동,페리카나-강남구청점,li**님,"치즈뿌리오치킨/1(사리 추가(떡 추가)),순살양념치킨/1(사리 추가(떡 추가))",좋아요 빠른배송 굿굿굿 사진깜빡했지만 양념,5,5,5,5,2019년 7월 26일
167,치킨,강남구 삼성동,페리카나-강남구청점,손님,후라이드치킨/1,배달도 빠르고 맛있었어요,5,5,5,5,2019년 7월 25일
168,치킨,강남구 삼성동,페리카나-강남구청점,aa**님,2세트（순살떡양념치킨＋순살후라이드＋콜라1.25L）/1(순살떡양념 사리 추가(순살떡양념 파 추가)),순살로 시켯는데 너무 퍽퍽하네오  튀김은 빠삭하니 맛있러요,5,5,5,5,2019년 7월 25일
169,치킨,강남구 삼성동,페리카나-강남구청점,sh**님,후라이드치킨/1,배달 잘해주셔서 맛있게 잘 먹었습니다,4,4,4,4,2019년 7월 25일
170,치킨,강남구 삼성동,페리카나-강남구청점,tj**님,순살양념치킨/1,아아 썩좋은 치킨이었다,5,5,5,5,2019년 7월 25일
171,치킨,강남구 삼성동,페리카나-강남구청점,손님,매운맛양념치킨/1,강남구청점은 항상 맛있고 뜨끈하게 배달해주십니다 잘 먹었습니다,5,5,5,5,2019년 7월 24일
172,치킨,강남구 삼성동,페리카나-강남구청점,sj**님,순살양념치킨/1,맛있고 배달도 빠른편이네요,4,4,5,5,2019년 7월 15일
173,치킨,강남구 삼성동,페리카나-강남구청점,ji**님,후라이드치킨/1,진짜 너무 맛있고 담백하고 바삭해요 최고임,5,5,5,5,2019년 7월 14일
174,치킨,강남구 삼성동,페리카나-강남구청점,bl**님,반반치킨/1,페리카나는 이 동네에서 여기가 제일 맛있음,5,5,5,5,2019년 7월 14일
175,치킨,강남구 삼성동,페리카나-강남구청점,sy**님,반반치킨/1,페리카나 너무 좋아요 배달도 엄청 빨라요,5,5,5,5,2019년 7월 14일
176,치킨,강남구 삼성동,페리카나-강남구청점,pe**님,매운후라이드/1(사리 추가(떡 추가)),맛있어요 다시 주문할 생각 입니다,5,5,5,5,2019년 7월 11일
177,치킨,강남구 삼성동,페리카나-강남구청점,sy**님,반반치킨/1,언제나 변함없이 맛있습니다,4,4,4,4,2019년 7월 10일
178,치킨,강남구 삼성동,페리카나-강남구청점,손님,반반치킨/1,튀김옷이 좀 두껍지만 맛있습니다,4,4,5,5,2019년 7월 7일
179,치킨,강남구 삼성동,페리카나-강남구청점,sy**님,후라이드치킨/1,배달도 빠르고 언제나 변함없이 맛있습니다,4,4,4,4,2019년 7월 3일
180,치킨,강남구 삼성동,페리카나-강남구청점,br**님,누꼬진짬뽕（뼈있는치킨）/1,면이랑 치킨이랑 소스가 맛없어요,3,2,4,5,2019년 6월 30일
181,치킨,강남구 삼성동,페리카나-강남구청점,gh**님,순살양념치킨/1,맛있습니다어아아어아아아,5,5,4,4,2019년 6월 29일
182,치킨,강남구 삼성동,페리카나-강남구청점,sy**님,반반치킨/1,늘 맛있고 양도 푸짐해서 만족스럽습니다,5,5,5,5,2019년 6월 29일
183,치킨,강남구 삼성동,페리카나-강남구청점,gh**님,반반치킨/1,맛있게 싹싹 다 잘 먹었어요 페리카나 는 어디나 역시 맛있어요 굿,5,5,4,4,2019년 6월 28일
184,치킨,강남구 삼성동,페리카나-강남구청점,a-**님,반반치킨/1,역시 페리카나가 진리죠 기름도 깨끗한거 쓰시는거 같고 항상 친절하셔서 좋아요,5,5,4,5,2019년 6월 27일
185,치킨,강남구 삼성동,페리카나-강남구청점,손님,반반치킨/1,언제 먹어도 항상 맛있습니다,4,4,4,4,2019년 6월 22일
186,치킨,강남구 삼성동,페리카나-강남구청점,eu**님,2세트（순살떡양념치킨＋순살후라이드＋콜라1.25L）/1,배달도 빨리왔고 바삭바삭해서 맛있게 잘 먹었어요,5,5,5,5,2019년 6월 21일
187,치킨,강남구 삼성동,페리카나-강남구청점,yk**님,반반치킨/1,항상 잘 먹고 있습니다,5,5,4,4,2019년 6월 21일
188,치킨,강남구 삼성동,페리카나-강남구청점,손님,누꼬진짬뽕（뼈있는치킨）/1,다른 치킨은 모르겠는데 누꼬는 좀 별로에요,4,3,4,5,2019년 6월 20일
189,치킨,강남구 삼성동,페리카나-강남구청점,sy**님,후라이드치킨/1,배달도 빠르고 맛있었어요,4,4,4,4,2019년 6월 20일
190,치킨,강남구 삼성동,페리카나-강남구청점,손님,반반치킨/1,이게 치킨이죠 향수를부르는 원조치킨의맛  부족할데없는 양념맛과 바삭바삭한 튀김옷  너무 맛있게먹었습니다,5,5,5,5,2019년 6월 20일
191,치킨,강남구 삼성동,페리카나-강남구청점,dp**님,후라이드치킨/1,맛있게 잘먹었습니다 오랜만에 먹는 옛날 치킨 맛이었어요,4,4,4,4,2019년 6월 19일
192,치킨,강남구 삼성동,페리카나-강남구청점,sy**님,반반치킨/1,언제나 실망 안시키는 페리카나 치킨,4,4,4,4,2019년 6월 18일
193,치킨,강남구 삼성동,페리카나-강남구청점,손님,반반치킨/1,맛이 별로 입니다 양은 양호,3,3,5,5,2019년 6월 18일
194,치킨,강남구 삼성동,페리카나-강남구청점,jj**님,후라이드치킨/1,항시바삭해요배달빨빠라요,5,5,5,5,2019년 6월 17일
195,치킨,강남구 삼성동,페리카나-강남구청점,pe**님,후라이드치킨/1(사리 추가(떡 추가)),빠른 배송 만족합니다 또 맛도 좋아요,5,5,5,5,2019년 6월 15일
196,치킨,강남구 삼성동,페리카나-강남구청점,jy**님,반반치킨/1,일인일닭하는 애들 맛있어요 또 주문할께요,5,5,5,5,2019년 6월 15일
197,치킨,강남구 삼성동,페리카나-강남구청점,jj**님,후라이드치킨/1,바삭하고 배달빠르고 친절해요,5,5,5,5,2019년 6월 9일
198,치킨,강남구 삼성동,페리카나-강남구청점,ch**님,순살양념치킨/1,맛있어요 배달도 빨리옴,5,5,5,5,2019년 6월 9일
199,치킨,강남구 삼성동,페리카나-강남구청점,jj**님,두마리치킨（후라이드치킨＋양념치킨＋콜라1.25L）/1(후라이드 치킨 변경(변경안함（후라이드）)),일단 배달 엄청 빠른거 너무 맘에 들구요 튀긴상태 보니까 눅눅할줄 알았는데 반전 바삭바삭하고 살도 담백 다음에도 또 이용하겠습니다,4,4,5,5,2019년 6월 5일
200,치킨,강남구 삼성동,페리카나-강남구청점,ki**님,반반치킨/1,따뜻하게 와서 마지막 먹을때까지 따뜻했어요 다른지점 페리카나보다 훨씬 바삭해요 항상만족,5,5,5,5,2019년 6월 5일
201,치킨,강남구 삼성동,페리카나-강남구청점,hj**님,"날개치킨/1(양념 추가(양념 추가),사리 추가(떡 추가))",언제나맛있지만 특히 오늘 진짜 굽기도 바삭바삭한게 떡사리까지 완벽,5,5,5,5,2019년 5월 23일
202,치킨,강남구 삼성동,페리카나-강남구청점,ah**님,반반치킨/1,역시 맛있는 믿고 먹는 페리카나 강추입니다,5,5,5,4,2019년 5월 22일
203,치킨,강남구 삼성동,페리카나-강남구청점,ar**님,반반치킨/1,페리카나는 처음시켜먹는거같은데 맛있네요,4,3,4,4,2019년 5월 22일
204,치킨,강남구 삼성동,페리카나-강남구청점,손님,양념치킨/1,정말 맛있어요 매운맛 양념치킨 자주 먹을께요,4,4,4,4,2019년 5월 21일
205,치킨,강남구 삼성동,페리카나-강남구청점,se**님,1세트（순살양념치킨＋순살후라이드＋콜라1.25L）/1,배달도 빠르고 맛도 좋아요,5,5,4,5,2019년 5월 11일
206,치킨,강남구 삼성동,페리카나-강남구청점,손님,양념치킨/1,양념치킨은 역시 페리카나,5,5,5,5,2019년 5월 3일
207,치킨,강남구 삼성동,페리카나-강남구청점,ji**님,후라이드치킨/1,배달도 빠르고 바로 보내주셔서 뜨거웠지만 튀김옷이 두꺼워 맛은 별로였어요제 입맛에만 안맞는걸수도 있겠죠,3,3,5,5,2019년 4월 28일
208,치킨,강남구 삼성동,페리카나-강남구청점,ca**님,반반치킨/1,더 이상의 설명이 필요없는 치킨 바로 주문하십쇼,5,5,5,5,2019년 4월 19일
209,치킨,강남구 삼성동,페리카나-강남구청점,손님,순살양념치킨/1(사리 추가(떡 추가)),그리웠던 추억의 바로 그맛이네요 최고입니다,5,5,5,5,2019년 4월 18일
210,치킨,강남구 삼성동,페리카나-강남구청점,st**님,두마리치킨（후라이드치킨＋양념치킨＋콜라1.25L）/1(후라이드 치킨 변경(변경안함（후라이드）)),두마리치킨 진짜 맛있어요,5,5,5,5,2019년 4월 13일
211,치킨,강남구 삼성동,페리카나-강남구청점,ha**님,반반치킨/1,배달 완전 빠름 양념 존맛 후라이드는 살짝 짜긴했지만 튀김 엄청 빠삭 맥주랑 완전 딱 맛있어요,4,4,5,5,2019년 4월 3일
212,치킨,강남구 삼성동,페리카나-강남구청점,bi**님,순살후라이드/1,믿고 먹는 페리페리 페리카나,5,5,5,5,2019년 4월 1일
213,치킨,강남구 삼성동,페리카나-강남구청점,ca**님,두마리치킨（후라이드치킨＋양념치킨＋콜라1.25L）/1(후라이드 치킨 변경(후라이드를 마늘치킨으로 변경)),맛있게 잘 먹었습니다 또 시켜 먹을게요,5,5,5,5,2019년 3월 31일
214,치킨,강남구 삼성동,페리카나-강남구청점,ph**님,반반치킨/1(사리 추가(떡 추가)),맛있어요 또 먹고싶어오,5,5,5,5,2019년 3월 30일
215,치킨,강남구 삼성동,페리카나-강남구청점,손님,두마리치킨（후라이드치킨＋양념치킨＋콜라1.25L）/1(후라이드 치킨 변경(변경안함（후라이드）)),옛날 페니카나 맛 그대로,5,5,5,5,2019년 3월 30일
216,치킨,강남구 삼성동,페리카나-강남구청점,ps**님,반반치킨/1(사리 추가(떡 추가)),페리카나 양념치킨 무슨 말이 팔요합니까,5,5,4,4,2019년 3월 24일
217,치킨,강남구 삼성동,페리카나-강남구청점,ik**님,두마리치킨（후라이드치킨＋양념치킨＋콜라1.25L）/1(후라이드 치킨 변경(후라이드를 간장치킨으로 변경)),살이 적은 치킨을 써서 양이 적습니다,3,4,3,3,2019년 3월 20일
218,치킨,강남구 삼성동,페리카나-강남구청점,ej**님,반반치킨/1,반반시켰었는데 넘넘 맛나게 잘먹었어요 특히 후라이드는 바삭바삭 살도 부드럽고 맛나요,5,5,4,4,2019년 3월 18일
219,치킨,강남구 삼성동,페리카나-강남구청점,jo**님,두마리치킨（후라이드치킨＋양념치킨＋콜라1.25L）/1(후라이드 치킨 변경(후라이드를 간장치킨으로 변경)),시에시켰는데 조금 늦게오셨어요  그래도 미안하다하시며 친절하시게 전화도받아주고 맛있었습니다,4,4,5,4,2019년 3월 13일
220,치킨,강남구 삼성동,페리카나-강남구청점,cy**님,순살양념치킨/1(사리 추가(파 추가)),역쉬 페리카나양념취킨 맛도쵝오 양도 쵝오 배달도 쵝오 추천합니다,5,5,5,5,2019년 3월 6일
221,치킨,강남구 삼성동,페리카나-강남구청점,ka**님,반반치킨/1,후라이드와 양념은 역시 페리카나,5,5,5,5,2019년 3월 6일
222,치킨,강남구 삼성동,페리카나-강남구청점,손님,후라이드치킨/1,역시 페리카나가 젤 맛있어요,4,4,4,4,2019년 3월 1일
223,치킨,강남구 삼성동,페리카나-강남구청점,m1**님,"양념치킨/1,매운맛양념치킨/1",빠른 배달 및 요청시항 모두 만적스러워요,5,5,5,5,2019년 2월 26일
224,치킨,강남구 삼성동,페리카나-강남구청점,손님,두마리치킨（후라이드치킨＋양념치킨＋콜라1.25L）/1(후라이드 치킨 변경(후라이드를 양념치킨으로 변경)),두마리 치킨 주문하면서 추가 요금 원을 지불하고 두마리 모두 양념으로 변경하였는데 배달은 엉뚱하게 후라이드 양념 한마리씩 보내오고 전화로 확인을 했더니 바빠서 주문을 제대로 확인 안했다먀 대충 어물쩡 넘어가려고 하더군요 당장 환줄 요청 하려고 하다 추가 지불한 천원은 돌려보내라고 했더니 어이없게 그걸 달라고 하는 듯한 말투로 장사 마무리 후 한가할 때 보내겠다고 하더니 아직 보내지 않았습니다 업장에서 실수는 해놓고 불편은 고객이 감수해야 하고 이건 최소한의 기본 개념도 없는 것 아닌지요,1,1,1,1,2019년 2월 24일
225,치킨,강남구 삼성동,페리카나-강남구청점,손님,누꼬/1,평소 페리카나 치킨 좋아하는데 광고 보고 시켰는데 누꼬면 흠양도 적고그냥 페리카나는 치킨먹는걸로,4,2,1,5,2019년 2월 17일
226,치킨,강남구 삼성동,페리카나-강남구청점,sy**님,후라이드치킨/1,와 대박 진짜 밌있음 배달은 진짜 빠르고,5,5,5,5,2019년 2월 12일
227,치킨,강남구 삼성동,페리카나-강남구청점,손님,반반치킨/1,너무굿 좋아서 줏음이었움,5,5,5,5,2019년 2월 11일
228,치킨,강남구 삼성동,페리카나-강남구청점,손님,양념치킨/1,페리카나 양념은 진리에요,5,4,4,4,2019년 1월 26일
229,치킨,강남구 삼성동,페리카나-강남구청점,손님,1세트（순살양념치킨＋순살후라이드＋콜라1.25L）/1,예상시간보다 빨리와서 좋았는데 핸드폰으로 소액결제를 했는데 매장에서 결제를 안햇다고 그 배달하신분한테 말을 했나봐요 그래서 좀 기분이 나빴습니다 다음부턴 조심해주셨으면 해요 그래도 역시 치킨은 페리카나네요,5,5,5,5,2019년 1월 25일
230,치킨,강남구 삼성동,페리카나-강남구청점,손님,반반치킨/1,뜨끈하게 맛있어요 딱 그맛,5,5,5,5,2019년 1월 24일
231,치킨,강남구 삼성동,페리카나-강남구청점,bi**님,반반치킨/1,맛있었습니다 또 시킬께요,5,5,5,5,2019년 1월 17일
232,치킨,강남구 삼성동,페리카나-강남구청점,ns**님,후라이드치킨/1,빠른 배송과 푸짐한 양 만족합니다,5,5,5,5,2019년 1월 15일
233,치킨,강남구 삼성동,페리카나-강남구청점,손님,매운후라이드/1,매운 후라이드 맛있어요,4,4,5,5,2019년 1월 5일
234,치킨,강남구 삼성동,페리카나-강남구청점,손님,두마리치킨（후라이드치킨＋양념치킨＋콜라1.25L）/1(후라이드 치킨 변경(변경안함（후라이드）)),양도 많고 너무 짜지도 않고 좋네요배달도 분만에,4,3,3,4,2018년 12월 31일
235,치킨,강남구 삼성동,페리카나-강남구청점,ns**님,후라이드치킨/1,배달 요청 후 여분 경 후 도착했습니다 예정되었던 시간보다 빨랐고 맛도 좋았습니다,5,5,5,5,2018년 12월 29일
236,치킨,강남구 삼성동,페리카나-강남구청점,kn**님,순살파닭치킨/1,제가 아는 파닭의 맛이 아니라서 이 메뉴는 안 시켜먹을거 같습니다 하지만 치킨 맛은 좋아서 다른 메뉴를 시키고 싶었습니다,4,3,3,4,2018년 12월 27일
237,치킨,강남구 삼성동,페리카나-강남구청점,손님,반반치킨/1,너무 바삭바삭 맛있었습니다,4,4,3,3,2018년 12월 23일
238,치킨,강남구 삼성동,페리카나-강남구청점,손님,반반치킨/1,년도 더 전부터 시켜먹던 양념치킨 원조격 동네 맛집 맛있어요,5,5,4,5,2018년 12월 20일
239,치킨,강남구 삼성동,페리카나-강남구청점,pg**님,1세트（순살양념치킨＋순살후라이드＋콜라1.25L）/1(순살양념 사리 추가(순살양념 떡 추가)),배달은 확실히 빨랐내요,5,4,4,5,2018년 12월 15일
240,치킨,강남구 삼성동,페리카나-강남구청점,gu**님,반반치킨/1,오랫만에 옛날치킨 먹는 느낌이라 추억돋고 좋았어요,5,5,5,5,2018년 12월 8일
241,치킨,강남구 삼성동,페리카나-강남구청점,손님,순살후라이드/1,바삭하고 맛있어요 배달도 빠른편이고용,5,5,5,5,2018년 12월 8일
242,치킨,강남구 삼성동,페리카나-강남구청점,ta**님,두마리치킨（후라이드치킨＋양념치킨＋콜라1.25L）/1(후라이드 치킨 변경(변경안함（후라이드）)),언제나 맛잇는 페리카나,3,2,3,3,2018년 12월 6일
243,치킨,강남구 삼성동,페리카나-강남구청점,th**님,순살양념치킨/1(사리 추가(파 추가)),늘 맛있네요  파 추가 하면 진짜 맛있어요 근데 예상시간 보다 일찍 도착해서 제가 집에 없었어서 배달하시는 분께 전화왔는데 갑자기 버럭하셔서 좀 그거 말고는 다 좋았어요,5,5,5,4,2018년 11월 23일
244,치킨,강남구 삼성동,페리카나-강남구청점,bi**님,후라이드치킨/1(사리 추가(떡 추가)),맛있고 배달도 빠르고 요청사항도 잘들어주십니다,5,5,5,5,2018년 11월 19일
245,치킨,강남구 삼성동,페리카나-강남구청점,si**님,순살양념치킨/1,맛은 좋은데 순살에 가슴살 쓰는이상 순살은 다시는 안시켜먹을 듯,4,4,5,4,2018년 11월 18일
246,치킨,강남구 삼성동,페리카나-강남구청점,ga**님,반반치킨/1,주말의 끝을 반반치킨과 함께,5,5,5,5,2018년 11월 11일
247,치킨,강남구 삼성동,페리카나-강남구청점,손님,반반치킨/1,항상 배달도 빠르고 맛있고 친절합니다,5,5,5,5,2018년 11월 8일
248,치킨,강남구 삼성동,페리카나-강남구청점,ju**님,반반치킨/1,무난한 맛과 양이었어요 치맥땡길때 또 이용할게요,4,4,4,5,2018년 11월 3일
249,치킨,강남구 삼성동,페리카나-강남구청점,28**님,반반치킨/1,치킨하면 역시 페리카나,5,5,5,5,2018년 11월 3일
250,치킨,강남구 삼성동,페리카나-강남구청점,se**님,1세트（순살양념치킨＋순살후라이드＋콜라1.25L）/1,맛도 좋고 배달도 친절하세요,4,4,4,4,2018년 10월 15일
251,치킨,강남구 삼성동,페리카나-강남구청점,jj**님,후라이드치킨/1,닭도 크고 배달도 빠르고 자극적이지 않고 좋아오 글구 보통 땅에놓고가는데 문고리에 걸어주시고 가셨어요감사합니당,5,5,5,5,2018년 10월 10일
252,치킨,강남구 삼성동,페리카나-강남구청점,손님,반반치킨/1,배달 정말 빠르고 맛있습니다,5,5,4,5,2018년 9월 30일
253,치킨,강남구 삼성동,페리카나-강남구청점,gu**님,반반치킨/1,맛 양은 너무 좋았는데 주소 착각하시구 좀 늦어진 점이 아쉬웠답니다그래두 맛나게 잘먹었어요,5,5,5,4,2018년 9월 30일
254,치킨,강남구 삼성동,페리카나-강남구청점,ch**님,순살후라이드/1,배달은 시간보다 빠르게 왔구요 맛있었습니다,4,4,3,4,2018년 9월 28일
255,치킨,강남구 삼성동,페리카나-강남구청점,ga**님,양념치킨/1,양념하면 페리카나죠 맛있게 먹었습니다,5,5,5,5,2018년 9월 27일
256,치킨,강남구 삼성동,페리카나-강남구청점,손님,양념치킨/1,왜 논현점이랑 가격이차이나는건지,4,4,4,4,2018년 9월 23일
257,치킨,강남구 삼성동,페리카나-강남구청점,su**님,반반치킨/1,페리카나 반반 너무 맛있어요,5,5,5,5,2018년 9월 20일
258,치킨,강남구 삼성동,페리카나-강남구청점,su**님,반반치킨/1,항상 시켜먹는데너무 맛있고 친절해요 ,5,5,5,5,2018년 9월 20일
259,치킨,강남구 삼성동,페리카나-강남구청점,손님,양념치킨/1,맛있어요역시 양념치킨은 패리카나가,5,5,5,5,2018년 9월 20일
260,치킨,강남구 삼성동,페리카나-강남구청점,손님,반반치킨/1,역시 양념치킨은 페리카나,5,5,5,5,2018년 9월 19일
261,치킨,강남구 삼성동,페리카나-강남구청점,vz**님,순살양념치킨/1(사리 추가(파 추가)),페리카나 순살양념만 먹습니다 저는,5,5,5,5,2018년 9월 14일
262,치킨,강남구 삼성동,페리카나-강남구청점,dk**님,두마리치킨（후라이드치킨＋양념치킨＋콜라1.25L）/1(후라이드 치킨 변경(변경안함（후라이드）)),맛있었어요 튀김옷이 조금 두꺼운게 아쉬윰,4,3,4,4,2018년 9월 12일
263,치킨,강남구 삼성동,페리카나-강남구청점,손님,양념치킨/1,여기가 맛있어서 자주 시켜요,5,5,5,5,2018년 9월 7일
264,치킨,강남구 삼성동,페리카나-강남구청점,손님,두마리치킨（후라이드치킨＋양념치킨＋콜라1.25L）/1(후라이드 치킨 변경(변경안함（후라이드）)),뜨끈뜨끈한 치킨 맛있게 잘 먹었습니다 다음에 또 주문할게요,5,5,4,5,2018년 8월 23일
265,치킨,강남구 삼성동,페리카나-강남구청점,손님,반반치킨/1,존맛텡입니다아아아아아아아아아,5,5,5,5,2018년 8월 12일
266,치킨,강남구 삼성동,페리카나-강남구청점,손님,양념치킨/1,페리카나 친킨이 찾아왔어요,4,3,4,3,2018년 7월 28일
267,치킨,강남구 삼성동,페리카나-강남구청점,손님,두마리치킨（후라이드치킨＋양념치킨＋콜라1.25L）/1(후라이드 치킨 변경(변경안함（후라이드）)),평타치는 페리카나입니당,3,3,4,4,2018년 7월 25일
268,치킨,강남구 삼성동,페리카나-강남구청점,hy**님,후라이드치킨/1,배달도 빠르고 바삭하니 맛있다,5,5,5,5,2018년 7월 19일
269,치킨,강남구 삼성동,페리카나-강남구청점,gp**님,반반치킨/1,조아요조아요조아요조아요조아요,5,5,5,5,2018년 7월 14일
270,치킨,강남구 삼성동,페리카나-강남구청점,손님,양념치킨/1,치킨중에 제일 고소하고 맛있어요,5,5,5,5,2018년 7월 9일
271,치킨,강남구 삼성동,페리카나-강남구청점,gi**님,,배달은 빨라요 근데 저번보다는 그냥 그랬어요 한번더 시켜볼게요 조만간,4,4,4,5,2018년 7월 8일
272,치킨,강남구 삼성동,페리카나-강남구청점,손님,후라이드치킨/1,어제 수요가많았는지 튀김색이 그닥 좋아보이지않았음,5,2,3,5,2018년 6월 28일
273,치킨,강남구 삼성동,페리카나-강남구청점,po**님,반반치킨/1,흠  추억의 맛이에요 ,1,1,1,1,2018년 6월 27일
274,치킨,강남구 삼성동,페리카나-강남구청점,손님,양념치킨/1,맛 괜찮네요 페리카나는양념이죠,4,5,4,3,2018년 6월 24일
275,치킨,강남구 삼성동,페리카나-강남구청점,손님,반반치킨/1,옛날치킨맛을 찾으시면 여기가뙇,5,5,5,5,2018년 6월 17일
276,치킨,강남구 삼성동,페리카나-강남구청점,ch**님,3세트（순살양념치킨＋순살간장치킨＋콜라1.25L）/1,맛도 좋고 양도 좋아요  별이 개인 이유는 치킨은 배가 부르나 고프나 항상 아쉬워서 그런겁니다,4,4,4,5,2018년 6월 10일
277,치킨,강남구 삼성동,페리카나-강남구청점,li**님,두마리치킨（후라이드치킨＋양념치킨＋콜라1.25L）/1(후라이드 치킨 변경(후라이드를 간장치킨으로 변경)),번째 주문입니다 맛나네요,4,4,5,5,2018년 6월 10일
278,치킨,강남구 삼성동,페리카나-강남구청점,손님,반반치킨/1,집앞 페리카나  항상 짱이에요,5,5,5,5,2018년 6월 1일
279,치킨,강남구 삼성동,페리카나-강남구청점,kh**님,두마리치킨（후라이드치킨＋양념치킨＋콜라1.25L）/1(후라이드 치킨 변경(변경안함（후라이드）)),페리카나 치킨이 젤로 맛있어요 양념도 후라이드도 다맛있어요,5,5,5,5,2018년 5월 24일
280,치킨,강남구 삼성동,페리카나-강남구청점,손님,순살양념치킨/1,배달도 빠르고 맛있쪄요,5,5,5,5,2018년 5월 16일
281,치킨,강남구 삼성동,페리카나-강남구청점,pa**님,반반치킨/1,오랜만에 페리카나 먹었는데 너무 맛있네요 구관이 명관,5,5,5,5,2018년 5월 12일
282,치킨,강남구 삼성동,페리카나-강남구청점,ch**님,후라이드치킨/1,좋았어요예상보다 빨리왔구요,3,3,3,3,2018년 5월 10일
283,치킨,강남구 삼성동,페리카나-강남구청점,jy**님,반반치킨/1,맛있어요 배달도빨리오셧어요 감사,5,4,5,5,2018년 5월 7일
284,치킨,강남구 삼성동,페리카나-강남구청점,pe**님,반반치킨/1,페리카나 항상 최고에요 ,5,5,5,5,2018년 4월 23일
285,치킨,강남구 삼성동,페리카나-강남구청점,손님,"반반치킨/1(사리 추가(파 추가,떡 추가))",와우 개꿀맛 인정 어 인정,5,5,5,5,2018년 4월 6일
286,치킨,강남구 삼성동,페리카나-강남구청점,ls**님,두마리치킨（후라이드치킨＋양념치킨＋콜라1.25L）/1(후라이드 치킨 변경(변경안함（후라이드）)),맛있게 잘먹엇어요 양념이 옛맛 좋아요,5,5,5,5,2018년 4월 5일
287,치킨,강남구 삼성동,페리카나-강남구청점,aq**님,반반치킨/1,너무 맛있게 잘 먹었습니다 다음에 또 배달해서 먹을꺼예요,5,5,5,5,2018년 4월 1일
288,치킨,강남구 삼성동,페리카나-강남구청점,손님,1세트（순살양념치킨＋순살후라이드＋콜라1.25L）/1,양 상당히 적습니다 순살 말고 뼈로 시키시면 괜찬을듯 빠른배달 고맙습니다,4,3,1,5,2018년 3월 25일
289,치킨,강남구 삼성동,페리카나-강남구청점,손님,반반치킨/1,페리카나의 재발견 짱맛잇어요흡입함,5,5,4,4,2018년 3월 14일
290,치킨,강남구 삼성동,페리카나-강남구청점,손님,양념치킨/1,양념 시켰는데 반반이 왔고 많이 식어 있었다,3,3,3,3,2018년 3월 10일
291,치킨,강남구 삼성동,페리카나-강남구청점,ch**님,반반치킨/1(사리 추가(떡 추가)),맛있었습니다 종종시켜먹을게요,4,4,5,5,2018년 3월 9일
292,치킨,강남구 삼성동,페리카나-강남구청점,손님,후라이드치킨/1,진짜 여윽시 후라이드 치킨은 페리카나,5,5,5,5,2018년 2월 27일
293,치킨,강남구 삼성동,페리카나-강남구청점,qw**님,1세트（순살양념치킨＋순살후라이드＋콜라1.25L）/1,치킨의 옛 맛을 느끼고 싶다면,4,4,5,5,2018년 2월 26일
294,치킨,강남구 삼성동,페리카나-강남구청점,손님,,맛있어요 맛은 점인데 양념간장 시켯는데 배달이 간장 후라이드 왓네요 다음번엔 조금 더 신경써주세요,4,,,,2018년 2월 25일
295,치킨,강남구 삼성동,페리카나-강남구청점,y4**님,반반치킨/1,양념 반 후라이드 반 시켰어요 점심 시간에 주문했는데 배달도 적당하게 왔어요 후라이드 튀김옷이 약간 두껍긴 했지만 맛있게 먹었어요,4,4,4,4,2018년 1월 23일
296,치킨,강남구 삼성동,페리카나-강남구청점,sy**님,반반치킨/1,늘 맛있어요 계속 시키게 되네요,5,5,5,5,2018년 1월 9일
297,치킨,강남구 삼성동,페리카나-강남구청점,sy**님,반반치킨/1,페리카나 강남구청점은 배송도 빠르고 맛도 있어요,5,5,5,5,2018년 1월 5일
298,치킨,강남구 삼성동,페리카나-강남구청점,lo**님,양념치킨/1,페리카나는 역시 양념이 진리네요,5,5,5,5,2018년 1월 4일
299,치킨,강남구 삼성동,페리카나-강남구청점,손님,순살파닭치킨/1,맛이그럭저럭 비추입니다,3,3,3,3,2018년 1월 3일
300,치킨,강남구 삼성동,페리카나-강남구청점,bn**님,양념치킨/1,역시 페리카나가 짱이죠 ,5,5,5,5,2017년 12월 1일
301,치킨,강남구 삼성동,페리카나-강남구청점,손님,반반치킨/1,맛있고 양도 많고 배달도 예상시간 보다 빨리 오셨습니다,5,5,5,5,2017년 12월 1일
302,치킨,강남구 삼성동,페리카나-강남구청점,sy**님,반반치킨/1,양도 많고 배달도 빠르고 늘 만족스럽습니다,5,5,5,5,2017년 11월 18일
303,치킨,강남구 삼성동,페리카나-강남구청점,bn**님,양념치킨/1,역시 페리카나는 배신을 하지 않됴  양도 짱 많고 ,5,5,5,5,2017년 11월 3일
304,치킨,강남구 삼성동,페리카나-강남구청점,손님,반반치킨/1,배달도 빠르고 맛있게 잘먹었습니다,5,5,5,5,2017년 10월 22일
305,치킨,강남구 삼성동,페리카나-강남구청점,손님,2세트（순살떡양념치킨＋순살후라이드＋콜라1.25L）/1,단골입니다 조금만 부드럽게 튀겨주세요,4,,,,2017년 8월 24일
306,치킨,강남구 삼성동,페리카나-강남구청점,sy**님,,배달이 빠르고 치킨이 맛있어요 ,5,,,,2017년 7월 29일
307,치킨,강남구 삼성동,페리카나-강남구청점,손님,순살후라이드/1,맛있어요 다음엔 다른 맛도 시켜 볼게요 ,4,,,,2017년 6월 16일
308,치킨,강남구 삼성동,페리카나-강남구청점,손님,두마리치킨（후라이드치킨＋양념치킨＋콜라1.25L）/1(후라이드 치킨 변경(후라이드를 마늘치킨으로 변경)),두마리세트 마늘치킨양념치킨콜라 만천원에 시켰는데 콜라는 안왔네요 ,1,,,,2017년 5월 22일
309,치킨,강남구 삼성동,페리카나-강남구청점,손님,,역시 맛있습니다 별 개 쾅쾅,5,,,,2017년 2월 7일
310,치킨,강남구 삼성동,페리카나-강남구청점,tn**님,반반치킨/1,맛있어요 후라이드 튀김도 바삭하고 양념도 역시나 맛있네요,5,,,,2017년 1월 17일
311,치킨,강남구 삼성동,페리카나-강남구청점,le**님,반반치킨/1,양념소스마니부탁햇는데주셯네요 빨리왓어요,3,,,,2017년 1월 7일
312,치킨,강남구 삼성동,페리카나-강남구청점,sy**님,,배달도 빠르고 맛도 있고 좋네요,5,,,,2017년 1월 2일
313,치킨,강남구 삼성동,페리카나-강남구청점,sy**님,반반치킨/1,바로 배달을 해주셔서 치킨이 아주 바삭거리고 맛있었어요 ,5,,,,2016년 12월 4일
314,치킨,강남구 삼성동,페리카나-강남구청점,le**님,,빠른배송 맛도 굿 만족이요,4,,,,2016년 11월 14일
315,치킨,강남구 삼성동,페리카나-강남구청점,dm**님,"후라이드치킨/2,양념치킨/2",빠삭하고 맛있어요 배달짱빠름,5,,,,2016년 11월 4일
316,치킨,강남구 삼성동,페리카나-강남구청점,손님,,시간이 지나도 배달 못해주는 집 바쁘면 요기요로 주문하면 주문을 안받는 것 같다,1,,,,2016년 5월 6일
317,치킨,강남구 삼성동,페리카나-강남구청점,손님,반반치킨/1,배고서 다리한조각 먹고찍은사진이라 다리하나가없지만 넘나 맛있어요 ,5,,,,2016년 5월 5일
