﻿,Category,Location,Restaurant,UserID,Menu,Review,Total,Taste,Quantity,Delivery,Date
0,치킨,마포구 상암동,푸라닭-북가좌점,ti**님,순살 악마/1,첨 시켰는데 맛있어요 매콤한데 자꾸 당기는 맛 떡사리는 바삭쫄깃 맛있게 잘 먹었어요 담에 또 시킬께요,5,5,5,5,2일 전
1,치킨,마포구 상암동,푸라닭-북가좌점,si**님,순살 블랙마요/1,푸라닭 처음 시켜봤는데 전체적으로 고급진 맛이 나네요 블랙알리오는 소문대로 맛있고 고추마요는 마요네즈 맛이 느끼하지 않을까 했는데 매운맛이 깔끔하게 잡아주네요 맛있게 잘먹었습니다,5,5,5,5,3일 전
2,치킨,마포구 상암동,푸라닭-북가좌점,du**님,고추마요 치킨/1,고추마요 게속 시켜 먹게 되네요 배달도 엄청 빠르고,5,5,5,5,3일 전
3,치킨,마포구 상암동,푸라닭-북가좌점,ha**님,（뼈）푸라반＋블랙반/1,맛있어요 블랙알리오는 간장 양념 맛인데 개인적으로는 고추마요가 더 맛있던 것 같아요 그래도 블랙알리오도 맛있어요 다 먹느라 사진은 못 찍었어요,5,5,5,5,3일 전
4,치킨,마포구 상암동,푸라닭-북가좌점,ta**님,블랙마요/1,기대 이상이었어요 할라피뇨랑 고추마요 양념이 제대로 매콤하고 블랙도 단짠으로 맛있었어요 프라닥 처음 시켜봤는데 또 찾게 될것 같아요,5,5,5,5,3일 전
5,치킨,마포구 상암동,푸라닭-북가좌점,dl**님,악마 치킨/1(（뼈）_반마리(고추반)),푸라닭 처음먹어보는데 고추마요도 먹고싶고 악마도 먹고싶었는데 반마리 추가가 있더라구요 너무 좋은 선택지인거같아요 아주 맛있었습니다 리뷰이벤트로 떡사리추가했는데 원래 어느정도 오는지 모르지만 떡 많아보였어요 둘다 먹고싶을땐 한마리반 추천드립니당,5,5,5,5,4일 전
6,치킨,마포구 상암동,푸라닭-북가좌점,pr**님,블랙투움바/1(PURA's pick([복날] 전복삼계죽 추가)),맛있네요 담엔 블랙올리오로 한마리 먹어야겠어요,5,5,5,5,4일 전
7,치킨,마포구 상암동,푸라닭-북가좌점,so**님,블랙투움바/1,리뷰이벤트 떡으로 했는데 모든떡을 합쳐서 개만 나왔어요 블랙 알리오 올리오는 소스가 많아서 좋았는데 투움바는 적어서 아쉬웠어요,4,5,4,5,5일 전
8,치킨,마포구 상암동,푸라닭-북가좌점,mj**님,"순살 치킨/1,순살 고추마요/1",닭다리살은 역시 다르네요 교촌에서 실망하고 앞으로 치킨은 옮겨탑니다,5,5,5,5,일주일 전
9,치킨,마포구 상암동,푸라닭-북가좌점,ad**님,"달콤양념 치킨/1,순살 고추마요/1",남은거까지 싹싹 먹고잇어요어,5,5,5,3,2021년 7월 23일
10,치킨,마포구 상암동,푸라닭-북가좌점,dl**님,（순살）푸라반＋블랙반/1,복날이라 그런지 시간분 대기 떠서 시간분 기다렸는데도 안와서 전화했는데 전화도 안받고 계속 돌리심 맛있었는데 어제는 많이 나가서 그런건지 양도 그닥이고 맛도 아쉬웠어요,5,5,5,5,2021년 7월 22일
11,치킨,마포구 상암동,푸라닭-북가좌점,bo**님,（뼈）푸라반＋달콤반/1,푸라닥도 지점마다 맛이 다른가봐요 여기 정말 잘 튀기신듯바삭하고 촉촉하니 맛있었습니다 오늘 중복이라 배달 시간이 오래 걸렸지만,5,5,5,5,2021년 7월 21일
12,치킨,마포구 상암동,푸라닭-북가좌점,th**님,순살 고추마요/1,갑자기 천둥 번개가 칠지 모르고 주문했어요 그래도 비에 젖지 않게 빠르고 친절히 배달해주셔 감사합니다 포장도 고급스럽네요 맛도 좋다고 합니다,5,5,5,5,2021년 7월 20일
13,치킨,마포구 상암동,푸라닭-북가좌점,ce**님,블랙마요 윙콤보/1,처음으로 윙봉 시켰는데 순살일반윙봉 순서로 맛있네요 순살먹다 윙봉을 먹으니 좀 질기게 느껴졌어요 다음엔 순살로 시켜야겠어요 순살 부드럽고 맛있어요 그리고 예전에 토핑 전부 빠진 적이 있었는데 이번엔 리뷰 이벤트 신청했지만 떡이 빠져 왔네요 게다가 배달비가 천원에서 천원으로 올라 아쉬웠어요,4,4,4,3,2021년 7월 20일
14,치킨,마포구 상암동,푸라닭-북가좌점,ga**님,블랙마요/1,항상 시켜먹는 치킨이에여 항상 맛있습니다  소스도 많이 주시고 닭도 신선한 것 같아요,5,5,5,,2021년 7월 18일
15,치킨,마포구 상암동,푸라닭-북가좌점,mu**님,순살 블랙알리오/1(선택 옵션(고추마요소스 보틀（240g）)),다릿살 순살이라 연해서 넘 맛있어요함께 주신 고추마요 소스랑 잘어울리네요 근데 순살인데 뼈있는 조각이 개 섞여 있었어요그중에 한조각은 가슴살  담부턴 신경써주세요자주 시켜먹을께요,4,5,5,5,2021년 7월 18일
16,치킨,마포구 상암동,푸라닭-북가좌점,rk**님,"블랙알리오/1(사이드메뉴(빅치즈스틱2개,기름떡볶이 （달콤）))",역시 블랙알리오 사이드 메뉴 떡볶이랑 치즈스틱 넘맛나여 아이들이 순삭했습니다,5,5,5,,2021년 7월 17일
17,치킨,마포구 상암동,푸라닭-북가좌점,qk**님,순살 블랙알리오/1,갓갓알리오 제 인생치킨 입니당 배달시간이 늦지만 여전히 후끈후끈하네여,5,5,5,5,2021년 7월 14일
18,치킨,마포구 상암동,푸라닭-북가좌점,ce**님,순살 블랙마요/1,순살 이곳만큼 맛있는 브랜드 없는 것 같아요,5,5,5,5,2021년 7월 13일
19,치킨,마포구 상암동,푸라닭-북가좌점,il**님,"순살 블랙알리오/1(음료 사이즈업(코카콜라 1.25L（사이즈업）),사이드메뉴(어니언불고기피자,고르곤졸라피자))",오늘 배송기사님이 매우 친절했습니다 ,5,4,4,5,2021년 7월 12일
20,치킨,마포구 상암동,푸라닭-북가좌점,ni**님,"순살 악마/1,악마소스 추가/1,테라생맥주 1000㏄/1",맛있게 잘먹었습니다 다음에 또 시킬게요,5,5,5,5,2021년 7월 12일
21,치킨,마포구 상암동,푸라닭-북가좌점,gi**님,[복날 한정] 푸라닭에 더한 죽/1(복날 세트(（프로모션） 푸라닭 치킨)),치킨이 담백해요 치킨 먹으면 살짝 죄책감이 드는데 푸라닭은 그렇지 않네요 낼 초복이라 죽도 같이 주문해봤어요 죽은 내일 아침에 먹으려구요,5,5,4,4,2021년 7월 10일
22,치킨,마포구 상암동,푸라닭-북가좌점,na**님,순살 블랙알리오/1,맛은 있어요 그런데다 식어서 왔어요,3,3,3,3,2021년 7월 10일
23,치킨,마포구 상암동,푸라닭-북가좌점,ki**님,블랙마요/1(（뼈）_반마리(달콤반)),깜빡하고 사진을 못찍었어요 푸라닭은 처음이었는데 맛있게 먹었네요 담에 또 주문할 거 같습니다,5,5,5,5,2021년 7월 9일
24,치킨,마포구 상암동,푸라닭-북가좌점,se**님,블랙알리오/1(사이드메뉴(기름떡볶이（투움바）)),맛있어요 여름철 입맛없는데 맛있게 잘먹었네요 빠르고 양도 좋고 맛도 좋아요 더운날이지만 힘내세요,5,5,5,,2021년 7월 8일
25,치킨,마포구 상암동,푸라닭-북가좌점,au**님,고추마요 윙콤보/1,사진을 못찍어서 예전에 찍은 사진으로 올려요 이틀연속으로 주문했는데 역시 너무 맛있고 앞으로 계속 북가좌점에서 시킬거에요 감사합니다,5,5,5,5,2021년 7월 6일
26,치킨,마포구 상암동,푸라닭-북가좌점,ha**님,고추마요 윙콤보/1,고추마요 넘맛있네요 주기적으로 생각날듯합니다,5,5,5,5,2021년 7월 6일
27,치킨,마포구 상암동,푸라닭-북가좌점,se**님,순살 블랙알리오/1,오늘 사진을 실수로 못 찍어서 저번에 먹었던 사진 올려요 순살도 뼈 못지않게 넘 맛있네요 앞으로도 또 이용할게요 리뷰이벤트 떡사리도 감사드립니다,5,5,5,5,2021년 7월 5일
28,치킨,마포구 상암동,푸라닭-북가좌점,sh**님,순살 고추마요/1,맛있는뎅 왜 맨날 상자가 열려서 오는지 궁금해요,5,5,5,5,2021년 7월 4일
29,치킨,마포구 상암동,푸라닭-북가좌점,01**님,"순살 고추마요/1(사이드메뉴(블랙치즈볼,블랙치즈케이크))",배달도 빨랏구 너무 맛있었어용 또 시켜먹을기용,5,5,5,5,2021년 7월 3일
30,치킨,마포구 상암동,푸라닭-북가좌점,lu**님,블랙투움바/1,새로운맛의 블랙투움바는 맛있는데 양이 좀 덕은듯 로제는 너무 매웠어요,5,4,4,5,2021년 7월 3일
31,치킨,마포구 상암동,푸라닭-북가좌점,kk**님,순살 블랙투움바/1,먹다가 사진을 깜박했어요  일단 배송이 진짜빨라 놀랐구요 바로나온 음식처럼 뜨겁고 맛있네요 아이들이 너무 잘 먹어서 또 시켜야겠어요,5,5,5,5,2021년 7월 3일
32,치킨,마포구 상암동,푸라닭-북가좌점,so**님,순살 블랙마요/1,푸라닭 처음 먹어봤는데 생각보다 더 맛있었어요 무엇보다도 양념이 넉넉하고 할라피뇨도 많아서 너무 좋았어요,5,5,5,,2021년 7월 2일
33,치킨,마포구 상암동,푸라닭-북가좌점,sg**님,블랙투움바/1,전에 블랙만 먹어봐서 투움바도 시켜봤는데 이것도 맛있네요,5,5,5,5,2021년 6월 30일
34,치킨,마포구 상암동,푸라닭-북가좌점,i_**님,순살 블랙알리오/1(사이드메뉴(블랙치즈볼)),푸라닭 순살은 진리 진짜 한번맛보고 여기서만 먹어요,5,5,5,5,2021년 6월 29일
35,치킨,마포구 상암동,푸라닭-북가좌점,rb**님,순살 블랙마요/1,포장할인이 없어서 아쉬움 맛은 다른데나 여기나 똑같이 맛있어요,5,5,5,5,2021년 6월 27일
36,치킨,마포구 상암동,푸라닭-북가좌점,dd**님,블랙투움바/1,블랙투움바 시켰는데 두가지맛이라 가성비는 좋았어요 개인적으로는 블랙이 훨씬 취향에맞는거 같아요 다음에 또 다른 맛 도전할게요,5,5,5,5,2021년 6월 27일
37,치킨,마포구 상암동,푸라닭-북가좌점,rk**님,순살 고추마요/1,번째 시켜먹는 고추마요맛있어여 서비스로 주신 떡하고 잘먹었습니다,5,5,5,5,2021년 6월 27일
38,치킨,마포구 상암동,푸라닭-북가좌점,24**님,"푸라닭 치킨/1(선택 옵션(웨지감자 추가,떡 추가))",역시 푸라닭이양원전 맛잇엉,5,5,5,5,2021년 6월 27일
39,치킨,마포구 상암동,푸라닭-북가좌점,sd**님,블랙마요/1(선택 옵션(고추마요소스 보틀（240g）)),맛있어요떡사리 잘 박았어여,5,5,5,5,2021년 6월 27일
40,치킨,마포구 상암동,푸라닭-북가좌점,cy**님,"（뼈）푸라반＋블랙반/1(（뼈）_반마리(달콤반),선택 옵션(떡 추가))",맛도짱 배달도 빨라요 다음에 또주문할게요,5,5,5,5,2021년 6월 27일
41,치킨,마포구 상암동,푸라닭-북가좌점,bl**님,순살 블랙마요/1,다른 치킨집 잠시 갔다 다시 왔는데 역시나 맛있는 맛 역시 늘 옳은 맛입니다,5,5,5,5,2021년 6월 26일
42,치킨,마포구 상암동,푸라닭-북가좌점,tr**님,"푸라 윙콤보/1(（뼈）_반마리(달콤반),사이드메뉴(블랙치즈볼))",전반적으로 괜찮았습니다,4,4,4,4,2021년 6월 23일
43,치킨,마포구 상암동,푸라닭-북가좌점,ph**님,"순살 블랙알리오/1,블랙치즈볼/1",너무 맛있게 잘먹었어요,5,5,5,5,2021년 6월 23일
44,치킨,마포구 상암동,푸라닭-북가좌점,ro**님,"블랙마요/1(선택 옵션(웨지감자 추가)),테라생맥주 1000㏄/1",맛도 좋고 양도 많고 배달도 빨라서 좋아요 서비스 주신 떡 사리도 맛있게 잘 먹었습니다,5,5,5,5,2021년 6월 21일
45,치킨,마포구 상암동,푸라닭-북가좌점,kn**님,블랙투움바/1(사이드메뉴(블랙치즈볼)),배달도 빠르고 너무 맛있게 잘 먹었어요 리뷰이벤트로 받은 떡사리도 맛있었어요 다음에 또 주문할게요,5,5,5,5,2021년 6월 20일
46,치킨,마포구 상암동,푸라닭-북가좌점,mi**님,"순살 블랙알리오/1,코카콜라 1.25L（추가）/1",리뷰이벤트 한다고 썼는데 떡사리가 한개도 안왔어요 아무리 뒤져봐도 없네요 무슨일인지 떡사리 없어서 양도 반,3,5,2,5,2021년 6월 14일
47,치킨,마포구 상암동,푸라닭-북가좌점,ra**님,순살 블랙알리오/1,닭도 맛있고 떡튀김 신선하고 너무 맛있어요 ,5,5,5,5,2021년 6월 14일
48,치킨,마포구 상암동,푸라닭-북가좌점,du**님,투움바 치킨/1(（뼈）_반마리(고추반)),자주 시켜먹네요 맛있어요,5,5,5,5,2021년 6월 14일
49,치킨,마포구 상암동,푸라닭-북가좌점,je**님,"순살 투움바/1(푸레스트(텐더 치바로우 （달콤양념）),사이드메뉴(블랙크로칸슈)),테라생맥주 1000㏄/1",사진을 못찍었네요  한강에서 가족들과 함께 넘 맛있게 잘 먹었습니다 감사합니다 ,5,5,5,5,2021년 6월 14일
50,치킨,마포구 상암동,푸라닭-북가좌점,so**님,매드갈릭 치킨/1,배달 엄청 빠르고 치킨도 맛있어요 먹으면서 한 느낌이 있는 듯 ,5,5,4,5,2021년 6월 14일
51,치킨,마포구 상암동,푸라닭-북가좌점,by**님,순살 블랙알리오/1,맛있어요 비닐봉투가 아닌 포장봉투도 깔끔하고 맛있게 잘먹었어요,5,5,5,5,2021년 6월 13일
52,치킨,마포구 상암동,푸라닭-북가좌점,wi**님,푸라닭 치킨/1,같은 브랜드 다른 맛이라고 해야하나 상암점이 더 맛있어요 그리고 상암점은 기름받이 칩이 들어있어 눅눅하지 않던데 지점마다 다른가보죠 개인적으로 추가 주문은 안할듯 대신 배달은 빨라요,3,3,3,5,2021년 6월 11일
53,치킨,마포구 상암동,푸라닭-북가좌점,dh**님,（순살）푸라반＋블랙반/1(푸레스트(텐더 치바로우 （달콤양념）)),푸라닭은 깔끔해서 좋아요 원래 양이 좀 적다 느껴졌는데 꿔바로우 추가하니 애들 먹기도 좋고 인가족에 딱이네요 맛나요 ,5,5,4,5,2021년 6월 8일
54,치킨,마포구 상암동,푸라닭-북가좌점,bo**님,제너럴 핫 치킨/1(사이드메뉴(고추마요소스 추가)),짭조름하고 마늘후레이크도 있어 맛있게 먹었습니다,5,5,5,5,2021년 6월 8일
55,치킨,마포구 상암동,푸라닭-북가좌점,ar**님,순살 블랙알리오/1,맛있어요 배고파서 사진 생각 못하고 몇개 먹고 찍었어요 존맛,5,5,5,5,2021년 6월 6일
56,치킨,마포구 상암동,푸라닭-북가좌점,mm**님,"순살 고추마요/1,순살 블랙알리오/1",푸라닭언제나 실망시키지 않는 맛입니다 ,5,5,5,5,2021년 6월 6일
57,치킨,마포구 상암동,푸라닭-북가좌점,se**님,순살 블랙알리오/1,포장부터 음식까지 정성이 돋보입니다 배달도빠르고 맛있게 잘먹었습니다,5,5,5,5,2021년 6월 1일
58,치킨,마포구 상암동,푸라닭-북가좌점,he**님,"블랙알리오/1(（뼈）_반마리(푸라반),사이드메뉴(기름떡볶이 （달콤）))",맛있게잘먹었습니당 먹은지 일지났는데 또 생각나서 바로 주문 달콤떡볶이 초등아이들도 맛있다고잘먹네요 치킨이랑앞으로 항상같이시켜먹을게요,5,5,5,5,2021년 5월 29일
59,치킨,마포구 상암동,푸라닭-북가좌점,ex**님,블랙 윙콤보/1,맛있어요배달도빠르고 최고,5,5,5,5,2021년 5월 28일
60,치킨,마포구 상암동,푸라닭-북가좌점,du**님,블랙마요/1,이치킨만 먹네요 수고하세요,5,5,5,5,2021년 5월 28일
61,치킨,마포구 상암동,푸라닭-북가좌점,kk**님,"순살 블랙악마/1(사이드메뉴(웨지감자 추가)),테라생맥주 1000㏄/1",배달 엄청 빨리왔고 너무 맛있었습니다,5,5,5,5,2021년 5월 28일
62,치킨,마포구 상암동,푸라닭-북가좌점,se**님,블랙알리오/1,맛있게 잘 먹었어요 특히 소스에 찍어 먹을 때 진짜 맛있네요 다음에도 이용할게요 ,5,5,5,5,2021년 5월 27일
63,치킨,마포구 상암동,푸라닭-북가좌점,dh**님,（순살）푸라반＋블랙반/1(사이드메뉴(웨지감자 추가)),오늘은 튀김이 좀 많이 딱딱했어요 도톰한 살이 많았는데 거의 튀김만 있는 것 처럼 얇은 것도 많았고요 담번에는 다시 맛난 치킨 보내주시리라 믿어요,5,5,5,5,2021년 5월 24일
64,치킨,마포구 상암동,푸라닭-북가좌점,em**님,（뼈）푸라반＋달콤반/1,아이들과 함께 먹었는데 아주 맛있어 합니다 짱 추천요,5,5,5,,2021년 5월 24일
65,치킨,마포구 상암동,푸라닭-북가좌점,손님,순살 블랙악마/1,너무 맛있게 잘 먹었습니다,5,5,5,5,2021년 5월 24일
66,치킨,마포구 상암동,푸라닭-북가좌점,he**님,"블랙알리오/1(（뼈）_반마리(푸라반),사이드메뉴(기름떡볶이 （달콤）))",맛있어요 리뷰이벤트참여한다고 떡사리부탁드렸는데 안왔어요 그건좀서운하지만 그런거없이 포장삿태 배달맛으로만별개입니다 감사합니다,5,5,5,5,2021년 5월 22일
67,치킨,마포구 상암동,푸라닭-북가좌점,kj**님,"순살 블랙알리오/1,치자치킨무 추가/2",양도 많고 배달도 빠르고 부드러운 다리살이라 너무 맛있었어요 질리지 않는 맛인것 같아요 다음에 또 시켜 먹을게요,5,5,5,5,2021년 5월 22일
68,치킨,마포구 상암동,푸라닭-북가좌점,ar**님,투움바 윙콤보/1(푸레스트(텐더 치바로우 （매드갈릭）)),추가해 주신 떡사리 잘 먹었습니당,5,5,4,4,2021년 5월 21일
69,치킨,마포구 상암동,푸라닭-북가좌점,su**님,（뼈）푸라반＋블랙반/1,남김없이 맛나게 먹었네요,5,5,5,5,2021년 5월 19일
70,치킨,마포구 상암동,푸라닭-북가좌점,fe**님,블랙투움바/1,푸라닭 최고 맛있게 잘먹었습니다,4,4,4,4,2021년 5월 19일
71,치킨,마포구 상암동,푸라닭-북가좌점,dh**님,（순살）푸라반＋달콤반/1(사이드메뉴(웨지감자 추가)),감튀 왜이리 맛있나요 푸라닭 최고,5,5,5,5,2021년 5월 19일
72,치킨,마포구 상암동,푸라닭-북가좌점,ha**님,블랙투움바/1(（뼈）_반마리(고추반)),좋네영 마시써영 특이한 요리맛,5,5,5,4,2021년 5월 19일
73,치킨,마포구 상암동,푸라닭-북가좌점,ma**님,（뼈）푸라반＋고추반/1,푸라닭 기본도 진짜 맛있네요 굽네보다 훨 맛남 청양마요는 은근히 매콤하고 느끼할때마다 할라피뇨 먹으면 진짜 개운하고 맛나요,5,5,5,5,2021년 5월 15일
74,치킨,마포구 상암동,푸라닭-북가좌점,se**님,고추마요 치킨/1,언제먹어도 맛있는 푸라닭 고추마요 치킨 최고예요,5,5,5,5,2021년 5월 15일
75,치킨,마포구 상암동,푸라닭-북가좌점,ja**님,고추마요 치킨/1,배달이 정말 엄청 빨랐어요 고추마요치킨 할라피뇨도 들어있어서 안 물리고 정말 맛있어요,5,5,5,5,2021년 5월 14일
76,치킨,마포구 상암동,푸라닭-북가좌점,56**님,블랙알리오/1,맛있어요 잘 먹었습니다 역시 점 푸라닭,5,5,5,5,2021년 5월 12일
77,치킨,마포구 상암동,푸라닭-북가좌점,to**님,"악마 윙콤보/1,제너럴 핫 윙콤보/1,치자치킨무 추가/1",사진을 못찍었지만 항상 맛있게 먹고 있어요 감사합니다,5,5,5,5,2021년 5월 11일
78,치킨,마포구 상암동,푸라닭-북가좌점,tm**님,"블랙마요/1(사이드메뉴(고추마요소스 추가)),코카콜라 1.25L（추가）/1",블랙알리오는 약간 심심한 맛이네요 그래도 담백한 맛이 있습니다,5,5,5,5,2021년 5월 11일
79,치킨,마포구 상암동,푸라닭-북가좌점,so**님,"투움바 치킨/1,（뼈）푸라반＋달콤반/1,악마소스 추가/3",투움바치킨과 반반치킨이 오늘 저녁을 책임져줘서 얼마나 감사한지노랑무도 아삭하니 맛있고 리뷰로 받은 떡튀김도 고소하니 짱,5,5,5,5,2021년 5월 10일
80,치킨,마포구 상암동,푸라닭-북가좌점,gh**님,고추마요 치킨/1,떡 사리도 맛있게 먹었습니다 정말 맛있어요,5,5,5,5,2021년 5월 8일
81,치킨,마포구 상암동,푸라닭-북가좌점,rk**님,순살 고추마요/1,마요소스 맛있어여 닭도 부드럽고 맛있게 잘먹었어여,5,5,5,5,2021년 5월 7일
82,치킨,마포구 상암동,푸라닭-북가좌점,dh**님,순살 매드갈릭/1,마늘은 첫 도전인데 소스 자체 맛이 좀 달았지만 그래도 맛있었어요 배달도 예상 시간보다 훨씬 빨리 와서 좋았습니다,5,5,5,5,2021년 5월 7일
83,치킨,마포구 상암동,푸라닭-북가좌점,tj**님,블랙투움바/1,맛있어요 배달도일찍옴 굿,5,5,5,5,2021년 5월 5일
84,치킨,마포구 상암동,푸라닭-북가좌점,da**님,푸라닭 치킨/1(（뼈）_반마리(고추반)),떡도 푸짐히 주셔서 맛있게 먹었어요 메뉴 맘에 들어요,5,5,5,,2021년 5월 4일
85,치킨,마포구 상암동,푸라닭-북가좌점,in**님,블랙알리오/1,포장 엄청 깔끔하고 맛있습니다,5,5,5,5,2021년 5월 1일
86,치킨,마포구 상암동,푸라닭-북가좌점,ga**님,블랙알리오에 반하다/1(사이드메뉴(블랙크로칸슈)),처음 먹어보는데 맛있네요 아주 짜지않으면서 속까지 간도 적당하고 조각 크기가 딱 좋아하는 사이즈라 먹기 편했어요 블랙알리오 위에 마늘 후레이크도 잘 튀겨져 맛있고 치자무도 건강한 맛이고 더스트백으로 포장한 것도 색다른 느낌이네요 아무튼 또 주문할게요,5,5,5,5,2021년 5월 1일
87,치킨,마포구 상암동,푸라닭-북가좌점,ch**님,블랙알리오/1,푸라닭 블랙알리오 진짜 맛있어요 떡이랑 튀긴마늘도 진짜 별미네요,5,5,5,5,2021년 4월 30일
88,치킨,마포구 상암동,푸라닭-북가좌점,fe**님,고추마요 치킨/1,너무 맛있게 잘먹었습니다,4,4,4,4,2021년 4월 30일
89,치킨,마포구 상암동,푸라닭-북가좌점,za**님,투움바 치킨/1,고급스런 프라닭하게 잘 먹었어여,5,5,5,5,2021년 4월 29일
90,치킨,마포구 상암동,푸라닭-북가좌점,ly**님,순살 블랙투움바/1,떡이 엄청나네요 맛나요,5,5,5,,2021년 4월 27일
91,치킨,마포구 상암동,푸라닭-북가좌점,gl**님,（뼈）푸라반＋블랙반/1,배달도 빠르고 맛있어요  자주시켜먹을게용,5,5,5,5,2021년 4월 26일
92,치킨,마포구 상암동,푸라닭-북가좌점,ex**님,"블랙 윙콤보/1(사이드메뉴(블랙치즈볼)),테라생맥주 1000㏄/1",배달도 빠르고 너무 맛있어여,5,5,5,5,2021년 4월 26일
93,치킨,마포구 상암동,푸라닭-북가좌점,sy**님,"（뼈）푸라반＋블랙반/1(（뼈）_반마리(푸라반),사이드메뉴(고추마요소스 추가))",반반에 반마리가 더 추가되는 건줄 몰랐지만 맛있게 잘 먹었습니다 건강한 맛이네요,5,5,5,5,2021년 4월 25일
94,치킨,마포구 상암동,푸라닭-북가좌점,s_**님,순살 블랙알리오/1(사이드메뉴(베이비크랩&포테이토)),처음 먹어보는데 괜찮았습니다,5,4,5,5,2021년 4월 24일
95,치킨,마포구 상암동,푸라닭-북가좌점,bl**님,순살 블랙마요/1,우선 떡 서비스를 받았고 맛은 늘 좋은거 아니깐 별 개 드리긴 했는데요 할라피뇨 마늘 후레이크 토핑 없이 왔어요 떡만 뿌려져서 왔네요 처음엔 할라피뇨만 없는 것 발견했다 블랙 위의 떡과 후레이크 딱 개 있어 모르고 먹다가 이상해 보니 진짜 마늘 후레이크를 개뿌리셨더라구요 토핑없이 먹어보니 토핑이 치킨맛에 생각보다 큰 영향을 주는걸 알았답니다 맛이 그 맛이 아닌 아쉬운 맛 맛 별점 한개 쓰려다 다음을 기약하며 다섯개 남기고 갑니다,5,5,5,5,2021년 4월 23일
96,치킨,마포구 상암동,푸라닭-북가좌점,qk**님,순살 블랙마요/1,치킨이 바삭바삭하고떡도 바삭바삭하고너무 맛있어요,5,5,5,5,2021년 4월 22일
97,치킨,마포구 상암동,푸라닭-북가좌점,bd**님,블랙마요/1(사이드메뉴(악마소스 추가)),처음 시켜봤는데 대박 맛있네요 자주 시켜먹을게요,5,5,5,5,2021년 4월 22일
98,치킨,마포구 상암동,푸라닭-북가좌점,wn**님,（순살）푸라반＋악마반/1,북가좌점 짱 똑같은 프렌차이즈점이라도 맛이 다른데 여긴 맛있어서 북가좌점에서만 시켜먹어요,5,5,4,5,2021년 4월 21일
99,치킨,마포구 상암동,푸라닭-북가좌점,dy**님,블랙마요/1,푸라닭 양념이 너무 맛있어요 다음에도 시킬게용,5,5,5,4,2021년 4월 18일
100,치킨,마포구 상암동,푸라닭-북가좌점,ku**님,"순살 투움바/1,순살 블랙알리오/1,블랙치즈볼/1,스프라이트 1.5L（추가）/1",맛있어요 푸라닭 우연히 먹고 맛있어서 매장가서 먹었는데 맛있어 그래서 오늘 또 생각나서 이번엔 배달로 먹어봤는데 맛있어 역시 맛있어 다음에 또 잘 부탁드립니다맛있었어요,5,5,5,5,2021년 4월 17일
101,치킨,마포구 상암동,푸라닭-북가좌점,7m**님,순살 치킨/1(사이드메뉴(웨지감자 추가)),맛있게 먹었어요 최고에요,5,5,5,5,2021년 4월 16일
102,치킨,마포구 상암동,푸라닭-북가좌점,wy**님,블랙투움바/1,푸라닭 오늘 처음 시켰는데 너무 맛있네요 앞으로 자주시킬게요,5,5,5,,2021년 4월 16일
103,치킨,마포구 상암동,푸라닭-북가좌점,yh**님,（순살）푸라반＋고추반/1(사이드메뉴(떡 추가)),처음 주문해봤는데 맛있네요,5,5,5,5,2021년 4월 16일
104,치킨,마포구 상암동,푸라닭-북가좌점,wi**님,순살 블랙악마/1(사이드메뉴(블랙오징어링)),역시 푸라닭 다만 오징어링은 오늘따라 ,4,5,5,4,2021년 4월 16일
105,치킨,마포구 상암동,푸라닭-북가좌점,ma**님,순살 블랙마요/1,오랜만에 먹으니 더 맛있게먹었습니다,5,5,5,5,2021년 4월 15일
106,치킨,마포구 상암동,푸라닭-북가좌점,he**님,"악마 윙콤보/1,블랙투움바 윙콤보/1,블랙치보샤（4ea）/1",빠른배달에 맛있게 잘먹었습니다,5,5,5,3,2021년 4월 15일
107,치킨,마포구 상암동,푸라닭-북가좌점,ja**님,고추마요 치킨/1,배달이 짱입니다 분만에 온것같아요 예상 배달시간 전에 다 먹었어요  처음먹어봤는데 꾸덕꾸떡한 연유 맛이네요  담에 또 주문게여,5,5,5,5,2021년 4월 13일
108,치킨,마포구 상암동,푸라닭-북가좌점,ca**님,"푸라닭 치킨/1,블랙마요/1",한시간 넘게 걸렸고 치킨이 식어서 와서 에어프라이어에 다시 돌려 먹었어요,4,4,5,4,2021년 4월 12일
109,치킨,마포구 상암동,푸라닭-북가좌점,so**님,"고추마요 치킨/1,（뼈）푸라반＋블랙반/1,악마소스 추가/2,테라생맥주 1000㏄/1",오늘은 푸라닭으로 주문하길 잘했다능고추마요와 반반으로 푸라반블랙알리오 두마리 주문 네식구 저녁으로 배불리 먹었다능테라생맥주도 가볍게 목넘김 좋았고,5,5,5,5,2021년 4월 11일
110,치킨,마포구 상암동,푸라닭-북가좌점,an**님,블랙투움바/1,이제부터 치킨은 푸라닭으로 한다 넘모 맛있네여 진짜 신세계,5,5,5,5,2021년 4월 11일
111,치킨,마포구 상암동,푸라닭-북가좌점,ro**님,"블랙마요/1(（뼈）_반마리(악마반),사이드메뉴(웨지감자 추가))",오랜만에 푸라닭 먹는데 여전히 맛있네용 서비스 챙겨주셔서 감사합니다,5,4,5,4,2021년 4월 11일
112,치킨,마포구 상암동,푸라닭-북가좌점,ku**님,"블랙투움바/1(사이드메뉴(웨지감자 추가,떡 추가,블랙치즈볼)),블랙크로칸슈/1,기름떡볶이 （레드）/1",처음시켰는데 맛있습니다 가격이 아쉽지만 그래도 맛은 인정합니다,5,5,5,5,2021년 4월 10일
113,치킨,마포구 상암동,푸라닭-북가좌점,wa**님,푸라닭에 반하다/1,푸라닭 한마리 블랙 반마리 시켰는데 푸라닭 한마리 반이 왔네요  그래도 잘 먹겠습니다,4,4,4,5,2021년 4월 10일
114,치킨,마포구 상암동,푸라닭-북가좌점,qk**님,블랙마요/1,두번째 주문인데 넘 맛나요 담엔 요청사항 더 주의깊게 들어주시면 더 감사합니다,5,5,5,4,2021년 4월 10일
115,치킨,마포구 상암동,푸라닭-북가좌점,c3**님,（뼈）푸라반＋블랙반/1,예상시간보다 빨리 도착했습니다 처음 주문인데 맛이 기대이상입니다,5,5,5,4,2021년 4월 8일
116,치킨,마포구 상암동,푸라닭-북가좌점,gh**님,고추마요 치킨/1,정말 맛이 있어요 너무 많이 맵지도 않고 소스도 매력적이에요,5,5,5,5,2021년 4월 6일
117,치킨,마포구 상암동,푸라닭-북가좌점,ch**님,블랙알리오/1,고급스런 포장과 퀄리티있는 맛 너무 맛있습니다,5,5,5,5,2021년 4월 6일
118,치킨,마포구 상암동,푸라닭-북가좌점,wh**님,（뼈）푸라반＋블랙반/1,처음 시켜먹어보는 건데 맛도 있고 가격도 괜찮았습니다 좋았습니다,5,5,5,5,2021년 4월 5일
119,치킨,마포구 상암동,푸라닭-북가좌점,cj**님,블랙마요/1,배달도 빠르고 맛있습니당 ,5,5,5,5,2021년 4월 4일
120,치킨,마포구 상암동,푸라닭-북가좌점,fe**님,"（뼈）푸라반＋블랙반/1,고르곤졸라피자/1",맛이 좋아요 계속 시켜먹을겁니다,4,4,4,4,2021년 4월 4일
121,치킨,마포구 상암동,푸라닭-북가좌점,01**님,순살 블랙마요/1(사이드메뉴(블랙치즈볼)),푸라닭 처음 시켜봤는데 진짜 오 넘 맛있네여 패키지도 엄청 신경쓴 느낌,5,5,5,5,2021년 4월 3일
122,치킨,마포구 상암동,푸라닭-북가좌점,so**님,순살 블랙알리오/1,푸락닭은사랑입니다 잘먹었어요,5,5,5,5,2021년 4월 3일
123,치킨,마포구 상암동,푸라닭-북가좌점,ya**님,블랙알리오/1,처음 주문해서 먹었는데 맛있네요 배달도 깔끔하고 좋아요,5,5,4,5,2021년 4월 3일
124,치킨,마포구 상암동,푸라닭-북가좌점,gh**님,고추마요 치킨/1,떡 많아서 맛있어요 매울까봐 안 먹다가 이번에 시도했는데 맛있게 매콤하네요,5,5,5,5,2021년 4월 3일
125,치킨,마포구 상암동,푸라닭-북가좌점,dh**님,블랙알리오/1,너무 맛있어서 다 먹었네용,5,5,5,5,2021년 4월 1일
126,치킨,마포구 상암동,푸라닭-북가좌점,kd**님,순살 고추마요/1,순살이 다릿살이라 더 맛있네요 잘 먹었습니다,5,5,5,5,2021년 3월 30일
127,치킨,마포구 상암동,푸라닭-북가좌점,ki**님,블랙알리오/1(（뼈）_반마리(푸라반)),너무 빨리 와서 놀랐네요 양은 쬐끔 적은것 같아요 맛있게 잘 먹었습니다 수고하세요 감사합니다,5,5,4,5,2021년 3월 29일
128,치킨,마포구 상암동,푸라닭-북가좌점,pm**님,（뼈）푸라반＋달콤반/1,맛있어요 맛있어요 맛있어요,5,5,5,5,2021년 3월 29일
129,치킨,마포구 상암동,푸라닭-북가좌점,yo**님,고추마요 치킨/1,첨먹어봤는데 나름 괜찮은거 같아요 약간 느끼해서 콜라 큰걸로 시켜야겠어요,5,5,5,5,2021년 3월 29일
130,치킨,마포구 상암동,푸라닭-북가좌점,ka**님,블랙알리오/1(사이드메뉴(웨지감자 추가)),오 푸라닭 첨시키는데 마싯어요 값은 개인적으로 싼거같진않은데 포장도 고급스럽고 양도 많아요 비싼값 한다고 봅니다 만족하면서 목었어요감사합니다,5,5,5,5,2021년 3월 29일
131,치킨,마포구 상암동,푸라닭-북가좌점,sj**님,푸라닭 치킨/1,부모님께 보내드렸는데 맛있다고 하시네요,5,5,5,5,2021년 3월 29일
132,치킨,마포구 상암동,푸라닭-북가좌점,9j**님,투움바 치킨/1,배달도 빠르게 와서 따뜻하게 먹었어요 소스가 좀 더 있었으면 더 맛있었을거 같아요,5,5,5,5,2021년 3월 28일
133,치킨,마포구 상암동,푸라닭-북가좌점,qk**님,고추마요 치킨/1,푸라닭 첫주문인데 넘나 만족하고 먹었네요 감사합니다,5,5,5,4,2021년 3월 27일
134,치킨,마포구 상암동,푸라닭-북가좌점,dl**님,블랙알리오/1(（뼈）_반마리(고추반)),맛있게 먹었어요 근데 포장박스가 기름 범벅이라 뜯는데 좀 불편했어요,3,5,5,1,2021년 3월 27일
135,치킨,마포구 상암동,푸라닭-북가좌점,se**님,순살 블랙마요/1,배달도 빠르고 양도 많고 분명히 맛있었는데 그냥 제 취향이 아니었던 것 같아요 맛은 정말 있습니다,4,3,5,5,2021년 3월 27일
136,치킨,마포구 상암동,푸라닭-북가좌점,ch**님,（뼈）푸라반＋블랙반/1,알리오는 첨먹어보는데 짜지않아 맛있게 잘 먹었습니다,5,5,5,,2021년 3월 26일
137,치킨,마포구 상암동,푸라닭-북가좌점,ro**님,고추마요 치킨/1,아주아주 존맛탱 너무 맛있어요,5,5,5,4,2021년 3월 26일
138,치킨,마포구 상암동,푸라닭-북가좌점,ph**님,"블랙알리오/1,블랙치즈볼/1",맛있어요 순살이 없어 뼈있는거 시켜먹었는데순살이 전 더 좋네요  블랙알리오딱 제 입맛,5,4,4,5,2021년 3월 26일
139,치킨,마포구 상암동,푸라닭-북가좌점,sj**님,"순살 블랙투움바/1(사이드메뉴(어니언불고기피자,감자씨즐링))",치킨도 피자도 맛있게 잘먹었습니다,5,5,5,5,2021년 3월 26일
140,치킨,마포구 상암동,푸라닭-북가좌점,ap**님,푸라닭 치킨/1,맛나요 맛나 양이작은게 아쉽네요,5,4,4,4,2021년 3월 23일
141,치킨,마포구 상암동,푸라닭-북가좌점,손님,푸라닭 치킨/1,치킨 그다지 좋아 하지 않는데 느끼하지 않고 맛있어요,5,5,4,5,2021년 3월 23일
142,치킨,마포구 상암동,푸라닭-북가좌점,ws**님,"블랙투움바/1(사이드메뉴(기름떡볶이 （레드）,블랙치즈볼))",완전 맛있어요 배달도 빠르고 양도 너무 많고  서비스도 감사합니다,5,5,5,5,2021년 3월 22일
143,치킨,마포구 상암동,푸라닭-북가좌점,ki**님,（뼈）푸라반＋블랙반/1,친구들이 맛있다맛있다해서 먹어봤는데 정말 맛있네요 다음에 또 먹을게요,5,5,5,5,2021년 3월 22일
144,치킨,마포구 상암동,푸라닭-북가좌점,ji**님,"고추마요 치킨/1,블랙알리오/1",처음 주문했는데 요청사항도 잘 들어주시고 맛도 있어서 너무 좋았어요 재주문하러 갑니다,5,5,5,5,2021년 3월 21일
145,치킨,마포구 상암동,푸라닭-북가좌점,ly**님,"블랙투움바/1(사이드메뉴(웨지감자 추가)),코카콜라 500ML（추가）/1",넘 맛있어서 순식간에 사라졌어요 블랙알리오가 제 취향이라 남기지 않고 다 먹었습니다 다음에도 시켜먹을 것 같네요,5,5,5,5,2021년 3월 21일
146,치킨,마포구 상암동,푸라닭-북가좌점,pd**님,순살 블랙투움바/1(사이드메뉴(기름떡볶이 （달콤）)),넘 잘 먹었습니다 평소보다 소스가 적은 느낌이 있었지만 배고파서 적게 느껴졌나싶기도 하네요,5,5,5,5,2021년 3월 21일
147,치킨,마포구 상암동,푸라닭-북가좌점,mi**님,"블랙마요/1,테라생맥주 1000㏄/1",처음먹엇는데 맛있었어요,5,4,5,5,2021년 3월 21일
148,치킨,마포구 상암동,푸라닭-북가좌점,ch**님,"제너럴 핫 윙콤보/1,코카콜라 1.25L（추가）/1",제너럴 핫 윙콤보 처음 시켰는데 맛있게 잘 먹었습니다,5,5,5,5,2021년 3월 20일
149,치킨,마포구 상암동,푸라닭-북가좌점,02**님,순살 블랙투움바/1(사이드메뉴(블랙치즈볼)),대박 치킨 맛집 찾았어요이번주만 번먹었어욤,5,5,5,5,2021년 3월 20일
150,치킨,마포구 상암동,푸라닭-북가좌점,sm**님,악마 치킨/1(사이드메뉴(치자치킨무 추가)),푸라닭 처음 먹어보는데 생각했던것보다 마니 맛있네요 주문이 많아서 그런지 배달은 좀 늦네요 맛있게 먹구있습니다,5,5,5,4,2021년 3월 19일
151,치킨,마포구 상암동,푸라닭-북가좌점,wo**님,고추마요 윙콤보/1,할라피뇨 좋아하시는 분 요거 꼭 드세여,5,5,5,5,2021년 3월 19일
152,치킨,마포구 상암동,푸라닭-북가좌점,ch**님,푸라닭 치킨/1(（뼈）_반마리(달콤반)),먹느라 후라이드도 맛나네요  완전맛있어요,5,5,5,5,2021년 3월 18일
153,치킨,마포구 상암동,푸라닭-북가좌점,na**님,블랙투움바/1,예상시간보다 배달이 빨리왔어요 두가지맛이라서 더 먹기좋았어요푸라닭 처음인데 포장이 새롭네요맛있어요 감사합니다,5,5,5,5,2021년 3월 17일
154,치킨,마포구 상암동,푸라닭-북가좌점,ha**님,"고추마요 치킨/1,블랙에디션 세트/1",이렇게 맛있는줄 몰랐어요 그리고 포장부터 맛까지 차별성이 있고 좋아요,5,5,5,5,2021년 3월 17일
155,치킨,마포구 상암동,푸라닭-북가좌점,jg**님,블랙마요/1,배달도 빠르고 맛도 있어여  닭이 좀 작은 닭인 것 같긴 한데 그래도 너무 맛있습니당 ,5,5,3,5,2021년 3월 17일
156,치킨,마포구 상암동,푸라닭-북가좌점,yo**님,블랙마요/1(사이드메뉴(고추마요소스 추가)),주소를 잘못 적었는데 배달기사분과 가게사장님 모두 친절하게 응대해주셨어요 너무 죄송하고 감사했어요 고추마요는 첨 먹어보는데 푸라닭 메뉴 중 제일 맛있는거 같아요,5,5,5,5,2021년 3월 14일
157,치킨,마포구 상암동,푸라닭-북가좌점,al**님,고추마요 치킨/1,생각보다 빨리왔어요 존맛,5,5,5,5,2021년 3월 13일
158,치킨,마포구 상암동,푸라닭-북가좌점,9j**님,고추마요 치킨/1,고추마요 처음 먹어봤는데 정말 맛있었어요 배달도 빨라서 따뜻하게 먹었어요,5,5,5,5,2021년 3월 11일
159,치킨,마포구 상암동,푸라닭-북가좌점,tt**님,"블랙알리오/1,（뼈）푸라반＋달콤반/1",맛있다 맛있어 아주마있어,5,5,5,5,2021년 3월 9일
160,치킨,마포구 상암동,푸라닭-북가좌점,ha**님,（뼈）푸라반＋블랙반/1(사이드메뉴(악마소스 추가)),소스가 모두 맘에 드내용 굿굿,5,5,5,5,2021년 3월 8일
161,치킨,마포구 상암동,푸라닭-북가좌점,la**님,"（뼈）푸라반＋블랙반/1,스프라이트 1.5L（추가）/1",아이들 때문에 늘 순살만 시키다가 오늘은 순살 주문이 안돼서 첨으로 뼈있는 것으로 주문했는데 남편은 이게 더 맛있다고 하네요 입 짧은 둘째 아이가 푸라닭치킨은 너무 잘 먹어요 항상 반반메뉴로 주문해달라고 특별히 요청하곤 합니다  달콤양념소스에 떡 찍어먹으면 그게 또 별미구요 집에서 가까워서 배달이 빠른 것도 너무 좋아요,5,5,5,5,2021년 3월 7일
162,치킨,마포구 상암동,푸라닭-북가좌점,so**님,푸라닭 치킨/1,맛있다고 초딩 두 딸이 다 먹어치우네요 ,4,5,4,4,2021년 3월 7일
163,치킨,마포구 상암동,푸라닭-북가좌점,mo**님,블랙알리오/1,맛있게 먹었습니다 다음에는 고추마요,5,5,5,5,2021년 3월 7일
164,치킨,마포구 상암동,푸라닭-북가좌점,sj**님,"（순살）푸라반＋블랙반/1(사이드메뉴(고르곤졸라피자,감자씨즐링,꼬친 새우))",배고파서 허겁지겁 먹다가 생각나서 사진찍었네요  너무 맛있어요 최고최고,5,5,5,5,2021년 3월 6일
165,치킨,마포구 상암동,푸라닭-북가좌점,ga**님,"（뼈）푸라반＋블랙반/1,블랙치즈볼/1,스프라이트 500ML（추가）/1",진짜 언제 먹어도 맛있음 이벤트 떡사리도 넉넉하게 넣어주셔서 감사합니다,5,5,5,5,2021년 3월 3일
166,치킨,마포구 상암동,푸라닭-북가좌점,gy**님,투움바 치킨/1(사이드메뉴(고추마요소스 추가)),투움바치킨 처음 먹는데 소스가 부족하고 뭔가 맛이 약했던거 같아요 서비스는 정말 잘 받았습니당,4,4,5,5,2021년 3월 2일
167,치킨,마포구 상암동,푸라닭-북가좌점,ta**님,"푸라닭 치킨/1,블랙투움바/1",거짓말 안하고 요근래 이동네 주변에서 제일 맛있는 치킨이었습니다,5,5,5,5,2021년 2월 28일
168,치킨,마포구 상암동,푸라닭-북가좌점,ke**님,（뼈）푸라반＋블랙반/1(사이드메뉴(블랙치즈볼)),진짜 캐맛있어요 치즈볼 처음 먹어보는데 정말 맛있네뇨 매번 이용하겠습니다,5,5,5,5,2021년 2월 27일
169,치킨,마포구 상암동,푸라닭-북가좌점,wh**님,투움바 치킨/1,처음 먹은 투움바치킨이였는데 소스가 떡이랑 잘어울리고 처음 먹어본듯한 치킨이였어요  명품다운 치킨입니다 역시 푸라닭,5,5,5,5,2021년 2월 27일
170,치킨,마포구 상암동,푸라닭-북가좌점,rk**님,순살 고추마요/1,깔끔하고 맛있게 먹었어요,5,5,5,,2021년 2월 27일
171,치킨,마포구 상암동,푸라닭-북가좌점,ju**님,"순살 블랙알리오/1(사이드메뉴(블랙치즈볼)),블랙치즈볼/1",배달도 정시각이고 맛있어요,5,5,5,5,2021년 2월 25일
172,치킨,마포구 상암동,푸라닭-북가좌점,ki**님,순살 블랙악마/1,아니 어디갔어 내치킨 어디갔어 너무 마시써서 사진찍으려고 보니 내치킨이 사라졌어여려어러러 너무 마시써요,5,5,5,5,2021년 2월 25일
173,치킨,마포구 상암동,푸라닭-북가좌점,wc**님,（뼈）푸라반＋고추반/1(사이드메뉴(기름떡볶이 （달콤）)),오늘도 잘 먹었습니다 감사합니다,5,5,5,5,2021년 2월 24일
174,치킨,마포구 상암동,푸라닭-북가좌점,cc**님,블랙투움바/1,제일 바쁜 금요일 여섯시반에 따뜻한 치킨을 이렇게 빨리 배달해 주네요 제 퇴근보다 빨리 오다니  맛은 기본이구요,5,5,5,5,2021년 2월 22일
175,치킨,마포구 상암동,푸라닭-북가좌점,fe**님,블랙투움바/1,처음 시켜봤는데 요리같은 치킨이네오,5,5,5,5,2021년 2월 21일
176,치킨,마포구 상암동,푸라닭-북가좌점,ke**님,（뼈）푸라반＋블랙반/1,깜빡해서 리뷰를 조금 늦게 올립니다 근처 다른 지점에서는 이 메뉴에 달콤양념이 미포함인데 표기가 잘못되었다고 안주셨었는데 이 지점은 주시네요 그래서 갈아탔습니다 확실히 푸라닭은 정말 정말 사랑이고 이지점은 배달도 빨라서 좋네요 굿굿,5,5,5,5,2021년 2월 21일
177,치킨,마포구 상암동,푸라닭-북가좌점,hs**님,"고추마요 치킨/1,빅치즈스틱2개/1",너무 맛있어요 겉바속촉 고추마요소스도 넘 맛나고 사이드로 주문한 치즈스틱도 배달 빨리해주신덕에 치즈맛 제대로 느꼈네요 ,5,5,5,5,2021년 2월 20일
178,치킨,마포구 상암동,푸라닭-북가좌점,be**님,（뼈）푸라반＋블랙반/1,맛있네요 퍽퍽살 안좋아하는데 퍽퍽살 조차 맛있는거보니 닭이 좋은건가 봐요,5,5,5,5,2021년 2월 20일
179,치킨,마포구 상암동,푸라닭-북가좌점,kh**님,순살 블랙마요/1,언제 먹어도 한결같이 소스 재료 다 아낌없이 주셔서 믿고 먹습니다 고추마요랑 블랙올리브 둘다 포기할 수 없어서 반반 먹습니다 순살덩어리도 진짜 커서  떡사리 서비스 잘 먹었습니다,5,5,5,5,2021년 2월 20일
180,치킨,마포구 상암동,푸라닭-북가좌점,el**님,"고추마요 치킨/1,블랙알리오/2",완전맛나네요 애들왈 진짜맛있는맛이래요 중고딩강추,5,5,5,5,2021년 2월 19일
181,치킨,마포구 상암동,푸라닭-북가좌점,ma**님,투움바 치킨/1(사이드메뉴(고추마요소스 보틀（240g）)),궁금했던 치킨 먹어본 건 좋았는데 양이 생각보다 더 적어서 아쉬웠어요  소스도 더 달라고했는데 그닥 티가 안나서 잘 모르겠네요 떡이 들어있는건 너무 좋았어요,4,4,3,5,2021년 2월 18일
182,치킨,마포구 상암동,푸라닭-북가좌점,jo**님,（뼈）푸라반＋블랙반/1(사이드메뉴(웨지감자 추가)),너무 맛있어요 손님 초대할때 또 주문할게요,5,5,5,5,2021년 2월 17일
183,치킨,마포구 상암동,푸라닭-북가좌점,yo**님,"（뼈）푸라반＋블랙반/1,악마소스 추가/1,고추마요소스 보틀（240g）/1",역시 블랙알리오는 맛있어요 아이들이 처음 먹어서 혹시나해서 푸라닭이랑 반반했는데 블랙알리오가 더 맛있다네요  순살이 없어서 좀 아쉽네요,5,5,5,5,2021년 2월 14일
184,치킨,마포구 상암동,푸라닭-북가좌점,wl**님,블랙투움바/1,전반적으로 좋았고 떡사리 추가 이벤트도 너무 좋았는데 투움바 소스가 너무 부족해서 투움바맛은 살짝 건조했던게 아쉽네요 반면에 블랙소스는 엄청 많았어요,5,5,5,5,2021년 2월 14일
185,치킨,마포구 상암동,푸라닭-북가좌점,ch**님,블랙알리오/1,맛이 정말 고급져요 튀긴마늘이랑 와사마요소스 같이먹으면 진짜 맛나요 떡서비스도 진짜 맛있었어요,5,5,5,5,2021년 2월 13일
186,치킨,마포구 상암동,푸라닭-북가좌점,an**님,순살 블랙투움바/1,어휴 떡사리가 많으니 배가 엄청 불러요 맛나게 잘 먹었습니다,5,5,5,5,2021년 2월 13일
187,치킨,마포구 상암동,푸라닭-북가좌점,dh**님,블랙알리오/1,명품백을 선물 받는기분이네요 예상시간보다 빠른배송 마늘듬뿍 달달한 소스에 치킨 모두 만족입니다,5,5,5,5,2021년 2월 12일
188,치킨,마포구 상암동,푸라닭-북가좌점,ro**님,（뼈）푸라반＋블랙반/1,떡사리는 원래없는건가요요청사항에 떡사리요청 드렸는데 기본도없네요 첨먹어봤는데 푸라닭이 블랙보단 낫네요 배달도 분밖에 안걸려서 좋았어요,3,3,3,4,2021년 2월 12일
189,치킨,마포구 상암동,푸라닭-북가좌점,ju**님,"블랙알리오/1,스프라이트 1.5L（추가）/1",포장과 맛이 정말 고급스럽고 맛았네요,5,5,5,,2021년 2월 12일
190,치킨,마포구 상암동,푸라닭-북가좌점,ba**님,블랙알리오/1,명절 점심갑자기 큰애가 치킨먹고싶다해서 처음으로 푸라닭 급주문했는데 엄청 빨리 배달와서 넘 놀랬어요 글구 넘 맛있네요 아이가 밥이랑 먹으면서 맛있다는 말을 계속하네요  앞으로 푸라닭 쭉 시켜먹어야겠어요,5,5,5,5,2021년 2월 12일
191,치킨,마포구 상암동,푸라닭-북가좌점,mi**님,순살 블랙투움바/1,블랙알리오는 항상 맛있고투움바는 처음 먹어보는데 확실히 호불호가 갈릴 것 같아요  느끼하고 매콤한데이게 치킨이랑 막 찰떡은 아닌 느낌그래도 안먹어보면 영원히 모르는거니까 시도해봤다는 것에 의의를 둡니다,5,5,5,5,2021년 2월 10일
192,치킨,마포구 상암동,푸라닭-북가좌점,si**님,블랙알리오/1(（뼈）_반마리(악마반)),배달도 빨리오고 너무 맛있게 잘 먹었습니다 ,5,5,5,5,2021년 2월 9일
193,치킨,마포구 상암동,푸라닭-북가좌점,ju**님,블랙마요/1,배달 엄청 빨리 오고 엄청 맛있어요 배부르다 푸라닭 생겨서 좋아요,5,5,5,5,2021년 2월 8일
194,치킨,마포구 상암동,푸라닭-북가좌점,on**님,블랙투움바/1,맛있어용 갈릭 더 맛있어요,5,5,5,5,2021년 2월 8일
195,치킨,마포구 상암동,푸라닭-북가좌점,a2**님,"순살 블랙마요/1(사이드메뉴(블랙새우)),고추마요소스 추가/1",순살블랙마요 시켜먹었어요 너무 맛있었고 블랙새우도 양많고 맛있었어요,5,5,5,5,2021년 2월 7일
196,치킨,마포구 상암동,푸라닭-북가좌점,pi**님,"블랙 윙콤보/1,코카콜라 1.25L（추가）/1",배달이 진짜 총알이었어요 분 걸린다 나와있는데 분만에 온듯해요  떡사리도 많이 넣어주셨고 맛은 항상 맛있죠,5,5,5,5,2021년 2월 6일
197,치킨,마포구 상암동,푸라닭-북가좌점,ye**님,투움바 치킨/1,투움바치킨 소문듣고 시켜봤숩니다 양도 푸짐하고닭이 다른 곳보다 큰편인데 굉장히 부드러워요 배달도 예정된 시간에 잘 왔고요 투움바 소스가 은근히 매콤해서 끝까지 느끼하지않은 맛이 좋았구요 같이오는 청양마요 소스랑 먹어도 맛있고 다음날 데워먹어도 그대로 맛있어요 솔직히 남은 치킨 다음날 먹으려면 에어프라이에 해먹지않는 이상은 첫날만 못하잖아요 근데 푸라닭 치킨은 바삭한맛에 먹는 치킨이 아니라 요리같은 느낌이라 전자렌지에 데워도 괜찮더라고요 떡사리도 투움바소스랑 엄청 잘 어울려요,5,5,5,5,2021년 2월 6일
198,치킨,마포구 상암동,푸라닭-북가좌점,rl**님,순살 블랙투움바/1,배달빠르고 양많고 소스도많고 존맛이에오 푸라닭은 순살이 다닭가슴살이고 크기도 큰데 튀김도 적당하고 존맛이야요 뼈보다 순살이 더맛잇는거가차요 양도만코 여기맛잇어요,5,5,5,5,2021년 2월 3일
199,치킨,마포구 상암동,푸라닭-북가좌점,kh**님,고추마요 치킨/1,순살은 조류독감때문에 그렇다쳐도 뼈 있는거 솔직히 너무하다 싶을 정도로 닭이 메말라있음 소말리아에서 건너온 닭인줄 쥐어짜내서 먹어야 할 판 빨리 조류독감 끝났으면 다른 뼈 메뉴는 괜찮으려나요,2,5,1,5,2021년 2월 3일
200,치킨,마포구 상암동,푸라닭-북가좌점,ss**님,순살 투움바/1,푸라닭은 머 무슨 말할필요는 없죠 ,5,5,5,5,2021년 2월 1일
201,치킨,마포구 상암동,푸라닭-북가좌점,yo**님,블랙마요/1(사이드메뉴(블랙치즈볼)),주말인데도 배달 생각보다 빨리왔어요 푸라닭 처음 시켜봤는데 포장 땜에 기분좋고 맛 땜에 또 기분좋네용 근데 고추마요는 약간 느끼했고 치즈볼에 치즈가 좀 굳었지만 그거빼곤 다 괜찮았어요 또 시켜먹을게요,5,4,5,5,2021년 2월 1일
202,치킨,마포구 상암동,푸라닭-북가좌점,sj**님,푸라닭 치킨/1,푸라닭치킨 부모님께 보내드렸더니 맛있게 드셨다네요,5,5,5,5,2021년 1월 31일
203,치킨,마포구 상암동,푸라닭-북가좌점,ue**님,"푸라닭 치킨/1(（뼈）_반마리(고추반),사이드메뉴(웨지감자 추가))",빠른배송에 따뜻하게 잘먹었네요정말 만족합니다,5,5,5,5,2021년 1월 31일
204,치킨,마포구 상암동,푸라닭-북가좌점,ac**님,블랙알리오/1,배달도 빠르고 맛도 양념도 맛있어요 그런데 치킨살이 좀 건조하고 퍽퍽했어요,5,4,5,5,2021년 1월 30일
205,치킨,마포구 상암동,푸라닭-북가좌점,se**님,블랙마요/1,처음 시켜봤는데 너무 맛있습니다  양은 아주 쬐끔 부족한거 같지만 정말 맛있게 먹었어여 배달은 금요일이라 그런지 정말예상시간 딱 맞춰 시간만에왔네요,5,5,4,4,2021년 1월 29일
206,치킨,마포구 상암동,푸라닭-북가좌점,ln**님,순살 블랙마요/1,블랙 고추 반반 나누어 있고 고추는 마요네즈가 있는 소스로 양념을 많이 발라서 바삭함이 줄어듬 마요네즈 때문에 살짝 느끼함도 있음 배달하면서 식어서 왔고 약간 잡내가 나는 것도 있었음 블랙은 간장이라 짠맛이 있을 거라고 생각했는데 먹기에 부담 없음 고추보다 바삭함이 남아있음 잡내 없고 끝 맛이 깔끔한 편 개인적으로 블랙이 맛있음,3,4,3,4,2021년 1월 29일
207,치킨,마포구 상암동,푸라닭-북가좌점,ni**님,순살 투움바/1,약간의 매운맛이 있지만 맛있어요,5,5,5,5,2021년 1월 28일
208,치킨,마포구 상암동,푸라닭-북가좌점,me**님,블랙마요/1,맛있고 배달 빨라서 음식이 따뜻했어요,5,5,5,5,2021년 1월 27일
209,치킨,마포구 상암동,푸라닭-북가좌점,yo**님,블랙투움바/1,맛있어요 떡사리 이벤트로 주셔서 맛있게 먹었네요 또 시켜먹을께요,5,5,5,5,2021년 1월 27일
210,치킨,마포구 상암동,푸라닭-북가좌점,is**님,"고추마요 치킨/1,코카콜라 500ML（추가）/1",떡추가까지 너무맛있게 잘먹었습니다 처음 시켜보는건데 너무맛있네요,5,5,5,5,2021년 1월 27일
211,치킨,마포구 상암동,푸라닭-북가좌점,56**님,블랙알리오/1,완전히   역시 푸라닭치킨입니다,5,5,5,5,2021년 1월 27일
212,치킨,마포구 상암동,푸라닭-북가좌점,be**님,（뼈）푸라반＋매드반/1,푸라닭 처음 먹어보는데 맛있네요 갈릭은 소스 양념도 많아요,5,5,5,5,2021년 1월 25일
213,치킨,마포구 상암동,푸라닭-북가좌점,pc**님,블랙투움바/1,배달이 거의 분 만에 왔어요 기대이상으로 정말 맛있었어요 빠른 배달 덕분에 따뜻하고 맛있게 먹었어요 감사합니다,5,5,5,5,2021년 1월 25일
214,치킨,마포구 상암동,푸라닭-북가좌점,ca**님,"푸라닭 치킨/1,블랙마요/1",치킨이 맛있고 포장도 꼼꼼하게 잘 왔어요앞으로도 여기서만 시켜먹을듯 합니다,5,5,5,5,2021년 1월 24일
215,치킨,마포구 상암동,푸라닭-북가좌점,cc**님,블랙투움바/1,처음 먹어봤는데 맛있네요 앞으로 자주 시켜먹을 것 같네요 총알배달 감동이에요,5,5,5,5,2021년 1월 23일
216,치킨,마포구 상암동,푸라닭-북가좌점,jh**님,（뼈）푸라반＋블랙반/1(사이드메뉴(떡 추가)),순살이 매진이라 뼈를 시켰는데 닭이 너무 마르고 딱딱하네요 연말에 순살시켰을 땐 연말이려니하고 만들어놓고 데워오셨나했는데 이번엔 좀,4,3,4,5,2021년 1월 22일
217,치킨,마포구 상암동,푸라닭-북가좌점,wh**님,순살 고추마요/1,맛있게잘먹었습니다 또주문할꺼에요,5,5,5,5,2021년 1월 22일
218,치킨,마포구 상암동,푸라닭-북가좌점,gu**님,"순살 투움바/1,순살 블랙알리오/1",맛있어욤 떡도 많아서 좋아유 ,5,5,5,5,2021년 1월 21일
219,치킨,마포구 상암동,푸라닭-북가좌점,56**님,순살 블랙알리오/1,맛있는데 양 좀 적어요,5,5,1,5,2021년 1월 19일
220,치킨,마포구 상암동,푸라닭-북가좌점,df**님,"순살 블랙알리오/1,코카콜라 1.25L（추가）/1",치킨이 한시간후에 왔는데 다 식어서 왔고 맛은 있지만 따듯하지 않아서 별로네요,2,3,3,3,2021년 1월 19일
221,치킨,마포구 상암동,푸라닭-북가좌점,ri**님,블랙투움바/1(사이드메뉴(기름떡볶이 （달콤）)),푸라닭 첫 시식이었는데 정말 맛있었어요 또 주문하겠습니다,5,5,5,5,2021년 1월 17일
222,치킨,마포구 상암동,푸라닭-북가좌점,93**님,"블랙알리오에 반하다/1(사이드메뉴(고추마요소스 보틀（240g）,블랙치즈볼))",푸라닭 처음 먹어보는데 진짜 맛있어요 제대로 안 읽어서 고추마요 소스 보틀로 시켰는데 소스 같이 오네요 머쓱 다음번엔 고추마요 블랙알리오 반반으로 먹어보려고요 아 그리고 치즈볼도 존맛 진짜맛있어요,5,5,5,5,2021년 1월 16일
223,치킨,마포구 상암동,푸라닭-북가좌점,sj**님,블랙마요/1,치킨이 느끼하지 않고 맛있어요,5,5,5,5,2021년 1월 16일
224,치킨,마포구 상암동,푸라닭-북가좌점,ax**님,"블랙알리오/1,콘포테이토피자/1",치킨맛 참 좋음 피자는 그럭저럭 리뷰떡사리 안줌 실망 치킨무도 좋음,4,4,4,5,2021년 1월 16일
225,치킨,마포구 상암동,푸라닭-북가좌점,ad**님,"매드갈릭 치킨/1,기름떡볶이 （투움바）/1",푸라닭 너무 맛잇고 좋아해서 자주시켜먹습니다 근데 너무 아쉽게 식어서 와서 너무 아쉽습니다 저번에는 완전 차게와서 전화드려 말씀드렷더니 바로 교체를 해주셔서 다시 맛잇게 잘먹엇습니다만 이번에도 떡볶이가 차게왓더라구요 치킨이 그나마 따뜻해서 이번에는 그냥 먹었습니다 날씨가 바람도 많이불고 추운날씨라 그런건지는 모르겟으나 좀 많이 아쉬웠습니다 그래도 맛잇게 잘먹엇습니다 다음에는 따뜻하게 부탁드릴게요,3,3,5,3,2021년 1월 16일
226,치킨,마포구 상암동,푸라닭-북가좌점,qo**님,블랙투움바/1,항상 순살만 시키다가 오늘 뼈있는것 주문했는데 정말 실망입니다 소스가 넘 없었고 치킨이너무많이 차가웠어요,3,2,2,2,2021년 1월 15일
227,치킨,마포구 상암동,푸라닭-북가좌점,po**님,"고추마요 치킨/1,매드갈릭 치킨/1",배달이 예정된 시간보다 빨리 왔고 맛은 역시 푸라닭다운 맛이지만 북가좌점은 더욱 맛있는거같습니다 항상 감사합니다,5,5,5,5,2021년 1월 15일
228,치킨,마포구 상암동,푸라닭-북가좌점,mo**님,순살 블랙마요/1(사이드메뉴(블랙치즈볼)),푸라닭 첨 먹는거라 넘넘 기대했는데 진짜 맛있었어요 사진이 좀 이상하지만 정말 맛있었습니다 눈 많이 오고 추웠던 날에 시켰는데 미리 배달 시간 고지도 해주시고 양해구한다고 말씀하셔서 감사했어요 추운날 고생 많으셨습니다 덕분에 맛있게 먹었어요,5,5,4,5,2021년 1월 15일
229,치킨,마포구 상암동,푸라닭-북가좌점,js**님,（뼈）푸라반＋달콤반/1,포장만하다가 배달처음인데 완전따시게왔어요 푸라닭안먹어본 사람은 있어도 한번만 먹은사람은 없는듯 진짜 젤맛있어요,5,5,5,5,2021년 1월 14일
230,치킨,마포구 상암동,푸라닭-북가좌점,wm**님,순살 블랙투움바/1,소스가 포장지 밖으로 다 넘쳐서 왔어요그것만 빼면 맛있었어요,5,5,5,4,2021년 1월 13일
231,치킨,마포구 상암동,푸라닭-북가좌점,9j**님,순살 블랙알리오/1,푸라닭 처음 먹어보는데 배달도 빠르고 따뜻하게 오니 정말 맛있게 잘 먹었습니다 떡사리도 맛났어요 번창하세요,5,5,5,5,2021년 1월 13일
232,치킨,마포구 상암동,푸라닭-북가좌점,tw**님,"순살 블랙마요/1,고추마요소스 보틀（240g）/1",리뷰이벤트 한다고 했는데 떡사리 안주셨네요 것때문에 전화할수도 없고 북가좌점 처음 이용했는데 실망 맛은 있었고 예상시간보다 빨리 왔어요 할라피뇨도 많이 들어 있었구요 담엔 잘챙겨주세요,4,5,3,4,2021년 1월 11일
233,치킨,마포구 상암동,푸라닭-북가좌점,ma**님,블랙알리오/1(사이드메뉴(떡 추가)),다 좋은데 오늘은 막 뒤섞여서 왔네요 그래도 맛있게 잘 먹었습니다,5,5,5,3,2021년 1월 11일
234,치킨,마포구 상암동,푸라닭-북가좌점,ju**님,"（뼈）푸라반＋블랙반/1(사이드메뉴(고르곤졸라피자,기름떡볶이（투움바）))",고르곤졸라피자랑 치킨 반반 떡볶이 시켰는데 치킨이랑 떡볶이는 맛있게 잘먹었어요 피자는 살짝 치즈에서 냄새가 나서 전화로 말했더니 바로 환불처리해주시고 제품이상여부 확인위해 피자는 회수해갔어요 서비스가 너무 좋아서 기분좋게 맛있게 잘 먹었어요,5,5,4,5,2021년 1월 9일
235,치킨,마포구 상암동,푸라닭-북가좌점,ch**님,순살 블랙알리오/1,배달도 빠르고 맛도 있고 좋았어요,5,5,5,5,2021년 1월 9일
236,치킨,마포구 상암동,푸라닭-북가좌점,ja**님,（뼈）푸라반＋블랙반/1,포장도깔끔하고 고기질이 좋아요 맛있게 잘 먹었습니다,5,5,4,5,2021년 1월 7일
237,치킨,마포구 상암동,푸라닭-북가좌점,we**님,"순살 고추마요/3,블랙알리오에 반하다/4",할인까지해서 잘목옸습니다,5,5,5,5,2021년 1월 6일
238,치킨,마포구 상암동,푸라닭-북가좌점,se**님,푸라닭 치킨/1(사이드메뉴(꼬친 새우)),기본 푸라닭 좋아해서 이걸로시켰는데 역시 맛있게 잘먹었습니다오븐에 한번 조리한거라 속살도 부드럽고 배고파서 사진찍는거 까먹고순간 다 먹어버렸어요떡튀긴거는 보내주신 소스에 찍어먹으니 떡꼬치 생각나고 맛있었어요 배달도 진짜 빨리왔어요 집이랑 가까운 북가좌점 생겨서 좋아요 양도 많고 배부릅니다,5,5,5,5,2021년 1월 6일
239,치킨,마포구 상암동,푸라닭-북가좌점,sm**님,순살 블랙알리오/1,배달도 빨리오고 양도 많고 맛있게 잘 먹었습니다 다음에 또 시켜먹을게요,5,5,5,5,2021년 1월 5일
240,치킨,마포구 상암동,푸라닭-북가좌점,ba**님,（뼈）푸라반＋블랙반/1,옹 맛있게 잘 먹엇어용,5,5,5,5,2021년 1월 4일
241,치킨,마포구 상암동,푸라닭-북가좌점,bo**님,순살 블랙알리오/1,처음 먹어봤는데 정말 맛있었어요 다음번에도 시켜먹을게요 ,5,5,5,5,2021년 1월 4일
242,치킨,마포구 상암동,푸라닭-북가좌점,sk**님,순살 고추마요/1,첨 먹어봤는데 매콤달콤하니 맛있어요 근데 갠적으로는 투움바요,5,5,5,5,2021년 1월 3일
243,치킨,마포구 상암동,푸라닭-북가좌점,sj**님,"푸라닭 치킨/1,테라생맥주 1000㏄/1",부모님께서 맛나게 드셨대요,5,5,5,5,2021년 1월 2일
244,치킨,마포구 상암동,푸라닭-북가좌점,sj**님,순살 블랙마요/1,따끈따끈하게 잘먹었습니다,5,5,5,5,2021년 1월 2일
245,치킨,마포구 상암동,푸라닭-북가좌점,dh**님,순살 블랙투움바/1,푸라닭 처음 먹어봤는데 너무 맛있었어요 다음엔 다른 맛도 먹어보려구요 새해 복 많이 받으세요,5,5,5,5,2021년 1월 1일
246,치킨,마포구 상암동,푸라닭-북가좌점,wl**님,순살 블랙마요/1(사이드메뉴(웨지감자 추가)),엄청 맛있어요  블랙알리오도 맛있고 평소에 좋아하던 고추마요도 맛있었어요 ,5,5,5,5,2021년 1월 1일
247,치킨,마포구 상암동,푸라닭-북가좌점,li**님,（순살）푸라반＋블랙반/1,생각보다 빨리 왔어요 맛은 두 말할 필요없구요 순살이 국내산이라 그런지 다른 곳과 다르게 퍽퍽하지 않고 맛있었어요 근데 순살이라 그런지 뼈보다 양은 또 좀 적었어요,5,5,4,5,2021년 1월 1일
248,치킨,마포구 상암동,푸라닭-북가좌점,bl**님,"순살 블랙마요/1(사이드메뉴(치자치킨무 추가,기름떡볶이 （달콤）,블랙치즈볼)),스프라이트 1.5L（추가）/1",고추마요 너무 맛있고 살짝 매콤하면서 달달한게 자꾸 생각나요 블랙 알리오는 마늘칩이 진짜 대박인듯요 떡볶이는 첨 시켜보는건데 같이 드시는 분들이 잘 시켰다고 하네요,5,5,5,5,2021년 1월 1일
249,치킨,마포구 상암동,푸라닭-북가좌점,wj**님,순살 블랙투움바/1,배달이 나무 늦은거 외에는 맛도 좋고 양도 적당했습니다,5,5,5,2,2021년 1월 1일
250,치킨,마포구 상암동,푸라닭-북가좌점,ys**님,제너럴 핫 치킨/1(사이드메뉴(웨지감자 추가)),다식어서 와서 전자렌지에 데워먹으니까괜 찮았음 시간  분만에 도착했음좀 심한듯 주문량이 너무 많으면 잠시 주문을받지말든가 암튼 새해엔 서비스가 더 좋아지면 좋겠습니다,5,4,4,1,2020년 12월 31일
251,치킨,마포구 상암동,푸라닭-북가좌점,kk**님,블랙악마/1(사이드메뉴(웨지감자 추가)),연말이라 바빠서 그런지 쪼오금 늦게 왔네요 그래두 완전 맛나고 뜨끈뜨끈해서 기분좋게 먹었습니다,5,5,5,5,2020년 12월 31일
252,치킨,마포구 상암동,푸라닭-북가좌점,hy**님,블랙투움바/1,배달이 정말 빠르게 와서 좋았습니다 리뷰 이벤트로 추가해주신 떡 사리도 맛있게 잘 먹었어요 투움바 치킨은 처음 먹어보는데 살짝 매콤하면서 짭짤한 치즈맛이 취향저격 잘먹었습니다,5,5,5,5,2020년 12월 31일
253,치킨,마포구 상암동,푸라닭-북가좌점,ki**님,블랙투움바/1,다른 지점에 비해서 소스가 유난히 적게옵니다,3,3,5,5,2020년 12월 31일
254,치킨,마포구 상암동,푸라닭-북가좌점,ye**님,순살 블랙투움바/1,배달이 생각보다 넘 빨리 와서 놀랐어요 딸아이가 블랙알리오를 너무 맛있게 잘먹네요 투움바도 맛있는데 개인적으론 블랙이 더 맛있는거 같아요 투움바소스 묻혀진 떡이 넘 맛있는어서 담엔 사이드메뉴로 떡볶이도 시켜봐야겠어요,5,5,5,5,2020년 12월 30일
255,치킨,마포구 상암동,푸라닭-북가좌점,sa**님,순살 블랙투움바/1(사이드메뉴(블랙치즈볼)),역시 맛있어요 잘 먹었습니다,5,5,5,5,2020년 12월 29일
256,치킨,마포구 상암동,푸라닭-북가좌점,cy**님,블랙투움바/1,배달 빨라서 놀랬어요 맛있었는데프라닭 광고로 기대가 너무 컸나바요,4,4,3,5,2020년 12월 27일
257,치킨,마포구 상암동,푸라닭-북가좌점,26**님,순살 블랙알리오/1(사이드메뉴(치자치킨무 추가)),배달도 빠르고 맛있어요 순살블랙알리오 강추 재주문 의사 있습니다,5,5,5,5,2020년 12월 27일
258,치킨,마포구 상암동,푸라닭-북가좌점,bl**님,순살 블랙마요/1,이미 몇 조각 먹은 후 찍었네요 블랙마요도 맛있고 블랙악마도 맛있고 푸라닭 알게 된 이후 여기만 시키는 듯해요 떡도 들어가니 쫀득쫀득 더 맛있어요,5,5,5,5,2020년 12월 27일
259,치킨,마포구 상암동,푸라닭-북가좌점,ju**님,（뼈）푸라반＋블랙반/1(사이드메뉴(떡 추가)),여태까지 먹은 배달치킨중 제일 맛있어요 만족합니다,5,4,5,5,2020년 12월 26일
260,치킨,마포구 상암동,푸라닭-북가좌점,ba**님,"순살 블랙마요/1(사이드메뉴(블랙치즈볼)),스프라이트 1.5L（추가）/1",크리스마스엔 치킨이죠 순살반반으로 시켰는데 맛있습니다,4,4,4,5,2020년 12월 25일
261,치킨,마포구 상암동,푸라닭-북가좌점,dy**님,고추마요 치킨/1,크리스마스라 배달은 생각보다 좀 걸렸지만 예상시간보단 일찍왔어요 주문사항에 못써서 음료수 빼달라고 전화드렸는데 그냥 주셨네옹 다음엔 후라이드 먹어볼게요,5,5,5,5,2020년 12월 25일
262,치킨,마포구 상암동,푸라닭-북가좌점,js**님,블랙알리오/1,크리스마스이브에 시켜서 배달이 조금 늦게 오긴했지만 치킨은 너무너무너무 맛있었어용  왜 인기 많은상품인지 알겠더라고요  다음에도 또 먹고싶은 맛이에용,5,5,5,4,2020년 12월 25일
263,치킨,마포구 상암동,푸라닭-북가좌점,pd**님,제너럴 핫 치킨/1,딱 제 스탈이에요 요리를 먹는 기분 이에요 굿,5,5,5,5,2020년 12월 25일
264,치킨,마포구 상암동,푸라닭-북가좌점,tl**님,"순살 파불로/1,순살 달콤양념/1,코카콜라 1.25L（추가）/1",넘 맛있었어요 배달도 예상시간보다 빨랐습니다,5,5,5,5,2020년 12월 23일
265,치킨,마포구 상암동,푸라닭-북가좌점,pd**님,순살 블랙투움바/1,맛있었어요 쇼미 피피엘에 당해버린 제가 넘 바보같지만그래도 맛있습니다 정말,5,5,5,5,2020년 12월 23일
266,치킨,마포구 상암동,푸라닭-북가좌점,dw**님,"순살 투움바/1,테라생맥주 1000㏄/1",맛있어요 영화보면서 즐겁게 맥주랑,5,5,5,5,2020년 12월 23일
267,치킨,마포구 상암동,푸라닭-북가좌점,al**님,블랙알리오/1,푸라닭은 처음이었는데 너무 맛있게 먹었어요  간장 베이스인 치킨 중에 제일 맛있는 것 같아요 배달도 매우 빨라서 놀랐습니다 강추,5,5,5,5,2020년 12월 23일
268,치킨,마포구 상암동,푸라닭-북가좌점,je**님,"악마 치킨/1,블랙투움바/1",투움바는 개인적인 취향에 안맞습니다,4,4,5,5,2020년 12월 23일
269,치킨,마포구 상암동,푸라닭-북가좌점,je**님,"순살 블랙알리오/1(사이드메뉴(고추마요소스 추가)),코카콜라 1.25L（추가）/1",배달속도 굉장히 빠르고 맛은 말할것도 없음 자주자주 시켜먹을듯 번창하세요,5,5,5,5,2020년 12월 23일
270,치킨,마포구 상암동,푸라닭-북가좌점,10**님,순살 블랙투움바/1,맛있었어요 로제어쩌구는 맨밑에 깔린것부터 먹는걸 추천해요  하지만 저는 다음에 다른거시킬거같아요,5,5,5,5,2020년 12월 21일
271,치킨,마포구 상암동,푸라닭-북가좌점,al**님,순살 투움바/1(사이드메뉴(블랙치즈볼)),배달도 빠르고 맛있긴 한데 크림 베이스라서 살짝 느끼해요 고추마요랑 꼭 같이 드세요,4,4,5,5,2020년 12월 21일
272,치킨,마포구 상암동,푸라닭-북가좌점,jo**님,"（순살）푸라반＋고추반/1,콘포테이토피자/1",배달이 오래걸려서 좀 식었고 피자도 많이 식었네요 맛은 있어요,5,5,4,4,2020년 12월 20일
273,치킨,마포구 상암동,푸라닭-북가좌점,ra**님,"（뼈）푸라반＋달콤반/1,코카콜라 1.25L（추가）/1",첫날은 좀 그랬는데 나아졌나봐요 잘먹었어요,5,5,5,5,2020년 12월 19일
274,치킨,마포구 상암동,푸라닭-북가좌점,ho**님,블랙알리오/1(사이드메뉴(떡 추가)),깔끔하고 넘 맛있어요 저희아이도 푸라닭만 먹자고  떡사리도 넘 맛잇어서 추가추가햇네여  담에도 재주문할래요오,5,5,5,5,2020년 12월 19일
275,치킨,마포구 상암동,푸라닭-북가좌점,ha**님,순살 블랙마요/1,푸라닭 대표 메뉴 두개를 반반으로 먹으니 좋네요 블랙알리오 마늘칩과 고추마요에 할라피뇨 토핑 올라간거 메뉴 컨셉 확실하게 보여서 좋아요 맛있게 잘먹었습니다,5,5,5,5,2020년 12월 19일
276,치킨,마포구 상암동,푸라닭-북가좌점,hi**님,순살 투움바/1,맛있어요 매콤하고 느끼하지 않아서 너무 잘먹었어요 자주 먹을것같아요,5,5,5,5,2020년 12월 19일
277,치킨,마포구 상암동,푸라닭-북가좌점,nu**님,고추마요 치킨/1,처음으로먹었는데 역시맛있게 잘먹었어요,4,4,4,4,2020년 12월 19일
278,치킨,마포구 상암동,푸라닭-북가좌점,da**님,"제너럴 핫 치킨/1,（뼈）푸라반＋블랙반/1,코카콜라 1.25L（추가）/1",프라닭 처음 먹어보는데 맛있게 잘 먹었습니다 양도 꽤나 많았고 배달이 그렇게 빠른 편은 아니었지만 예상시간안에 좋은 상태로 잘 배달왔습니다 허겁지겁 먹어서 음식 안에 사진이 없네요 암튼 잘먹었습니다 또 시켜먹을 것 같네용 최애 치킨이 되버렸어요 서비스도 최고,5,5,5,5,2020년 12월 18일
279,치킨,마포구 상암동,푸라닭-북가좌점,in**님,투움바 치킨/1(사이드메뉴(웨지감자 추가)),정말 맛있게 잘 먹었습니다,5,5,5,5,2020년 12월 18일
280,치킨,마포구 상암동,푸라닭-북가좌점,ch**님,블랙알리오/1,포장도 고급스럽고 맛도 퀄리티있게 맛있고 양도 넉넉한듯 튀긴마늘도 넘 맛있네요,5,5,5,5,2020년 12월 16일
281,치킨,마포구 상암동,푸라닭-북가좌점,wl**님,블랙투움바/1,처음 먹어보는 푸라닭이였는데 잘먹었습니다 소스가 맛나고 떡추가 된것도 따뜻하게 왔어서 대단히 만족합니다,5,5,4,5,2020년 12월 15일
282,치킨,마포구 상암동,푸라닭-북가좌점,pi**님,"순살 제너럴 핫/1,블랙 윙콤보/1,코카콜라 1.25L（추가）/1",울집 둘째의 최애블랙알리오 윙봉이에요 매번 항상 맛있고요 신제품이라는 제너럴 핫치킨도 주문해봤어요 깐풍치킨에서 매운맛을 살짝 뺀 새콤달콤맛 어른 입맛엔 좀더 매콤했으면 하는 바람이네요 금욜이라 예상시간 길었는데것보다는 일찍 왔습니다 작은콜라 개일까바 콜라 추가 주문했는데 큰 콜라로 주셔서 넉넉하게 잘마셨어요 감사히 잘먹었습니다,5,5,5,5,2020년 12월 15일
283,치킨,마포구 상암동,푸라닭-북가좌점,hy**님,순살 블랙마요/1,떡사리 서비스인데 정말 많이주셨어요  순살 촉촉 맛있어요,5,5,5,5,2020년 12월 15일
284,치킨,마포구 상암동,푸라닭-북가좌점,bu**님,순살 블랙마요/1,집 밖에 있었는데 예정보다 일찍 오셔서 당황해갖고 사진도 못 찍고 푸라닭 후다닥 먹었습니다 앞으로는 배달 예정 시간 지나기 전까지는 집에 있어야겠어요 맛은 다들 아시잖아요   ,5,5,5,5,2020년 12월 15일
285,치킨,마포구 상암동,푸라닭-북가좌점,zm**님,"순살 고추마요/1,순살 블랙알리오/1",진짜 개에에에에맛잇어요,5,5,5,5,2020년 12월 14일
286,치킨,마포구 상암동,푸라닭-북가좌점,pe**님,"（뼈）푸라반＋파불반/1,코카콜라 1.25L（추가）/1",넘 배고파서 사진은 못찍었지만 넘 맛있어요 푸라닭 처음인데 자주시키게 될거 같아요,5,5,5,5,2020년 12월 14일
287,치킨,마포구 상암동,푸라닭-북가좌점,di**님,블랙마요/1,항상 잘 먹구 있어요 사장님두 엄청 친정하시구요,5,5,5,5,2020년 12월 12일
288,치킨,마포구 상암동,푸라닭-북가좌점,sc**님,순살 블랙투움바/1(사이드메뉴(치자치킨무 추가)),투움바 처음 먹어보는데요 너무 맛있어요 블랙알리오 반반 시키니 궁합도 좋고 서비스로 주신 떡사리도 잘 먹었습니다 역시 순살치킨은 푸라닭,5,5,5,5,2020년 12월 12일
289,치킨,마포구 상암동,푸라닭-북가좌점,kj**님,블랙마요/1,처음시켜 먹어봤는데 맛나요,4,4,4,4,2020년 12월 12일
290,치킨,마포구 상암동,푸라닭-북가좌점,in**님,투움바 치킨/1(사이드메뉴(웨지감자 추가)),너무 맛있게 잘 먹었습니다 다음에 또 시킬게요,5,5,5,5,2020년 12월 12일
291,치킨,마포구 상암동,푸라닭-북가좌점,dl**님,순살 투움바/1,첨시켰는데 배달이 너무 맘에안드네요 ,3,4,4,1,2020년 12월 11일
292,치킨,마포구 상암동,푸라닭-북가좌점,ce**님,순살 투움바/1(사이드메뉴(고추마요소스 추가)),맛도 양도 아주 푸짐합니다 배달도 무척 빨랐구요 만족,5,5,5,5,2020년 12월 10일
293,치킨,마포구 상암동,푸라닭-북가좌점,hi**님,"블랙알리오/1,고추마요소스 추가/1",블랙알리오 양념장이 쏟아져서 왔다는 후기 봤는데 저도당했네요 포장 파우치 아래로 국물이 뚝뚝 떨어지는걸 받아 말아 순간 고민 했는데 먹는데 이상없을테니 받았는데요 먹기전부터 포장지 전부 빨아서 버리고 포장박스 벗겨서 닦아놓고 무랑 고추마요 콜라 기름진거 다 다닦아내고 씻고 마지막으로 배달하면서 대문부터 국물흘린거 이층까지 닦아내느라 기운빠지네요 흘린 사람따로 치우는 사람 따로 이건 아니라고 봐서 최악의 배달이라고 리뷰 남기게 되네요 기분정말 최악입니다,1,1,1,1,2020년 12월 10일
294,치킨,마포구 상암동,푸라닭-북가좌점,si**님,순살 투움바/1(사이드메뉴(기름떡볶이 （레드）)),꾸덕한 크림이고 약간 매콤하네요,5,5,5,5,2020년 12월 9일
295,치킨,마포구 상암동,푸라닭-북가좌점,ki**님,블랙투움바 윙콤보/1,배달은 늦었지만 치킨은 맛있어용 투움바 소스 매콤하고 치즈소스같이 꾸덕해요 너무맛있음,5,5,5,3,2020년 12월 9일
296,치킨,마포구 상암동,푸라닭-북가좌점,he**님,"블랙알리오/1(（뼈）_반마리(푸라반),사이드메뉴(기름떡볶이 （달콤）))",먹은지얼마안됐는데 맛있어서또시켰어요 잘먹었습니다,5,5,5,5,2020년 12월 8일
297,치킨,마포구 상암동,푸라닭-북가좌점,se**님,（뼈）푸라반＋블랙반/1,역쉬 명품치킨입니다 맛있게 잘 먹었습니다 담에 또 주문하겠습니다,5,5,5,5,2020년 12월 8일
298,치킨,마포구 상암동,푸라닭-북가좌점,yu**님,순살 고추마요/2,도착 예정시간보다 빨리 도착해서 너무 좋았어요  우선 다른 푸라닭 매장보다 뭔가 소스와 재료들도 푸짐하게 넣어주신 것 같아서 먹는 내내 기분 좋게 잘 먹었습니다 부족함 없이 잘 먹었어요 서비스도 잊지 않고 챙겨주시고 추운 날씨에 음식도 따뜻하게 잘 왔어요 앞으로도 자주 시켜먹을 것 같습니다 감사합니다 많이 파시구 앞으로도 잘 부탁드립니다  어려운 시기 같이 힘내봐요 아자아자 화이팅,5,5,5,5,2020년 12월 7일
299,치킨,마포구 상암동,푸라닭-북가좌점,eo**님,"투움바 치킨/1(사이드메뉴(달콤양념소스 추가,고추마요소스 추가)),코카콜라 1.25L（추가）/1",전 느끼한 걸 좋아하는 편이여서 맛있게 먹었어요 다만 치킨이 완전히 식어서 도착했네요 미지근 하지도 않았습니다 배달원분이 실수하신 거 같네요,5,5,5,1,2020년 12월 7일
300,치킨,마포구 상암동,푸라닭-북가좌점,wl**님,순살 투움바/1,맛있게 잘 먹었습니다 살짝 매콤한 맛이 느끼함을 잡아주는 느낌,5,5,5,5,2020년 12월 6일
301,치킨,마포구 상암동,푸라닭-북가좌점,su**님,"투움바 치킨/1,푸라닭 치킨/1",배달이 넘 느려 기다린다고 힘들었어요 신메뉴는 좀 많이 매워요 제가 매운걸 못먹어서,5,5,5,5,2020년 12월 5일
302,치킨,마포구 상암동,푸라닭-북가좌점,ha**님,순살 투움바/1,처음 푸라닭 먹었던때의 충격적으로 촉촉하고 부드러운 식감을 북가좌점에서 다시 맛보네요 투움바 소스는 처음 먹어봤는데 매콤하고 은은하게 고소하고 좋아요 생각보다 안느끼해서 좋았어요 아 푸라닭 순살 너무 맛있어,5,5,5,5,2020년 12월 5일
303,치킨,마포구 상암동,푸라닭-북가좌점,66**님,（순살）푸라반＋블랙반/1,아주 맛있었다 빨리 왔다,5,5,5,5,2020년 12월 5일
304,치킨,마포구 상암동,푸라닭-북가좌점,ci**님,블랙마요/1,기대 안 했는데 진짜 맛있어여,5,5,4,5,2020년 12월 4일
305,치킨,마포구 상암동,푸라닭-북가좌점,ro**님,순살 블랙알리오/1(사이드메뉴(웨지감자 추가)),양이 적당하고 포장이 무척 깔끔했어요 맛있게 잘 먹었습니다,5,4,5,5,2020년 12월 4일
306,치킨,마포구 상암동,푸라닭-북가좌점,me**님,블랙투움바/1,떡사리 이벤트로 추가했는데 좋았어요 첨엔 별로없어서 갸웃하다가 먹다보니 많더라구요 비대면 배달도 친절하게 주시고 고기도 야들하니 맛있었어요 굿굿,5,5,4,5,2020년 12월 3일
307,치킨,마포구 상암동,푸라닭-북가좌점,he**님,"블랙알리오/1(（뼈）_반마리(푸라반),사이드메뉴(기름떡볶이 （달콤）))",오늘첨 시켜봤는데완전 제스타일의맛이라 와깜놀진작시켜볼걸 근데 맛있어서인기있어그런지 배달은시간이좀걸리네요 저는남자지만 포장부터 맛까지 여성분들은 엄청좋아할듯합니다 너무맛있게먹었습니다,5,5,5,4,2020년 12월 3일
308,치킨,마포구 상암동,푸라닭-북가좌점,jl**님,순살 블랙마요/1,믿고먹는 푸라닭 진짜 맛있네용 잘먹었습니다,5,5,5,5,2020년 12월 3일
309,치킨,마포구 상암동,푸라닭-북가좌점,rs**님,블랙마요/1(사이드메뉴(빅치즈스틱)),완전 맛있어요 고추토핑도 많이 주셨네요,5,5,5,5,2020년 12월 3일
310,치킨,마포구 상암동,푸라닭-북가좌점,yo**님,"푸라닭 치킨/1(（뼈）_반마리(블랙반),사이드메뉴(웨지감자 추가))",튀김옷이 앏아서 바삭하고 담백한 푸라닥과 블랙올리오의 찐한 간장소스에 바삭하게 튀긴마늘까지 맛있게 잘 먹었어요  따뜻하게 배달해 주셔서 감사합니다 ,5,5,5,5,2020년 12월 2일
311,치킨,마포구 상암동,푸라닭-북가좌점,hi**님,투움바 치킨/1,정말 너무 맛있어요 느끼할 줄 알았는데 매콤해요 소스 많이 달라고 요청드렸는데 정말 많이 주셨어요 밥까지 비벼 먹을 수 있을정도해요  다음에 또 주문할게요 감사합니다,5,5,5,5,2020년 12월 2일
312,치킨,마포구 상암동,푸라닭-북가좌점,ad**님,"순살 블랙투움바/1,（뼈）푸라반＋달콤반/1",요즘 푸라닭에 꽂혀서 두번째 시켜먹엇습니다 처음시킬때 너무 차가워서 연락드렷더니 최대한 빠르게 뜨신 치킨으로 가져다주셔소 감동받아 다시한번 시켯습니다 이번에도빠르게 가져다주셧고 치킨이 너무 맛잇습니다 확실히 고급진 치킨 맛이납니다 앞으로도 애용하겟습니다,5,5,5,5,2020년 12월 2일
313,치킨,마포구 상암동,푸라닭-북가좌점,go**님,"순살 블랙악마/1,감자 씨즐링/1",분만에 왔어요 왜케 빠르지,5,5,5,5,2020년 12월 2일
314,치킨,마포구 상암동,푸라닭-북가좌점,19**님,"블랙투움바/1,코카콜라 500ML（추가）/1",맛있게 잘 먹었습니다 소스도 넉넉하고 닭도 맛있었어요,5,5,5,5,2020년 12월 2일
315,치킨,마포구 상암동,푸라닭-북가좌점,gk**님,고추마요 치킨/1,처음 먹어봤는데 진짜 맛있네요 완전 흡입했습니다 적당히 매콤달콤하네요 할라피뇨와의 조합도 너무 좋았습니다 다음에 또 시켜 먹을게요 잘 먹었습니다,5,5,5,5,2020년 12월 1일
316,치킨,마포구 상암동,푸라닭-북가좌점,jh**님,순살 블랙마요/1,예상시간이 한참 지났는데도 오지를 않아서 매장에 직접 전화했더니 어플 자체에서 주문이 누락된것 같다고 하시더라고요 그래도 지금 바로 빨리 가져다 주겠다고 빠른 대처해주셔서 금방 음식 받았고요 죄송하다고 서비스로 떡이랑 감자도 엄청 듬뿍 주셔서 감사하네요 블랙마요 맛은 말해모해요 진짜 맛있어요 잘 먹을게요,5,5,5,5,2020년 12월 1일
317,치킨,마포구 상암동,푸라닭-북가좌점,pp**님,（순살）푸라반＋고추반/1,지인 추천으로 주문했어요 애기들하고 먹어야 하기에 순살 시켰는데 조금 맵네요 매운거 잘 못먹는 아이들이라 한조각만 먹고 안먹었어요 떡사리는 맛있어요 애기들 좋아해요 배달이 예상시간내에 오긴 했지만 시간 기다리며 애들 성화에 너무 힘들었네요 배달만 빠르게 온다면 재주문 생각은 있습니다,4,4,5,3,2020년 12월 1일
318,치킨,마포구 상암동,푸라닭-북가좌점,ch**님,블랙투움바/1,투움바치킨 처음 시켜봤는데 너무 맛있네요 매콤하면서도 진한 치즈파스타맛 쏘스 너무 매력적이에요 블랙알리오는 역시 맛있구여 푸라닭치킨은 역시 퀄리티가 달라요,5,5,5,5,2020년 12월 1일
319,치킨,마포구 상암동,푸라닭-북가좌점,eo**님,"순살 악마/1,코카콜라 1.25L（추가）/1",최근 알게됫눈대 너무 맛잇어서 자주 시켜먹고 있내요  악마소스 개 추가하는대 늘 모자르는듯  개 추가할수잇게 해주세요,5,5,5,5,2020년 12월 1일
320,치킨,마포구 상암동,푸라닭-북가좌점,na**님,순살 투움바/1(사이드메뉴(꼬친 새우)),시간 분만에 배달이 왔는데 갓튀긴 치킨을 주문한건지 모를만큼 다식어서 맛도없고 배달도 예정시간보다 늦고 진짜 별로였어요,2,1,5,1,2020년 11월 30일
321,치킨,마포구 상암동,푸라닭-북가좌점,ma**님,블랙투움바/1,아니 다식어서왓어요 기분좋게먹으려고시켰는데 다식어서 맛없고기분도나빴습니다 전화하러다말았습니다,1,1,1,1,2020년 11월 29일
322,치킨,마포구 상암동,푸라닭-북가좌점,in**님,블랙알리오/1,너무 맛있네 푸라닭 리뷰 이벤트 떡사리 못받아서 항의 전화했는데 친절하게 답변해주시네요,5,5,5,5,2020년 11월 29일
323,치킨,마포구 상암동,푸라닭-북가좌점,pm**님,（뼈）푸라반＋달콤반/1,맛있어요 맛있어요 맛있어요,5,5,5,4,2020년 11월 28일
324,치킨,마포구 상암동,푸라닭-북가좌점,jy**님,블랙알리오/1(사이드메뉴(기름떡볶이 （블랙）)),처음 주문했는데 정말 맛있어요 색다른 치킨맛 블랙알리오 짱 양도 많구 빠른 배달도 감사드려요,5,5,5,5,2020년 11월 28일
325,치킨,마포구 상암동,푸라닭-북가좌점,ch**님,"순살 투움바/1,코카콜라 500ML（추가）/1",맛있게 잘 먹었는데 떡의 양을 조절할수있었으면 좋겠습니다,4,5,5,5,2020년 11월 28일
326,치킨,마포구 상암동,푸라닭-북가좌점,sd**님,"순살 블랙마요/1,코카콜라 1.25L（추가）/1",맛있네요 다음에 또 주문할게요,5,5,5,5,2020년 11월 28일
327,치킨,마포구 상암동,푸라닭-북가좌점,pi**님,"블랙 윙콤보/1,기름떡볶이 （레드）/1",급하게 뜯어 먹다가 사진 찍었네요 매번 달달 떡볶이 시키다가 레드로 시켜봤는데 매운 훈제치킨소스맛이 맛나네요 블랙올리오는 당연 항상 맛있어요,5,5,5,5,2020년 11월 27일
328,치킨,마포구 상암동,푸라닭-북가좌점,hy**님,고추마요 치킨/1,아들이 좋아하는 고추마요 오늘도 맛있게 먹었어요 배달도 예상보다 빨리 자주 이용할듯,5,5,5,5,2020년 11월 27일
329,치킨,마포구 상암동,푸라닭-북가좌점,ki**님,"고추마요 치킨/1,블랙알리오/1",빠르고 맛있는배달감사드립니다 잘먹었습니다 ,5,5,5,5,2020년 11월 25일
330,치킨,마포구 상암동,푸라닭-북가좌점,go**님,"（순살）푸라반＋달콤반/1(사이드메뉴(기름떡볶이 （레드）)),달콤양념소스 추가/1",떡볶이 양 실화입니까 치킨시킬땐 무조건드셔야합니다 아이들이 기본푸라닭에 양념소스 찍어먹는것을좋아해서 두번째주문이었는데 세번째도 네번째도 주문드릴것같습니다 ,5,5,5,5,2020년 11월 25일
331,치킨,마포구 상암동,푸라닭-북가좌점,ur**님,푸라닭 치킨/1,오븐에 구워서 튀겨서 껍질이 맛있어요 아이들도 넘 잘 먹네요,5,5,5,5,2020년 11월 23일
332,치킨,마포구 상암동,푸라닭-북가좌점,in**님,（뼈）푸라반＋블랙반/1,맛있게 잘 먹었습니다 배달도 요청사항대로 해주어서 감사합니다,5,5,5,5,2020년 11월 23일
333,치킨,마포구 상암동,푸라닭-북가좌점,go**님,"순살 치킨/1,순살 고추마요/1",처음 맛보는 푸라닭에 대한 기대가컸는데 기대보다 더한 감동입니다 아이들도 기본 순살 푸라닭을 양념 소스와 함께 싹싹 맛있게 먹었습니다 배달도 빨리해주셔서 다음에 또 다른맛도 먹어볼 예정입니다,5,5,5,5,2020년 11월 21일
334,치킨,마포구 상암동,푸라닭-북가좌점,rh**님,순살 블랙마요/1,상당히 맛있습니다 다른 지점들보다 마늘 고추 등 훨씬 많이 들어 있어요,5,5,5,5,2020년 11월 20일
335,치킨,마포구 상암동,푸라닭-북가좌점,wh**님,순살 블랙마요/1,세번째 구매에요 후기는 처름 쓰네요 맛있어요 근데 할라피뇨를 정말 많이 넣어주셨더라고요 재료를 안 아끼시고 픽팍 넣어주시는것같아요 또 주문할거에요,5,5,5,5,2020년 11월 19일
336,치킨,마포구 상암동,푸라닭-북가좌점,yo**님,투움바 치킨/1(사이드메뉴(웨지감자 추가)),배달은 분정도 걸린거같고 맛도 있고 양도 엄청 많았습니다,5,5,5,5,2020년 11월 18일
337,치킨,마포구 상암동,푸라닭-북가좌점,ch**님,블랙알리오/1,일단 포장부터 고급스러움이 남다르네요 갈비맛양념에 쫄깃하고 담백한 닭까지 너무 맛있어요 앞으로도 자주 시킬게요,5,5,5,5,2020년 11월 16일
338,치킨,마포구 상암동,푸라닭-북가좌점,gl**님,투움바 치킨/1(사이드메뉴(블랙치즈볼)),양념이 조금만 넉넉하면 좋을 것 같아요 맛있게 잘 먹었습니다,5,4,4,4,2020년 11월 15일
339,치킨,마포구 상암동,푸라닭-북가좌점,sh**님,"고추마요 치킨/1,고추마요소스 추가/1,빅치즈스틱/1",고추마요는 진리죠 소스랑 할라피뇨 듬뿍이라 부족함 없이 잘 먹었습니다 고구마 좋아하시면 빅치즈스틱도 추천해요,5,5,5,5,2020년 11월 15일
340,치킨,마포구 상암동,푸라닭-북가좌점,gk**님,순살 블랙알리오/1,배달도 빠르고 맛도 너무너무 맛있어용,5,5,5,5,2020년 11월 13일
341,치킨,마포구 상암동,푸라닭-북가좌점,ba**님,투움바 치킨/1,푸라닭은 닭이 부드럽고 크고 튀김껍질은 적당한 두께에 바삭하여 맛있습니다 투움바치킨은 불닭마요 소스라 우유맛의 느끼함을 매콤이 덮어주기보단 매움을 우유맛으로 중화하는 느낌이고요 달지 않습니다 느끼하고 꾸덕한 매움을 좋아한다면 추천드립니다전 취향 아니었음,5,5,5,5,2020년 11월 12일
342,치킨,마포구 상암동,푸라닭-북가좌점,rl**님,순살 블랙마요/1,블랙마요 먹었는데 개인적으론 고추마요가 더 맛있느거같아요 부드럽고 촉촉해서 술술 들어가요 맛있게 잘 먹었습니다,5,5,5,5,2020년 11월 10일
343,치킨,마포구 상암동,푸라닭-북가좌점,jy**님,순살 투움바/1,요즘 맛있다고 소문나서 시켰어요 치즈맛이 강하게 나고 약간 매콤하니 맛있어여 소스가 꽤 꾸덕하니 순살로 먹는게 좋을거 같아여,5,5,4,5,2020년 11월 10일
344,치킨,마포구 상암동,푸라닭-북가좌점,so**님,고추마요 치킨/1,포장도 깔끔하고 맛잇어요,5,5,5,5,2020년 11월 9일
345,치킨,마포구 상암동,푸라닭-북가좌점,pu**님,"순살 고추마요/1,감자 씨즐링/1,스프라이트 1.5L（추가）/1",푸라닭 맛남 고추마요존맛,5,5,5,5,2020년 11월 9일
346,치킨,마포구 상암동,푸라닭-북가좌점,le**님,블랙마요/1,고추마요랑 블랙알리오 반반 맛있어요,5,5,5,5,2020년 11월 8일
347,치킨,마포구 상암동,푸라닭-북가좌점,we**님,순살 고추마요/1,고추마요 치킨 너무 맛있었어요,5,5,5,5,2020년 11월 7일
348,치킨,마포구 상암동,푸라닭-북가좌점,ne**님,푸라반＋고추반/1(사이드메뉴(기름떡볶이 （블랙）)),푸라닭 처음 주문해봤는데 배달 무척 빨랐어요 주문한지 분도 안돼서 온 듯하구요 포장 패키지도 고급스러워요 맵찔이라 고추마요는 제 입엔 좀 맵긴했지만 소스가 입에 착 붙고요 치킨의 튀김옷이 두꺼운 치킨이 아니어서 더 좋아요 같이 온 소스 종 다 맛있어서 치킨이랑 잘 어울려요 블랙떡볶이도 제 입맛에 딱이네요 다른 분들도 떡볶이 꼭 드세요 강추입니다,5,5,5,5,2020년 11월 7일
349,치킨,마포구 상암동,푸라닭-북가좌점,ch**님,"순살 블랙알리오/1,코카콜라 1.25L（추가）/1",순살 블랙알리오 맛있게 먹었습니다 무엇보다 타사 치킨집보다 배달이 엄청 빨라서 좋았습니다,5,5,5,5,2020년 11월 7일
350,치킨,마포구 상암동,푸라닭-북가좌점,pi**님,블랙 윙콤보/1(사이드메뉴(기름떡볶이 （달콤）)),맛있게 먹었어요 먹다 찍어서 사진이,5,5,5,5,2020년 11월 4일
351,치킨,마포구 상암동,푸라닭-북가좌점,je**님,"순살 블랙마요/1,푸라반＋악마반/1",닭 자체가 너무 맛있음,5,5,5,5,2020년 11월 4일
352,치킨,마포구 상암동,푸라닭-북가좌점,ji**님,"순살 고추마요/1(사이드메뉴(치자치킨무 추가,악마소스 추가,블랙오징어링,블랙치즈볼)),순살 블랙알리오/1,코카콜라 1.25L/1",푸라닭 첨먹어보는데 맛있네요,5,5,5,5,2020년 11월 1일
353,치킨,마포구 상암동,푸라닭-북가좌점,wn**님,순살 악마/1,맛있었고 배달도 빨라서 좋아요 이번에 떡 처음 먹어보는데 떡이 짭조름하니 치킨하고 궁합이맞네여 가게에 전화해서 직원인지 사장님인지 어떤분 통화를 했는데 친절하시더라구요 원래 푸라닭 여기저기 지점에서 막 시켜 먹었는데 이제 북기좌점에서만 시켜 먹어야겠어요,5,5,5,5,2020년 10월 31일
354,치킨,마포구 상암동,푸라닭-북가좌점,ma**님,블랙알리오/1,배달도 빠르고 넘넘 맛있어요  치킨 유목민 푸라닭에 정착합니다 ,5,5,5,5,2020년 10월 29일
355,치킨,마포구 상암동,푸라닭-북가좌점,ni**님,푸라반＋블랙반/1,한번은 포장으로 먹고 맛있어서 푸라닭블랙남았지만 넘 맛있게 먹었습니다번창 하세욤 사장님,5,5,4,5,2020년 10월 27일
356,치킨,마포구 상암동,푸라닭-북가좌점,hy**님,악마 치킨/1,새로생긴 가재울북가좌점 악마치킨에서 고추마요로 주문변경했는데 친절하시네요 번창하셔서 부자되시고 오래오래 장사하셔요 맛있었어요 다른맛으로 또 주문할게요,5,5,5,,2020년 10월 20일
357,치킨,마포구 상암동,푸라닭-북가좌점,ch**님,"고추마요 치킨/1,코카콜라 1.25L/1",적당히 매콤해서 맛있게 먹었습니다,5,5,5,5,2020년 10월 17일
358,치킨,마포구 상암동,푸라닭-북가좌점,ck**님,블랙마요/1(사이드메뉴(빅치즈스틱2개)),요청사항좀 읽어주셨으면 좋겠습니다 공동현관 비번 적어놓고 벨 누르지말아달라했는데 안봐주시네요,4,5,5,3,2020년 10월 11일
359,치킨,마포구 상암동,푸라닭-북가좌점,ch**님,블랙알리오/1,푸라닭 매장이 생기길 기다렸는데 드뎌 생겨서 시켜봤습니다 포장도 고급지고 맛있게 잘 먹었습니다,5,5,5,5,2020년 10월 10일
360,치킨,마포구 상암동,푸라닭-북가좌점,ya**님,순살 블랙알리오/1(사이드메뉴(웨지감자 추가)),다른 지점에서 같은 제품 시켰을때와 맛이 조금 달라서 실망했네요 ,2,2,3,4,2020년 10월 10일
361,치킨,마포구 상암동,푸라닭-북가좌점,ke**님,블랙마요/1,신발주머니 싸악 하니트,5,5,5,5,2020년 10월 9일
362,치킨,마포구 상암동,푸라닭-북가좌점,sa**님,블랙알리오/1,배달도 지이인짜 빨랐고 맛도 너무 좋았어요 전화했는데 직원분들도 너무 친절하셨고 퍽퍽살 부위가 퍽퍽살이 아닌 것처럼 너무 부드러웠어요 추천입니다,5,5,5,5,2020년 10월 6일
