﻿,Category,Location,Restaurant,UserID,Menu,Review,Total,Taste,Quantity,Delivery,Date
0,치킨,서초구 방배동,필스돈,go**님,"혼자서도 든든 혼밥세트/1(메인메뉴(규동),사이드메뉴(수제 치킨 가라아게 小 （5~6pcs 150g）),음료선택(펩시 355ml)),사케동（연어회덮밥）/1",와양 엄청 많고 맛있네요  사장님께서 뭔가 더 챙겨주시려는 느낌을 받았네요,5,5,5,5,2021년 7월 10일
1,치킨,서초구 방배동,필스돈,cm**님,"규동/1,사케동（연어회덮밥）/1(추가선택(모듬튀김（소 새우1 야채3 표고1）,수제 치킨 가라아게（小 150g 약 5~6개）))",처음시켜봤는데 양도 많고 너무 맛있게 잘먹었습니다 ,5,5,5,5,2021년 4월 2일
2,치킨,서초구 방배동,필스돈,he**님,"데리야끼 치킨 덮밥/1,사케동（연어회덮밥）/1",항상빠른배달에 맛있는 규동 감사해요,5,5,5,5,2021년 3월 26일
3,치킨,서초구 방배동,필스돈,hy**님,차슈동/1,늘 맛있어요 잘먹었습니다,5,5,5,5,2021년 3월 24일
4,치킨,서초구 방배동,필스돈,kj**님,규동/1,규동 맛있게 잘 먹었습니다 양도 넉넉하고 맛있었어요 익스프레스 배달로 주문하니 신속하게 와서 좋았습니당,5,5,5,5,2021년 3월 23일
5,치킨,서초구 방배동,필스돈,hy**님,"규동/1,사케동（연어회덮밥）/1(추가선택(수제 치킨 가라아게（小 150g 약 5~6개）)),가라아게/1",왜 여기를 이제야 발견한거죠 자주 애용할게요 맛양퀄리티 너무 좋아요 사장님 행복하세요 ,5,5,5,5,2021년 3월 19일
6,치킨,서초구 방배동,필스돈,as**님,"데리야끼 치킨 덮밥/1(추가선택(수제 치킨 가라아게（小 150g 약 5~6개）)),데리야끼 치킨 덮밥/2,규동/1",깔끔하고 맛있습니다양도 적지않아요,5,5,5,5,2021년 3월 18일
7,치킨,서초구 방배동,필스돈,si**님,규동/1(추가선택(수제 치킨 가라아게（小 150g 약 5~6개）)),맛과 양 모두 만족스럽습니다,5,5,5,5,2021년 3월 14일
8,치킨,서초구 방배동,필스돈,re**님,"혼자서도 든든 혼밥세트/1(메인메뉴(규동),사이드메뉴(모둠튀김 大),음료선택(칠성사이다 제로 캔 355ml))",맛있게 잘먹었습니다 생각보다 양이 많네요 감사합니다,5,5,5,5,2021년 3월 12일
9,치킨,서초구 방배동,필스돈,kb**님,데리야끼 치킨 덮밥/1,이번에도 든둔하게 잘 먹었습니다 앞으로도 잘 부탁드립니다,5,5,5,5,2021년 3월 12일
10,치킨,서초구 방배동,필스돈,gu**님,데리야끼 치킨 덮밥/1,양도 적당하고 고기에 양념이 잘 배어서 좋아요,5,5,5,5,2021년 3월 9일
11,치킨,서초구 방배동,필스돈,al**님,데리야끼 치킨 덮밥/1,번쩨 주문 너무 맛있어요 이번에 소스가 좀 많지만 그래도 맛있게 먹었습니다 양이 진짜 많아요,5,5,5,5,2021년 3월 6일
12,치킨,서초구 방배동,필스돈,ar**님,규동/1,오랜만에 맛있게 잘 먹었습니다 ,5,5,5,5,2021년 2월 27일
13,치킨,서초구 방배동,필스돈,kb**님,규동/1,오야꼬동에 이어 규동도 잘 먹었습니다 역시나 푸짐하고 맛있었습니다 오늘보니 많이 바쁘셨던거 같은데 몸 조심하세요,5,5,5,5,2021년 2월 25일
14,치킨,서초구 방배동,필스돈,gk**님,"규동/1,모듬튀김/1",처음 주문해본 업체인데 리뷰에서 느낀 것처럼 아주 깔끔해요 만족 다만 김치가 있었으면 하는 약간의 바램,5,5,5,5,2021년 2월 24일
15,치킨,서초구 방배동,필스돈,jo**님,규동/1,야채도 많이 들어가구 재료도 신선했습니다 한끼식사로 손색앖습니다 ,5,5,5,5,2021년 2월 17일
16,치킨,서초구 방배동,필스돈,pp**님,오야코돈/1,푸짐하고 맛있어요 국물도 맛있고 샐러드도 좋았어요,5,5,5,5,2021년 2월 17일
17,치킨,서초구 방배동,필스돈,he**님,"데리야끼 치킨 덮밥/1,사케동（연어회덮밥）/1",맛있었구 연어가 신선했어요 요리에 정성스러움이 그대로 느껴졌어요 데리야끼소스가 조금 덜 달았으면 싶습니다,5,5,5,5,2021년 2월 16일
18,치킨,서초구 방배동,필스돈,hy**님,데리야끼 치킨 덮밥/1,잘먹었습니다 홧팅하세요,5,5,5,5,2021년 2월 12일
19,치킨,서초구 방배동,필스돈,al**님,데리야끼 치킨 덮밥/1,진짜 너무 맛있어요 배달도 빠르고 치킨양도 많고 잘 먹었어요 추천추천,5,5,5,5,2021년 2월 7일
20,치킨,서초구 방배동,필스돈,kb**님,오야코돈/1,양도 푸짐하고 정말 맛있게 먹었습니다 다른 음식들도 궁금해지네요 앞으로도 잘 되시길 바랍니다,5,5,5,5,2021년 2월 6일
21,치킨,서초구 방배동,필스돈,ch**님,사케동（연어회덮밥）/1,처음시켜먹고 맛있었는데 또 먹고싶어서 시켜먹었어요 역시 맛있습니다,5,5,5,5,2021년 2월 5일
22,치킨,서초구 방배동,필스돈,se**님,데리야끼 연어덮밥/1,첨시켜보는데 맛있네요 배달은 늦었어요,4,4,4,3,2021년 2월 5일
23,치킨,서초구 방배동,필스돈,hy**님,오야코돈/1,양 맛 배송 전부 다 클린이요 맛있게 먹었습니다,5,5,5,5,2021년 2월 5일
24,치킨,서초구 방배동,필스돈,so**님,"데리야끼 치킨 덮밥/1,규동/1,데리야끼 연어덮밥/1,가라아게/1",덮밥 소스도 포장 상태도 좋았어요 맛있게 먹었습니다,5,5,5,5,2021년 2월 1일
25,치킨,서초구 방배동,필스돈,iz**님,규동/1,맛있어서 한입먹고 나서 리뷰 남기려고 사진 찍었네요 재주문 의향 있습니다,5,5,5,5,2021년 1월 28일
26,치킨,서초구 방배동,필스돈,ch**님,사케동（연어회덮밥）/1,처음 시켜봤는데 너무 맛있었어요 리뷰이벤트로 주신 연어샐러드도 맛있습니다 배달도 빨랐고 또 시켜먹을게요,5,5,5,5,2021년 1월 27일
27,치킨,서초구 방배동,필스돈,gk**님,규동/1,항상맛있게먹어요 추천할만합니다,5,5,5,5,2021년 1월 25일
28,치킨,서초구 방배동,필스돈,ro**님,"사케동（연어회덮밥）/1,칠성사이다 복숭아 캔 355mL/1",푸짐해요 기본찬으로 샐러드가 오고 소스랑 와사비도 많이 주셔서 좋아요,5,5,5,5,2021년 1월 25일
29,치킨,서초구 방배동,필스돈,26**님,규동/1,배달로 이렇게 맛있는 규동을 먹은 적 처음이에요,5,5,5,5,2021년 1월 18일
30,치킨,서초구 방배동,필스돈,dd**님,데리야끼 연어덮밥/1,배부르게 잘 먹었습니다,5,5,5,5,2021년 1월 14일
31,치킨,서초구 방배동,필스돈,손님,된장연어구이 덮밥/1,장국도 맛잇고 연어도 푸짐하고 샐러드도 좋았습니다,5,5,5,5,2021년 1월 13일
32,치킨,서초구 방배동,필스돈,hy**님,사케동（연어회덮밥）/1,역시 맛나요 건강히 맛있게 잘 먹었습니다,5,5,5,5,2021년 1월 5일
33,치킨,서초구 방배동,필스돈,hy**님,오야코돈/1,정말 안짜구 맛있어요 양도 넉넉하구요 이렇게 한입 가득 닭이 물리는 밥은 처음이에요 잘되시기 바라구 변치마시길 건강히 맛있게 잘 먹었습니다,5,5,5,5,2021년 1월 1일
34,치킨,서초구 방배동,필스돈,je**님,규동/1,짜지않고 양많아요 맛있어요,5,5,5,5,2020년 12월 19일
35,치킨,서초구 방배동,필스돈,cs**님,규동/1,가게 첫리뷰네요 큰기대안했는데 너무훌륭합니다 일본가서도 규동 수십번은 먹어봤는데 전체적인 구성이나 표고버섯 토핑 등 매우 훌륭하고 야채도 다양한게 마음에 아주듭니다 양도 많고 맛도 일본 맛집에 비해 뒤지지않네요 고기도 양많고 질기지않은게 좋은거 쓰시는거 같습니당 샐러드랑 장국 구성도 좋아요 굿입니당  번창하세요,5,5,5,5,2020년 12월 13일
