﻿,Category,Location,Restaurant,UserID,Menu,Review,Total,Taste,Quantity,Delivery,Date
0,치킨,강남구 삼성동,하루돈까스&동경덮밥-강남본점,aa**님,수제 등심 돈까스 [계란후라이포함]/1,돈까스 얇고 바삭하고 샐러드도 너무 맛있었어요 저는 다른 돈가스 소스보다 이 집 돈까스 소스가 제일 맛있는 거 같아요,5,5,5,5,2021년 3월 7일
1,치킨,강남구 삼성동,하루돈까스&동경덮밥-강남본점,po**님,"냉모밀（대）/1,간장버터계란밥/1",냉모밀 짱 짱 짱 기가 막히네요,4,5,5,5,2021년 2월 27일
2,치킨,강남구 삼성동,하루돈까스&동경덮밥-강남본점,mu**님,"수제 등심 돈까스 [계란후라이포함]/1,냉모밀（대）/1",양도 적절하고 맛있었어요 돈까스 겁나 황금비율로 튀겨져서 바삭바삭,5,5,5,5,2021년 2월 25일
3,치킨,강남구 삼성동,하루돈까스&동경덮밥-강남본점,ju**님,"수제 돈까스＋제육볶음/1(수제돈까스 선택(등심돈까스),제육볶음 선택(미니 제육볶음))",도대체 배달 기사 누구예요 음식인데 문도 안 두드리고 떡하니 음식을 집앞에 놓고만 가면 어째요 배달기사 분께 똑바로 배달 하시라고 말씀 해주세요,3,3,3,1,2021년 2월 22일
4,치킨,강남구 삼성동,하루돈까스&동경덮밥-강남본점,gl**님,수제 등심 돈까스 [계란후라이포함]/1,돈까스 양 적고 얇고 딱딱합니다,3,4,3,5,2021년 2월 11일
5,치킨,강남구 삼성동,하루돈까스&동경덮밥-강남본점,ls**님,수제 등심 돈까스 [계란후라이포함]/1(음료&생수 추가 선택(콜라 500mL 추가)),사장님 돈까스가 안익엇어여 씹으면서 왜이렇게 크리미하지했는데 반죽이 고대로  얇은것만 골라서 먹었네요 앞으론 조리시간 잘 지켜서 튀기셔야 할것같아요,3,2,5,5,2021년 2월 10일
6,치킨,강남구 삼성동,하루돈까스&동경덮밥-강남본점,gk**님,수제 등심 돈까스 [계란후라이포함]/1,존맛탱 입니다존맛 존맛 존맛,5,5,5,5,2021년 2월 1일
7,치킨,강남구 삼성동,하루돈까스&동경덮밥-강남본점,gr**님,"규동/1,수제 등심 돈까스 [계란후라이포함]/1(음료&생수 추가 선택(식혜 340mL 추가)),미니냉모밀 （소）/1",조금 짠 느낌이었지만 전반적으로 맛있게 먹었어요 ,4,4,5,5,2021년 1월 31일
8,치킨,강남구 삼성동,하루돈까스&동경덮밥-강남본점,dl**님,"치킨동/1,수제 등심 돈까스 [계란후라이포함]/4",돈까스가 바삭바삭하고 맛있어요 잘 먹었습니다,5,5,5,5,2021년 1월 30일
9,치킨,강남구 삼성동,하루돈까스&동경덮밥-강남본점,dw**님,"수제 등심 돈까스 [계란후라이포함]/3,수제 치즈 돈까스 [계란후라이포함]/1",양도 많고 맛있어요 같이주신 국물은 조금 짰어요,5,5,5,5,2021년 1월 19일
10,치킨,강남구 삼성동,하루돈까스&동경덮밥-강남본점,mm**님,"육회비빔밥 [미니된장국]/1,수제 등심 돈까스 [계란후라이포함]/3,수제 치즈 돈까스 [계란후라이포함]/3",눈오는날이었는데 빠르게 감사합니당,5,4,5,5,2021년 1월 18일
11,치킨,강남구 삼성동,하루돈까스&동경덮밥-강남본점,ku**님,"수제 등심 돈까스 [계란후라이포함]/2,수제 치즈 돈까스 [계란후라이포함]/1",주말에야근까지해서 너무피곤해죽것는디 돈까스가 사람살려주네여 다들맛있다고 해서 사주는보람느꼈슴다 근데배달도엄청빨라서 순삭했어요 너무마싯당,5,5,5,5,2021년 1월 16일
12,치킨,강남구 삼성동,하루돈까스&동경덮밥-강남본점,ot**님,"수제 돈까스＋제육볶음/1(수제돈까스 선택(등심돈까스),제육볶음 선택(미니 제육볶음),튀김류 추가 선택(치킨가라아게（5p）추가))",돈까스가 너무 부드럽고 제육도 넘 맛있어서 제육은 밥에 비벼 먹었네요,5,5,5,5,2021년 1월 13일
13,치킨,강남구 삼성동,하루돈까스&동경덮밥-강남본점,lo**님,수제 등심 돈까스 [계란후라이포함]/1,돈까스 많아서 둘이 나눠먹을라구요 배달고빠르공 좋아요,5,5,5,5,2021년 1월 13일
14,치킨,강남구 삼성동,하루돈까스&동경덮밥-강남본점,be**님,"수제 등심 돈까스 [계란후라이포함]/4,간장버터계란밥/1",간장계란밥 구성이 너무 빈약함 배달은 예정시간보다 지체됨 다른배달 다하고 왔음,2,4,3,2,2021년 1월 6일
15,치킨,강남구 삼성동,하루돈까스&동경덮밥-강남본점,ho**님,수제 치즈 돈까스 [계란후라이포함]/1,수제돈가스 맛있게 잘 먹었습니다,5,4,5,5,2021년 1월 2일
16,치킨,강남구 삼성동,하루돈까스&동경덮밥-강남본점,wo**님,규동/1(튀김류 추가 선택(오징어튀김（3p）추가)),규동은 괜찮았는데 사이이드로온 오징어 튀김은 공짜여도 안먹을 맛입니다 상한건지 몬지 냄세가 나네요,1,1,5,5,2021년 1월 1일
17,치킨,강남구 삼성동,하루돈까스&동경덮밥-강남본점,wl**님,"수제 치즈 돈까스 [계란후라이포함]/1,미니냉모밀 （소）/1",배달 빨라서 넘 좋아요 깔끔하네요 ,5,5,5,5,2021년 1월 1일
18,치킨,강남구 삼성동,하루돈까스&동경덮밥-강남본점,pr**님,"순살 닭강정/1(사이즈 선택(미니),닭강정 맛 선택(달콤))",양념이 맛있습니다 적당히 달콤하고 안매워서 좋습니다 또 주문할게요 고맙습니다,5,5,5,5,2020년 12월 20일
19,치킨,강남구 삼성동,하루돈까스&동경덮밥-강남본점,js**님,"장조림버터비빔밥＋계란후라이/1,순살 닭강정/1(사이즈 선택(미니),닭강정 맛 선택(후라이드))",장조림버터 비빔밥 양도많고 너무맛있어요 미니 후라이드 닭강정 미니인데 양도많고 너무 맛있네요 자주 시켜먹는데 지금까지 먹어본 모든 메뉴 다맛있었어요,5,5,5,5,2020년 12월 16일
20,치킨,강남구 삼성동,하루돈까스&동경덮밥-강남본점,ju**님,"수제 돈까스＋제육볶음/1(수제돈까스 선택(등심돈까스),제육볶음 선택(미니 제육볶음))",딱 좋아하는 음식만 묶어서 판매해주셔서 감사해요  근데 미니 제육 볶음에 떡은 좀 뺐으면 좋겠어요,3,3,3,3,2020년 12월 16일
21,치킨,강남구 삼성동,하루돈까스&동경덮밥-강남본점,us**님,수제 치즈 돈까스 [계란후라이포함]/1,신선한 느낌의 돈까스 한끼 먹기에 좋아요,5,4,4,5,2020년 12월 14일
22,치킨,강남구 삼성동,하루돈까스&동경덮밥-강남본점,ap**님,"곱창떡볶이/1(사이즈 선택(S),맵기 선택(매운맛 1단계（신라면）))",아니 제발 맛 연구개발 좀 충분히 하고 메뉴등록 시켜주세요 맨날 압구정곱떡만 먹다가 다른곳에서 첨 시켜먹어봤는데 비려서 한 입도 못먹었어요 편의점 곱창보다 비린 냄새나요 이럴거면 판매하지 마세요 돈아까워 죽겠어요,1,1,2,5,2020년 12월 13일
23,치킨,강남구 삼성동,하루돈까스&동경덮밥-강남본점,js**님,"수제 돈까스＋제육볶음/1(수제돈까스 선택(등심돈까스),제육볶음 선택(미니 제육볶음))",돈까스 바삭바삭 오늘도 너무 맛있네요 중독된거 같아요,5,5,5,5,2020년 12월 13일
24,치킨,강남구 삼성동,하루돈까스&동경덮밥-강남본점,jw**님,규동/1,익스프레스라서 좋았어요 양도 적당하고 맛도 굿,5,5,5,5,2020년 12월 12일
25,치킨,강남구 삼성동,하루돈까스&동경덮밥-강남본점,sn**님,수제 등심 돈까스 [계란후라이포함]/1,와 어지간하면 리뷰 안남기는데 와,5,5,5,5,2020년 12월 12일
26,치킨,강남구 삼성동,하루돈까스&동경덮밥-강남본점,le**님,,잘먹겠습니다 감사합니다,4,4,4,5,2020년 12월 11일
27,치킨,강남구 삼성동,하루돈까스&동경덮밥-강남본점,js**님,수제 등심 돈까스 [계란후라이포함]/1,일주일에 한번은 꼭 시켜먹는거 같아요 매번 너무맛있게 잘먹고 있습니다 오늘도 대만족,5,5,5,5,2020년 12월 11일
28,치킨,강남구 삼성동,하루돈까스&동경덮밥-강남본점,ce**님,,다양하게 즐길수 있어서 좋아요,3,3,3,5,2020년 12월 10일
29,치킨,강남구 삼성동,하루돈까스&동경덮밥-강남본점,js**님,육회비빔밥 [미니된장국]/1,육회비빔밥 환상적이네요,5,5,5,5,2020년 12월 9일
30,치킨,강남구 삼성동,하루돈까스&동경덮밥-강남본점,손님,수제 등심 돈까스/1,왈왈왈왈왈왈왈왈왈왈왈왈왈왈왈왈왈왈왈왈왈왈왈왈왈왈왈왈왈왈왈왈왈왈왈왈왈왈왈왈왈왈왈왈왈왈왈왈왈왈왈왈왈왈왈왈왈왈왈왈왈왈왈왈왈왈왈왈왈왈왈왈왈왈왈왈왈왈왈왈왈왈왈왈왈왈왈왈왈왈왈왈왈왈왈왈왈왈왈왈왈왈왈왈왈왈왈왈왈왈왈왈왈왈왈왈왈왈왈왈왈왈왈왈왈왈왈왈왈왈왈왈왈왈왈왈왈왈왈왈왈왈왈왈,5,5,5,5,2020년 12월 8일
31,치킨,강남구 삼성동,하루돈까스&동경덮밥-강남본점,du**님,"수제돈까스＋제육볶음/1(수제돈까스 메뉴 선택(등심돈까스),제육볶음 메뉴 선택(미니 제육볶음)),미니 스팸김치찌개/1,공기밥/4",아진짜 돈가스 소스도없이 무슨맛으로먹나요 신경좀쓰시죠 너무짜증나네요진짜,1,3,3,5,2020년 12월 7일
32,치킨,강남구 삼성동,하루돈까스&동경덮밥-강남본점,ps**님,수제 등심 돈까스/1,바삭하고 양많고 배달도빠르고 좋네요 ,5,5,5,5,2020년 12월 7일
33,치킨,강남구 삼성동,하루돈까스&동경덮밥-강남본점,wi**님,수제 등심 돈까스/1,초근접샷 찍어봤습니다 감상들 해보세요,5,5,5,5,2020년 12월 7일
34,치킨,강남구 삼성동,하루돈까스&동경덮밥-강남본점,es**님,수제 등심 돈까스/1,양도 많고 너무 맛있네요 서비스로 주신 국물도 너무 잘 먹었습니다 다음에도 여기서 시켜야겠어요,5,5,5,5,2020년 12월 5일
35,치킨,강남구 삼성동,하루돈까스&동경덮밥-강남본점,ji**님,수제 치즈 돈까스/1,받자마자 먹느라 늦게찍었는데 양도많고 맛잇고 밥에 계란후라이까지주는데 배달도빠름 감탄하고갑니다,5,5,5,5,2020년 12월 5일
36,치킨,강남구 삼성동,하루돈까스&동경덮밥-강남본점,ht**님,수제 등심 돈까스/1,배달 실수로 지하층부터 층까지 올라가느라 추워 죽는줄 알았지만 맛은 좋았습니다 튀김색으로 기름을 약간 의심하긴 했지만 일단 맛이 좋아서 점 남기고 갑니다 돈까스 생각나면 또 시켜먹도록 할게요,5,5,5,3,2020년 12월 5일
37,치킨,강남구 삼성동,하루돈까스&동경덮밥-강남본점,gg**님,수제 등심 돈까스/1,재입맛에 좋고확실한돈까쓩,5,5,5,5,2020년 12월 4일
38,치킨,강남구 삼성동,하루돈까스&동경덮밥-강남본점,gd**님,수제 치즈 돈까스/1,바삭한 돈까스에 반하고 늘어나는 치즈에 그만 정신을 잃고 말았어요잘 먹었어요,5,5,5,5,2020년 12월 4일
39,치킨,강남구 삼성동,하루돈까스&동경덮밥-강남본점,ck**님,수제 등심 돈까스/1,수제 맞네요 맛있었어용,5,5,5,5,2020년 12월 4일
40,치킨,강남구 삼성동,하루돈까스&동경덮밥-강남본점,ls**님,치킨동/1,배달에서 이런 퀄리티 지립니다 잘먹었습니다,5,5,5,5,2020년 12월 4일
41,치킨,강남구 삼성동,하루돈까스&동경덮밥-강남본점,손님,수제 등심 돈까스/1,돈까스맛집 너무맛있어요인생맛집,5,5,5,5,2020년 12월 4일
42,치킨,강남구 삼성동,하루돈까스&동경덮밥-강남본점,wj**님,수제 등심 돈까스/1,배달이 빨르고 맛있어요 강추,5,5,5,5,2020년 12월 4일
43,치킨,강남구 삼성동,하루돈까스&동경덮밥-강남본점,손님,수제 치즈 돈까스/1,가서만 먹어 보다가 처음으로 배달 시켜 먹어 봤는데 굳이 가서 먹을 필요성이 있었나 싶을 정도로 바삭하고 맛있네요 단골 될 듯 싶습니다 많이 파세요,5,5,5,5,2020년 12월 4일
44,치킨,강남구 삼성동,하루돈까스&동경덮밥-강남본점,손님,수제 등심 돈까스/1,포장도 맛도 깔끔해요 대만족,5,5,5,5,2020년 12월 4일
45,치킨,강남구 삼성동,하루돈까스&동경덮밥-강남본점,yu**님,"수제돈까스＋제육볶음/1(수제돈까스 메뉴 선택(등심돈까스),제육볶음 메뉴 선택(미니 제육볶음))",급하게 먹느라 대충 찍었지만 돈까스 진짜 너무 맛있어요 두껍고 무엇보다 바삭바삭 같이 오는 샐러드 완전 제 취향이여 잘 먹었솜당,5,5,5,5,2020년 12월 4일
46,치킨,강남구 삼성동,하루돈까스&동경덮밥-강남본점,js**님,수제 치즈 돈까스/1,간만에 맛있는 돈까스집 찾았네요 정말 맛있게 잘먹었습니다,5,5,5,5,2020년 12월 3일
47,치킨,강남구 삼성동,하루돈까스&동경덮밥-강남본점,st**님,"직화삼겹덮밥/1,제육덮밥/1(구성 선택(반찬＋후라이)),비빔밥/1(비빔밥 선택(고추장불백비빔밥)),수제 등심 돈까스/3",깔끔하고 맛있어요따뜻한 캔커피 감사합니다,5,4,5,5,2020년 12월 3일
48,치킨,강남구 삼성동,하루돈까스&동경덮밥-강남본점,ji**님,"김치찌개/1(김치찌개 선택(돼지 김치찌개),밥 선택(간장 버터 계란밥),사리 추가선택(당면사리 추가),튀김 추가선택(김말이튀김（3p）추가))",맛있어요 김찌 찐하고 고기도 갠찮네영 또시켜먹을게요,5,5,5,5,2020년 12월 2일
49,치킨,강남구 삼성동,하루돈까스&동경덮밥-강남본점,we**님,수제 등심 돈까스/1,맛있습니다아앙아아아아앙,5,5,4,5,2020년 12월 1일
50,치킨,강남구 삼성동,하루돈까스&동경덮밥-강남본점,ka**님,"마파두부밥/1,오삼불고기덮밥/1,오징어비빔밥/1",배달빠르고 서비스 굿요,5,5,5,5,2020년 12월 1일
51,치킨,강남구 삼성동,하루돈까스&동경덮밥-강남본점,na**님,"수제돈까스＋제육볶음/1(수제돈까스 메뉴 선택(등심돈까스),제육볶음 메뉴 선택(미니 제육볶음))",고기도 두툼하고 제육도 맛있어요,5,5,5,5,2020년 11월 29일
52,치킨,강남구 삼성동,하루돈까스&동경덮밥-강남본점,ek**님,수제 등심 돈까스/1,두번째 주문인데 너무 맛있어용,5,5,5,5,2020년 11월 29일
53,치킨,강남구 삼성동,하루돈까스&동경덮밥-강남본점,se**님,"냉모밀 大/1,옛날 소시지 도시락/1",잘먹었습니다또주문할게요,5,4,4,4,2020년 11월 28일
54,치킨,강남구 삼성동,하루돈까스&동경덮밥-강남본점,mo**님,"부대찌개/1,공기밥/1",빠른배송은 기본이고 부대찌개 아주맛있게먹었습니다 다만 밥추가했는데 각각의 밥량의차이가 많아요  어느게 기본밥이고 추가밥인지는 모르겠지만 많은쪽은 적당했고 적은쪽은 많이 적었어요,5,5,5,5,2020년 11월 27일
55,치킨,강남구 삼성동,하루돈까스&동경덮밥-강남본점,mi**님,"소갈비살 덮밥/1,스팸김치볶음밥/1(구성 선택(반찬＋후라이))",양 많아요 다만 소갈비덮밥에 고기 양이 많이 적었어요 글구 김볶밥은 제게는 너무 매웠네요 그래도 양이 엄청 많고 된장찌개도 두개 보내주셔서 감사해요,5,4,5,5,2020년 11월 27일
56,치킨,강남구 삼성동,하루돈까스&동경덮밥-강남본점,mo**님,"제육볶음 정식（제육볶음＋3찬＋공기밥＋도시락김＋미니된장찌개）/1(밥 선택(공기밥),사이드메뉴 추가선택(미니 스팸김치찌개 추가))",오 제육볶음 맛있습니다 당면과 떡까지 김치찌개사이드 추가했는데 양이 엄청많아요 김치찌개는 담날 아침에 먹어도 될정도로 양이 많습니다 서비스로 챙겨주신 음료와 계란후라이 감동이였습니다 된장찌개대신 밥으로 바꿔달라했는데요 그냥 밥추가하고 김치찌개는 담날 아침에 먹어도 될것같아요 추천합니다,5,5,5,5,2020년 11월 27일
57,치킨,강남구 삼성동,하루돈까스&동경덮밥-강남본점,ca**님,"수제돈까스＋제육볶음/1(수제돈까스 메뉴 선택(등심돈까스),제육볶음 메뉴 선택(미니 제육볶음))",사진은 못찍었지만 이곳 돈까스랑 제육 진심입니다 단점이 밥양이 조금아쉬운거빼곤 다 알짜배기에요,5,5,5,5,2020년 11월 27일
58,치킨,강남구 삼성동,하루돈까스&동경덮밥-강남본점,ko**님,수제 등심 돈까스/1,돈까스 바삭바삭하구 맛있네요 계란후라이랑 먹으니까 짱이네요,5,5,5,5,2020년 11월 26일
59,치킨,강남구 삼성동,하루돈까스&동경덮밥-강남본점,fl**님,"수제 등심 돈까스/3,간장 불백 옛날 도시락/6",잘 먹었습니다 번창 하세요,5,5,5,5,2020년 11월 26일
60,치킨,강남구 삼성동,하루돈까스&동경덮밥-강남본점,ko**님,부대찌개/1,여기 뭔인심이 이리좋아요 인분맞아요  밥양도많고 부대찌개 내용물겁나실함 거기다 맛까지있어요 서비스음료까지 감사합니다,5,5,5,5,2020년 11월 25일
61,치킨,강남구 삼성동,하루돈까스&동경덮밥-강남본점,co**님,"제육덮밥/1(구성 선택(반찬＋후라이)),수제 치즈 돈까스/1",크 요런데가 있는줄 몰랐어요 너무 맛있게 잘먹었어요,5,5,5,5,2020년 11월 25일
62,치킨,강남구 삼성동,하루돈까스&동경덮밥-강남본점,ba**님,"수제돈까스＋제육볶음/1(수제돈까스 메뉴 선택(치즈돈까스),제육볶음 메뉴 선택(미니 제육볶음))",너무 맛있게 먹었어요 귀여운 뇌물까지 챙겨주시고 배달도 빨리와서 배고팠는데 후다닥 먹고 후기씁니다 바삭바삭한 치돈과 제육 완전 꿀조합 강추합니닷,5,5,5,5,2020년 11월 24일
63,치킨,강남구 삼성동,하루돈까스&동경덮밥-강남본점,in**님,"간장 불백 정식（불백＋3찬＋공기밥＋도시락김＋미니된장찌개）/1(밥 선택(간장 버터 계란밥)),수제 치즈 돈까스/2",맛나게 잘먹었습니다 치즈돈까스가 만족도가 높군요 간장계란밥도굿 또 시켜먹을것같네요,5,5,5,5,2020년 11월 21일
64,치킨,강남구 삼성동,하루돈까스&동경덮밥-강남본점,de**님,수제 등심 돈까스/1,달걀이 있어서 좋았습니다 맛있었습니다,5,5,5,5,2020년 11월 17일
65,치킨,강남구 삼성동,하루돈까스&동경덮밥-강남본점,41**님,"가츠동/1,옛날 소시지 도시락/1",늦은 시간에 감사합니다 양도 많고 잘 먹었습니다,5,5,5,5,2020년 11월 13일
66,치킨,강남구 삼성동,하루돈까스&동경덮밥-강남본점,wh**님,수제 치즈 돈까스/1,잘먹었습니다 서비스 음료도 잘 마셨습니다,5,5,5,5,2020년 11월 9일
67,치킨,강남구 삼성동,하루돈까스&동경덮밥-강남본점,fd**님,"세트（수제돈까스 택1＋떡볶이）/1(사이즈 선택(떡볶이 S),맵기 선택(매운맛 2단계（불닭볶음면）),수제돈까스 메뉴 선택(등심돈까스))",배송 빨라요 배고파서 먹느라 사진도 못찍고 먹어버렸는데  사장님이 음료수도 서비스 주셨어요  돈까스 완전추천이구요 떡볶이는 솔직히 비추입니다 떡볶이에 떡이 몇개 안들어있어서 놀랐어요,4,4,5,5,2020년 11월 7일
68,치킨,강남구 삼성동,하루돈까스&동경덮밥-강남본점,dh**님,"수제돈까스＋제육볶음/1(수제돈까스 메뉴 선택(치즈돈까스),제육볶음 메뉴 선택(미니 제육볶음))",제육도 맛나구 돈까스도 맛나여,5,5,5,5,2020년 11월 6일
69,치킨,강남구 삼성동,하루돈까스&동경덮밥-강남본점,01**님,"세트（비빔밥&덮밥 택1＋면 택1）/1(비빔밥&덮밥 메뉴 선택(옛날소시지도시락),면 메뉴 선택(어묵우동（小）))",그냥 가성비 갑 맛도 있음 배달 빠름 다음엔 다른 메뉴도 먹어봐야징,5,5,5,5,2020년 10월 31일
70,치킨,강남구 삼성동,하루돈까스&동경덮밥-강남본점,ji**님,수제 치즈 돈까스/1(튀김 추가선택(치즈볼 추가)),양도많고 맛있어요 가격도 괜춘하고요 회사에서 먹기 안성맞춤입니다,5,5,5,5,2020년 10월 27일
71,치킨,강남구 삼성동,하루돈까스&동경덮밥-강남본점,jo**님,"옛날 차돌 도시락/1,간장버터계란밥/1,치킨가라아게 5p/1,사이다 500mL/1",오호호호호호호호호 굿굿,5,5,5,5,2020년 10월 16일
72,치킨,강남구 삼성동,하루돈까스&동경덮밥-강남본점,ji**님,"수제돈까스＋제육볶음/1(수제돈까스 메뉴 선택(등심돈까스),제육볶음 메뉴 선택(미니 제육볶음))",깔끔하고 맛있습니다 돈까스가 쪼금 얇아요,5,5,5,5,2020년 10월 2일
73,치킨,강남구 삼성동,하루돈까스&동경덮밥-강남본점,dy**님,"미니냉모밀 小/1,수제 등심 돈까스/1",배달도 빠르고 양도 적당해요 맛있게 잘먹었습니다,5,5,5,5,2020년 9월 30일
74,치킨,강남구 삼성동,하루돈까스&동경덮밥-강남본점,ja**님,수제 등심 돈까스/1(음료&생수 추가선택(콜라 500mL 추가)),배달 빠르고 맛있었어요,5,5,5,5,2020년 9월 27일
