﻿,Category,Location,Restaurant,UserID,Menu,Review,Total,Taste,Quantity,Delivery,Date
0,치킨,강남구 논현동,호야닭도리,co**님,"삼겹살구이 中/1,삼겹살구이 大/1,공기밥/2,상추쌈/2",배달은 좀 늦었지만 삼겹살 맛있게 잘 먹었어요,5,5,5,4,2021년 5월 12일
1,치킨,강남구 논현동,호야닭도리,li**님,버섯두부전골 大/1,항상 최고에요 강추입니다,5,5,5,5,2021년 4월 23일
2,치킨,강남구 논현동,호야닭도리,tl**님,1인용 닭도리/1,좀더 매콤했음 딱이였는데 맵기도절안되는게 그거빼곤 괜찮네요,4,4,4,4,2021년 1월 17일
3,치킨,강남구 논현동,호야닭도리,yi**님,"호야특별닭도리 中/1,돼지갈비구이 中/1",맛있게 잘 먹었습니다 닭도리탕이 맛있고 김치전도 맛있었어요 다음에 또 주문할께요,4,4,4,5,2021년 1월 11일
4,치킨,강남구 논현동,호야닭도리,do**님,1인용 닭도리/1,빠른시간안에 배달됩니다,5,5,5,5,2020년 12월 25일
5,치킨,강남구 논현동,호야닭도리,kk**님,1인용 닭도리/1,언제나 정직한 음식 맛나요,5,5,5,5,2020년 10월 17일
6,치킨,강남구 논현동,호야닭도리,ca**님,"부대전골 中/1(전골 토핑 추가(라면)),불고기전골 中/1",닭도리탕은 도저히 다른 집에서 시킬 수가 없습니다,5,5,5,5,2020년 9월 14일
7,치킨,강남구 논현동,호야닭도리,ch**님,"호야특별닭도리 小/1(닭도리 토핑 추가(당면)),제육두루치기 中/1,공기밥/2,계란후라이 2개/1",배달도 예상 시간보다 늦었구 생각보다 닭도리탕이 맵고 맛없었네요 당면추가한건 떡이 되서 다 불어서 왔구요  배고프면 다 맛있다는데오래기다려서 진짜 다맛있을줄 알았는데제육도 그닥,3,3,5,4,2020년 9월 3일
8,치킨,강남구 논현동,호야닭도리,se**님,"1인용 닭도리/1,공기밥/1",밥이 포함되어있다는 말이 없어서 밥 추가 했는데 인 닭볶음탕이랑 딱 밥 개가 적당했어요 맛있게 잘 먹었어요,5,5,5,5,2020년 8월 17일
9,치킨,강남구 논현동,호야닭도리,ah**님,"돼지갈비구이 中/1,1인용 닭도리/1(닭도리 토핑 추가(당면)),상추쌈/1",잘먹었습니다너무너무 맛있어요,4,4,4,5,2020년 7월 4일
10,치킨,강남구 논현동,호야닭도리,gr**님,1인용 닭도리/1(닭도리 토핑 추가(당면)),배달이 분만에 오셨어요 언제나 넘 맛있어요,5,5,5,5,2020년 5월 31일
11,치킨,강남구 논현동,호야닭도리,88**님,순살호야특별닭도리 中/1,위통땜에 아픈데도 찾는맛집,5,5,5,5,2020년 5월 15일
12,치킨,강남구 논현동,호야닭도리,88**님,"순살호야특별닭도리 中/1,냉면/1",닭도리는 무조건 호야죠,5,5,4,5,2020년 5월 10일
13,치킨,강남구 논현동,호야닭도리,kj**님,1인용 닭도리/1(닭도리 토핑 추가(당면)),배달은 시간맞춰서왔구요 맛있었습니다,5,5,5,5,2020년 5월 5일
14,치킨,강남구 논현동,호야닭도리,88**님,순살호야특별닭도리 中/1,맛있어서 방금 또 주문 ,5,5,5,5,2020년 4월 26일
15,치킨,강남구 논현동,호야닭도리,mi**님,1인용 닭도리/1(닭도리 토핑 추가(당면)),배달 엄청빨랐어요 닭도리 맛있어욤,5,5,5,5,2020년 1월 19일
16,치킨,강남구 논현동,호야닭도리,ns**님,1인용 닭도리/1,야들야들 엄청 맛있었어요,5,5,5,5,2020년 1월 11일
17,치킨,강남구 논현동,호야닭도리,mo**님,"1인용 닭도리/1,누룽지탕/1",맛있는데 요청사항으로 맵게부탁드렸는데 정말 하나도안매워요,5,4,5,5,2020년 1월 10일
18,치킨,강남구 논현동,호야닭도리,ea**님,1인용 닭도리/1(닭도리 토핑 추가(당면)),너무너무 달아서 남겼어요 달지않게 매콤하게 해달라해야겠어욤,4,3,5,5,2020년 1월 5일
19,치킨,강남구 논현동,호야닭도리,dj**님,"1인용 닭도리/1(닭도리 토핑 추가(당면)),콜라 500mL/1",맛있게 먹었습니다 번창하세요,5,5,5,5,2020년 1월 2일
20,치킨,강남구 논현동,호야닭도리,ea**님,1인용 닭도리/1,초밥 퀄리티 장난아니예요 최근먹은 초밥중에 탑밥알이 살아있는 탱글탱글한 식감 굿이구욤 연어랑 오징어 간장새우 돋보적 초밥너무 땡겨서 먹은건데 맛집찾은느낌이라 행복해요 미소지으면서 잘먹었습니다,5,5,5,5,2019년 12월 15일
21,치킨,강남구 논현동,호야닭도리,ns**님,1인용 닭도리/1,기름이 너무 많아 느끼했어요,4,4,5,5,2019년 12월 11일
22,치킨,강남구 논현동,호야닭도리,it**님,1인용 닭도리/1(닭도리 토핑 추가(당면)),솔직히 앞으로 당면 추가 안할 듯당면이 덜익은건 아니죠,5,3,4,5,2019년 12월 2일
23,치킨,강남구 논현동,호야닭도리,ke**님,1인용 닭도리/1,항상 늦거나 무슨 불편사항있어도 만점드렸는데 배달약속도 지금이 번째 안지켜지고 일부러 늦지 않게 전화도 드렸는데 늦게됬습니다 항상 만족스럽게 이용하고 있는데 고쳐졌으면 좋겠어요  배달 요청드리는 시간이 바쁘면 차라리 빨리라도 왔으면 좋을텐데 너무 아쉽습니다,4,5,5,1,2019년 11월 22일
24,치킨,강남구 논현동,호야닭도리,ke**님,1인용 닭도리/1,항상 맛있게 이용하고있어요 특이사항대로 지켜주시려고 노력해주시고 너무 감사해요 오늘 배달이 조금 늦게왔지만 항상 잘이용하고 있습니다 감사합니다,5,5,5,5,2019년 11월 19일
25,치킨,강남구 논현동,호야닭도리,ns**님,1인용 닭도리/1,언제먹어도 맛있어요 김치전짱,5,5,5,5,2019년 11월 17일
26,치킨,강남구 논현동,호야닭도리,pi**님,1인용 닭도리/1,용기포장도 깔끔하고 맛있어요 조금만 덜 달았으면 좋겠어요,5,5,5,5,2019년 11월 17일
27,치킨,강남구 논현동,호야닭도리,vl**님,1인용 닭도리/1,시간대가 오전 늦은밤 으로 주방장님 다른듯하지만 만족,5,5,5,5,2019년 11월 15일
28,치킨,강남구 논현동,호야닭도리,pd**님,해물순두부전골 中/1,순두부도 맛있네요 잘먹었습니다,5,5,5,3,2019년 11월 10일
29,치킨,강남구 논현동,호야닭도리,da**님,돼지갈비구이 大/1,엄청 맛있어요 매운고추 잘못먹는분은 자제하세요 청량고추,5,5,4,5,2019년 11월 10일
30,치킨,강남구 논현동,호야닭도리,ja**님,1인용 닭도리/1(닭도리 토핑 추가(치즈)),너무 맛있게 잘먹었어요 양도 많아서 배불리 먹을 수 있었네용,5,5,5,5,2019년 11월 3일
31,치킨,강남구 논현동,호야닭도리,dl**님,1인용 닭도리/1,평범한 닭토리탕 잘먹엇습니다,5,3,5,5,2019년 10월 25일
32,치킨,강남구 논현동,호야닭도리,ke**님,호야특별닭도리 中/1(닭도리 토핑 추가(소세지)),맛잇어서 간간히 시켜먹엇는데 늘 중짜로 시키는데 오늘은 닭다리가 개도 없네요,1,1,1,1,2019년 10월 24일
33,치킨,강남구 논현동,호야닭도리,se**님,1인용 닭도리/1(닭도리 토핑 추가(라면)),혼자 먹기에 양이 엄청 많아여 맛도 있구,4,4,5,5,2019년 10월 15일
34,치킨,강남구 논현동,호야닭도리,vl**님,1인용 닭도리/1,평소보단 조금 달랐어요 무반찬인지 뭔지 모르지만 별로라서 한입먹고,5,5,5,5,2019년 10월 14일
35,치킨,강남구 논현동,호야닭도리,tl**님,1인용 닭도리/1,요청사항은 안보는듯 그냥그래요,3,3,3,3,2019년 10월 5일
36,치킨,강남구 논현동,호야닭도리,de**님,1인용 닭도리/1,닭도리탕맛있어요 반찬은 별로 ,5,5,5,5,2019년 10월 1일
37,치킨,강남구 논현동,호야닭도리,lo**님,1인용 닭도리/1,인용도 구매가 되서 정말 좋네요할쿠 이용해서 잘 먹었습니다,5,5,5,5,2019년 9월 30일
38,치킨,강남구 논현동,호야닭도리,손님,불고기전골 中/1,불고기 전골 양도 많고 맛있어요,5,5,5,5,2019년 9월 28일
39,치킨,강남구 논현동,호야닭도리,pi**님,1인용 닭도리/1,맛도 괜찮고 미니김치전도 주시고 흑미밥이라 좋았어요 배달도 완전 빠르구요 맛있지만 아쉬운건 살짝 달다는거 그닥 맵진 않아요,5,5,5,5,2019년 9월 25일
40,치킨,강남구 논현동,호야닭도리,un**님,1인용 닭도리/1,훌륭한 식사와 반주 였습니다,5,5,5,5,2019년 9월 23일
41,치킨,강남구 논현동,호야닭도리,ze**님,"1인용 닭도리/1,소주/4",진짜 미안한데 장난아님,5,5,5,5,2019년 9월 11일
42,치킨,강남구 논현동,호야닭도리,tr**님,호야특별닭도리 小/1,맛잇게잘먹엇어요 양념이 좀 달긴햇는데,5,5,5,5,2019년 9월 9일
43,치킨,강남구 논현동,호야닭도리,손님,1인용 닭도리/1,첫 주문때 너무 맛있게 먹어서 두번째 주문했어요,5,5,5,5,2019년 9월 3일
44,치킨,강남구 논현동,호야닭도리,손님,1인용 닭도리/1,양도 많고 소스도 매콤해서 맛있어요,5,5,5,5,2019년 9월 3일
45,치킨,강남구 논현동,호야닭도리,ke**님,1인용 닭도리/1,오전에 시킨건 뭔가 하루종일끓여서 몽글한 맛이났어요 특이사항꼼꼼하게 보고 주문 받아주셔서 감사합니다 김치전 너무 맛있어요,5,5,5,5,2019년 9월 2일
46,치킨,강남구 논현동,호야닭도리,ke**님,1인용 닭도리/1,오후꺼는 감자가쪼려져서 몽글몽글한 맛이 없긴해도 국물이 깔끔해서 좋아요 연속 일째 먹고있어요어제도 시켜먹음 아 김치안먹는다는 특이사항에 맞춰 멸치 잔득 감사해요 그런의미가 아니였는데다름엔 반찬 괜찮다고 써둘게요 감사합니다,5,5,5,5,2019년 9월 2일
47,치킨,강남구 논현동,호야닭도리,gr**님,"계란말이/1,공기밥/2",예상시간보다 늦게왔고 계란말이는 맛있어요 김치전도,5,5,5,5,2019년 9월 2일
48,치킨,강남구 논현동,호야닭도리,vl**님,1인용 닭도리/1,제시간에 배달 오고 매운거 못먹는 사람에게 딱 달달함,5,5,5,5,2019년 9월 2일
49,치킨,강남구 논현동,호야닭도리,gn**님,1인용 닭도리/1,맛있에 먹었습니다아아아,5,5,5,5,2019년 8월 31일
50,치킨,강남구 논현동,호야닭도리,go**님,1인용 닭도리/1,예상시간보다 일찍와서 밥 다먹었습니다  요청사항잘봐주시고 전보다 더맛있어졌는데요,5,5,5,5,2019년 8월 31일
51,치킨,강남구 논현동,호야닭도리,pr**님,호야특별닭도리 小/1,전반적으로 다 좋았습니다,5,5,5,5,2019년 8월 31일
52,치킨,강남구 논현동,호야닭도리,ns**님,1인용 닭도리/1,자주시켜 먹게되네요 반찬도바뀌고요,5,5,5,5,2019년 8월 30일
53,치킨,강남구 논현동,호야닭도리,ns**님,1인용 닭도리/1,배단빠르고 맛있어요오오,5,5,5,5,2019년 8월 30일
54,치킨,강남구 논현동,호야닭도리,yc**님,1인용 닭도리/1,괜찮아요 양도많이주시고 재주문각,4,4,4,4,2019년 8월 29일
55,치킨,강남구 논현동,호야닭도리,ha**님,1인용 닭도리/1,아니 도대체 왜 김치전은 사이드 메뉴에 없나요서비스로 김치전 짱맛잇어서 사이드로 나중에 시켜먹고 싶어서 봣는디 없네요 닭도리탕도 달달하니 걸죽해서 맛잇엇어요,5,5,5,5,2019년 8월 29일
56,치킨,강남구 논현동,호야닭도리,os**님,1인용 닭도리/1,배달 빨리오네요 잘먹었습니다,5,5,5,5,2019년 8월 29일
57,치킨,강남구 논현동,호야닭도리,ra**님,1인용 닭도리/1,예정시간보다 훨씬 빨리 와주시고 음식도 맛있고 잘 먹었어요,5,5,5,5,2019년 8월 28일
58,치킨,강남구 논현동,호야닭도리,손님,1인용 닭도리/1(닭도리 토핑 추가(당면)),대박 양도 많고 서비스 까지 맛있어요 담번에 또 시킬게용,5,5,5,5,2019년 8월 17일
59,치킨,강남구 논현동,호야닭도리,to**님,1인용 닭도리/1,양도 푸짐하고 배달도 빨리 와쥬셔서 따뜻하게 잘 먹겠습니당,5,5,5,5,2019년 8월 16일
60,치킨,강남구 논현동,호야닭도리,un**님,1인용 닭도리/1, 딱 거기 모험삼아 이정도면 훌륭함,4,4,3,5,2019년 8월 16일
61,치킨,강남구 논현동,호야닭도리,ab**님,1인용 닭도리/1,혼자먹기 좋네요 잘먹었어요,5,5,5,5,2019년 8월 13일
62,치킨,강남구 논현동,호야닭도리,di**님,"1인용 닭도리/1(닭도리 토핑 추가(떡)),공기밥/1,콜라 1.25L/1",양도 적당하고 맛있네요,5,5,5,5,2019년 8월 11일
63,치킨,강남구 논현동,호야닭도리,yo**님,"호야특별닭도리 中/1,공기밥/4,소주/2",맛있어용또 시켜먹을께용,5,5,5,4,2019년 8월 6일
64,치킨,강남구 논현동,호야닭도리,vl**님,"1인용 닭도리/1,공기밥/1",항상 맛있고 만족합니다,5,5,5,5,2019년 8월 5일
65,치킨,강남구 논현동,호야닭도리,ch**님,1인용 닭도리/1,맛있어요 국물만 있어도 한공기 먹겟어요,4,5,4,4,2019년 8월 4일
66,치킨,강남구 논현동,호야닭도리,wo**님,1인용 닭도리/1,배달도 빠르고 맛있습니다,5,4,4,5,2019년 7월 31일
67,치킨,강남구 논현동,호야닭도리,vl**님,"1인용 닭도리/1,공기밥/1",감자 당근 다 맛있음 김치전 맛있음,5,5,5,5,2019년 7월 23일
68,치킨,강남구 논현동,호야닭도리,hj**님,1인용 닭도리/1,리뷰에 왜 배달 얘기가 많았는지 알겠어요 큰 친절을 바라는건 아니지만 너무 불친절해요 음식은 나쁘지 않았습니다,4,5,5,4,2019년 7월 18일
69,치킨,강남구 논현동,호야닭도리,eo**님,1인용 닭도리/1,음살이 좀 너무 없음 조각은 많은데 뼈조각이네요 양념은 짜지않고 달아서 좋음,3,3,2,5,2019년 7월 16일
70,치킨,강남구 논현동,호야닭도리,to**님,1인용 닭도리/1,기사님 정말 친절하셔서 먹기도 전에 기분이 좋습니다  밋있게 잘 먹겠습니다,5,5,5,5,2019년 7월 12일
71,치킨,강남구 논현동,호야닭도리,my**님,1인용 닭도리/1,닭도리탕 맛있어요 양도많고 배달 빠르네요,5,5,5,5,2019년 7월 2일
72,치킨,강남구 논현동,호야닭도리,ch**님,1인용 닭도리/1,맛있는뎅김치전이 상한듯  한입먹다가 버렸어용 밑반찬도 매일바뀌고 조아용,5,5,5,5,2019년 7월 2일
73,치킨,강남구 논현동,호야닭도리,손님,1인용 닭도리/1(닭도리 토핑 추가(당면)),당면추가햇는데 당면이 너무안익러서왓어요,5,5,5,5,2019년 6월 28일
74,치킨,강남구 논현동,호야닭도리,ch**님,1인용 닭도리/1,양도 푸짐하구 맛잇어영 딴곳은 고기 조각잇는데 요긴조각이상 양념은 좀 밍밍했음  담부터 주문할때 맵게 해달라고 해야겠어용 ,5,5,5,5,2019년 6월 24일
75,치킨,강남구 논현동,호야닭도리,rp**님,1인용 닭도리/1,달달하니 맛있어요 양도 푸짐,5,5,4,4,2019년 6월 20일
76,치킨,강남구 논현동,호야닭도리,si**님,묵은지떡닭도리 小/1,적당히 저렴히 먹을만합니다,5,4,4,5,2019년 6월 16일
77,치킨,강남구 논현동,호야닭도리,do**님,1인용 닭도리/1,잘먹었습니다 냄새 안나고 맛있어요,5,5,5,5,2019년 4월 17일
78,치킨,강남구 논현동,호야닭도리,tn**님,호야특별닭도리 小/1,처음시켜먹어봤어요 맛있어요,4,4,4,4,2019년 3월 17일
79,치킨,강남구 논현동,호야닭도리,tn**님,1인용 닭도리/1(닭도리 토핑 추가(당면)),양도 많고 요청사항도 잘 들어주셔서 간도 약하고 다 좋은데 배달하시는 분 때문에 별점 낮춥니다,4,4,5,2,2019년 3월 15일
80,치킨,강남구 논현동,호야닭도리,vn**님,"호야특별닭도리 小/1,공기밥/2,계란후라이 2개/1",아주맛있어요 양도많구요 ,5,5,5,5,2019년 3월 12일
81,치킨,강남구 논현동,호야닭도리,se**님,1인용 닭도리/1(닭도리 토핑 추가(당면)),맵게해달랬더니 엽떡보다더매움 감사 양도많고 닭도리탕생각날땐 앞으로여기서만시킬듯 근데반찬들은대체로조금씩짜네요,5,5,5,5,2019년 3월 7일
82,치킨,강남구 논현동,호야닭도리,ms**님,1인용 닭도리/1(닭도리 토핑 추가(떡)),맛있어용  배달두 빠르구여,4,4,4,4,2019년 3월 3일
83,치킨,강남구 논현동,호야닭도리,손님,"돼지김치전골 中/1(전골 토핑 추가(당면,라면))",맛있었어요 근데 라면사리랑 당면사리는 앞으로 하면 안될듯요 다 불어서 건져내고 먹었어요,4,4,4,3,2019년 2월 23일
84,치킨,강남구 논현동,호야닭도리,ql**님,호야특별닭도리 中/1,너무 맛있어요 간도 딱맞구,4,4,3,3,2019년 1월 12일
85,치킨,강남구 논현동,호야닭도리,ms**님,"1인용 닭도리/1(닭도리 토핑 추가(당면,떡))",와 양이 어마무시하네요 근데 당면추가햇는데 왜 라면만 넣어서 왔던거죠,4,3,5,3,2019년 1월 8일
86,치킨,강남구 논현동,호야닭도리,ya**님,1인용 닭도리/1,닭도리탕인에양딱이에요 맵지도않고 맛있어요,5,5,5,4,2018년 12월 14일
87,치킨,강남구 논현동,호야닭도리,cs**님,"순살호야특별닭도리 小/1(닭도리 토핑 추가(당면)),주먹밥/1",진짜 별로 배달 한시간넘게걸리고 당면은 전부뿔어서 식어서왔어요 다신안먹을듯 여긴,1,1,1,1,2018년 12월 5일
88,치킨,강남구 논현동,호야닭도리,손님,1인용 닭도리/2,진짜 감자까지 남김없이 다 먹었어요 너무 맛있고 양도 많아서 좋았어요,5,5,5,5,2018년 11월 13일
89,치킨,강남구 논현동,호야닭도리,qh**님,호야특별닭도리 小/1(닭도리 토핑 추가(당면)),맛은 글쎄 당면을 따로 달라는 요청 들어주셔서 감사했지만 너무 조금이다 공기밥용기에 당면을 담아주셨는데 이게 원,4,2,4,5,2018년 11월 11일
90,치킨,강남구 논현동,호야닭도리,go**님,1인용 닭도리/1,양도 적당하고 같이 나오는 반찬도 좋았습니다,3,3,4,4,2018년 10월 17일
91,치킨,강남구 논현동,호야닭도리,손님,"돼지김치전골 中/1(전골 토핑 추가(소세지)),상추쌈/1,소주/2",전공양이나 배달은 괜찮아요 상추는 추가로 시켯어요 상추 손가락 마디만한것 세장과 깻잎세장이 왓어요 그래도 원인데 이건 좀 아닌거 같고 찌개는 너무 느끼하고 기름도 너무 떠 있어서 한번씩 걸러 먹었어요 다음엔 안 시킬거같아요,1,1,2,2,2018년 10월 9일
92,치킨,강남구 논현동,호야닭도리,손님,호야특별닭도리 中/1,음식을 시키고 나서 뒤늦게 후기 보니 한 분 두 분도 아니고 많은 분들이 불친절하다 밑반찬이 쉬었다 너무 달다 기름지다 목만 개다 고기가 너무 뻑뻑하다 등등 적어주셨더군요 배달까지 분쯤 걸렸는데 그 시간동안 솔직히 진짜 그럴까봐 후회가 되더라고요 시켜먹지말걸 음식이 도착해서 열어보니 음 양은 많더라고요 근데 딱 그것뿐이네요 맛 없는데 양 많은 정말 버리고 싶은거 꾸역꾸역 먹었어요 기름지고 닭다리 빼곤 다 뻑뻑하고 너무 달고 솔직히 너무 맛 없어서 왜 돈 받고 파나 싶었습니다,1,1,1,1,2018년 8월 14일
93,치킨,강남구 논현동,호야닭도리,15**님,"1인용 닭도리/1(닭도리 토핑 추가(라면)),스팸구이/1,콜라 500mL/1",그냥 먹을만해요 좀 기름짐,4,3,5,4,2018년 7월 15일
94,치킨,강남구 논현동,호야닭도리,ll**님,"1인용 닭도리/1(닭도리 토핑 추가(당면)),공기밥/1",인분 닭도리를 먹을 수 있는건 장점 배달과 전화응대는 단점,3,3,3,1,2018년 5월 19일
95,치킨,강남구 논현동,호야닭도리,5a**님,1인용 닭도리/1,배달도 빠르고 맛있었어요,4,5,3,5,2018년 4월 15일
96,치킨,강남구 논현동,호야닭도리,sl**님,"1인용 닭도리/1(닭도리 토핑 추가(당면)),비엔나소세지구이/1",배달은 진짜 불친절 인분인데 양은 많아여 공기밥추가해서 둘이먹어도 될듯 당면추가했는데 덜익어서오긴하네요 별도반찬 소세지는 추가안하시는게좋아요 싸구려소세지라맛자체가음써여,3,4,5,2,2018년 3월 24일
97,치킨,강남구 논현동,호야닭도리,손님,호야특별닭도리 小/1(닭도리 토핑 추가(당면)),요청사항 잘 들어주시고 맛있었어요 양많아서 짱좋음,4,4,5,4,2018년 3월 13일
98,치킨,강남구 논현동,호야닭도리,손님,1인용 닭도리/1,맛있어요 닭볶음탕에 당근이랑 감자도 들어있어서 좋았습니다,5,5,5,5,2018년 2월 26일
99,치킨,강남구 논현동,호야닭도리,손님,1인용 닭도리/1(닭도리 토핑 추가(당면)),첨 시켯는데 맛있었어요 양도많구,5,5,5,5,2018년 2월 19일
100,치킨,강남구 논현동,호야닭도리,ka**님,"호야특별닭도리 中/1(닭도리 토핑 추가(떡)),공기밥/3,스팸구이/1",양도 많도 맛있습니다 개인적으로 맛이 좀 단맛이 강한데 단맛보다 좀 더 매콤하면 더 좋을 거 같습니다,5,5,5,5,2018년 2월 8일
101,치킨,강남구 논현동,호야닭도리,손님,1인용 닭도리/1(닭도리 토핑 추가(당면)),좋았어요 반신반의하면서 시켰는데,4,4,4,4,2018년 1월 26일
102,치킨,강남구 논현동,호야닭도리,손님,"호야특별닭도리 小/1,소주/1",맛잇는구 같다 근데 역시 배달닭도리는비싸,4,3,3,3,2018년 1월 13일
103,치킨,강남구 논현동,호야닭도리,ac**님,1인용 닭도리/1,처음 시켜보는데 약간 느끼한 것 빼고는 양도 맛도 최고네요,5,5,5,5,2017년 12월 17일
104,치킨,강남구 논현동,호야닭도리,ki**님,,월일 분 주문 카카오페이카드결제 했고 떡 추가 소세지추가했는데 떡밖에 안보이고 소세지는 넣어주지도 않고 먹지도 않았는데 천원 먹튀하시나요 소세지값 환불해달라고 두번이나 전화했고 계좌번호까지 두번이나 불러주게 해놓고 아직도 입금이 안되고 있는데 전화받은 여자분이 사장인지 모르겠지만 두번다 같은 사람이었던거 같은데 모르쇠로 환불안해주시고 이런식이면 곤란하네요 이번주까지 기다려서 안주면 한국소비자고발센터에 신고하겠습니다,1,1,1,1,2017년 11월 28일
105,치킨,강남구 논현동,호야닭도리,dm**님,"1인용 닭도리/1(닭도리 토핑 추가(떡)),해물부추전/1,공기밥/3,스팸구이/2",설명이 필요없는 최고의 맛,5,5,5,5,2017년 11월 26일
106,치킨,강남구 논현동,호야닭도리,손님,순살묵은지떡닭도리 小/1(닭도리 토핑 추가(당면)),고기가 별로 없어 아쉽네요,5,5,4,4,2017년 11월 22일
107,치킨,강남구 논현동,호야닭도리,sl**님,"1인용 닭도리/1(닭도리 토핑 추가(당면)),계란후라이 2개/1",맛있어요반숙으로해주신센스감동,4,4,4,4,2017년 11월 19일
108,치킨,강남구 논현동,호야닭도리,ki**님,"1인용 닭도리/1(닭도리 토핑 추가(소세지,떡))",소세지랑 떡추가했는데 소세지는 하나도안보여서 전화했는데 왜 계좌번호만 물으시고 소세지값은 안돌려주시는건가요,3,3,3,3,2017년 11월 14일
109,치킨,강남구 논현동,호야닭도리,손님,1인용 닭도리/1,이정도가격에 너무맛있게 먹었어요,5,,,,2017년 9월 5일
110,치킨,강남구 논현동,호야닭도리,손님,묵은지떡닭도리 中/1(닭도리 토핑 추가(당면)),닭이 다 흐무러져서 골라 먹을 수가 없었네요 김치도 없고이건몬지,1,,,,2017년 8월 19일
111,치킨,강남구 논현동,호야닭도리,la**님,"1인용 닭도리/1,공기밥/1",맛있어요 배달도 빨라요 그런데 기본반찬은 차라리 안 주셨으면 큰소세지 맛없고 김치도 자주 쉬어있고 그래요 샐러드도 너무 오래 절어져있었는지 맛이 별로에요 항상 손 안대고 버리게 돼요,4,,,,2017년 8월 19일
112,치킨,강남구 논현동,호야닭도리,손님,,가끔 시켜먹는데 제대로 주문되서 온적이 한번도 없어요 공기밥은 두개 시켰는데 하나만 온적도 있었고 일반 순살 닭도리탕 시켰는데 묵은지닭도리탕 오고 이젠 여기 안시켜먹으려구요,1,,,,2017년 7월 31일
113,치킨,강남구 논현동,호야닭도리,dm**님,"1인용 닭도리/1,해물부추전/1,공기밥/2,스팸구이/1",오래간만에 맛있게 잘먹었 습니다,5,,,,2017년 7월 28일
114,치킨,강남구 논현동,호야닭도리,손님,,닭도리탕은 맛있었는데 반찬으로 온 샐러드가 맛이 갔네요,4,,,,2017년 7월 23일
115,치킨,강남구 논현동,호야닭도리,손님,"순살호야특별닭도리 中/1(닭도리 토핑 추가(당면,떡)),공기밥/1,계란후라이 2개/1",순살닭도리탕 시켯는대 원래 공기밥 안오나요 전화는 받지도 않네요 음식도착햇는대 더워 디지것는대 햇반사러 나왓네요 전화를 받던지 원래 공기밥 안주는거면 공기밥 별도라고 표시해 놓던지 장사 참 그지 같이 하네,1,,,,2017년 7월 22일
116,치킨,강남구 논현동,호야닭도리,ki**님,"1인용 닭도리/1(닭도리 토핑 추가(소세지,떡))",진짜 주말쉴때마다 여기서 자주시켜먹어요맛나요맛나,5,,,,2017년 7월 16일
117,치킨,강남구 논현동,호야닭도리,96**님,,잘먹었습니다 닭도 푸짐해요,4,,,,2017년 6월 22일
118,치킨,강남구 논현동,호야닭도리,손님,"1인용 닭도리/1,누룽지탕/1,계란후라이 2개/1,사이다 500mL/1",정말 음식 닭도리 인 시켰는데 누러탓고 만원짜리음식입니다 아무리 야간배달이라도 음식 장사하는사람 양심 없는가게 같내요 절대 속지맙시다 이런곳 없길바란마음에 태어나 처음 올려봅니다,1,,,,2017년 6월 15일
119,치킨,강남구 논현동,호야닭도리,손님,,맛있게 잘먹었습니다 달달한 국물이에요 강추,5,,,,2017년 6월 10일
120,치킨,강남구 논현동,호야닭도리,vl**님,,언제나 맛있는데 이번에는 좀배달이 느렸어요,4,,,,2017년 6월 5일
121,치킨,강남구 논현동,호야닭도리,손님,,최근리뷰가 별로 안좋길래 시킬까하다가 인분주문이 가능해서 시켰는데 맛있어요 인분인데 양도 푸짐하고  다시 시켜먹을 의향도 있네요,4,,,,2017년 5월 25일
122,치킨,강남구 논현동,호야닭도리,ja**님,"1인용 닭도리/1(닭도리 토핑 추가(당면)),공기밥/2",닭도 없고 당면추가햇는데 익지도 않아서 오고휴 기분나쁘네여,1,,,,2017년 5월 24일
123,치킨,강남구 논현동,호야닭도리,손님,"호야특별닭도리 中/1,계란말이/1",첨먹어봤는데 복불복인가봄 셋이 반도못먹고 다버림버리는거도 일이네,1,,,,2017년 5월 23일
124,치킨,강남구 논현동,호야닭도리,손님,1인용 닭도리/1(닭도리 토핑 추가(당면)),인분닭도리 시키시려거든 당면추가하지마세요 닭은 없고 같은 그릇에 이건 머 당면볶음수준 ,2,,,,2017년 5월 23일
125,치킨,강남구 논현동,호야닭도리,손님,,빠른배달이 너무좋아요 전체적으로 만족합니다,5,,,,2017년 5월 22일
126,치킨,강남구 논현동,호야닭도리,li**님,,잘먹겠습니다 인분으론 양이 엄청 많은것 같아용 ,5,,,,2017년 5월 18일
127,치킨,강남구 논현동,호야닭도리,go**님,1인용 닭도리/1,혼자 먹기에 조금 많은 양 적은거 보다 넉넉하니 좋내요 잘먹었습니다,5,,,,2017년 5월 15일
128,치킨,강남구 논현동,호야닭도리,손님,1인용 닭도리/1(닭도리 토핑 추가(당면)),당면이 불어서 잘 못 먹었어요 반찬도 많고 양도 많아서 좋았습니다 맛있었어요,5,,,,2017년 5월 6일
129,치킨,강남구 논현동,호야닭도리,손님,묵은지떡닭도리 小/1,제가 시킨게 순살이 아닌것 같은데순살이 왔네요,2,,,,2017년 5월 4일
130,치킨,강남구 논현동,호야닭도리,lu**님,1인용 닭도리/1,배탈나서 점심시간에 병원왔습니다,1,,,,2017년 4월 24일
131,치킨,강남구 논현동,호야닭도리,손님,"순살호야특별닭도리 小/1(닭도리 토핑 추가(당면)),주먹밥/1",늦은 시간에도 배달할 수 있고 순살인데 퍽퍽살만 가득도 아니고 감자도 알차게 들어있고 소스도 맛있어요 다만 당면이 납작당면이 아닌건 아쉽지만 잘 먹었습니다 다음에도 순살로 시커야겠어요,5,,,,2017년 4월 22일
132,치킨,강남구 논현동,호야닭도리,손님,,국물이 담백하고 주먹밥이 너무 맛있어요,5,,,,2017년 4월 13일
133,치킨,강남구 논현동,호야닭도리,vl**님,,역시좋은데이번엔 고구마감자만 그득하고 닭들이 거의 없었어오마지막 긁어서 보낸 느낌이랄까 좀더신경써주세용,3,,,,2017년 4월 11일
134,치킨,강남구 논현동,호야닭도리,gh**님,1인용 닭도리/1,배달은 굉장히 빨라서 좋은데 지난번보다 양도 좀 적어진거 같고 많이 기름지네요,3,,,,2017년 4월 11일
135,치킨,강남구 논현동,호야닭도리,my**님,,종종 시켜먹고 있습니다 잘먹고 있어요,4,,,,2017년 4월 8일
136,치킨,강남구 논현동,호야닭도리,손님,1인용 닭도리/1,맛있고 반찬이 많기는한데요 인가구가 늘어나는 데도 불구하고 왜 저한테 목을 개나 주셨는지 모르겠습니다 개 나왔을 때도 벌써 질렸고 이게 다인 줄 알았는데 개 나온 거 보고 아 리뷰를 써야겠구나 결심했습니다 다음이 있을지 모르겠으나 다음에는 목말고 다른 살코기 있는 부위도 좀 주시면 감사하겠습니다 닭다리도 닭다리살 쏙 빼고 밑에 부분만 왔어요,2,,,,2017년 4월 8일
137,치킨,강남구 논현동,호야닭도리,tn**님,"호야특별닭도리 小/1,주먹밥/1",닭고기도 부드럽고 맛있어요,5,,,,2017년 3월 30일
138,치킨,강남구 논현동,호야닭도리,손님,,맛있는데 양은 조금 적은,5,,,,2017년 3월 25일
139,치킨,강남구 논현동,호야닭도리,oh**님,,국물이 다 식어서 왔어요,4,,,,2017년 3월 17일
140,치킨,강남구 논현동,호야닭도리,ye**님,,파전만 맛있음닭도리탕 완전 비추,1,,,,2017년 3월 12일
141,치킨,강남구 논현동,호야닭도리,gh**님,,닭 볶음탕 소스도 맛있고 반찬도 맛있었습니다 인분이라 양이 적을까 걱정했는데 양 아주 푸짐하고 넘 배불러서 반 남겼는데 나중에 또 먹을 수 있어서 좋네요,5,,,,2017년 3월 9일
142,치킨,강남구 논현동,호야닭도리,ed**님,1인용 닭도리/1(닭도리 토핑 추가(떡)),맛있게 먹고 있었는데 부추전에서 머리카락이 나왔어요  맛있었어서 별 개 드립니디,2,,,,2017년 3월 5일
143,치킨,강남구 논현동,호야닭도리,vl**님,,맛나는데 양이 너무 작아요,4,,,,2017년 3월 4일
144,치킨,강남구 논현동,호야닭도리,손님,1인용 닭도리/1,맛있어요 자주 시켜먹게 되네요,5,,,,2017년 3월 3일
145,치킨,강남구 논현동,호야닭도리,손님,,배달 음식 치고 이 정도면 최상급이라고 생각되네요,4,,,,2017년 3월 1일
146,치킨,강남구 논현동,호야닭도리,손님,,국물에 기름기가 너무 많고 닭 살코기가 너무 푹 삶겨서 먹을게 없어요 떡 추가도 엄청 적게 해주고,2,,,,2017년 2월 26일
147,치킨,강남구 논현동,호야닭도리,손님,,아 여긴 더이상 하면 안됨,1,,,,2017년 2월 15일
148,치킨,강남구 논현동,호야닭도리,vl**님,1인용 닭도리/1,맛있긴한데 양이너무 작아용,3,,,,2017년 2월 13일
149,치킨,강남구 논현동,호야닭도리,손님,"1인용 닭도리/1(닭도리 토핑 추가(당면)),주먹밥/1,스팸구이/1",닭도리가 조금덜 짜면 좋을거 같고요 김치전은 맛있고요주먹밥도 그냥 먹을만합다,3,,,,2017년 2월 13일
150,치킨,강남구 논현동,호야닭도리,in**님,,맛있었는데 닭볶음탕에 닭목만 개가 나왔네요 다음부터는 신경써주세요 먹으면서 음 남은 재료 줬나 느낌을 받았네요,4,,,,2017년 2월 10일
151,치킨,강남구 논현동,호야닭도리,손님,"1인용 닭도리/1(닭도리 토핑 추가(당면)),주먹밥/1",맛있음 좀 차갑긴 한데 주먹밥은 좀 너무 싱겁,4,,,,2017년 2월 9일
152,치킨,강남구 논현동,호야닭도리,3a**님,,인분매뉴임에도 푸짐하네요,5,,,,2017년 2월 7일
153,치킨,강남구 논현동,호야닭도리,my**님,1인용 닭도리/1,처음으로 리뷰써보네요 진짜뚜껑열자마자 국물이 노랬구요 감자가 모두 으깨졌고 닭고기살도 먹었는데 다 갈라지고 흐물흐물하고 진짜 반도안먹고버렸어요 대량으로 끓이시나봐요 마지막남은걸 제가받은거같고요 고객하나하나 신경써주세요 진짜 먹을걸파세요,1,,,,2017년 2월 7일
154,치킨,강남구 논현동,호야닭도리,손님,1인용 닭도리/1,맛있어요 너무 배고파서 사진도 못 찍고 다 먹음,5,,,,2017년 2월 6일
155,치킨,강남구 논현동,호야닭도리,ki**님,"1인용 닭도리/1,주먹밥/1,콜라 1.25L/1",눈이왔던 날이라 배송은 늦었지만 맛있어서 여기서 늘 시켜먹어요,4,,,,2017년 2월 5일
156,치킨,강남구 논현동,호야닭도리,손님,"1인용 닭도리/1,공기밥/2,스팸구이/1,콜라 500mL/1",서비스 엉망 숟가락 젓가락 없이 어떻게 밥을 먹나요 가져다 주시겠다더니 다시 전화오셔서 못가져다줄거같데요,1,,,,2017년 1월 30일
157,치킨,강남구 논현동,호야닭도리,손님,1인용 닭도리/1(닭도리 토핑 추가(당면)), 밥에서 머리카락이 아주 뭉쳐서 나오고 당면추가햇는데 당면인지 뭔지 또 달기는 왜케 달까요 태어나서 리뷰 처음 써보네요,1,,,,2017년 1월 25일
158,치킨,강남구 논현동,호야닭도리,손님,,분 기다리라고 하더니 주문한지 한시간이십분째 올생각을 안하네요 주문 안들어갔나요   배고파 죽겠어요,1,,,,2017년 1월 24일
159,치킨,강남구 논현동,호야닭도리,손님,,푸욱 익운 닭도리탕을 좋아한다면 추천 합니다 당면사리 추가하지마세요 퍼져서 옵니다,3,,,,2017년 1월 23일
160,치킨,강남구 논현동,호야닭도리,손님,,반찬도 깔끔하고 맛도 좋았는데 인분메뉴를 시켜서 그런지 다 식어서왔네요 집에 렌지가 없으면 다시 데워먹기 힘드니 참고하세요,3,,,,2017년 1월 19일
161,치킨,강남구 논현동,호야닭도리,sp**님,1인용 닭도리/1(닭도리 토핑 추가(당면)),분 정도 걸린 것 같아요음식 맛도 있고 좋았는데당면이 다 안 익어서 못 먹었다는,3,,,,2017년 1월 15일
162,치킨,강남구 논현동,호야닭도리,손님,"1인용 닭도리/1,공기밥/2,스팸구이/1",닭도리는저는별로내엽불고기만먹는걸로,3,,,,2017년 1월 15일
163,치킨,강남구 논현동,호야닭도리,손님,1인용 닭도리/1,배달 시키고 한시간걸린다는 문자받았습니다 오케이 하고 기다렸죠 시간분 딱걸려서 배달오더군요 원래 이런걸로 민감하지 말아야지 하는 성격이라 이해했습니다 근데 음식이 다 식었네요 밥은 그냥 찬밥이예요 정말 화가나서 리뷰란걸 남겨보네요,1,,,,2017년 1월 13일
164,치킨,강남구 논현동,호야닭도리,손님,1인용 닭도리/1(닭도리 토핑 추가(당면)),분걸린다고하셨는데 분정도 후에 오신거같아요 김치전도 맛있고 인닭도리세트 알차네요 당면이 덜익은건지 뿔은건지 애매했던거 빼곤 배달하시는분도 친절하시고 좋았습니다,5,,,,2017년 1월 13일
165,치킨,강남구 논현동,호야닭도리,손님,,닭고기상태 별로 그냥 단맛밖에 안나는 국물 추천안해요,1,,,,2017년 1월 8일
166,치킨,강남구 논현동,호야닭도리,손님,"1인용 닭도리/1,계란후라이 2개/1,콜라 500mL/1",두번째 시켜먹었습니다만 맛있는건 엿 맛있습니다 다만 아쉬운점 두개 적자면 고기 오는 부위가 랜덤인듯하고 또 저번에도 갈색오렌지 색 머리카락 나왔는데 이번에도 나왔습니다 솔직히 전 이런거 대수롭지 않게 여거서 괜찮습니다만 다른 분들 생각하셔서 위생 좀 더 신경써주시길 바랍니다,5,,,,2017년 1월 7일
167,치킨,강남구 논현동,호야닭도리,손님,"1인용 닭도리/1,공기밥/1,계란후라이 2개/1",살짝만 덜 달면 좋을것같아요  밑반판도 정갈하고 인 가성비 좋습니다 또 깔끔하게 배달 와서 전체적으로 만족스러웠습니다,5,,,,2017년 1월 4일
168,치킨,강남구 논현동,호야닭도리,손님,1인용 닭도리/1(닭도리 토핑 추가(당면)),원래 좋아하는데 당면사리 시켰다가 걍 먹다 말음 당면사리가 우리가 흔히 먹는 당면이 아니고 뭔가 이상하던데 플라스틱느낌이랄까 이제 재주문 노노,2,,,,2017년 1월 1일
169,치킨,강남구 논현동,호야닭도리,손님,"1인용 닭도리/1,공기밥/1",만족해요 두루치기만먹다가 닭도리먹엇더니 딱양도적당하고 맛있어요,5,,,,2016년 12월 28일
170,치킨,강남구 논현동,호야닭도리,pe**님,1인용 닭도리/1,맛있는데 잔뼈가 좀 있네요  그래도 국물맛도 좋고 양도 넉넉해서 좋아요,4,,,,2016년 12월 22일
171,치킨,강남구 논현동,호야닭도리,4d**님,1인용 닭도리/1(닭도리 토핑 추가(당면)),당면 사리 추가해서 원에 푸짐하게 먹었네요 당면은 제가 좋아하는 스타일은 아니었지만 전체적으로 깔끔하고 푸짐했어요 감사합니다,5,,,,2016년 12월 19일
172,치킨,강남구 논현동,호야닭도리,vi**님,"1인용 닭도리/1(닭도리 토핑 추가(라면,치즈,떡))",정말 후회 되네요 스팸구이는 상한것같고 찜은 죠미료맛이 너무 나요,2,,,,2016년 12월 18일
173,치킨,강남구 논현동,호야닭도리,손님,,양도 많고 맛도 있고 좋네요 다만 시간이 좀 걸린다는,4,,,,2016년 12월 18일
174,치킨,강남구 논현동,호야닭도리,wl**님,"호야특별닭도리 小/1,계란후라이 2개/1",맛있고 양도 푸짐했는데 제 입맛엔 좀 달더라고요 덜 달았다면 최고였을듯,4,,,,2016년 12월 18일
175,치킨,강남구 논현동,호야닭도리,손님,,이런글 쓸 줄 몰랐는데 어제 여기 닭도리탕 사켜 먹고 식중독 수준으로 구토했어요 신고해야되나 어쩌나 아직까지 헉구역질나옵니다 맛이 좀 이상하다싶었는데 정말 다신 닭도리탕 못먹을거같네,1,,,,2016년 12월 18일
176,치킨,강남구 논현동,호야닭도리,l9**님,1인용 닭도리/1,너무 달고 좀 제 입맛엔 안 맞네요,3,,,,2016년 12월 17일
177,치킨,강남구 논현동,호야닭도리,손님,1인용 닭도리/1,닭도리야 여기 원래 맛잇고 오늘은 부침개가 떡같이 두껍네요,4,,,,2016년 12월 17일
178,치킨,강남구 논현동,호야닭도리,손님,,밥이 안와요 분 걸린댔는데 이미 지났어요 맛이 어떻고는 말할 수가 없네영 주문취소 안된것만 해도 다행인가 하고 마음을 달랩니다,4,,,,2016년 12월 16일
179,치킨,강남구 논현동,호야닭도리,손님,1인용 닭도리/1,전 여기 좋아해요 완전맛있음,5,,,,2016년 12월 15일
180,치킨,강남구 논현동,호야닭도리,손님,,짱맛있슺니당  잘먹을께요,4,,,,2016년 12월 14일
181,치킨,강남구 논현동,호야닭도리,손님,,두번째 시켜먹었는데 정말 맛있네요 ,5,,,,2016년 12월 11일
182,치킨,강남구 논현동,호야닭도리,ze**님,,음식이 엄청 늦게옵니다 해물부추전을 시켰는데 안판다고 해서 김치전 먹었습니다,2,,,,2016년 12월 10일
183,치킨,강남구 논현동,호야닭도리,손님,,너무 달아서원래 닭도리탕 자주 시켜먹긴한데평점보고 시켰더니,2,,,,2016년 12월 5일
184,치킨,강남구 논현동,호야닭도리,손님,,맛임어녀 닭뼈만 있어 놀랏는데 압력솥땜에 닭이 뷰서진거라 하셔서 안심이요 앗 당면은 덜익어서 좀 아쉬워요 여튼 강추 합니다 ,5,,,,2016년 12월 1일
185,치킨,강남구 논현동,호야닭도리,손님,"호야특별닭도리 小/1,스팸구이/1",맛있게 잘 먹었습니다 삼삼함으로 시작해서 양념 조금 추가해서 조금 더 매콤하게 조절해가며 먹었어요 양념국물은 나중에 밥 비벼먹으려고 얼렸어요그만큼 맛있었고요 아쉬운 점은 스팸조각 천원에 구매한거요 다음엔 추가 없이 먹으려고요,5,,,,2016년 11월 26일
186,치킨,강남구 논현동,호야닭도리,손님,1인용 닭도리/1,완전맛있어요가격대비짱 혼밥하는사람들한테짱,5,,,,2016년 11월 20일
187,치킨,강남구 논현동,호야닭도리,qo**님,"1인용 닭도리/1(닭도리 토핑 추가(소세지)),공기밥/1,스팸구이/1",양도 괜찮고 맛도   약간 비싼감이 있어서 별 개만,4,,,,2016년 11월 20일
188,치킨,강남구 논현동,호야닭도리,dm**님,,맛있게잘먹었지만 한가지아쉬운점은 추가메뉴에 치즈가안된다는건좀 아쉽네요,3,,,,2016년 11월 18일
189,치킨,강남구 논현동,호야닭도리,손님,호야특별닭도리 小/1(닭도리 토핑 추가(소세지)),맛있어요 간만에 만족한 배달음식,5,,,,2016년 11월 16일
190,치킨,강남구 논현동,호야닭도리,손님,,맛있어요굿굿굿 너무 맵지도 않고 고구마가 들어가서인지 달달한게 딱 내스타일포장도 양도 굿굿,5,,,,2016년 11월 7일
191,치킨,강남구 논현동,호야닭도리,손님,"버섯두부전골 中/1,누룽지탕/1,계란말이/1",국물이깔끔했어요 서비스전이진짜맛있어요장난아님촉촉 그것빼곤쏘쏘,3,,,,2016년 11월 7일
192,치킨,강남구 논현동,호야닭도리,손님,"1인용 닭도리/1(닭도리 토핑 추가(당면)),공기밥/1",전체적으로 맛있었는데 당면이 안익어 와 아쉬웠어요,4,,,,2016년 11월 6일
193,치킨,강남구 논현동,호야닭도리,손님,,혼자먹기좋고 너뮤 맛잇게 먹엇어요 또 시켜먹울게욤,5,,,,2016년 11월 2일
194,치킨,강남구 논현동,호야닭도리,손님,"호야특별닭도리 中/1(닭도리 토핑 추가(라면,떡)),공기밥/2,주먹밥/1",살짝 달지만 양도 맛도 배달하신분드 만점,5,,,,2016년 10월 27일
195,치킨,강남구 논현동,호야닭도리,손님,,서비스도 맛나구 배달도 빨라요,4,,,,2016년 10월 24일
196,치킨,강남구 논현동,호야닭도리,손님,,살짝 짜지만 맛있어요 고기 조금만 더 들어있으면 좋을듯 해요,4,,,,2016년 10월 20일
197,치킨,강남구 논현동,호야닭도리,gp**님,,닭도리탕 너무 맛있었어요느끼하지도않고 달짝지근 밥도비벼먹고부추전작은게 서비스로 오는데 너무맛있어요반찬들도 쪼금오는데 다 괜찮았어요,5,,,,2016년 10월 20일
198,치킨,강남구 논현동,호야닭도리,손님,,주문한지시간분배달직원은 주소도제대로못보고 엉뚱한데서 전화하고,1,,,,2016년 10월 19일
199,치킨,강남구 논현동,호야닭도리,손님,1인용 닭도리/1,가격대비 나쁘지 않아요,5,,,,2016년 10월 16일
200,치킨,강남구 논현동,호야닭도리,id**님,"1인용 닭도리/1(닭도리 토핑 추가(라면)),공기밥/1",흠   그냥   시켜먹어보세요    받아보시면 압니다 ,1,,,,2016년 10월 13일
201,치킨,강남구 논현동,호야닭도리,손님,,맛은 괜찬기는 한데 추가요금 원 원 소세지랑 당면 이것들 너무 적게 준거 아시죠 사람들이 양심이 잇어야지 소세지 한 개 비엔나같은거 넣어주고 저렇게 받으면 좋으심 당면도 한젓가락 먹은수준박에 안되네요 아무리 장사라 하지만 어느정도 선이라는게 잇어요 다음 시켜먹는손님에겐 신경써서 해주시길 바랍니다,3,,,,2016년 10월 4일
202,치킨,강남구 논현동,호야닭도리,손님,,맛있네요 리뷰보고시켰는데 정구지전맛있었어요 닭도부드러웠구요 반찬이랑양도푸짐해서혼자먹기많았어요 또시켜먹겠어요,4,,,,2016년 10월 2일
203,치킨,강남구 논현동,호야닭도리,az**님,,맛있게 잘 먹었습니다 배달도 엄청 빠르구요,5,,,,2016년 9월 29일
204,치킨,강남구 논현동,호야닭도리,oh**님,,맛도 좋치만 반찬도 너무맛있어요 특히 부추전최고에요,5,,,,2016년 9월 12일
205,치킨,강남구 논현동,호야닭도리,ch**님,,전날 술을 많이 먹어 해장할겸 버섯두부전골 주문했는데 간이세지도 자극적이지도 않고 담백하니 정말 맛나내요,5,,,,2016년 9월 9일
206,치킨,강남구 논현동,호야닭도리,손님,"부대전골 中/1(전골 토핑 추가(소세지)),공기밥/1,비엔나소세지구이/1",그냥 말 안하고 안시킴,2,,,,2016년 9월 6일
207,치킨,강남구 논현동,호야닭도리,손님,"1인용 닭도리/1,계란후라이 2개/1,스팸구이/1",와 처음으로 요기요 리뷰 씁니다 진짜 맛있고 반찬 잘나오고 감동 양도 엄청 푸짐해서 둘이 먹었네요 감사합니다 진짜  맛잇었음  알바아님가족 다걸고,5,,,,2016년 9월 2일
208,치킨,강남구 논현동,호야닭도리,pj**님,,닭요리전문이 아니라서 맛은별로입니다,1,,,,2016년 9월 1일
209,치킨,강남구 논현동,호야닭도리,손님,,아니 분걸려서 그러려니했는데 시간이상걸려가지고 손님이전화하게만들어야돼나 자기네들이전화해서 자초지정설명하면 알겠다할텐데 참이상한마인드임 근데중요한건한두번아님,1,,,,2016년 8월 18일
210,치킨,강남구 논현동,호야닭도리,손님,1인용 닭도리/1,이게 만원이라니 감자당근만 있고 닭은 조각 설탕맛,1,,,,2016년 8월 13일
211,치킨,강남구 논현동,호야닭도리,손님,,번째 주문이번엔 닭에 양념이 하나도 안 베어있어고기름도 넘 많터라구요한참 더 끓이면서 먹었습니다,2,,,,2016년 7월 24일
212,치킨,강남구 논현동,호야닭도리,손님,,둘이막끼 딱좋아요 반마리인듯  맛있어요,5,,,,2016년 7월 17일
213,치킨,강남구 논현동,호야닭도리,손님,"호야특별닭도리 小/1,공기밥/2,계란후라이 2개/1",닭도리 시켰는데 양념은 맛은 있었어요 하지만 배달이 한시간반 넘게 걸리다니  그리고 닭이 목만 두개고 감자가 많이 들어가 있더군요 많이 아쉬웠어요 ,1,,,,2016년 7월 3일
214,치킨,강남구 논현동,호야닭도리,손님,,가격이비싼만큼 맛도 만족해요 자주 애용할게용,4,,,,2016년 6월 25일
215,치킨,강남구 논현동,호야닭도리,손님,,중짜가 더 맛있네요 파전도 두장 주시고  잘먹었습니다,5,,,,2016년 6월 25일
216,치킨,강남구 논현동,호야닭도리,손님,"호야특별닭도리 小/1,공기밥/1",배달은분걸렸지만 푹끊여 감자도 닭도 완전 맛있네요 강추,5,,,,2016년 6월 18일
217,치킨,강남구 논현동,호야닭도리,sk**님,"호야특별닭도리 小/1,계란후라이 2개/1",어제도 먹고 오늘도  더말할필요없겠죠,5,,,,2016년 6월 17일
218,치킨,강남구 논현동,호야닭도리,손님,,번째 주문배달 분 재시간에 오구요문안하니 맛입씁니다늘 당면사리넣고중자 둘이 먹는데남드라구요다음엔 소자로 먹어볼께요메모를 남기기는 하는데조금만 매콤하면 딱 좋겠습니다 그럼 별 다섯개 잘 먹었습니다,4,,,,2016년 6월 14일
219,치킨,강남구 논현동,호야닭도리,co**님,"순살호야특별닭도리 中/1(닭도리 토핑 추가(당면,떡)),해물부추전/1,공기밥/4",양도푸짐하고 맛도최고입니다 모듬 생선구이가 없어서 살짝 아쉬웠어요,5,,,,2016년 6월 3일
220,치킨,강남구 논현동,호야닭도리,손님,,호사장님 직접배달해주셔서 넘감사해욤 최고,5,,,,2016년 5월 22일
221,치킨,강남구 논현동,호야닭도리,손님,"묵은지떡닭도리 小/1(닭도리 토핑 추가(소세지)),계란말이/1,해물부추전/1",양도많고 파전도엄청크네요 파전서비스작은것도따로 주시고 닭도리도너무맛잇고요 ,5,,,,2016년 5월 18일
222,치킨,강남구 논현동,호야닭도리,손님,호야특별닭도리 中/1(닭도리 토핑 추가(당면)),월일일욜날 첨 주문하구맛나서 화욜날 또 주문해 먹었네요그리 맵지도 않고식사로 가족끼리 먹기에는 정말 좋습니다 배송도 약속시간에 딱오구요단골 할께요근데급하게 먹느라 사진을 안 찍어뒀네요 담엔 사진도 남길께요,5,,,,2016년 4월 22일
223,치킨,강남구 논현동,호야닭도리,손님,,배달 시간분 걸린다 했는데분 좀 더 걸렸끠요맛은 좀 단거 빼고는 맵지 않아서 가족과 다같이 먹기엔 좋았습니다,4,,,,2016년 4월 19일
224,치킨,강남구 논현동,호야닭도리,손님,순살호야특별닭도리 小/1,반찬은 그냥 그런데 닭도리탕은 양념이 맛있어서 계속 먹게되네요 밥이랑 같이 먹으면 인분으로 적당해요,4,,,,2016년 4월 14일
225,치킨,강남구 논현동,호야닭도리,ck**님,,잘먹었어요 맛있네요  그리고 음료를 빼먹어서 다시 오셨는데 엄청 친절하셨어요 다른 야식집은 엄청 불친절하던데,5,,,,2016년 3월 15일
226,치킨,강남구 논현동,호야닭도리,손님,호야특별닭도리 中/1,닭볶음탕이라그런지 오십분정도 걸렸지만 맛잇게 잘먹었어요 전도 나오고 반찬도 두명이 먹을수있게 각각 나오구요 잘먹었습니당,5,,,,2016년 3월 13일
227,치킨,강남구 논현동,호야닭도리,손님,,지난번엔 먹을만햇는데 오늘은 느끼하고 짜고 몇 번맛보고 버렷네요 쩝,1,,,,2016년 2월 25일
228,치킨,강남구 논현동,호야닭도리,손님,"순살묵은지떡닭도리 小/1,공기밥/2,스팸구이/1",진작에 순살로 시킬껄 넘나 좋은것 꿀맛,5,,,,2016년 2월 19일
229,치킨,강남구 논현동,호야닭도리,손님,,음식맛이 착하네요 전화받는 아가씨도 착해서 별 포인트는 비교적 양은 조금 덜하지만 다른업소처럼  퍼부어 조리하는곳은아닌것같아요 깔끔해요,5,,,,2016년 2월 14일
230,치킨,강남구 논현동,호야닭도리,손님,,한시간 반 걸려서 오는 바람에 악평을 달려했지만 너무 맛있게 먹어서 별 다섯게 드립니다,5,,,,2016년 2월 10일
231,치킨,강남구 논현동,호야닭도리,손님,"순살호야특별닭도리 小/1(닭도리 토핑 추가(당면)),공기밥/2",맛이없음  한시간걸려기다렸는데 진짜 실망임 배고파죽겠는상태라 앵간하면 다 맛잇을텐데,1,,,,2016년 2월 9일
232,치킨,강남구 논현동,호야닭도리,손님,"호야특별닭도리 小/1,공기밥/3,스팸구이/1",맛나요 양념이 깊고찰져요,5,,,,2016년 2월 4일
233,치킨,강남구 논현동,호야닭도리,ci**님,,양이조금아쉽지만 맛잇음여,4,,,,2016년 2월 1일
234,치킨,강남구 논현동,호야닭도리,hi**님,,솔직히 느끼해서 제입엔 별로였네요 음식은 깔끔한데 맛은 다양하니 매운찜이나 탕좋아하는 저에겐 좀 ,2,,,,2016년 2월 1일
235,치킨,강남구 논현동,호야닭도리,as**님,"호야특별닭도리 小/1,계란말이/1",여기 인가득밥상 과 같은 매장이군요 반찬 구성과 담겨진 포장용기도 똑같고 젓가락도 같네요 닭도리탕은 맛이 없지는 않으나 조미료를 많이 쓰는 것 같습니다 계란말이는 주문하지 마세요 너무 맛이 없어서 반 이상 버렸어요,2,,,,2016년 1월 31일
236,치킨,강남구 논현동,호야닭도리,손님,호야특별닭도리 小/1,닭도리가 깔끔하고 적당히 맵네요 닭비린내도 안나고 너무 자극적이지 않아서 좋았습니당 배달 오시는 아저씨분도 친절하시고 예상시간보다 빨리와서 감동입니당 이만한 양에 이가격으로 먹을수 있어서 참 좋네요 자주 이용하고 계속 시켜 먹게 될것 같습니다,5,,,,2016년 1월 31일
237,치킨,강남구 논현동,호야닭도리,손님,,시간은딱분걸렷어요 리뷰보고 주문햇는데 반신반의햇는데 사장님 친절하시고 맛도 갠찮아요 실망시키지않아서 감사할따름입니다 순살묵은지떡닭도리 추천합니다,4,,,,2016년 1월 31일
238,치킨,강남구 논현동,호야닭도리,손님,,둘이 먹기 푸짐하니 좋아요 부추전도 맛있구요,5,,,,2016년 1월 30일
239,치킨,강남구 논현동,호야닭도리,손님,,된장전골 시원하게 맛 좋아여,5,,,,2016년 1월 29일
240,치킨,강남구 논현동,호야닭도리,손님,,맛있어요 몇번을 먹어도 매콤달콤 질리지 않는맛이에용,5,,,,2016년 1월 29일
241,치킨,강남구 논현동,호야닭도리,손님,순살호야특별닭도리 中/1(닭도리 토핑 추가(당면)),맛은 있는듯하지만 국물이 너무 느끼한게 단점,3,,,,2016년 1월 29일
242,치킨,강남구 논현동,호야닭도리,손님,스팸고추장전골 中/1,일주일동안 번먹었어요 이정도면 단골인증   ,5,,,,2016년 1월 29일
243,치킨,강남구 논현동,호야닭도리,손님,호야특별닭도리 小/1,완전빠른배달  친철한응대  깔끔하고 맛있어요,5,,,,2016년 1월 29일
244,치킨,강남구 논현동,호야닭도리,손님,호야특별닭도리 小/1,배달야식집중 무조건 최고입니다,5,,,,2016년 1월 29일
245,치킨,강남구 논현동,호야닭도리,손님,호야특별닭도리 小/1,정말 언제나먹어도맛있어요,5,,,,2016년 1월 29일
246,치킨,강남구 논현동,호야닭도리,손님,호야특별닭도리 小/1,오늘도 호야닭도리에서 한끼식사 뚝딱했어요,5,,,,2016년 1월 28일
247,치킨,강남구 논현동,호야닭도리,손님,호야특별닭도리 小/1,맛나요 다음주문시엔고명으로올려주시는 파채좀 더욱더 듬뿍올려주세요 닭도리양념국물에 듬뿍찍어먹으면 완전최고에요,5,,,,2016년 1월 28일
248,치킨,강남구 논현동,호야닭도리,손님,호야특별닭도리 小/1,벌써 번째 주문 입니다,5,,,,2016년 1월 28일
249,치킨,강남구 논현동,호야닭도리,손님,호야특별닭도리 小/1,빠른배달감사용 진심 중독된것겉아요 닭도리 진짜마시써요,5,,,,2016년 1월 28일
250,치킨,강남구 논현동,호야닭도리,손님,,너무깔끔하게잘나와용 마시쪄욯,5,,,,2016년 1월 28일
251,치킨,강남구 논현동,호야닭도리,so**님,,시분주문했는데 시 분에 갔다 주셨네요,1,,,,2016년 1월 24일
252,치킨,강남구 논현동,호야닭도리,손님,,매운걸좋아해서 맵게요청드렸는데 아직도덜매워요  담엔 인정사정봐주시지마시고 완전 완전 맵게부탁드려요,4,,,,2016년 1월 24일
253,치킨,강남구 논현동,호야닭도리,손님,,추운날씨에 배달해주셔서감사해여 배달하시는분 너무너무친절하시네여,5,,,,2016년 1월 24일
254,치킨,강남구 논현동,호야닭도리,손님,,진짜맛나네요 담엔서비스로나오는부추전 한개더주세요,5,,,,2016년 1월 24일
255,치킨,강남구 논현동,호야닭도리,손님,,맜잇네요 다음에 또주문할게요 단골예약 ,5,,,,2016년 1월 24일
256,치킨,강남구 논현동,호야닭도리,손님,"묵은지떡닭도리 小/1(닭도리 토핑 추가(라면,떡))",고구마가들어있는닭도리정말맛나네요 서비스로오는부추전도 다른곳처럼 밀가루가많이있는게아니라 부추가가득들어있어서 너무맛나게잘먹었어요,5,,,,2016년 1월 24일
257,치킨,강남구 논현동,호야닭도리,ne**님,호야특별닭도리 大/1(닭도리 토핑 추가(떡)),닭도리탕은 맛있으나 양이적무적어요,4,,,,2016년 1월 22일
258,치킨,강남구 논현동,호야닭도리,손님,호야특별닭도리 小/1,추운날씨에 배달와쥬시느라 수고많으셨어여 닭도리맛집인정친철도인정,5,,,,2016년 1월 21일
259,치킨,강남구 논현동,호야닭도리,손님,"호야특별닭도리 大/1(닭도리 토핑 추가(당면,소세지))",전화받으시는분완전친절하시네요    맛나게먹었어요,5,,,,2016년 1월 21일
260,치킨,강남구 논현동,호야닭도리,손님,묵은지떡닭도리 小/1,별로 밥도 안주고맘에안듬,2,,,,2016년 1월 21일
261,치킨,강남구 논현동,호야닭도리,hy**님,,추우신데 배달해주시고 따뜻하고 맛있었어요,5,,,,2016년 1월 20일
262,치킨,강남구 논현동,호야닭도리,손님,호야특별닭도리 小/1(닭도리 토핑 추가(떡)),닭도리탕 맛있네요 밑반찬도 잘 나오고 사실 밑반찬 맛은 그저그랬어요 근데 닭도리탕이 진짜 맛있음  배달이 오래걸렸는데 알고보니 거리가 상당하더라고요  먼길 오시느라 고생하셨습니다 잘 먹었어요,5,,,,2016년 1월 19일
263,치킨,강남구 논현동,호야닭도리,sk**님,"호야특별닭도리 小/1,공기밥/1,계란후라이 2개/1",맛있는데 공기밥빼고갔다줌 메뉴신경써주시길,5,,,,2016년 1월 19일
264,치킨,강남구 논현동,호야닭도리,손님,,달콤매콤 너무너무 맛잇엇어요추운날 밥하나도 배달해 주시는 친절한 사장님과 배달하시는분 너무너무 고맙고 감사합니다 자주 이용하겟습니다 대박나세요,5,,,,2016년 1월 17일
265,치킨,강남구 논현동,호야닭도리,손님,"순살묵은지떡닭도리 小/1,계란말이/1",닭도리탕 조금 맵긴한데 괜찮아요 계란말이는 맛있지만 좀 비싼듯,4,,,,2016년 1월 17일
266,치킨,강남구 논현동,호야닭도리,손님,돼지김치전골 中/1,중독된 닭도리 식사로주문한닭도리에 점점싸여가는 빈소주병,5,,,,2016년 1월 15일
267,치킨,강남구 논현동,호야닭도리,손님,순살호야특별닭도리 小/1,매콤달콤딱 내스타일 재주문의사 ,5,,,,2016년 1월 15일
268,치킨,강남구 논현동,호야닭도리,손님,"호야특별닭도리 中/1(닭도리 토핑 추가(당면,소세지))",시킬때는 리뷰하나도없어서 첫리뷰남기려고했는데 늦었네용 맛있게 잘먹었어용 강남 닭도리 맛집등장,5,,,,2016년 1월 13일
269,치킨,강남구 논현동,호야닭도리,손님,묵은지떡닭도리 中/1,처음오픈해서그런지 음식에 나름신경 쓰려고노력하는것같네여 배달하시는분도친절하시고 암튼 맛나네여 초심잃지마시고 쭈욱 이렇게 지켜주세여,5,,,,2016년 1월 13일
270,치킨,강남구 논현동,호야닭도리,손님,"호야특별닭도리 小/1(닭도리 토핑 추가(소세지,떡))",깔끔하게잘나오네요 너무달지도너무맵지도 딱맛있게먹었어요,5,,,,2016년 1월 13일
271,치킨,강남구 논현동,호야닭도리,손님,순살호야특별닭도리 小/1,첫리뷰네용    맛있게 먹었어요 리뷰가없어서 살포시 고민했는데 너무맛있게먹었습니다,5,,,,2016년 1월 13일
