﻿,Category,Location,Restaurant,UserID,Menu,Review,Total,Taste,Quantity,Delivery,Date
0,치킨,마포구 연남동,호차,eu**님,나가사키 짬뽕탕/1,면사리 추가도 따로 있으면 좋겟어요 근데 양이 엄청나서 행복했어요,5,5,5,5,2021년 1월 27일
1,치킨,마포구 연남동,호차,99**님,나가사키 짬뽕탕/1,재료 손질이 덜 되었었는지 목이버섯은 흙이 계속 씹혔고 새우에선 비린내가 심하게 났어요 조금 더 신경써주셨으면 더 좋았을 것 같다는 아쉬움이 있네요 국물 맛은 진하진 않지만 적당히 칼칼해서 좋았구 다른 분 리뷰처럼 불맛도 좀 나서 맛있었습니다 양도 많았구요 가격대비 많은지는 잘 모르겠어요 공기밥이나 밑반찬같은 게 없어서 차가울 때 먹어두 맛이 괜찮네용 재구매 의사 있어요,4,3,4,5,2021년 1월 18일
2,치킨,마포구 연남동,호차,je**님,간사이 오뎅탕/1,어묵 많고 당근양파목이버섯 이 실하고 국물맛은 설탕이 아닌 야채에 단맛이 나서 맛났어요 청양고추에 칼칼한 맛이 입을 약간 얼얼 하게해서 소주랑 잘어울려요 사진을 못찍었네요  오뎅탕 추천이요,5,5,5,5,2021년 1월 10일
3,치킨,마포구 연남동,호차,km**님,"골뱅이무침/1(음료 추가 선택(콜라 추가)),나가사키 짬뽕탕/1",나가사끼 국물은 진짜 끝내줬어요 골뱅이무침은 살짝 싱거워서 아쉽네요,4,4,5,5,2021년 1월 5일
4,치킨,마포구 연남동,호차,ek**님,"물만두계란탕/1,나가사키 짬뽕탕/1,참치마요주먹밥/1",양도 많고 맛잇었습니다 나가사끼 짬뽕탕은 불맛도 나서 더 좋았어요,5,5,5,5,2020년 12월 25일
5,치킨,마포구 연남동,호차,tj**님,진한 닭볶음탕/1(사이드 메뉴 추가 선택(감자튀김 추가)),요청사항에 문앞에 두고 문자 부탁드린다고 했는데 집앞 도착전부터 오토바이 빵빵 도착해서는 문 쾅쾅 아이가 자고 있어서 굳이 요청사항에 남긴건데 시간도 새벽시가 다되어가는 시간에 음식 먹기전에 이미 기분이 그랬네요 음식은 나쁘지않습니다,3,4,3,1,2020년 7월 27일
6,치킨,마포구 연남동,호차,se**님,"나가사키 짬뽕탕/1,간사이 오뎅탕/1",여러번 주문했지만 항상 만족하네요 잘 먹었습니다,5,5,5,5,2020년 7월 12일
7,치킨,마포구 연남동,호차,pp**님,"진한 닭볶음탕/1,참치마요주먹밥/1",항상 가서 먹다가 처음으로 배달 시켰는데 역시나 맛있고 배달원분도 친절하셨어요 다음에 또 시킬게요,5,5,5,5,2020년 6월 26일
8,치킨,마포구 연남동,호차,se**님,"간사이 오뎅탕/1,진한 닭볶음탕/1",맛있게 잘 먹었습니다 그래서 방금 또 주문했네요 ,5,5,5,5,2020년 6월 1일
9,치킨,마포구 연남동,호차,eu**님,"오븐삼겹스테이크/1,나가사키 짬뽕탕/1(사이드 메뉴 추가 선택(치즈볼 6개 추가,새우볼 6개 추가)),중화유린기/1(사이드 메뉴 추가 선택(참치마요주먹밥 추가)),옛날도시락/1",요청사항에 고추 빼달라고 했는데 땡초를 많이 넣어서 다 버렸네요 요청사항 확인 좀 부탁드려요,1,1,2,1,2020년 4월 21일
10,치킨,마포구 연남동,호차,tu**님,마늘 닭똥집/1,맛있어요이란 유니크한 메뉴가 배달 되나니 넘나 좋네요 가격도 착하고 대성하세요 질먹었습니다,5,5,5,5,2020년 4월 9일
