﻿,Category,Location,Restaurant,UserID,Menu,Review,Total,Taste,Quantity,Delivery,Date
0,치킨,강남구 역삼동,걸작떡볶이치킨-논현점,be**님,"로제떡닭세트（순살）/1(떡볶이 사이즈 선택(로제떡볶이 （R）),맛 선택(순한맛),떡볶이 추가 선택(스파게티면（100g） 추가),순살치킨 변경 선택(걸작치킨（순살）),음료 변경 선택(콜라 500ml（변경안함）))",맛양배달 모두 만족입니다,5,5,5,5,어제
1,치킨,강남구 역삼동,걸작떡볶이치킨-논현점,ch**님,"숯불킹떡닭세트（순살）/1(떡볶이 사이즈 선택(숯불킹떡볶이 （L）),맛 선택(중간매운맛),순살치킨 변경 선택(걸작치킨（순살）),음료 변경 선택(콜라 1.25L로 변경))",덕분에 저에겐 하루에 번정도 존재하는 굶주린 시기중 한번을 만족스러운 배부름으로 채울 수 있었습니다,5,5,5,5,어제
2,치킨,강남구 역삼동,걸작떡볶이치킨-논현점,lv**님,"로제떡닭세트（순살）/1(떡볶이 사이즈 선택(로제떡볶이 （R）),맛 선택(중간매운맛),순살치킨 변경 선택(걸작치킨（순살）),음료 변경 선택(콜라 500ml（변경안함）))",맛있게 잘먹었습니다 감사합니다,5,5,5,5,어제
3,치킨,강남구 역삼동,걸작떡볶이치킨-논현점,yo**님,"국물떡닭세트（순살）/1(떡볶이 사이즈 선택(국물떡볶이 （R）),맛 선택(중간매운맛),순살치킨 변경 선택(걸작치킨（순살）),음료 변경 선택(콜라 500ml（변경안함）))",적당히 매운 떡볶이와 치킨 너무 맛있게먹었습니다 지점마다 맛차이가 있는건지 논현점 걸작 맛있네요 다음에 또 시켜먹을께욤,5,5,5,5,2일 전
4,치킨,강남구 역삼동,걸작떡볶이치킨-논현점,sj**님,"국물떡닭세트（순살）/1(떡볶이 사이즈 선택(국물떡볶이 （R）),맛 선택(순한맛),순살치킨 변경 선택(걸작치킨（순살）),음료 변경 선택(콜라 500ml（변경안함）))",다른 지점에서 시켜먹다가 논현점 시켰는데 서비스도 좋고 맛도 좋네요 추천합니다,5,5,5,5,2일 전
5,치킨,강남구 역삼동,걸작떡볶이치킨-논현점,sa**님,"국물떡닭세트（순살）/1(떡볶이 사이즈 선택(국물떡볶이 （R）),맛 선택(중간매운맛),떡볶이 추가 선택(스파게티면（100g） 추가),순살치킨 변경 선택(걸작치킨（순살）),음료 변경 선택(사이다 500ml로 변경))",걸작떡볶이진짜파조각 하나도 안남기고 다먹었어요 치킨도 떡볶이도 같이 맛있는 걸작 코로나 조심하세요 감사합니다,5,5,5,5,2일 전
6,치킨,강남구 역삼동,걸작떡볶이치킨-논현점,p1**님,"국물떡닭세트（순살）/1(떡볶이 사이즈 선택(국물떡볶이 （R）),맛 선택(중간매운맛),순살치킨 변경 선택(걸작치킨（순살）),음료 변경 선택(콜라 500ml（변경안함）))",맛잇어요 잘먹엇습니당 ,5,5,5,5,4일 전
