﻿,Category,Location,Restaurant,UserID,Menu,Review,Total,Taste,Quantity,Delivery,Date
0,치킨,강남구 역삼동,굽네치킨&피자-논현1동점,ks**님,"고추바사삭,（순살）/1(사이드 메뉴(피클（피자）))",첫 주문이었는데 따끈따끈 바삭하게와서 와이프랑 너무 맛나게 먹었네요 축구 강전 대한민국 퐈이팅,5,5,5,5,어제
1,치킨,강남구 역삼동,굽네치킨&피자-논현1동점,ev**님,"페퍼로니 찹찹 피자/1,갈릭마왕 반반（한마리）/1(사이드 메뉴(콜라 1.25L))",깔끔한 굽네 치킨 피자는 좀짜요 치즈가 많이 탔네요 신경좀써줘여,5,5,5,5,5일 전
2,치킨,강남구 역삼동,굽네치킨&피자-논현1동점,bi**님,"두마리）오리지널＋갈비천왕/1,카스-병맥주/2",맛있게 먹었습니다 파채도 있으면 추가주문 할 것 같습니다,5,5,5,5,2021년 7월 25일
3,치킨,강남구 역삼동,굽네치킨&피자-논현1동점,en**님,고추바사삭윙＋바게트볼/1,한번 드셔보세요 정말 벋어나기힘듬,5,5,5,5,2021년 7월 18일
4,치킨,강남구 역삼동,굽네치킨&피자-논현1동점,rl**님,"갈릭마왕（윙）/1,굽네 웨지 감자¸/1",고추바사삭에 버금가는 치킨입니다,5,5,5,5,2021년 7월 10일
