﻿,Category,Location,Restaurant,UserID,Menu,Review,Total,Taste,Quantity,Delivery,Date
0,치킨,서초구 방배동,그남자의요리,cl**님,대창덮밥 /1,항상 맛있어요 잘먹었습니다,5,5,5,,2021년 6월 30일
1,치킨,서초구 방배동,그남자의요리,ge**님,"2인덮밥set/1(메뉴 선택 1(연어뱃살덮밥),메뉴 선택 2(양많이 직화구이대창덮밥),사이드메뉴 선택(치킨가라아게))",일단 메인메뉴인 덮밥류는 진짜 엄청 맛있게 먹었습니다 다만 사이드인 가라아게가 너무 맛없어요 밀가루반죽 먹는 느낌 감자고로케는 맛있었습니다,5,4,5,4,2021년 6월 11일
2,치킨,서초구 방배동,그남자의요리,do**님,"1인덮밥set/1(메뉴 선택(양많이 직화구이대창덮밥),사이드메뉴 선택(감자고로케 （4개）))",다른 곳 다 먹어봤지만 여기가 제일입니다,5,5,5,5,2021년 5월 11일
3,치킨,서초구 방배동,그남자의요리,sa**님,대창덮밥 /1,맛있어요 사진 장 보내기 이벤트는 매장가서 작접 주문만 적용되는건가요,5,5,5,,2021년 3월 19일
4,치킨,서초구 방배동,그남자의요리,ke**님,"대창덮밥 /1,콜라 /1",맛있었어요 오늘도콩나물국 맛있는데 양 쪼금만 더 주시면 더더 좋을거같아용,5,5,5,5,2021년 3월 18일
5,치킨,서초구 방배동,그남자의요리,ch**님,대창덮밥 /1,지나가다가 거리 계산 잘못해서 늦게 방문드려 죄송해요 맛있게 잘먹었어요,5,5,5,,2021년 3월 1일
6,치킨,서초구 방배동,그남자의요리,ke**님,대창덮밥 /1,사장님 너무 맛있어요 대창이 급 생각나서 시켰는데 맛나게 잘 먹었습니다 번창하세요,5,5,5,5,2020년 12월 30일
7,치킨,서초구 방배동,그남자의요리,le**님,대창덮밥 /1,맛은 정말 최고입니다 양도 너무 푸짐하네요,5,5,5,5,2020년 11월 5일
8,치킨,서초구 방배동,그남자의요리,cu**님,"대창덮밥 /1,꿀토마토/1,스프라이트 355mL/1",대창덮밥 먹고싶어도 가끔 너무 느끼할 것 같아서 시킬까말까 고민할 때가 있는데 여기 덮밥은 대창 양은 많지만 잘게 썰려있어 소스가 잘 배어있고 양파부추같은 채소나 계란말이 수란 등도 같이 들어가있어서 느끼한 줄 모르고 맛있게 먹었어요 그리고 꿀토마토가 메뉴에 있어 좋네요 에피타이저겸 샐러드겸 디저트겸 먹었어요,5,5,5,5,2020년 9월 25일
9,치킨,서초구 방배동,그남자의요리,jo**님,"사케동/1(음료 추가선택(코카콜라 355mL 추가)),간장삼겹덮밥/1",지난 번에 먹고 맛있어서 이번에는 다른 메뉴를 시켜봤어요 원래 싱겁게 먹어서 간장 삼겹이 조금 짜긴 했지만 두툼하고 맛있었어요 보통분들 입맛에는 괜찮을 것 같아요 사케동은 뭔가 보슬보슬한 식감이었는데 개인적으로 가능하다면 연어가 조금 더 두꺼웠으면 좋겠어요 그래도 맛있었어요 항상 만족해요,5,5,5,5,2020년 8월 20일
10,치킨,서초구 방배동,그남자의요리,ch**님,혼마구로사케동/1,맛있게먹었습니다 회덮밥땡길때마다 시킵니다,5,5,4,4,2020년 8월 9일
11,치킨,서초구 방배동,그남자의요리,yc**님,"혼마구로사케동/1,간장삼겹덮밥/1",종종 시켜먹고 있어요 잘먹었습니다,5,5,5,5,2020년 7월 23일
12,치킨,서초구 방배동,그남자의요리,손님,양많이 혼마구로동/1,여기서만 시켜먹어열 질리지않고 자꾸 생각나네용 혼마구로동 상태 최상이여서인지 사르르녹네여 모든메뉴 다먹어버고싶네영 항상 번창하세요,5,5,5,5,2020년 7월 4일
13,치킨,서초구 방배동,그남자의요리,gr**님,"생연어회덮밥/1,간장삼겹덮밥/1",항상 먹을 때마다 완전 만족스러운 곳이에요 특히 회덮밥에 들어있는 회의 질과 양이 아쉽지 않은 곳은 첨인 것 같아요,5,5,5,5,2020년 6월 15일
14,치킨,서초구 방배동,그남자의요리,손님,대창덮밥 /1,대창덮밥 한번 먹고 깜놀이염 양념굿 야들야들 대창이 녹네여  불맛 확 오그여 청양고추 양파 대창 같이 한입 하면 밥도둑이여 비린내 도없어서 앞으로 대창덮밥 자주시킬게요,5,5,5,5,2020년 6월 10일
15,치킨,서초구 방배동,그남자의요리,손님,사케동/1,음식도착하자마자 먹었어여 사케동이 다 거기서 거기라 생각했는데 여기는 좀 진짜 맛있는듯 다먹고 아쉬웠음 양이부족하지도않은데 다먹어갈때쯤엔 아쉬울만큼 끝까지 맛있었음 동네에 있어서 다음엔 직접 매장방문해서 먹어볼게여 배달도 시간맞춰 잘오고 포장도 깔끔 믿고 먹을수 있는 집 발견해서 좋네여 번창하세여,5,5,5,5,2020년 6월 6일
16,치킨,서초구 방배동,그남자의요리,ks**님,혼마구로사케동/1,배달도 빠르고 맛잇게 잘먹엇습니다  다음에도 또시킬게요,5,5,5,5,2020년 5월 29일
17,치킨,서초구 방배동,그남자의요리,ch**님,혼마구로사케동/1(사이드메뉴 추가선택(수제가라아게 추가)),혼마구로사케동은 나쁘지 않은데 치킨 가라아게는 너무 질기고 간도 잘 안되어있고 눅눅하네요 분명 가라아게인데 튀김도 바삭하지 않고 배달도 느려요,2,2,3,1,2020년 5월 26일
18,치킨,서초구 방배동,그남자의요리,bo**님,양많이 사케동/1(음료 추가선택(코카콜라 355mL 추가)),너무 맛있어서 오자마자 다 먹어버리는 바람에 사진도 못찍었네요 양도 많고 배달도 엄청 빠르고 정말 맛있었어요 또 시킬게요,5,5,5,5,2020년 5월 23일
19,치킨,서초구 방배동,그남자의요리,fa**님,"사케동/1,생연어회덮밥/1",너무맛있어여 다음에도 또시킬꺼같아요 구웃구웃,5,5,5,5,2020년 5월 8일
