﻿,Category,Location,Restaurant,UserID,Menu,Review,Total,Taste,Quantity,Delivery,Date
0,치킨,마포구 연남동,김주부후라이드를튀기다,in**님,[시그니쳐] 인도오 후추 후라이닭 /1,맛있는 치킨 사진은 그지같이 나왔지만,5,5,5,5,2021년 7월 8일
1,치킨,마포구 연남동,김주부후라이드를튀기다,sm**님,"김주부 뼈두마리 세트/1(치킨선택（1개 선택 필수）(오리지널 후라이닭),치킨선택2 （1개 선택 필수）(달콤매콤 양념이닭))",치킨 맛있게 잘먹었습니다 그런데 샐러드랑 무 빼달라고 했는데 갖다주셨네요 다음부터는 메모 확인 잘 부탁드립니다,4,5,5,5,2021년 7월 7일
2,치킨,마포구 연남동,김주부후라이드를튀기다,pe**님,[시그니쳐] 인도오 후추 후라이닭 /1,깔끔하고 담백한 치킨이네요 맛있었어요,5,5,5,5,2021년 6월 13일
3,치킨,마포구 연남동,김주부후라이드를튀기다,to**님,오리지날 후라이닭 /1,최고입니다 재구매율 퍼센트 입니다 진심,5,5,5,5,2021년 6월 11일
4,치킨,마포구 연남동,김주부후라이드를튀기다,co**님,오리지날 후라이닭 /1(추가 선택(코카콜라 500mL)),첫번째 리뷰 추억돋게하는 비주얼이네요 살짝 뻣뻣한거말곤 좋네요 잘먹었습니다,5,4,5,5,2021년 4월 29일
5,치킨,마포구 연남동,김주부후라이드를튀기다,ba**님,오리지날 후라이닭 /1,맛있었어요 피클도 원래 안먹는데 잘먹었습니다,5,5,5,5,2021년 4월 18일
6,치킨,마포구 연남동,김주부후라이드를튀기다,hb**님,반반세트（김주부 양파링반＋후추반）/1,양파튀김만 따로 시키고 싶을정도이네요,5,5,5,5,2021년 4월 11일
7,치킨,마포구 연남동,김주부후라이드를튀기다,to**님,오리지날 후라이닭 /1,김주부  라이드 사랑해,5,4,5,5,2021년 3월 27일
8,치킨,마포구 연남동,김주부후라이드를튀기다,to**님,오리지날 후라이닭 /1(추가 선택(양배추 샐러드 추가)),배달 정말 빠르고 맛 좋고 쌉니다 치킨 완점 뜨거워요,5,5,5,5,2021년 3월 27일
9,치킨,마포구 연남동,김주부후라이드를튀기다,he**님,"김주부 뼈두마리 세트/1(치킨선택（1개 선택 필수）(오리지널 후라이닭),치킨선택2 （1개 선택 필수）(달콤매콤 양념이닭))",두마리같은 두마리 맞구 오이피클 너무너무 맛있어요 담에 하나더시키고싶을정도로,5,5,5,5,2021년 3월 23일
10,치킨,마포구 연남동,김주부후라이드를튀기다,손님,"김주부 뼈두마리 세트/1(치킨선택（1개 선택 필수）(인도오 후추 후라이닭),치킨선택2 （1개 선택 필수）(청양고추 후라이닭))",맛있게 잘먹었습니다 감사합니다,5,5,5,5,2021년 3월 14일
11,치킨,마포구 연남동,김주부후라이드를튀기다,he**님,"김주부 뼈두마리 세트/1(치킨선택（1개 선택 필수）(인도오 후추 후라이닭),치킨선택2 （1개 선택 필수）(달콤매콤 양념이닭))",맛있었어요 싱겁게 먹는 편이라서 그런지 후추는 저에게 조금 자극적이었습니다,5,5,5,5,2021년 3월 6일
12,치킨,마포구 연남동,김주부후라이드를튀기다,-e**님,김주부 1인세트/1(메뉴선택(양반＋닭껍질)),양반이 양념치킨 반 아닌가요 후라이드에 양념소스만 따로 주는건지는 몰랐네요,5,3,3,5,2021년 2월 23일
13,치킨,마포구 연남동,김주부후라이드를튀기다,lo**님,오리지날 후라이닭 /1,튀김옷이 두껍지 않아서 좋아요 그리고 약간 구운 치킨처럼 담백하네요 기름이 깔끔한거겠지요 어릴때 먹었던 치킨맛과 비슷해서 그 갬성자체가 찐이네요 또 주문할께요,5,5,5,5,2021년 2월 19일
14,치킨,마포구 연남동,김주부후라이드를튀기다,dh**님,[시그니쳐] 인도오 후추 후라이닭 /1,리뷰회차 옛날통닭 먹고 싶을땐 자주 생각날 것 같아요 맛있게 잘 먹었습니다,5,5,5,5,2021년 2월 16일
15,치킨,마포구 연남동,김주부후라이드를튀기다,ka**님,오리지날 후라이닭 /1,옛날통닭 생각나고 맛있어요,5,5,5,5,2021년 2월 14일
16,치킨,마포구 연남동,김주부후라이드를튀기다,ch**님,오리지날 후라이닭 /1,옛날통닭식이라 담백하고 맛있었어요 다음에 또 주문하겠습니다,5,5,5,5,2021년 2월 12일
17,치킨,마포구 연남동,김주부후라이드를튀기다,wh**님,"김주부 뼈두마리 세트/1(치킨선택（1개 선택 필수）(오리지널 후라이닭),치킨선택2 （1개 선택 필수）(달콤매콤 양념이닭))",주문 회차 두마리세트답게 양이 푸짐하고 치킨위에 올라간 고구마를 먹으니 입가심이 되어서 칰이 계속들어가더군욬,5,5,5,,2021년 2월 11일
18,치킨,마포구 연남동,김주부후라이드를튀기다,ch**님,[시그니쳐] 인도오 후추 후라이닭 /1(맛난거 추가 선택(인생 닭 똥집튀김 추가)),후추후추 맛있어요 왜 시그니쳐인줄 알 것 같아요 ,5,5,5,5,2021년 2월 9일
19,치킨,마포구 연남동,김주부후라이드를튀기다,ra**님,오리지날 후라이닭 /1(맛난거 추가 선택(바사삭 닭 껍질튀김 추가)),맛있습니다 다음에는닭똥집도 먹어봐야겠네요 ,5,5,5,5,2021년 2월 9일
20,치킨,마포구 연남동,김주부후라이드를튀기다,zk**님,김주부 닭강정（순살）/1,두 번째 시켜요 닭강정도 맛있네용,5,5,5,5,2021년 2월 1일
21,치킨,마포구 연남동,김주부후라이드를튀기다,ri**님,김주부 1인세트/1(메뉴선택(후반＋닭똥집)),양도 충분하고 혼자 먹기 딱 좋고 맛있어요 다음에 또 주문할게요,5,5,5,5,2021년 1월 30일
22,치킨,마포구 연남동,김주부후라이드를튀기다,zk**님,오리지날 후라이닭 /1(추가 선택(코카콜라 500mL)),원하던 얇은 옛날스타일 통닭이에요 글고 리뷰로받은 코코넛쉬림프 왜이리 맛있죠 최고,5,5,5,5,2021년 1월 29일
23,치킨,마포구 연남동,김주부후라이드를튀기다,bh**님,"오리지날 후라이닭 /1,생맥주（클라우드）1000cc/1,진로이즈 백/1",생각보다 배달이 빨라서 좋네요 비쥬얼과 맛도 옛날에 아버지가 사다주신 그 통닭느낌이라 좋았습니다 미국에서 오랫만에 한국에온 와이프가 좋아하네요 거스름돈을 넉넉히 안가지고 오셔서 배달하시느라 수고하신다고 거스릉돈안받았습니다 기회되면 다음에도 시켜먹고싶네요,5,5,4,5,2021년 1월 21일
24,치킨,마포구 연남동,김주부후라이드를튀기다,mo**님,김주부 1인세트/1(메뉴선택(후반＋닭똥집)),고구마 칩 들어간게 맛있어요,5,5,4,5,2021년 1월 2일
25,치킨,마포구 연남동,김주부후라이드를튀기다,po**님,청양고추 후라이닭 /1(추가 선택(코카콜라 500mL)),옛날식 후라이드군요 잘 먹었습니다 소금을 좀 더 많이 주셔야 할것 같아요 튀김옷 자체의 간이 슴슴해서 소금을 계속 찍어먹었는데 좀 모잘랐어요 소금에 약간 트러플이 함유된거같던데 소금이 참 맛있었어요,3,4,3,5,2020년 12월 22일
26,치킨,마포구 연남동,김주부후라이드를튀기다,ch**님,오리지날 후라이닭 /1(맛난거 추가 선택(인생 닭 똥집튀김 추가)),양도 많고 맛있었어요 닭똥집튀김 맛집입니다,5,5,5,5,2020년 12월 21일
27,치킨,마포구 연남동,김주부후라이드를튀기다,sj**님,김주부 닭강정（순살）/1,아주 좋은 치킨 양념 후라이드 강정입니다 깔끔 담백,5,5,5,5,2020년 12월 19일
28,치킨,마포구 연남동,김주부후라이드를튀기다,kj**님,오리지날 후라이닭 /1,배달은 분정도걸린듯해요 치킨은 맛잇네요 고구마비스켓이라해야하나요특이하네요 ,5,5,5,5,2020년 12월 18일
29,치킨,마포구 연남동,김주부후라이드를튀기다,bi**님,반반세트（김주부 후반＋양반）/1,잘머겠습니당 튀김이랑도 좋네요,5,5,4,5,2020년 11월 28일
30,치킨,마포구 연남동,김주부후라이드를튀기다,su**님,반반세트（김주부 후반＋양반）/1(특수부위 추가 선택(인생 닭 똥집튀김 추가)),닭똥집튀김은 가격에 비해 양이 너무 적어서 실망했구오 다른 부분은 고구마 튀김 부터 샐러드 무 까지 다 만족스러웠습니다 앞으로 계속 시켜먹을듯요,5,5,3,5,2020년 10월 28일
31,치킨,마포구 연남동,김주부후라이드를튀기다,na**님,오리지날 후라이닭（반마리） /1,혼자먹기딱좋은사이즈예요 또시킬게요,5,5,5,5,2020년 10월 27일
32,치킨,마포구 연남동,김주부후라이드를튀기다,is**님,"청양고추 후라이닭 /1(추가 선택(양배추 샐러드 추가,피클 치킨무 추가,마늘소스 추가))",배달빠르고 좋았는데 너무 많이 튀긴것처럼 어두운 갈색에 탄맛이 좀 나네요 기본하고 천원차이지만 청양고추 갈라놓은것 개 차이인건지 기본을 안먹어봐서 걍 기본 먹는게 나을것같네요,3,2,4,4,2020년 10월 25일
33,치킨,마포구 연남동,김주부후라이드를튀기다,az**님,"오리지날 후라이닭（반마리） /1(추가 선택(양념소스 추가)),생맥주（클라우드）1000cc/1",프랜차이즈 치킨을 시킬까 하다가 우연히 발견 리뷰 사진에 홀려 주문 했어요 확실히 프랜차이즈 치킨들 보단 덜 부담스럽고 깔끔한 맛입니다 반마리도 주문 가능해서 좋았음요  프랜차이즈 치킨도 물론 맛있지만 깔끔한 옛날 스타일의 치킨을 원하신다면 굳굳 양배추 샐러드도 굳 참 피클 대박 양념소스는 따로 주문 했습니다 잘 먹었습니당 ,5,5,5,5,2020년 10월 23일
34,치킨,마포구 연남동,김주부후라이드를튀기다,sf**님,오리지날 후라이닭 /1,오픈한지 얼마 안되나봐요근데 맛있더라구요앞으로 많이 시킬게요,5,5,5,5,2020년 10월 22일
35,치킨,마포구 연남동,김주부후라이드를튀기다,ev**님,오리지날 후라이닭 /1(음료 변경 추가 선택(코카콜라 1.25L 변경)),맛있게 잘 먹었습니다 감자튀김이나 감자칩 덤으로 주면 맛없는 경우가 많은데 여긴 진짜 맛있네요 비싼감이 있어서 선뜻 주문하기가 꺼려지는데 다른 분들 리뷰 보고 시켜봤네요 개인적으로 샐러드 무 콜라 빼고 그냥 치킨만 따로 단품으로 해서 가격 좀 내리면 자주 시켜먹기 괜찮을 것 같네요,5,5,5,5,2020년 10월 22일
36,치킨,마포구 연남동,김주부후라이드를튀기다,bj**님,오리지날 후라이닭 /1,튀김옷 덕지덕지한 치킨보다 훨씬 맛있네요 ,5,5,5,5,2020년 10월 20일
37,치킨,마포구 연남동,김주부후라이드를튀기다,ja**님,오리지날 후라이닭 /1(특수부위 추가 선택(인생 닭 똥집튀김 추가)),너무 맛있게 잘 먹었습니다,5,5,5,,2020년 10월 19일
38,치킨,마포구 연남동,김주부후라이드를튀기다,pu**님,"오리지날 후라이닭 /1(음료 변경 추가 선택(코카콜라 1.25L 변경),특수부위 추가 선택(인생 닭 똥집튀김 추가))",리뷰 보고 주문했습니다 후라이드 별미네요 고구마칩도 맛있구뇨 치킨무 필요없다 했더니 샐러드 하나더 주는 센스 감사합니다,5,5,5,5,2020년 10월 19일
39,치킨,마포구 연남동,김주부후라이드를튀기다,jy**님,오리지날 후라이닭 /1,김주부 후라이드를 튀기다 라는 이름에 걸맞게 가장 기본인 후라이드가 진짜 맛있네요 요즘에 프렌차이즈 치킨집들보다 훨씬 정성이 느껴져서 좋았고 고구마칩도 정말 맛나요 그리고 기름도 진짜 깨끗한 기름 쓰시는듯 다음번에도 치킨은 김주부에서 꼭 시켜먹겠습니다,5,5,5,5,2020년 10월 16일
