﻿,Category,Location,Restaurant,UserID,Menu,Review,Total,Taste,Quantity,Delivery,Date
0,치킨,강남구 삼성동,깐부치킨-한티점,hk**님,후라이드/1,빠른 배달과 치킨이 아주 잘 튀겨져서 좋습니다,5,5,5,5,2021년 7월 15일
1,치킨,강남구 삼성동,깐부치킨-한티점,mi**님,바삭한식스팩/1,바삭하고 양도 많고 맛있어요,5,5,5,5,2021년 7월 11일
2,치킨,강남구 삼성동,깐부치킨-한티점,ju**님,핫 바베큐 윙&봉/1,같이 들어있는 떡도 양념이 됐으면 더 맛있을텐데 그것만 좀 아쉬워요 다른지점은 양념이 되있거든요 배달은 예상시간보다 빨랐습니다,5,4,5,5,2021년 6월 6일
3,치킨,강남구 삼성동,깐부치킨-한티점,ph**님,순살스윗/1,양은 조금 작지만 정말 맛있어요 특히 한티점 깐부치킨이 맛있네요,5,5,4,5,2021년 5월 24일
4,치킨,강남구 삼성동,깐부치킨-한티점,in**님,마늘전기구이/2(토핑추가(코울슬로 추가)),전기구이와 마늘의 조합이 좋네요,5,5,5,5,2021년 5월 10일
5,치킨,강남구 삼성동,깐부치킨-한티점,an**님,"바삭한식스팩/1(사이드 추가(웨지포테이토 M)),깐부골뱅이/1,생맥주 1000cc¸¸/1",배달빠르고 맛있고 바삭하고,5,5,5,5,2021년 5월 10일
6,치킨,강남구 삼성동,깐부치킨-한티점,yo**님,크리스피/1,배달이 엄청 빨리 와서 잘 먹었어요 맵찔이가 된건지 매워하면서 먹었어요 근데 한티점에서는 처음 시켰는데 다른 데서 시켰을 때랑 달리 약간 거뭇거뭇한 부분이 있었네요,4,4,5,5,2021년 3월 30일
7,치킨,강남구 삼성동,깐부치킨-한티점,ja**님,"순살스윗/1,깐부골뱅이/1",순살영념에는 양념이 반이상 스쳐도 안갔고 골뱅이 소면은 쫄면으로 왔는데 쫄면도 불어 있고 이해가 안될정도로 맛 없습니다,1,1,3,3,2021년 1월 28일
8,치킨,강남구 삼성동,깐부치킨-한티점,su**님,"크리스피 양념 반반/1,마늘간장윙&봉크런치/1",늦게 와서 한참을 기다린거 빼고는 맛있게 잘 먹었습니다,4,4,3,2,2021년 1월 23일
9,치킨,강남구 삼성동,깐부치킨-한티점,ph**님,순살스윗/1,맛있어요 떡도 들어있어서 아이들이 좋아해요 떡이 조금더 많았으면 좋겠습니다,5,5,3,4,2021년 1월 20일
10,치킨,강남구 삼성동,깐부치킨-한티점,jj**님,순살마늘간장/1,양은 적고배달은 신속했고 떡은 맛있었고 치킨도 맛은 좋았으나 조금 질척한 맛,4,4,3,5,2021년 1월 6일
11,치킨,강남구 삼성동,깐부치킨-한티점,jj**님,순살크리스피/1,배달도 빠르고 맛있어요 양은 종 적은편,5,5,4,5,2021년 1월 6일
12,치킨,강남구 삼성동,깐부치킨-한티점,yo**님,전기구이/1,작은 사이즈 닭일줄 알았는데 생각보다 커서 인이 먹을만큼 됩니다 작은 콜라캔도 같이 넣어주시는 센스도 김사합니다 양념과 소금을 같이 담아주어 다양하게 즐길수 있어요 튀김옷이 아닌 잔기구이 통닭이라 더 담백하고 맛있어요 닭은 염지가 되어있어 제 입맛에는 소스나 소금 없이도 충분히 간이 되어 있습니다,5,5,5,,2020년 12월 29일
13,치킨,강남구 삼성동,깐부치킨-한티점,ss**님,순살크리스피/1,양배추샐러드도 주시고 기대 이상으로 치킨 맛있어요 당분간은 이걸로 먹는걸로,5,5,5,5,2020년 12월 27일
14,치킨,강남구 삼성동,깐부치킨-한티점,us**님,순살크리스피/1,다 먹고 나서 리뷰 생각이 나서 사진은 못 찍었지만 배송 상태가 정말 너무너무 깔끔했고 맛도 정말 좋았어요 그리고 코울슬로 많이 주셔서 넘 감사했습니다 치킨은 깐부에서만 먹는데 치킨 생각날때마다 한티점만 애용해야겠어요 잘 먹었습니당,5,5,5,5,2020년 12월 18일
15,치킨,강남구 삼성동,깐부치킨-한티점,sh**님,순살크리스피/1,와우한티점 리뉴얼하고 첫 주문인데 여전히 깔끔하고 맛있네요포장 상태 훌륭하고 크리스피 감튀도 기름 쩔지 않은 신선한 맛이구요 자주 애용할께요,5,5,5,5,2020년 12월 9일
16,치킨,강남구 삼성동,깐부치킨-한티점,ma**님,"크리스피/1,순살크리스피/1",바삭한 치킨의 대명사 깐부치킨크리스피와 순살 두박스로 온가족이 배불리 먹었슴다 배달과정 박스 밀봉 땜에 어쩔수없이 매장과 똑같은 바삭함은 부족했지만 그래두 치킨은 깐부죠,4,4,5,5,2020년 10월 18일
17,치킨,강남구 삼성동,깐부치킨-한티점,um**님,바삭한식스팩/1,진짜 따뜻하게 배달 와서 엄청 뜨끈하게 먹엇구요 맛까지 있으니 넘 기분까지 좋더라구여 거기다 배달하시는 분도 사진찍어서 음식 왔다고 문자도 주시고 새로 생긴 지점같은데 기본에 충실하시네여 이렇게 관리 쭉 잘해주시면 더 자주 시킬게요,5,5,5,5,2020년 10월 18일
