﻿,Category,Location,Restaurant,UserID,Menu,Review,Total,Taste,Quantity,Delivery,Date
0,치킨,강남구 삼성동,남도식당-강남본점,9a**님,"미역국 [공기밥＋도시락김 포함] /2(기본 선택(소고기미역국)),오뎅탕/1",해장으로 시켰는데 넘 좋났어요 미역국 쵝오,5,5,5,5,2020년 12월 26일
1,치킨,강남구 삼성동,남도식당-강남본점,손님,옛날도시락/1(메뉴 선택(고추장 불백 옛날 도시락)),왈왈왈왈왈왈왈왈왈왈왈왈왈왈왈왈왈왈왈왈왈왈왈왈왈왈왈왈왈왈왈왈왈왈왈왈왈왈왈왈왈왈왈왈왈왈왈왈왈왈왈왈왈왈왈왈왈왈왈왈왈왈왈왈왈왈왈왈왈왈왈왈왈왈왈왈왈왈왈왈왈왈왈왈왈왈왈왈왈왈왈왈왈왈왈왈왈왈왈왈왈왈왈왈왈왈왈왈왈왈왈왈왈왈왈왈왈왈왈왈왈왈왈왈왈왈왈왈왈왈왈왈왈왈왈왈왈왈왈왈왈왈왈왈,5,5,5,5,2020년 12월 8일
2,치킨,강남구 삼성동,남도식당-강남본점,ps**님,"김치찌개/1(메뉴 선택(돼지 김치찌개＋도시락김),밥 선택(공기밥))",진짜시원했습니다 맛있는음식감사합니다,5,5,5,5,2020년 12월 7일
3,치킨,강남구 삼성동,남도식당-강남본점,손님,옛날도시락/1(메뉴 선택(옛날 소시지 도시락)),도시락 비벼먹는재미가있네요 감사합니다,5,5,5,5,2020년 12월 7일
4,치킨,강남구 삼성동,남도식당-강남본점,손님,"볶음요리 정식（공기밥＋도시락김＋미니된찌）/1(메뉴 선택(차돌구이볶음),밥 선택(공기밥))",매콤달콤 넘흐맛이쏘 담에또먹을거예욥,5,5,5,5,2020년 12월 7일
5,치킨,강남구 삼성동,남도식당-강남본점,yu**님,옛날도시락/1(메뉴 선택(옛날 소시지 도시락)),옛날 소시지라니 추억에 젖어 시켜봤어요 반찬들이랑 너무 조합이 잘 맞구 특히 달걀도 너무 맛있었어요 그래서 별 다섯 개,5,5,5,5,2020년 12월 7일
6,치킨,강남구 삼성동,남도식당-강남본점,ck**님,"김치찌개/1(메뉴 선택(돼지 김치찌개＋도시락김),밥 선택(공기밥))",자극적이지않은 얼큰한김치찌개라 집밥느낌 제대로 낫네여 감사합니다 자주시켜먹읗것 같네요,5,5,5,5,2020년 12월 7일
7,치킨,강남구 삼성동,남도식당-강남본점,ls**님,"순살찜닭 정식/1(사이즈 선택(1人),밥 선택(공기밥))",맛집 인정 또시켜먹을게요,5,5,5,5,2020년 12월 7일
8,치킨,강남구 삼성동,남도식당-강남본점,손님,"볶음요리 정식（공기밥＋도시락김＋미니된찌）/1(메뉴 선택(고추장 불백),밥 선택(공기밥))",구성 좋네여 찌개도 있고 앙 존맛띠,5,5,5,5,2020년 12월 7일
9,치킨,강남구 삼성동,남도식당-강남본점,wj**님,"김치찌개/1(메뉴 선택(돼지 김치찌개＋도시락김),밥 선택(공기밥))",맛있으면짖는개왈왈와로아왈왈와로아왈왈왈와왈왈와로아왈왈왈와왈왈와로아왈왈와로아왈왈왈와왈왈와로아왈왈왈와왈왈와로아왈왈와로아왈왈왈와왈왈와로아왈왈왈와왈왈와로아왈왈와로아왈왈왈와왈왈와로아왈왈왈와왈왈와로아왈왈와로아왈왈왈와왈왈와로아왈왈왈와왈왈와로아왈왈와로아왈왈왈와왈왈와로아왈왈왈와왈왈와로아왈왈와로아왈왈왈와왈왈와로아왈왈왈와왈왈와로아왈왈와로아,5,5,5,5,2020년 12월 7일
10,치킨,강남구 삼성동,남도식당-강남본점,js**님,"매운갈비찜 정식（계란찜）/1(사이즈 선택(1人),맵기 선택(매운맛 1단계（신라면）),밥 선택(공기밥))",배송도 빠르고 갈비찜 정말 맛있게 잘먹었습니다 번창하세요,5,5,5,5,2020년 12월 7일
11,치킨,강남구 삼성동,남도식당-강남본점,pi**님,"김치찌개/1(메뉴 선택(돼지 김치찌개＋도시락김),밥 선택(공기밥))",배달도 빠르고 음식도 정말 맛있네요 단골찜입니다,5,5,5,5,2020년 12월 4일
12,치킨,강남구 삼성동,남도식당-강남본점,dy**님,"면/1(메뉴 선택(미니냉모밀（小）)),치즈볼/1,오징어튀김 3p/1",역대급 배달음식중 최악을 경험 치즈볼  냉동 치즈볼 작은거 천원 오징어튀김  분식점서 파는 오징어튀김보다 작은거냉동추정 천원 냉모밀  얘만 그나마 먹을만한데 번째 사진 주목 하얀게 정상인데 회색깔 냄새도 새콤한 냄새 앞으로는 시켜먹지 않겠습니다 절대 리뷰 지우지 말아주세요 익스프레스라 해놓고 주문하고 분만에 접수되고 한참 안되길래 고객센터로 전화하니 가게로 전화하라함 가게번호 없어서 취소 못함 우여곡절 끝에 요기요 자동응답기능 취소처리 신청함 이미 접수되었다고 반려함 부디 딴분들은 피해없길,1,2,1,2,2020년 11월 24일
13,치킨,강남구 삼성동,남도식당-강남본점,so**님,볶음밥&덮밥 도시락/1(메뉴 선택(스팸김치 볶음밥)),이제부터 제 최야메뉴는 스팸김치볶음밥입니다 와 진짜 제 입맛 취저 다들 속는셈 치고 한번 시켜서 드셔보세요 세상  단골예약에 찜찜찜입니다 사장님 번창하세요,5,5,5,5,2020년 11월 13일
14,치킨,강남구 삼성동,남도식당-강남본점,so**님,중화덮밥＋3찬/1(메뉴 선택(부추계란덮밥)),죄송해요 너무 맛있게 먹어서 시켜먹고 다음날 생각나서 또 시켜먹을라다가리뷰 지금 써요 정말 맛있게 잘먹었습니다 삼삼한거 좋아하는데 딱 제입맛에 맞았어요 번창하세요 단골도 예약입니다,5,5,5,5,2020년 11월 13일
15,치킨,강남구 삼성동,남도식당-강남본점,di**님,"비빔밥/1(메뉴 선택(육회비빔밥)),면/1(메뉴 선택(물냉면),단품메뉴 추가 선택(제육볶음（단품）1人 추가))",비빔밥에 야채가 너무 빈약했어요 메뉴안내사진과 너무 달라서 정말 후회했던 선택 물냉면도 그럭저럭 제육볶음은 달아서 손이 안가는데다가 당면이 거의반 미니된장찌개등 배달시 누락된게 있어서 재배달해야하는데 연락처없어서 상담톡하느라 개고생했네요 미니된장찌개는 기다리다가 결국 비빔밥을 다먹구나서야 도착했네요 많은 부분이 시정되어야 할듯합니다,1,1,1,1,2020년 11월 12일
