﻿,Category,Location,Restaurant,UserID,Menu,Review,Total,Taste,Quantity,Delivery,Date
0,치킨,강남구 삼성동,남산노포식당-본점,sc**님,"대창덮밥/1(사이즈 선택(특),맛 선택(데리야끼),와사비 선택(와사비X)),웰치스 포도/1",배달 엄청 빠르고 포장상태 좋은데 특대인거치고 생각보다 양이 적네요 가성비 떨어져요,3,4,4,5,2021년 7월 24일
1,치킨,강남구 삼성동,남산노포식당-본점,na**님,"대창덮밥/1(사이즈 선택(특),맛 선택(매운맛),와사비 선택(와사비O))",대창 많이 먹고 싶어서 특으로 주문했는데 대창 개네요 보통이면 몇개가 들어가는건지 야채가 많이 들어가서 좋긴 했는데 대창이 생각보다 너무 적네요,4,4,3,5,2021년 7월 19일
2,치킨,강남구 삼성동,남산노포식당-본점,lo**님,"대창덮밥/2(사이즈 선택(일반),맛 선택(매운맛),와사비 선택(와사비O))",급하게 먹느라 사진을 못찍어서 지난번 사진 올립니다 항상 똑같이 안전하게 빠르게 잘 도착했구요 맛있게 잘 먹고 있습니다 대창 너무 꼬솝고 쫄깃하고 맛있어요,5,5,5,5,2021년 6월 13일
3,치킨,강남구 삼성동,남산노포식당-본점,pi**님,"얼큰 곱창／대창 전골（매운육수）/1(메뉴 선택(곱창),맛 선택(매운맛 1단계))",맛은 있었는데 알미늄전골냄비가 비조리로 함께와서 너무 아까웠어요 전골냄비나 큰 냄비 없는집 배려해서 보내주신거는 감사하나 쓰지도않고 버리기 환경적으로 아깝고 불편했어요  옵션에서 고를수 있음 좋겠어요,5,5,5,5,2021년 5월 20일
4,치킨,강남구 삼성동,남산노포식당-본점,jj**님,"대창덮밥/2(사이즈 선택(일반),맛 선택(데리야끼),와사비 선택(와사비O)),숯불양념구이 1人/1(추가 선택(공기밥 추가)),치즈스틱/1",대창덮밥맛잇게묵엇습니다,5,3,4,5,2021년 5월 15일
5,치킨,강남구 삼성동,남산노포식당-본점,ro**님,"소모둠구이 2人（450g）/1(추가 선택(추가 안함),추가 선택(볶음밥 추가))",맛있는데 양이 적어요 ,5,5,3,4,2021년 5월 6일
6,치킨,강남구 삼성동,남산노포식당-본점,cu**님,"대창덮밥/9(사이즈 선택(일반),맛 선택(데리야끼),와사비 선택(와사비O)),돼지고기덮밥/1(와사비 선택(와사비O))",두번짼데 넘 맛있어요 아쉬운건 와사비가 몇개 안왔어요 담에 또 시킬게요,5,5,5,5,2021년 4월 22일
7,치킨,강남구 삼성동,남산노포식당-본점,lo**님,"대창덮밥/2(사이즈 선택(일반),맛 선택(매운맛),와사비 선택(와사비O))",포장이 깔끔하고 안전하게 잘 왔구요 대창은 비리지 않고 느끼하지도 않고 너무 맛있게 잘먹었습니다 전 양 딱 좋았어용 적다는 얘기가 있어서 걱정했는데 전 딱 기분좋게 먹었습니다 신랑도 너무 맛있다고 또 먹자고 하네요  조만간 또 주문 드리겠습니다,5,5,5,5,2021년 4월 16일
8,치킨,강남구 삼성동,남산노포식당-본점,ha**님,간장새우덮밥/1(와사비 선택(와사비O)),그냥 저냥 이에요 차라리 가격을 좀더받고 새우를 추가하는게 나을거같아요,3,3,3,3,2021년 4월 4일
9,치킨,강남구 삼성동,남산노포식당-본점,do**님,"대창덮밥/2(사이즈 선택(일반),맛 선택(데리야끼),와사비 선택(와사비O))",기분좋은 멘트까지 넘넘 감사해요 맛있게 잘 먹었습니당,5,5,5,5,2021년 3월 31일
10,치킨,강남구 삼성동,남산노포식당-본점,dh**님,"대창덮밥/1(사이즈 선택(일반),맛 선택(데리야끼),와사비 선택(와사비X)),돼지고기덮밥/1(와사비 선택(와사비O))",배달은 익스프레스로 주문해서 분 안에 잘 도착했어요 포장이 예쁘게 잘 되어 있어서 더 푸짐해 보이는 것 같기도 했지만 실제로도 양이 넉넉했어요 가격에 비해 딱 적당했던 것 같습니다 돼지 고기 덮밥과 대창 덮밥을 주문했는데 친구는 애초부터 본인이 강력하게 추천한거라서 그런지 정말 맛있게 잘 먹었어요 저는 돼지 고기도 대창도 부드럽고 좋았지만 양념이 너무 달다고 느껴졌는데 개인 취향인지라 별은 다섯개 드려요 별개로 덮밥에 고사리 도라지 꽈리 고추 등이 들어간건 처음 봐서 뭔가 신선하게 느껴졌던 것 같아요,5,5,5,5,2021년 3월 29일
11,치킨,강남구 삼성동,남산노포식당-본점,ch**님,"대창덮밥/2(사이즈 선택(일반),맛 선택(데리야끼),와사비 선택(와사비X)),돼지고기덮밥/3(와사비 선택(와사비X))",양이 적은 저에게는 알맞았는데요 남성분의 경우 다들 좀 적다고 하셧어요 맛은 최곱니다,4,5,3,5,2021년 3월 19일
12,치킨,강남구 삼성동,남산노포식당-본점,gi**님,"대창덮밥/1(사이즈 선택(특),맛 선택(데리야끼),와사비 선택(와사비O))",건강식으로 야채 듬뿍 너무 좋습니다 어린이 입맛보다 어른입맛느낌에 가깝네요  맛있습니다,5,4,5,5,2021년 3월 5일
13,치킨,강남구 삼성동,남산노포식당-본점,ss**님,"대창덮밥/1(사이즈 선택(일반),맛 선택(데리야끼),와사비 선택(와사비X))",배달도 빠르고 음식포장도 깔끔하고 무엇보다도 대창양념이랑 대창 넘 맛나네요 맛나서 정신없이 먹느라 대창개 남았을때 정신차리고 찍었네요,5,5,5,5,2021년 3월 2일
14,치킨,강남구 삼성동,남산노포식당-본점,dp**님,"대창덮밥/1(사이즈 선택(일반),맛 선택(데리야끼),와사비 선택(와사비X))",사진을 목 찍어서 고양이 사진으로 맛있어요 야채도 상큼하고,5,5,5,5,2021년 2월 27일
15,치킨,강남구 삼성동,남산노포식당-본점,ec**님,"대창덮밥/1(사이즈 선택(특),맛 선택(데리야끼),와사비 선택(와사비X))",정말 깔끔하게 포장되어 왔어요 날씨가 추워 식기는 했지만 쫄깃쫄깃 대창이 맛있습니다 다양한 채소들이 느끼함을 전혀 못느끼게 해주네요 또 시킬게요 잘먹었습니다,5,5,5,5,2021년 2월 18일
16,치킨,강남구 삼성동,남산노포식당-본점,be**님,"대창덮밥/1(사이즈 선택(특),맛 선택(데리야끼),와사비 선택(와사비X))",주문한지 분만에 오네요  사장님이 드시려고 만들어놓은걸 제가 뺏은건 아니겠죠  맛있게 잘 먹었습니다 감사합니다,5,5,5,5,2021년 2월 14일
17,치킨,강남구 삼성동,남산노포식당-본점,xe**님,"대창덮밥/1(사이즈 선택(일반),맛 선택(데리야끼),와사비 선택(와사비X))",뚜껑을 열자 훅 퍼지는 달다구리한 훈연향에 저는 그만 정신을 잃고 이제야 리뷰를 씁니다 고사리 양파 등등 야채가 정말 맛있고 대창이랑 잘 어울려요 소스랑 후리카게도 간이 딱 맞게 적당히 들어가 있고 고사리가 진짜 킬포라 더 달라고 했는데 진상으로 안 보시고 더 주셨더라구요 감사해요 먹는 방법 예쁘게 적어주신 손편지도 감동이에요 사장님 많이 파시고 많이 버세요 여담인데 배달말고 직접 가면 여자알바생 분이 진짜 먹잘알로 먹는 법 설명 잘해주세요 ,5,5,5,5,2021년 2월 9일
18,치킨,강남구 삼성동,남산노포식당-본점,35**님,"돼지고기덮밥/2(와사비 선택(와사비O)),돈까스덮밥/1(와사비 선택(와사비O))",맛있어요 포장도 정성스럽게 보내주셨어요,5,5,5,5,2021년 2월 4일
19,치킨,강남구 삼성동,남산노포식당-본점,se**님,간장새우덮밥/1(와사비 선택(와사비O)),오 넘깔끔하게 와요 간장새우덮밥 첨 먹어보는데 맛있어요,5,5,5,5,2021년 1월 27일
20,치킨,강남구 삼성동,남산노포식당-본점,db**님,"대창덮밥/1(사이즈 선택(일반),맛 선택(매운맛),와사비 선택(와사비O)),대창덮밥/1(사이즈 선택(일반),맛 선택(매운맛),와사비 선택(와사비X)),대창덮밥/1(사이즈 선택(일반),맛 선택(데리야끼),와사비 선택(와사비X)),함바그덮밥/1(와사비 선택(와사비O))",음식이 되게 정갈하고 맛있었어요 특히 직접 메모도 남겨주셨는데 감사했습니다,5,5,5,5,2021년 1월 26일
21,치킨,강남구 삼성동,남산노포식당-본점,87**님,"대창덮밥/1(사이즈 선택(일반),맛 선택(데리야끼),와사비 선택(와사비X)),돼지고기덮밥/1(와사비 선택(와사비X))",대창덮밥 너무 맛있어요 고소하고 쫄깃한 대창에 달달한 데리야끼 양념이 너무 잘 어울렸어요 된장국도 시원하니 너무 맛있네요,5,5,5,5,2021년 1월 23일
22,치킨,강남구 삼성동,남산노포식당-본점,ce**님,"대창덮밥/1(사이즈 선택(일반),맛 선택(데리야끼),와사비 선택(와사비X)),함바그덮밥/1(와사비 선택(와사비O))",정성 가득하고 너무 맛있었어요 오랫만에 배달 음식이란 느낌이 아니였고 깔끔하고 맛 또한 최근에 시켜 먹은 것중 등 입니다 대창덮밥 함박덮밥 먹었어요 대창덮밥에 야채랑 대창 몇개만 더 있었으면 하는 생각이였어요 그럼에도 불구하고 최고입니다 요즘 입맛을 잃어 살이키로 삐졌었는데요 다먹고 싹싹 비웠네요 맛있고 깔끔 나머지 반찬도 맛있었어요,5,5,4,5,2021년 1월 21일
23,치킨,강남구 삼성동,남산노포식당-본점,gk**님,"돼지고기덮밥/3(와사비 선택(와사비O)),함바그덮밥/2(와사비 선택(와사비O))",처음 주문해서 먹어봤는데 어떻게 먹어야하는지 적어주신 친절한 손편지에 차로 기분 좋았고 깔끔하게 배달되어온 것에 차로 좋았고 맛도 괜찮아서 차까지 기분 좋았습니다 배달도 빨라서 좋았구요  개인적으로 저는 와사비 조금 올려서 같이 먹으니 더 맛있었습니다,5,5,5,5,2021년 1월 14일
24,치킨,강남구 삼성동,남산노포식당-본점,su**님,"소곱창구이 2人/1(사이즈 선택(1人（200g）)),곱창전골 2人（매운육수）/1(맛 선택(매운맛 1단계))",매장에 먹으러갔는데 사장님이 일일이 테이블에 인사하며 구워주신것도 인상적엿구 맛도 괜찮아 주문했어요 요기요 올라와 주문했는데 오늘 첫주문여서 착오가 있으셧다구 손편지와함께 정성가득 포장해주셔 잘먹었어요 물론 맛도 있구요,5,5,3,5,2021년 1월 11일
