﻿,Category,Location,Restaurant,UserID,Menu,Review,Total,Taste,Quantity,Delivery,Date
0,치킨,서초구 방배동,누구나홀딱반한닭-사당점,jt**님,후레쉬쌈닭/1,두번째 시키는 중이예요 어제 시키고싶었는데 영업마감이라 오늘 시켰어요 여름에 먹기 너무 좋아요 신선하구 서비스 떡볶이도 맛있어요,5,5,4,5,9분 전
1,치킨,서초구 방배동,누구나홀딱반한닭-사당점,fi**님,후레쉬쌈닭/1,매주 시켜먹는 후레쉬쌈닭예요상큼하고 건강한 맛아시죠 리뷰이벤트 떡볶이까지 맛있어요많이들 시켜드세요,5,5,5,5,2일 전
2,치킨,서초구 방배동,누구나홀딱반한닭-사당점,ym**님,"후레쉬쌈닭/1,쌈닭화히타/1",넘나 맛있내요 또 시킬려구요,5,5,5,5,4일 전
3,치킨,서초구 방배동,누구나홀딱반한닭-사당점,na**님,바사칸닭/1(▶미니메뉴(국물떡볶이)),맛있어요 근데 감튀가 눅눅하게 왔어요,4,4,4,4,5일 전
4,치킨,서초구 방배동,누구나홀딱반한닭-사당점,rl**님,쌈닭화히타/1,화이타 넘나리 맛나요 빵과 치킨이 잘어울려요,5,5,5,5,일주일 전
5,치킨,서초구 방배동,누구나홀딱반한닭-사당점,po**님,후레쉬쌈닭/1,오늘은 다른 메뉴 선택해서 먹어봤는데 역시 맛있네요  보내주신 떢볶이도 맛있습니다 담에 또 주문 할게요,4,4,5,3,일주일 전
6,치킨,서초구 방배동,누구나홀딱반한닭-사당점,ic**님,"쌈닭화히타/1(▶음료추가(콜라 500mL)),쫄뱅이/1",맛있어요 가끔 생각나서 시켜먹고있어요 감사합니다,5,5,5,5,2021년 7월 25일
7,치킨,서초구 방배동,누구나홀딱반한닭-사당점,ta**님,후레쉬쌈닭/1(▶쌈추가(쌈무추가)),양 적은 두 사람 먹기 딱 좋아요 맛있네요,5,5,4,5,2021년 7월 23일
8,치킨,서초구 방배동,누구나홀딱반한닭-사당점,op**님,후레쉬쌈닭/1,배달시켜먹는건아닌듯 넘늦네요,2,3,3,1,2021년 7월 23일
9,치킨,서초구 방배동,누구나홀딱반한닭-사당점,fi**님,후레쉬쌈닭/1,온가족이 모두 좋아하는 후레쉬쌈닭이랑 떡볶이너무 맛있어요후레쉬쌈닭은 신선한 야채와 구운치킨을 쌈무랑 싸먹으니 상큼하고 신선한 맛이라 건강식이예요오늘도 잘먹었습니다,5,5,5,5,2021년 7월 18일
10,치킨,서초구 방배동,누구나홀딱반한닭-사당점,sh**님,"쌈닭화히타/1,미안한포테이토/1",치킨 맛있어요 서비스 나초도 맛있어요 배달도 빨리왔어요 근데 감자 튀김이 안왔어요 ,5,5,5,5,2021년 7월 17일
11,치킨,서초구 방배동,누구나홀딱반한닭-사당점,ma**님,바사칸닭/1,너무배고파서 먹다찍은 사진죄송해요 늘 느끼는거지만 정말 맛있구 양도푸짐 이렇게 주시구두 남는게있나싶을정도임 자알먹었습니다,5,5,5,5,2021년 7월 17일
12,치킨,서초구 방배동,누구나홀딱반한닭-사당점,sh**님,후레쉬쌈닭/1(▶쌈추가(쌈무추가)),진짜 타사 비슷한 치킨먹고 실망했는데 이번엔 진짜 야채도 푸짐 고기도 푸짐 너무맛있게먹었습니더,5,5,5,5,2021년 7월 16일
13,치킨,서초구 방배동,누구나홀딱반한닭-사당점,fi**님,후레쉬쌈닭/1,후레쉬쌈닭은 쌈무랑 먹으니 맛이 깔끔해요쌈무랑 깻잎을 싸먹으니 더 맛있어요이벤트로 주신 떡볶이도 너무 맛있었어요요청사항 들어주셔서 너무 감사합니다오늘도 만족한식사하게 해줘서 감사해요,5,5,5,5,2021년 7월 12일
14,치킨,서초구 방배동,누구나홀딱반한닭-사당점,rl**님,쌈닭화히타/1,배달 빠르고 치킨도 맛있었어요,5,5,5,5,2021년 7월 12일
15,치킨,서초구 방배동,누구나홀딱반한닭-사당점,me**님,바사칸닭/1,리뷰이벤트 떡볶이 넘 맛나요 치킨도 단백하고 생각지도 못한 감튀도 있네요 자주 시켜먹을 꺼같아요,4,5,5,5,2021년 7월 10일
16,치킨,서초구 방배동,누구나홀딱반한닭-사당점,ms**님,바베큐쌈닭/1,너무 맛있게 잘 먹었습니다 소스 종류가 다양해서 골라 먹는 재미가 있어요 깻잎도 넉넉하게 주셔서 좋았어요 또 들를게요,5,5,5,5,2021년 7월 10일
17,치킨,서초구 방배동,누구나홀딱반한닭-사당점,qa**님,후레쉬쌈닭/1(▶소스추가(갈릭소스)),음식을 문앞에 놓고 말도없이 그냥 가버려서 언제왔는지도 모르고 한참을 기다리다가 이제서야 발견해서 다 식은걸 먹게되네요 로스트치킨이 다 식어버리니 맛이 최악입니다,1,1,1,1,2021년 7월 10일
18,치킨,서초구 방배동,누구나홀딱반한닭-사당점,sa**님,"파닥파닭/1(▶쌈추가(쌈무추가,파닥파닭 야채추가))",평소 파닭을 좋아해서 시켰는데 딱히 특색은 없네요  그리구 원래 샐러드파에는 아무런 양념도 안하시는걸까요,5,4,5,5,2021년 7월 8일
19,치킨,서초구 방배동,누구나홀딱반한닭-사당점,ps**님,"바베큐쌈닭/1(▶쌈추가(깻잎추가)),쫄뱅이/1",역시 닭은 누구나홀딱산한닭맛나게 푸짐하게 잘 먹었습니다 쫄뱅이 새콤달콤 넘 맛나게 맛있네용담 에또 ,5,5,5,5,2021년 7월 7일
20,치킨,서초구 방배동,누구나홀딱반한닭-사당점,bu**님,바사칸닭/1(▶미니메뉴(국물떡볶이)),바사칸치킨 맛있네요 떡볶이는 좀 맛도 양도 별로에요,5,4,3,4,2021년 7월 6일
21,치킨,서초구 방배동,누구나홀딱반한닭-사당점,ps**님,후레쉬쌈닭/1,빠른배달 역시 치킨은 누구나홀닭반한닭넘넘 맛나게 잘 먹었습니다,5,5,5,5,2021년 7월 2일
22,치킨,서초구 방배동,누구나홀딱반한닭-사당점,ne**님,후레쉬쌈닭/1(▶미니메뉴(똥집강정)),맛있게 잘 먹었습니다 구성이 좋네요,5,5,5,5,2021년 7월 2일
23,치킨,서초구 방배동,누구나홀딱반한닭-사당점,fi**님,쌈닭화히타/1,오늘도 쌈닭 화이타랑 국물떡볶이 맛있게 잘먹었습니다 강추,5,5,5,5,2021년 7월 1일
24,치킨,서초구 방배동,누구나홀딱반한닭-사당점,po**님,바베큐쌈닭/1,양도 많고 맛있게 잘 먹었습니다,4,5,4,5,2021년 7월 1일
25,치킨,서초구 방배동,누구나홀딱반한닭-사당점,su**님,"바사칸닭/1(▶소스추가(레드소스,갈릭소스,칠리소스),▶음료추가(사이다 500mL))",맛있게 먹었습니다 바삭바삭해요 감자튀김도 맛있습니다,5,5,5,5,2021년 6월 30일
26,치킨,서초구 방배동,누구나홀딱반한닭-사당점,h2**님,후레쉬쌈닭/1,후레쉬쌈닭 넘 맛있어서 번째 재주문입니다 야채와 먹으니 개운해요 닭고기는 뼈가 없으니 쌈싸먹기 편해요,5,5,5,5,2021년 6월 27일
27,치킨,서초구 방배동,누구나홀딱반한닭-사당점,no**님,바베큐쌈닭/1(▶쌈추가(깻잎추가)),베베큐 맛있어요 서비스로 주신 떡볶이도 최고에요,5,5,5,5,2021년 6월 27일
28,치킨,서초구 방배동,누구나홀딱반한닭-사당점,ti**님,바베큐쌈닭/1,조금 낯설어서 걱정도했는데 완전 반전 너무맛있습니다 튀긴 치킨말고 다른 매력의 치킨이 땡기실때 의심말고 도전해보세용,5,5,5,5,2021년 6월 26일
29,치킨,서초구 방배동,누구나홀딱반한닭-사당점,bi**님,후레쉬쌈닭/1,집에오니 소스통다터진채로 이렇게있었어요 휴,3,2,2,2,2021년 6월 25일
30,치킨,서초구 방배동,누구나홀딱반한닭-사당점,pk**님,"후레쉬쌈닭/1(▶쌈추가(쌈무추가,후레쉬쌈닭 야채추가),▶미니메뉴(오다리튀김))",맛양깔끔 어느하나빠진게없다,5,5,5,5,2021년 6월 23일
31,치킨,서초구 방배동,누구나홀딱반한닭-사당점,fi**님,쌈닭화히타/1,쌈닭화이타 오늘도 맛있었어요리뷰이벤트 떡볶이도 잘먹었습니다빼먹었던 과카몰리 소스를 따로 보내주셔서 감사했습니다,5,5,5,5,2021년 6월 21일
32,치킨,서초구 방배동,누구나홀딱반한닭-사당점,ck**님,바사칸치빵파티（바사칸닭＋샐러드＋치빵＋포테이토）/1(▶양념류 변경(양념반반으로 변경)),리뷰 진짜 잘들어 주시고오 감튀 갬동,5,5,5,4,2021년 6월 18일
33,치킨,서초구 방배동,누구나홀딱반한닭-사당점,sk**님,"후레쉬쌈닭/1(▶쌈추가(쌈무추가,후레쉬쌈닭 야채추가))",사진을 못찍었네요  너무 맛나요 헤헷,5,5,5,5,2021년 6월 15일
34,치킨,서초구 방배동,누구나홀딱반한닭-사당점,sj**님,"쥐포/1,생맥주1000/1",쥐포와 안주 정말 맛있게 잘 먹었어요,5,5,5,5,2021년 6월 15일
35,치킨,서초구 방배동,누구나홀딱반한닭-사당점,dd**님,후레쉬쌈닭/1,주말이라 배달 시간이 좀 걸리긴 했지만 후회없는 메뉴와 맛이었습니다 다만 고기에 비해 쌈무와 야채가 부족한 것은 조금 아쉽네요 인이 먹기 아주 적당한 양입니다,5,5,5,5,2021년 6월 14일
36,치킨,서초구 방배동,누구나홀딱반한닭-사당점,tj**님,후레쉬쌈닭/1,인차둦터애즈느차나대태드나처자태차우다채다다타자나애아타 맛있어,5,5,5,5,2021년 6월 13일
37,치킨,서초구 방배동,누구나홀딱반한닭-사당점,wo**님,후레쉬쌈닭/1,넘 신선하고 맛나요 손님접대용으로도 좋을거같아요,5,5,5,5,2021년 6월 12일
38,치킨,서초구 방배동,누구나홀딱반한닭-사당점,kb**님,바사칸닭/1,잘먹었습니다 빨리왔는데 애기가안자서 좀식어서먹었네요,5,5,5,5,2021년 6월 12일
39,치킨,서초구 방배동,누구나홀딱반한닭-사당점,ga**님,후레쉬쌈닭/1,늦은리뷰 남깁니다 배달이 한시간도 넘게 걸렸는데 한시간되니 배송이 좀 늦어진다고 연락주셨어요 기다리기 힘들었는데 그래도 닭고기는 쫄깃하고 맛있었어요 야채도 싱싱하구요 서비스 떡볶이도 잘 먹었습니다,5,5,5,2,2021년 6월 12일
40,치킨,서초구 방배동,누구나홀딱반한닭-사당점,ps**님,"후레쉬쌈닭/1(▶쌈추가(쌈무추가,후레쉬쌈닭 야채추가),▶미니메뉴(똥집강정)),쫄뱅이/1",또 시켜먹었네요 맛나요,5,5,5,5,2021년 6월 8일
41,치킨,서초구 방배동,누구나홀딱반한닭-사당점,fi**님,쌈닭화히타/1,쌈닭화이타만 계속 시켜먹네요과카몰리샤워크림소스가 진짜 맛나요이벤트로 주신 국물떡볶이 감사해요,5,5,5,5,2021년 6월 7일
42,치킨,서초구 방배동,누구나홀딱반한닭-사당점,le**님,바베큐쌈닭/1,추천받은게 생각나서 시켜봤는데 진짜 맛있었습니다 소스들도 맛있고 좋았습니다,5,5,5,5,2021년 6월 7일
43,치킨,서초구 방배동,누구나홀딱반한닭-사당점,ji**님,"참숯무뼈닭발/1,콜라 500mL/1",에서 닭발 보자마자 먹고 싶어 시켰는데 많이 안 맵고 맛있네요 떡볶이 서비스도 잘 먹었네요 양이 많지는 않으니 참고하세요,5,5,3,5,2021년 6월 6일
44,치킨,서초구 방배동,누구나홀딱반한닭-사당점,gu**님,바베큐쌈닭/1(▶미니메뉴(오다리튀김)),처음 먹어봤는데 맛있었어요 치킨 튀김 떡볶이 전부 맛있었습니다 다음에 또 시켜 먹을게요,5,5,5,4,2021년 6월 5일
45,치킨,서초구 방배동,누구나홀딱반한닭-사당점,de**님,바사칸닭/1,밀가루 안익었습니다 비도오고 그래서 감튀도 차갑구 눅눅해도 군말없이 먹고있다가 치킨 들자마자 밀가루 파우더 덩어리 보고 실망했어요 역시 속에는 진득진득하게 덜익어 붙어있네요 오랜만에 누나닭시켜먹었눈데 담에는 안시킬거같아요,3,3,3,4,2021년 6월 3일
46,치킨,서초구 방배동,누구나홀딱반한닭-사당점,sh**님,"쌈닭화히타/1,쫄뱅이/1",요즘 쌈닭에 빠져서 맛있게 먹구 있어요,5,5,5,5,2021년 6월 1일
47,치킨,서초구 방배동,누구나홀딱반한닭-사당점,hh**님,바사칸치빵파티（바사칸닭＋샐러드＋치빵＋포테이토）/1,치킨 너무 맛있어요 배달도 빠르고 샐러드도 너무 맛있었어요 또 주문할게요,5,5,5,5,2021년 6월 1일
48,치킨,서초구 방배동,누구나홀딱반한닭-사당점,po**님,바베큐쌈닭/1,역시 오늘도 맛 최고입니다,5,5,5,5,2021년 5월 31일
49,치킨,서초구 방배동,누구나홀딱반한닭-사당점,hc**님,후레쉬쌈닭/1,후레쉬 쌈닭도 맛있네요 서비스 국물떡볶이도 은근 맛나요,5,5,5,5,2021년 5월 31일
50,치킨,서초구 방배동,누구나홀딱반한닭-사당점,ps**님,"후레쉬쌈닭/1(▶쌈추가(쌈무추가,후레쉬쌈닭 야채추가),▶미니메뉴(똥집강정))",쌈닭 넘넘 맛나고 똥집튀김 넘넘 맛나요리뷰 떡볶이도 올만에 맛나게 잘 먹었습니다 살짝 매콤하니 넘넘 맛나용 서비스로 주신 감자튀김도느끼하지않아 안주로 딱 잘먹었습니다,5,5,5,5,2021년 5월 30일
51,치킨,서초구 방배동,누구나홀딱반한닭-사당점,un**님,후레쉬쌈닭/1,넘 알찬 건강식 입니다 맛있어요 인분에 무채와 사각무 양도 적당하고 이벤트로 떡볶이도 왔어요 소스 빨간색은 멕시칸 느낌,5,5,5,,2021년 5월 30일
52,치킨,서초구 방배동,누구나홀딱반한닭-사당점,kk**님,바베큐쌈닭/1,치킨먹고싶은데 튀긴거안먹고싶어서 먹었어요 잘먹었습니다,5,5,5,,2021년 5월 27일
53,치킨,서초구 방배동,누구나홀딱반한닭-사당점,ps**님,후레쉬쌈닭/1,치킨 닭다리 잡고 뜯기만했는데 이렇게 야채에 싸먹으니 느끼하지않고 넘넘 맛나네요 건강하게 맛나게 잘 먹었습니다 담에또 시켜먹을게요,5,5,5,5,2021년 5월 25일
54,치킨,서초구 방배동,누구나홀딱반한닭-사당점,fi**님,쌈닭화히타/1,쌈닭화이타 넘 맛있어요또띠아에 집에 있는 깻잎얹어서 싸먹으니 더 맛나요 이벤트로 주신 국물떡볶이의 국물이 덜 쫄았지만 그래도 맛있었습니다쌈닭화이타 강추해요,5,5,5,4,2021년 5월 25일
55,치킨,서초구 방배동,누구나홀딱반한닭-사당점,ha**님,후레쉬쌈닭/1,야채 곁들인 훈제맛이 너무 깔끔하고 좋아요 오자마자 맛있게 먹느라고 사진을 깜빡했어요 잘먹었습니다 소스도 떡뽁이도 짱 맛있어요,5,5,5,5,2021년 5월 23일
56,치킨,서초구 방배동,누구나홀딱반한닭-사당점,jt**님,후레쉬쌈닭/1(▶미니메뉴(국물쫄볶이)),리뷰가 너무 늦었어요 어제 야식으로 시켰는데 너무 맛있게 잘 먹었습니다 부모님도 좋아하셨어요 서비스 떡볶이도 잘 먹었습니다 ,5,5,5,5,2021년 5월 23일
57,치킨,서초구 방배동,누구나홀딱반한닭-사당점,un**님,쌈닭화히타/1,암내날까봐 걱정했지만 빨간소스만 첨에 잠깐 나고 이후는 무난했어요 음식 무지 푸짐했고 또띠아는 음식대비 모자란 느낌 콜라 포함입니다 배달은 분 비대면인데 똑똑해서 놀랐지만 거기까지였어요,5,5,5,5,2021년 5월 22일
58,치킨,서초구 방배동,누구나홀딱반한닭-사당점,po**님,바베큐쌈닭/1,엄청 맛있고 가격 양 모두 만족합니다,5,5,5,5,2021년 5월 20일
59,치킨,서초구 방배동,누구나홀딱반한닭-사당점,8m**님,후레쉬쌈닭/1(▶쌈추가(후레쉬쌈닭 야채추가)),너무좋아요 자주먹을듯욤,5,5,5,5,2021년 5월 19일
60,치킨,서초구 방배동,누구나홀딱반한닭-사당점,jg**님,레드그릴/1(▶양념변경(레드그릴 반반으로 변경)),맛있어요 치킨메뉴 보다는 쌈메뉴를 먹어보고 싶네요,4,4,5,5,2021년 5월 18일
61,치킨,서초구 방배동,누구나홀딱반한닭-사당점,fi**님,쌈닭화히타/1,쌈닭화이타 계속 맛있어요고기먹고 남은 경우에는 에어프라이에 돌렸더니 고기껍질이 바삭해져서 나름 맛났어요리뷰이벤트로 주신 떡볶이도 맛있어요,5,5,5,5,2021년 5월 18일
62,치킨,서초구 방배동,누구나홀딱반한닭-사당점,kt**님,"쌈닭화히타/1,미안한포테이토/1",맛이 있어요 색다른 맛 멕시코음식같은 좋았어요,5,5,4,3,2021년 5월 15일
63,치킨,서초구 방배동,누구나홀딱반한닭-사당점,88**님,쌈닭화히타/1,깔끔해서 먹기도 편하고 정말 맛있네요 ,5,5,5,5,2021년 5월 13일
64,치킨,서초구 방배동,누구나홀딱반한닭-사당점,lo**님,바베큐쌈닭/1,음식 맛있고 훌륭하네요또 시킬께요,5,5,4,5,2021년 5월 12일
65,치킨,서초구 방배동,누구나홀딱반한닭-사당점,li**님,"쌈닭화히타/1(▶미니메뉴(미안한포테이토)),치빔면/1",맛있었어요 다만 치빔면은 쫄면 양에 비해 소스가 너무 적어 맹맹해서 좀 아쉬웠어요,5,4,5,5,2021년 5월 11일
66,치킨,서초구 방배동,누구나홀딱반한닭-사당점,sh**님,"쌈닭화히타/1(▶쌈추가(또띠아추가)),쫄뱅이/1",완전 맛있어요 양도 많아요,5,5,5,5,2021년 5월 8일
67,치킨,서초구 방배동,누구나홀딱반한닭-사당점,ro**님,후레쉬쌈닭/1,따로시켰는데 빠르게 배달 해주셔서 한번에 맛있게 잘먹었네요,5,5,5,5,2021년 5월 8일
68,치킨,서초구 방배동,누구나홀딱반한닭-사당점,ca**님,바베큐쌈닭/1,주변에 추천할 만한 맛과 ,5,5,5,5,2021년 5월 8일
69,치킨,서초구 방배동,누구나홀딱반한닭-사당점,ro**님,후레쉬쌈닭/1,맛있길래 누나네도 맛좀보라고 시켜줬는데 인원이 많아 하나더 급히 추가 해서 주문했네요맛있다고 하니 기분이 좋네요,5,5,5,5,2021년 5월 8일
70,치킨,서초구 방배동,누구나홀딱반한닭-사당점,ji**님,쌈닭화히타/1,평이 좋고 리뷰 이벤트가 있길래 함 시켜봤어요 기대없이 먹었는데 맛있네요,5,4,4,,2021년 5월 8일
71,치킨,서초구 방배동,누구나홀딱반한닭-사당점,fi**님,쌈닭화히타/1,쌈닭화이타랑 떡볶이는 꿀조합이네요,5,5,5,5,2021년 5월 6일
72,치킨,서초구 방배동,누구나홀딱반한닭-사당점,le**님,후레쉬쌈닭/1(▶쌈추가(쌈무추가)),역시 맛있어요 근데 양이 가게서 먹는거보다 적네요 원래 더 마니줘야 하는거 아닌가요,5,5,3,,2021년 5월 5일
73,치킨,서초구 방배동,누구나홀딱반한닭-사당점,손님,바베큐쌈닭/2,강추맛있어요 역시 닭은 쌈으로,5,5,5,5,2021년 5월 4일
74,치킨,서초구 방배동,누구나홀딱반한닭-사당점,wl**님,바베큐쌈닭/1,후레쉬 쌈닭을 검색해보고 바보같이 바베큐쌈닭을 주문해더라고요정말 먹어보고싶었는데근데 바베큐쌈닭도 맛있더라구요 중고등학생 아들딸과 셋이 먹기엔 양이 너무 부족해서 양은 별하나 뺐어요맛이있어서 담에 또 먹고싶지만 셋이선 두세트 신랑과 함께라면 세세트는 시야야할듯해 다음엔 고민좀 할듯요우리가 좀 잘먹긴해요 양이적은분들은 적극 추천합니다써비스로 주신 떡볶이는 맛은있으나 양이적어요그래도 써비스니 감사합니다돈만 많으면 자주시켜먹고싶네요,5,5,4,5,2021년 5월 3일
75,치킨,서초구 방배동,누구나홀딱반한닭-사당점,nn**님,순살양념반반치킨（순살바사칸닭 반＋순살양념 반）/1,처음 배달해봤는데 바삭하고 양념도 너무 맛있네요담부터 자주 주문할것 같애요,5,5,5,5,2021년 5월 2일
76,치킨,서초구 방배동,누구나홀딱반한닭-사당점,tn**님,바베큐쌈닭/1(▶음료추가(콜라 500mL)),치킨 안좋아하는데 여기는 너무 맛있어서 자주먹어요 콜라 오는줄 모르고 시켰는데 두개와서 너무 좋아요 감사합니다 떡볶이도 떡볶이만 시켜먹어도 될 정도로 맛있어요,5,5,5,5,2021년 5월 2일
77,치킨,서초구 방배동,누구나홀딱반한닭-사당점,fa**님,바베큐쌈닭/1(▶미니메뉴(국물떡볶이)),존맛탱 만드신분 천재신듯 요새 파값 장난 아닌데 파채도 저러케 수북히 주시고 들숨에 재력 날숨에 건강 얻으세요 덕분에 금요일 행복해쑴다,5,5,5,4,2021년 4월 30일
78,치킨,서초구 방배동,누구나홀딱반한닭-사당점,ki**님,순살간장반반치킨（순살바사칸닭 반＋순살간장 반）/1,포장해왔어요 구운 치킨인데 바삭해서 좋아하는 곳이에요 떡볶이도 쫄깃하고 맛있었어요,5,5,5,,2021년 4월 30일
79,치킨,서초구 방배동,누구나홀딱반한닭-사당점,fi**님,쌈닭화히타/1,쌈닭화이타 오늘도 넘 맛있었어요최고집에 있는 깻잎을 함께 싸먹으니 더 맛있답니다 리뷰이벤트로 주신 떡볶이도 너무 잘먹었습니다 ,5,5,5,5,2021년 4월 29일
80,치킨,서초구 방배동,누구나홀딱반한닭-사당점,ms**님,순살양념반반치킨（순살바사칸닭 반＋순살양념 반）/1(▶양념변경(올순살양념치킨으로 변경)),치킨 양도 많고 맛있네요떡볶이도 최고고 감자튀김 양이 정말 많아요배부르게 먹었습니다,5,5,5,,2021년 4월 27일
81,치킨,서초구 방배동,누구나홀딱반한닭-사당점,h1**님,쌈닭화히타/1,리뷰이벤트 참여하기 하였으나 서비스 제품이 안왔네요 맛은 있습니다,5,5,5,5,2021년 4월 26일
82,치킨,서초구 방배동,누구나홀딱반한닭-사당점,ml**님,후레쉬쌈닭/1,언제먹어도 맛있어요 잘먹엇습니다,5,5,5,5,2021년 4월 23일
83,치킨,서초구 방배동,누구나홀딱반한닭-사당점,mo**님,순살바사칸닭/1,너무너무너무 맛있었어요 떡볶이 국물에다 치킨 적셔먹으면 정말 끝내줍니다,5,5,5,,2021년 4월 23일
84,치킨,서초구 방배동,누구나홀딱반한닭-사당점,su**님,후레쉬쌈닭/1,배달도 완전 빠르고요 떡볶이 치킨까지 야채도 완전 싱싱 대박나세요,5,4,3,5,2021년 4월 21일
85,치킨,서초구 방배동,누구나홀딱반한닭-사당점,mi**님,후레쉬쌈닭/1(▶미니메뉴(똥집강정)),광고보고 먹어보고싶어 주문했는데 치킨도 감튀도 너무맛있었어요 리뷰이벤트로주신 떡볶이는 맛이이상해서 별한개뺐습니다  그래도 치킨은 너무맛있었어요,4,5,5,5,2021년 4월 19일
86,치킨,서초구 방배동,누구나홀딱반한닭-사당점,js**님,"바베큐쌈닭/1,촉촉칸닭/1,생맥주1000/1",쌈닭 처음먹어봤는데 맛있네요 치킨안좋아하시는 저희어머니도 잘 드셨네요,5,5,5,5,2021년 4월 19일
87,치킨,서초구 방배동,누구나홀딱반한닭-사당점,j1**님,후레쉬쌈닭/1(▶소스추가(갈릭소스)),네번째 주문입니다 언제나 맛있어요,5,4,4,4,2021년 4월 19일
88,치킨,서초구 방배동,누구나홀딱반한닭-사당점,re**님,바베큐쌈닭/1,바베큐쌈닭 추천이요 항상 맛있음,5,5,5,5,2021년 4월 18일
89,치킨,서초구 방배동,누구나홀딱반한닭-사당점,손님,바베큐쌈닭/1,먹을때마닥 느끼는거지마 참 잘만들었어요 강추,5,5,5,5,2021년 4월 17일
90,치킨,서초구 방배동,누구나홀딱반한닭-사당점,ki**님,순살간장반반치킨（순살바사칸닭 반＋순살간장 반）/1,포장해왔어요 바쁠 시간인데도 포장시간 맞춰서 나왔더라고요 구운건데 껍질 바삭하니 맛있었고 기본도 간장도 둘 다 맛있었어요 서비스 떡볶이도 살짝 매콤하니 치킨이랑 잘 어울렸어요  여기 샐러드 곁들이면 더 맛있을거 같았어요,5,5,5,,2021년 4월 15일
91,치킨,서초구 방배동,누구나홀딱반한닭-사당점,tr**님,"후레쉬쌈닭/1,생맥주1000/1",야채랑 같이 먹으니까 신선하고 튀김옷도 없어서 좋았습니다,5,5,5,5,2021년 4월 14일
92,치킨,서초구 방배동,누구나홀딱반한닭-사당점,ar**님,후레쉬쌈닭/1,맛있고 건강해지는 느낌이예요,5,5,5,5,2021년 4월 10일
93,치킨,서초구 방배동,누구나홀딱반한닭-사당점,ha**님,후레쉬쌈닭/1,둘이 먹기 딱 좋고 쌈닭 새롭고 맛있었어요 튀김류 별로 안좋아하는 남편이 맛있다고 했답니다,5,5,5,5,2021년 4월 10일
94,치킨,서초구 방배동,누구나홀딱반한닭-사당점,83**님,"바사칸닭＋쫄뱅이/1,바베큐쌈닭/1",바사칸치킨 쫄뱅이 바베큐쌈닭 먹었어요 비싼감이 있긴하지만 쫄뱅이가 최애메뉴라 종종시켜먹어요 배달시 포장이 깔끔하고 좋아요,5,5,5,5,2021년 4월 7일
95,치킨,서초구 방배동,누구나홀딱반한닭-사당점,손님,바베큐쌈닭/1(▶쌈추가(바베큐쌈닭 야채추가)),너무 맛 있어요 짱 짱 강추,5,5,5,5,2021년 4월 5일
96,치킨,서초구 방배동,누구나홀딱반한닭-사당점,ma**님,바사칸닭/1,바사칸닭 언제나 먹어도 담백하고 자극적이지않아요 근데 요기 떡볶이 맛집이네요  이벤트서비스로주신 떡볶이 엄청맛있어요 치킨과 떡볶이가 요래잘어울렸던가요 암튼 잘먹었어요 우리집 치킨은 언제나 누나홀닭,5,5,5,5,2021년 4월 5일
97,치킨,서초구 방배동,누구나홀딱반한닭-사당점,qk**님,후레쉬쌈닭/1,사진은 못찍었네요 양도 많있고 야채도 맛있았습니다,5,5,5,5,2021년 4월 5일
98,치킨,서초구 방배동,누구나홀딱반한닭-사당점,hu**님,후레쉬쌈닭/1,만족스럽습니다 잘먹었어요,5,5,5,5,2021년 4월 4일
99,치킨,서초구 방배동,누구나홀딱반한닭-사당점,ba**님,쌈닭화히타/1,하 참내 나의 사진실력이 부족하여 영롱한 치킨사진을 제대로 담아내질 못하는것이 한스러울정도로 존맛탱,5,5,5,5,2021년 4월 4일
100,치킨,서초구 방배동,누구나홀딱반한닭-사당점,li**님,쌈닭화히타/1,양은 조금 적지만 맛있게 먹었어요,5,5,5,5,2021년 4월 3일
101,치킨,서초구 방배동,누구나홀딱반한닭-사당점,sk**님,"후레쉬쌈닭/1(▶쌈추가(쌈무추가,후레쉬쌈닭 야채추가))",맛난데 양이 너무 적어서 늘 아쉬워요 인 닭이라 담에는 마리 시켜야 겠어요,5,5,2,5,2021년 4월 3일
102,치킨,서초구 방배동,누구나홀딱반한닭-사당점,bi**님,"바베큐쌈닭/1(▶쌈추가(바베큐쌈닭 야채추가),▶미니메뉴(국물떡볶이),▶소스추가(갈릭소스))",마시쩌요새각보다마니마시뜸,4,4,3,3,2021년 3월 31일
103,치킨,서초구 방배동,누구나홀딱반한닭-사당점,fa**님,"후레쉬쌈닭/1,순살바사칸닭/1",배달도 좀 늦었고 제가 태어나서 먹은 치킨 중에 제일 딱딱했어요  받아서 바로 먹었는데도 신랑도 어제 구운거 데워온것 같다고 맛은 괜찮았는데 딱딱해서 원래 이런건지 정말 궁금하네요,4,4,4,4,2021년 3월 30일
104,치킨,서초구 방배동,누구나홀딱반한닭-사당점,ar**님,바베큐쌈닭/1,너무 맛있게 잘 먹었습니다,5,5,5,5,2021년 3월 30일
105,치킨,서초구 방배동,누구나홀딱반한닭-사당점,fi**님,쌈닭화히타/1,쌈닭화이타 너무너무 맛있어요먹을때마다 감동예요 이벤트로 주신 국물떡볶이도 진짜 맛있네요 사업번창하세요,5,5,5,4,2021년 3월 23일
106,치킨,서초구 방배동,누구나홀딱반한닭-사당점,ms**님,"바베큐쌈닭/1,사이다 500mL/1",처음 먹어보는데 맛있어요또 시켜먹을게요,5,4,5,4,2021년 3월 14일
107,치킨,서초구 방배동,누구나홀딱반한닭-사당점,fi**님,쌈닭화이타/1,리뷰쓰면 떡볶이준대서 요청사항에 리뷰참가한다고 썼는데요떡볶이 안주셨어요왜 그런거예요,4,4,4,4,2021년 3월 8일
108,치킨,서초구 방배동,누구나홀딱반한닭-사당점,bo**님,쌈닭화이타/1,배달시간 빠른 편이고 양도 적당하고 맛있었어요,5,5,5,5,2021년 3월 7일
109,치킨,서초구 방배동,누구나홀딱반한닭-사당점,ch**님,후레쉬쌈닭/1,깔끔하니 맛있습니다 후회 안함,5,5,5,5,2021년 3월 7일
110,치킨,서초구 방배동,누구나홀딱반한닭-사당점,fi**님,쌈닭화이타/1(▶소스추가(과카몰리)),치킨화이타메뉴 구워진 치킨살을 또띠아에 싸먹으니 넘 맛나요 야채볶음이랑 같이 먹으니 건강에도 도움될듯요,5,5,4,5,2021년 3월 3일
111,치킨,서초구 방배동,누구나홀딱반한닭-사당점,gy**님,쌈닭화이타/1,맛 대박 또띠아는 꼭 추가해서 드세요,5,5,5,5,2021년 3월 2일
112,치킨,서초구 방배동,누구나홀딱반한닭-사당점,ve**님,순살간장반반치킨（순살바사칸닭 반＋순살간장 반）/1(▶미니메뉴(코코넛쉬림프&새우머리튀김)),배달이 시간안에 오긴했는데 눈비 와서인지 식어서 전자렌지 돌리니까 맛있어요 치킨은 양 적다곤 하는데 둘이서 배불리 먹었어요,5,5,5,3,2021년 3월 2일
113,치킨,서초구 방배동,누구나홀딱반한닭-사당점,ju**님,바사칸닭＋쫄뱅이/1(▶양념류 변경(땡초반반으로 변경)),맛나게 먹었어여  땡초 매콤해서 좋네요,5,5,5,5,2021년 2월 26일
114,치킨,서초구 방배동,누구나홀딱반한닭-사당점,rl**님,쌈닭화이타/1,믿고 먹는 화이타맛이 일품,5,5,5,5,2021년 2월 25일
115,치킨,서초구 방배동,누구나홀딱반한닭-사당점,rl**님,쌈닭화이타/1,최근에먹은것중에 가장좋앗어요,5,5,5,5,2021년 2월 8일
116,치킨,서초구 방배동,누구나홀딱반한닭-사당점,손님,바사칸치빵파티（바사칸닭＋샐러드＋치빵＋포테이토）/1,주문할때 비대면 배달 요청드렸는데 벨누르고 대답없으니 또 벨누르고 현관너머로 말거시고 음식의 맛이나 양은 좋았습니다,5,5,5,3,2021년 2월 7일
117,치킨,서초구 방배동,누구나홀딱반한닭-사당점,02**님,바베큐쌈닭/1,저녁식사에 함께즐기수있게 시간딱 맞추어왔어요,5,5,5,5,2021년 2월 1일
118,치킨,서초구 방배동,누구나홀딱반한닭-사당점,rl**님,후레쉬쌈닭/1,주문누락으로 치킨은 늦게받앗으나 전화했더니 바로 처리해주시고 서비스감자튀김까지 잘받앗습니다,5,5,5,5,2021년 1월 31일
119,치킨,서초구 방배동,누구나홀딱반한닭-사당점,bo**님,쌈닭화이타/1,배달 빠른 편이고 양은 적지만 맛있었어요,5,5,4,5,2021년 1월 30일
120,치킨,서초구 방배동,누구나홀딱반한닭-사당점,mi**님,"후레쉬쌈닭/1,쫄뱅이/1(▶미니메뉴(국물떡볶이)),오다리튀김/1",너무 맛있게 잘먹었어요 이번주만 번째 주문이네요 후레시쌈닭은 언제먹어도 맛있고 골뱅이도 쫄면이라 더 맛나요,5,5,5,5,2021년 1월 30일
121,치킨,서초구 방배동,누구나홀딱반한닭-사당점,bo**님,쌈닭화이타/1,배달도 빠르고 치킨도 맛있었어요,5,5,5,5,2021년 1월 26일
122,치킨,서초구 방배동,누구나홀딱반한닭-사당점,bo**님,후레쉬쌈닭/1,한번 시켰는데 맛있어서 또 재주문했어요,5,5,5,5,2021년 1월 26일
123,치킨,서초구 방배동,누구나홀딱반한닭-사당점,bo**님,쌈닭화이타/1,배달 빠른 편이고 치킨도 너무 맛있었어요,5,5,5,5,2021년 1월 26일
124,치킨,서초구 방배동,누구나홀딱반한닭-사당점,fi**님,쌈닭화이타/1,치킨화이타 야채볶음이 매콤하지만 맛있었어요 또띠아는 어디에 데우신건지 여러장중 어떤거는 일부분이 딱딱한 상태였어요그것만 개선되면 만족합니다,4,4,4,4,2021년 1월 21일
125,치킨,서초구 방배동,누구나홀딱반한닭-사당점,ac**님,후레쉬쌈닭/1,깔끔하고 상큼하니 좋네요,5,5,5,5,2021년 1월 19일
126,치킨,서초구 방배동,누구나홀딱반한닭-사당점,do**님,순살간장반반치킨（순살바사칸닭 반＋순살간장 반）/1(▶음료추가(콜라 500mL)),베이크는 처음 먹어보내느데 맛있어요,5,5,4,5,2020년 12월 31일
127,치킨,서초구 방배동,누구나홀딱반한닭-사당점,co**님,바베큐쌈닭/1,후레시쌈닭만 먹다가 바베큐쌈닭 처음 시켜봤는데 이것도 맛있네요 야채도 깨끗하고 신선하고 많아서 잘 먹었어요 포장도 항상 예쁘게 해오고 깻잎 꼭지를 다 떼는 센스까지 다 좋네요,5,5,5,5,2020년 12월 27일
128,치킨,서초구 방배동,누구나홀딱반한닭-사당점,sk**님,"후레쉬쌈닭/1(▶쌈추가(쌈무추가,후레쉬쌈닭 야채추가)),쫄뱅이/1",생각보다 일찍왔구요 포장상태도 좋았어요 오랫만에 시켜먹었는데 야채랑 로스트치킨이 너무 잘어울렸어요 당분간은 교촌끊고 요기로 집중할듯 싶어요 쫄뱅이는 예전에 매장 처음 생겼을때 가봤던거랑 맛이 많이 변한듯해서 조금아쉬웠어요,5,5,4,5,2020년 12월 25일
129,치킨,서초구 방배동,누구나홀딱반한닭-사당점,ki**님,후레쉬쌈닭/1,대박맛잇어요 사진을못찍엇네요 수고하세요,5,5,5,5,2020년 12월 14일
130,치킨,서초구 방배동,누구나홀딱반한닭-사당점,ml**님,쌈닭화이타/1,맛있어요 또띠아는 오랜만에먹어서 더 맛잇네염,5,5,5,5,2020년 12월 10일
131,치킨,서초구 방배동,누구나홀딱반한닭-사당점,ar**님,후레쉬쌈닭/1(▶미니메뉴(국물떡볶이)),자주먹는 집 맛도있고양도괜찬음 배달시간이 좀 거리도가까운 데도 좀늦음 시간을분해놓고 분만에옴개인적으로봤을때두번정도왔을시간,5,5,5,2,2020년 12월 5일
132,치킨,서초구 방배동,누구나홀딱반한닭-사당점,su**님,순살간장반반치킨（순살바사칸닭 반＋순살간장 반）/1(▶미니메뉴(달콤허니 핫도그)),닭이야 원래 맛있지만 핫도그 완전 강추 또 먹고 싶어요,5,5,5,5,2020년 11월 15일
133,치킨,서초구 방배동,누구나홀딱반한닭-사당점,lo**님,순살양념반반치킨（순살바사칸닭 반＋순살양념 반）/1,소스도 넉넉하게 주시고 음료서비스도 주시고 배달만 약간 돌아서왔는지 좀 식어있기는 했으나 맛있고 너무좋네요 다음에 또 시켜먹을게요 쌈도 괜찮고 베이크도 괜찮고 다괜찮아서 고민하다가 베이크 시켰는데 역시 맛있네요 겉바속촉,5,5,5,4,2020년 11월 10일
134,치킨,서초구 방배동,누구나홀딱반한닭-사당점,손님,"바베큐쌈닭/1,생맥주1000/1",맛있게 먹었어요 다음에 또 주문할게요,5,5,5,5,2020년 11월 7일
135,치킨,서초구 방배동,누구나홀딱반한닭-사당점,bo**님,"순살땡초반반치킨（순살바사칸닭 반＋순살땡초 반）/1,시실리안 치킨퀘사디아/1",배달 빠른 편이고 양도 적당하고 너무 맛있었어요 서비스로 주신 감자튀김도 잘 먹었습니다,5,5,5,5,2020년 10월 16일
136,치킨,서초구 방배동,누구나홀딱반한닭-사당점,co**님,후레쉬쌈닭/1,배달은 조금 늦었지만 많이는 아니에요 항상 시켜먹는 후레시쌈닭인데 언제 먹어도 맛있네요 전화로 주문했었는데 요기요에도 입점해서 좋네요,5,5,5,5,2020년 10월 9일
