﻿,Category,Location,Restaurant,UserID,Menu,Review,Total,Taste,Quantity,Delivery,Date
0,치킨,서초구 방배동,담소반집밥,re**님,"춘천댁 닭갈비 집밥 도시락/4(반찬 선택(A타입（기본4찬, 계절별 변경）))",맛있기는 너무 맛있는데 배달이 거의 시간 가까이 걸렸습니다 ,5,5,4,1,2021년 7월 23일
1,치킨,서초구 방배동,담소반집밥,pr**님,"함부르크댁 함박스테이크 집밥 도시락/1(반찬 선택(A타입（기본4찬, 계절별 변경）),사이드 추가선택(전주식 콩나물 해장국 추가))",잘먹었습니다 고맙습니다 식후감,5,5,5,5,2021년 7월 17일
2,치킨,서초구 방배동,담소반집밥,손님,콩나물 국밥/1,음식은 건강식으로 간이 진하지 않아서 저는 좋았어요 다만 주문한 수저가 안와서 호텔이라 난감했습니다,4,4,4,5,2021년 7월 7일
3,치킨,서초구 방배동,담소반집밥,tn**님,"춘천댁 닭갈비 집밥 도시락/1(반찬 선택(A타입（기본4찬, 계절별 변경）))",맛 있 어 여 호박전이랑 소시지 꽃모양으로 서로 스위치해주신  이런게 다 정성인데 소소하지만 감동입니다 멸치볶음 반찬은 살짝 비린맛이 나눈 것 같아서 개선되면 좋을 것 같습미다 닭갈비 좋아하는데 회사에서 자주 시켜먹을 것 같아욤,5,5,5,5,2021년 6월 17일
4,치킨,서초구 방배동,담소반집밥,ys**님,"안동댁 찜닭 집밥 도시락/2(반찬 선택(A타입（기본4찬, 계절별 변경）)),충남댁 돼지고기 두루치기 집밥 도시락/1(반찬 선택(A타입（기본4찬, 계절별 변경）)),함부르크댁 함박스테이크 집밥 도시락/2(반찬 선택(A타입（기본4찬, 계절별 변경）)),닭가슴살 샐러드 도시락/2(드레싱 선택(오리엔탈드레싱),드레싱 추가선택(참깨드레싱 추가))",드레싱이 부족해서 다른 드레싱을 보내주셨네요 괜찮아요 맘써주셔서 감사합니다 오리엔탈보다 참깨드레싱을 선호하는 편이라서요 항상 잘먹고있습니다 양도 푸집하고 정성이 담긴것 같아 맘놓고 먹을 수있어서 감사합니다 배달은 익스프레스 기사님이 늦으신거라 신경안쓰셔도 됩니다,5,5,5,2,2021년 6월 15일
5,치킨,서초구 방배동,담소반집밥,손님,"춘천댁 닭갈비 집밥 도시락/1(반찬 선택(A타입（기본4찬, 계절별 변경）))",닭고기에 살짝 유자맛이  굿 군침과 함께 맛나게 잘먹었습니다,5,5,5,5,2021년 5월 27일
6,치킨,서초구 방배동,담소반집밥,tr**님,"충남댁 돼지고기 두루치기 집밥 도시락/1(반찬 선택(A타입（기본4찬, 계절별 변경）))",편의점 도시락과 차이를 모르겠어서 실망했습니다,1,1,2,5,2021년 5월 13일
7,치킨,서초구 방배동,담소반집밥,na**님,"춘천댁 닭갈비 집밥 도시락/1(반찬 선택(A타입（기본4찬, 계절별 변경）))",유자향도 은은하게 나고 너무 맛있어요,5,5,5,5,2021년 4월 15일
8,치킨,서초구 방배동,담소반집밥,hi**님,"충남댁 돼지고기 두루치기 집밥 도시락/1(반찬 선택(A타입（기본4찬, 계절별 변경）))",불맛나는 고기와 은은한 유자향이 좋았습니다 자주 이용하겠습니다 많이 파세요,5,5,5,5,2021년 4월 14일
9,치킨,서초구 방배동,담소반집밥,wh**님,"함부르크댁 함박스테이크 집밥 도시락/1(반찬 선택(A타입（기본4찬, 계절별 변경）))",함박 맛있었어요배달도 빠르구요,5,5,4,5,2021년 4월 6일
10,치킨,서초구 방배동,담소반집밥,sa**님,"춘천댁 닭갈비 집밥 도시락/1(반찬 선택(A타입（기본4찬, 계절별 변경）),사이드 추가선택(묵은지 김치찌개 추가))",양이 매우 푸짐합니다 저는 국을 좋아하는데 항상 여기 김치찌게에 대만족이네요 항상 번창하세요 ,5,5,5,5,2021년 4월 5일
11,치킨,서초구 방배동,담소반집밥,po**님,"충남댁 돼지고기 두루치기 집밥 도시락/2(반찬 선택(A타입（기본4찬, 계절별 변경）))",집밥보다 맛있었습니다 음식 퀄리티가 차원이달라요,5,5,5,5,2021년 3월 25일
12,치킨,서초구 방배동,담소반집밥,yj**님,"춘천댁 닭갈비 집밥 도시락/1(반찬 선택(A타입（기본4찬, 계절별 변경）)),충남댁 돼지고기 두루치기 집밥 도시락/1(반찬 선택(A타입（기본4찬, 계절별 변경）))",코로나로 점심시간에 식당 방문이 꺼려지는 요즘 동료의 추천 맛집 메인 메뉴의 고기 양도 많고 양념에 유자향이 감도는 게 입맛을 더 돋게 합니다 제육은 자칫 돼지 누린내가 날 수 있는데 냄새 전혀 없어요맛있게 잘 먹었습니다,5,4,5,5,2021년 3월 22일
13,치킨,서초구 방배동,담소반집밥,손님,"충남댁 돼지고기 두루치기 집밥 도시락/1(반찬 선택(A타입（기본4찬, 계절별 변경）))",메인인 고기가 너무푸짐해서 좋았고 배달도빠르고 따뜻한게 정말집밥먹는 느낌이였습니다 앞으로 자주이용할것같네요,5,5,5,5,2021년 3월 21일
14,치킨,서초구 방배동,담소반집밥,손님,"충남댁 돼지고기 두루치기 집밥 도시락/1(반찬 선택(A타입（기본4찬, 계절별 변경）))",야근해야해서 이것저것 찾다가 한번 시켜먹어봤는데 맛도 좋고 양도 괜찮고 한끼 잘 먹었네요 배달도 생각보다 빨리 왔구요 좋네요,5,5,5,5,2021년 3월 21일
15,치킨,서초구 방배동,담소반집밥,손님,"충남댁 돼지고기 두루치기 집밥 도시락/1(반찬 선택(A타입（기본4찬, 계절별 변경）))",배달너무빨라서 놀랐고요 보통도시락은 반찬아껴먹는데 여기는 고기가 밥보다많은것같네요 최곱니다 물론맛도요 다음번엔 다른것도시켜서 먹어봐야겠어요 번창하세요,5,5,5,5,2021년 3월 21일
16,치킨,서초구 방배동,담소반집밥,bi**님,"안동댁 찜닭 집밥 도시락/1(반찬 선택(A타입（기본4찬, 계절별 변경）)),충남댁 돼지고기 두루치기 집밥 도시락/1(반찬 선택(A타입（기본4찬, 계절별 변경）))",직장 생활에서 가장 즐거운 시간  점심시간이지요 코로나로 인해 밖에서 먹기도 부담스럽고 집에서 싸오기도 어렵고 집밥 같은 도시락을 먹고 싶어서 주문했어요 찜닭 돼지고기 두루치기  우선 포장과 외관이 고급집니다 한솥이나 본도시락 같은 프렌차이즈는 비교가 안 될 정도입니다 음식도 바로 조리한 듯 적당히 따뜻하고 간도 적당하고 맛도 너무 좋아요 찜닭은 부드럽고 당면도 너무 쫄깃하고 맛있네요 돼지 두루치기는 고기 냄새도 안나고 맛있게 잘 볶아져 훌륭해요 함께 보내주신 카레김도 신의 한수 입니다 또 시켜먹을게요,5,5,5,5,2021년 3월 19일
17,치킨,서초구 방배동,담소반집밥,hi**님,"춘천댁 닭갈비 집밥 도시락/1(반찬 선택(A타입（기본4찬, 계절별 변경）))",큰 기대안하고 시켰는데 닭갈비도 맛있었고 같이 담긴 전 종류가 특이해서 좋았네요 뭔가 한번더 손이 간 느낌이 드네요 감자튀김도 표정이 좋고 호박안에 쏘세지도 특색있었어요 반찬류도 나쁘지않았습니다 잘 먹었습니다,5,5,5,5,2021년 3월 18일
18,치킨,서초구 방배동,담소반집밥,손님,"오사카댁 돈카츠 집밥 도시락/1(반찬 선택(A타입（기본4찬, 계절별 변경）),사이드 추가선택(묵은지 김치찌개 추가))",기본 시켰는데 돈가스랑 옛날소시지 스마일 감자튀김이 다 기성품이라 안타깝네요 밑반찬 콩자반 무채는 밑간이 좀 약하고 그냥 건어물 쥐치포같은 반찬들이 평범해요 추가로 김치찌개 시켰는데 결재 후에 중국 김치라고 안내가 떠서 좀 실망스러웠어요 볶은김치에 물 넣고 끓여주신 느낌이고 김치도 얼마없네요 대신 밥은 재일 맛있었어요 밥은 맛있었어요 그날그날만든 나물류라도 있음 좋겠어요 배달은 빨리왔습니다,4,3,5,5,2021년 3월 17일
19,치킨,서초구 방배동,담소반집밥,ji**님,"충남댁 돼지고기 두루치기 집밥 도시락/1(반찬 선택(A타입（4찬 무절임＋땅콩&콩조림＋명염채＋볶음김치）)),아보카도 샐러드 도시락/2",바빠서 급하게 도시락 주문을 했는데 샐러드야채도 너무 싱싱하고 도시락도 깔끔하고 맛있었습니다 배달도 엄청 빨랐습니다 감사합니다 ,5,5,5,5,2021년 3월 11일
20,치킨,서초구 방배동,담소반집밥,hi**님,충남댁 돼지고기 두루치기 집밥 도시락/1(반찬 선택(A타입（4찬 무절임＋땅콩&콩조림＋명염채＋볶음김치）)),양도 넉넉하고 신속하게 따뜻한 상태로 배달오셔서 맛있게 잘 먹엇습니다 기회되면 자주 시키겠습니다 번창하세요,5,5,5,5,2021년 3월 11일
21,치킨,서초구 방배동,담소반집밥,tg**님,함부르크댁 함박스테이크 집밥 도시락/1(반찬 선택(A타입（4찬 무절임＋땅콩&콩조림＋명염채＋볶음김치）)),맛나게 잘먹었구요 엄마의 손맛 집밥다운 맛입니다 수고하세요,5,5,5,5,2021년 3월 10일
