﻿,Category,Location,Restaurant,UserID,Menu,Review,Total,Taste,Quantity,Delivery,Date
0,치킨,마포구 연남동,돈치킨-성산가좌점,ha**님,"구운 갓성비 한마리 세트/1(갓성비 세트 구운치킨 맛 변경(선택 없음),갓성비 세트 사이드 선택(크림 치즈볼))",처음 주문하였는데 배달도 빠르고 치킨은 담백하고 맛있었습니다 콜라나 무 양념 소스까지 꽉꽉 챙겨주셔서 고맙습니다,5,5,5,5,10시간 전
1,치킨,마포구 연남동,돈치킨-성산가좌점,dm**님,구운 순살치킨/1(양념 맛 변경(구운 마늘치킨 맛으로 변경)),너무 맛있어요 다음에 또 주문할게요,5,5,5,5,어제
2,치킨,마포구 연남동,돈치킨-성산가좌점,da**님,구운 핫베이크치킨/1(사이드메뉴(선택 없음)),계란도 너무 맛있고 함께 주시는 매운 소스도 진짜 맛있어요 푸짐 하고 양도 많은 것 같아요 축구 보면서 맛있게 잘 먹었어요 나중에는 기본 맛도 먹어 보고 싶어요,5,5,5,,2일 전
3,치킨,마포구 연남동,돈치킨-성산가좌점,en**님,"구운 갓성비 한마리 세트/1(갓성비 세트 구운치킨 맛 변경(구운 핫치킨 맛으로 변경),갓성비 세트 사이드 선택(모짜렐라 치즈볼))",오늘 축구하는날이라 시분에 주문하고 도착예정시간분분 지연된 시분에 받았습니다 잘먹겠습니다,4,4,5,3,2일 전
4,치킨,마포구 연남동,돈치킨-성산가좌점,ax**님,구운 치킨/1,사장님 구성도 좋고 닭이 참 맛있네요 굽네치킨을 주로 마니먹었는데 차이가없어요 오히려 돈치킨이 가성비가 훨씬좋네요 감자튀김 맛있고 각종 소스까지 서비스 너무좋고 앞으로 자주 이용할께요 배송도 참 빠르네요,5,5,5,5,5일 전
5,치킨,마포구 연남동,돈치킨-성산가좌점,ga**님,구운 핫베이크치킨/1,맛있어요 또 시켜 먹을 의향 있습니다요,5,5,5,5,5일 전
6,치킨,마포구 연남동,돈치킨-성산가좌점,rl**님,구운 치킨/1,항상 배달 빠르고 맛있어요,5,5,5,5,6일 전
7,치킨,마포구 연남동,돈치킨-성산가좌점,ji**님,"구운 순살치킨/1(양념 맛 변경(선택 없음),사이드메뉴(선택 없음),음료 및 소스(콜라 500ml,마늘소스 （1개）))",양은 좀 부족했지만 건강한 맛에 맛있어요,4,4,3,5,2021년 7월 24일
8,치킨,마포구 연남동,돈치킨-성산가좌점,pe**님,"구운 갓성비 한마리 세트/1(갓성비 세트 구운치킨 맛 변경(구운 핫치킨 맛으로 변경),갓성비 세트 사이드 선택(크림 치즈볼))",항상 맛있네요 주말엔 치킨  리뷰 이벤트 구운계랸도 감사합니다 ,5,5,5,5,2021년 7월 24일
9,치킨,마포구 연남동,돈치킨-성산가좌점,rm**님,구운 핫베이크치킨/1(사이드메뉴(선택 없음)),믿고보는 돈치킨 화이팅,5,5,5,5,2021년 7월 24일
10,치킨,마포구 연남동,돈치킨-성산가좌점,hy**님,"구운 순살치킨/1(양념 맛 변경(선택 없음),사이드메뉴(선택 없음),음료 및 소스(콜라 1.25L 으로 변경))",맛있게 잘 먹었습니다 ,5,5,5,5,2021년 7월 13일
11,치킨,마포구 연남동,돈치킨-성산가좌점,gi**님,구운 핫베이크치킨/1(사이드메뉴(선택 없음)),바삭하고 매콤해요 튀김옷이 두껍지않아 다른 치킨들보다 덜 느끼하게 먹었어요 ,5,5,5,,2021년 7월 13일
12,치킨,마포구 연남동,돈치킨-성산가좌점,en**님,"구운 갓성비 한마리 세트/1(갓성비 세트 구운치킨 맛 변경(구운 마늘치킨 맛으로 변경),갓성비 세트 사이드 선택(모짜렐라 치즈볼)),구운 치킨/1",어머님이 좋아하세요 튀기지않고 구워서 담백하고 맛있어요,4,5,5,4,2021년 7월 12일
13,치킨,마포구 연남동,돈치킨-성산가좌점,se**님,구운 통다리치킨/1(양념 맛 변경(선택 없음)),오랜만에 먹었는데 담백하니 잘먹었어요 맛있어요,5,5,5,5,2021년 7월 12일
14,치킨,마포구 연남동,돈치킨-성산가좌점,ho**님,구운 치킨 ＋ 콤비네이션 피자（L）/1,음식 맛있게 잘 먹었슴당,5,5,5,5,2021년 7월 8일
15,치킨,마포구 연남동,돈치킨-성산가좌점,br**님,구운 치킨/1,맛있게 잘 먹었습니다 사장님 아주 건강한 맛이예요 ,5,5,5,,2021년 7월 8일
16,치킨,마포구 연남동,돈치킨-성산가좌점,rl**님,구운 치킨/1,배달도 빠르고 항상 맛있어요,5,5,5,5,2021년 7월 7일
17,치킨,마포구 연남동,돈치킨-성산가좌점,pi**님,구운 치킨/1,실수로 사진이 날라갔어요 두번째 주문인데 배달 빠르고 맛있어요,5,5,5,5,2021년 7월 7일
18,치킨,마포구 연남동,돈치킨-성산가좌점,kh**님,구운 핫베이크치킨/1,맛잇게먹엇습니다 배달하신분도 비오시는데 고생하셨는데 친철하고 좋았습니다,5,5,5,5,2021년 7월 4일
19,치킨,마포구 연남동,돈치킨-성산가좌점,pp**님,구운 통다리치킨/1,후라이드와 양념이 맛있기는 한데 치맥과 함께 먹으면 다음날 속이 부대끼는데 구운치킨은 담백하고 맛도 있으면서 다음날 속도 편한것 같아요 구웠지만 껍질도 바삭하고 짠맛도 딱인게 너무 좋아요 항상 맛있게 잘 먹고 있습니다,5,5,5,5,2021년 7월 4일
20,치킨,마포구 연남동,돈치킨-성산가좌점,im**님,구운 치킨/1(사이드메뉴(선택 없음)),처음 시켜먹었는데 맛있어요,5,5,5,5,2021년 7월 3일
21,치킨,마포구 연남동,돈치킨-성산가좌점,wh**님,구운콘베이크치킨/1,오리지날과 비교했을때 콘파우더를 입혀 구워서 담백함에 고소한맛 추가된 느낌이에요 구운치킨이라 겉부분이 튀긴거처럼 바삭하진 않지만 맛있게 먹었어요 청양마요소스인가동그란용기 이게 제일 베이크 치킨이랑 잘 어울리고 맛있었어요,5,5,5,5,2021년 6월 28일
22,치킨,마포구 연남동,돈치킨-성산가좌점,ng**님,"구운 갓성비 한마리 세트/1(갓성비 세트 구운치킨 맛 변경(구운 마늘치킨 맛으로 변경),갓성비 세트 사이드 선택(달콤 치즈),사이드메뉴(선택 없음),음료 및 소스(콜라 500ml))",너무 맛있어요 또 먹을게요 ,5,5,5,5,2021년 6월 26일
23,치킨,마포구 연남동,돈치킨-성산가좌점,la**님,구운핫베이크치킨/1(사이드메뉴(선택 없음)),돈치킨 처음 시켜봤는데 엄청 만족스럽네요 담백한데도 맛이 심심하지 않고 소스도 세가지나 주셔서 다양하게 찍어먹는 재미도 있구요 찜하고 갈게요 ,5,5,5,5,2021년 6월 24일
24,치킨,마포구 연남동,돈치킨-성산가좌점,bb**님,구운 순살 치킨/1(양념 맛 변경(선택 없음)),익스프레스 가까운 지점도 있지만 여기가 더 정감이 가서 여기서 시키게 되네요,5,5,5,5,2021년 6월 24일
25,치킨,마포구 연남동,돈치킨-성산가좌점,cg**님,구운 순살 치킨/1(양념 맛 변경(구운 핫치킨 맛으로 변경)),처음 시켜봤는데 양도 적당하고 맛있었습니다,5,5,5,5,2021년 6월 14일
26,치킨,마포구 연남동,돈치킨-성산가좌점,hu**님,"구운바베큐치킨/1,참이슬/1,카스 병맥주/1",추억의 바베큐맛 넘맛있어서 다먹었네요,5,5,5,5,2021년 6월 13일
27,치킨,마포구 연남동,돈치킨-성산가좌점,se**님,구운바베큐치킨/1,따뜻하게 잘먹었습니다 서비스 감튀도 넘 맛나네요,5,5,5,5,2021년 6월 9일
28,치킨,마포구 연남동,돈치킨-성산가좌점,yh**님,구운마늘치킨/1,치킨은 튀긴거만 먹다가 구운치킨은 오랜만인데 진짜 하나도 안느끼하고 맛있어요거기다 양념이 진짜 끝내줍니다,5,5,5,5,2021년 6월 4일
29,치킨,마포구 연남동,돈치킨-성산가좌점,fa**님,구운마늘치킨/1(음료 및 소스(콜라 1.25L 으로 변경)),맛있게 잘 먹었습니다 소스가 특히 맛있네요 뻑살 안 좋아하는데 구운 치킨은 역시 좀 더 뻑뻑하긴 한 것 같습니다 다음엔 다리 날개로 먹으려고요 감튀도 너무 맛있어요,5,5,5,5,2021년 6월 3일
30,치킨,마포구 연남동,돈치킨-성산가좌점,he**님,구운치킨/1,늘 맛있게 먹고 있습니다,5,5,5,5,2021년 5월 29일
31,치킨,마포구 연남동,돈치킨-성산가좌점,56**님,구운 순살 치킨/1(양념 맛 변경(선택 없음)),첨 먹었봐는데 맛있어요,5,5,5,5,2021년 5월 24일
32,치킨,마포구 연남동,돈치킨-성산가좌점,pp**님,구운 통다리 치킨/1,항상 맛있게 잘 먹고 있습니다 맨날 양념치킨과 후라이드만 먹었는데 다음날 아침이 너무 부담스럽더라구요 돈치킨에서 구운 치킨과 맥주 한잔 하여도 다음날 부담도 없고 맛있고 너무 좋더라구요 다음날 아침도 가벼운 돈치킨 너무 좋은것 같아요 먹다보니 어느새 다 먹어서 사진이 없네요,5,5,5,5,2021년 5월 23일
33,치킨,마포구 연남동,돈치킨-성산가좌점,se**님,"구운 통다리 치킨/1(양념 맛 변경(선택 없음),사이드메뉴(선택 없음))",이번에도 맛있게 잘먹었어요양도 푸짐하고 맛도 부드럽고 촉촉 느끼함 없이 맛있었어요,5,5,5,5,2021년 5월 22일
34,치킨,마포구 연남동,돈치킨-성산가좌점,da**님,"구운 갓성비 한마리 세트/1(갓성비 세트 구운치킨 맛 변경(구운 마늘치킨 맛으로 변경),갓성비 세트 사이드 선택(치즈볼))",지난번에 맛있게 먹어서 재주문했는데 오늘은 너무짜고 고기도 딱딱하고 양도 작은것 같고 진짜 이상하네요,3,2,2,3,2021년 5월 21일
35,치킨,마포구 연남동,돈치킨-성산가좌점,cs**님,"구운 통다리＋통날개 치킨/1(양념 맛 변경(구운 바베큐 맛으로 변경),사이드메뉴(치즈볼),음료 및 소스(콜라 1.25L 으로 변경,매운소스（봉） 추가-30g))",튀긴것만 먹다가 구운치킨 먹으니 더맛있네요,5,5,5,5,2021년 5월 20일
36,치킨,마포구 연남동,돈치킨-성산가좌점,ch**님,"구운바베큐치킨/1(사이드메뉴(선택 없음),음료 및 소스(콜라 1.25L 으로 변경))",정말 맛있게 먹었습니다 바베큐치킨 짱짱,5,5,5,5,2021년 5월 20일
37,치킨,마포구 연남동,돈치킨-성산가좌점,ew**님,"구운치킨/1(사이드메뉴(선택 없음),음료 및 소스(콜라 1.25L 으로 변경))",배고파서 온전한 상태로 못 찍었네요 짱 맛있어요,5,5,5,5,2021년 5월 16일
38,치킨,마포구 연남동,돈치킨-성산가좌점,ok**님,"구운 순살 치킨/1(양념 맛 변경(구운 핫치킨 맛으로 변경),사이드메뉴(선택 없음))",계속 찾게 되는 맛입니다  양도 괜찮고 맛은 훌륭함,5,5,5,5,2021년 5월 15일
39,치킨,마포구 연남동,돈치킨-성산가좌점,ar**님,"구운 갓성비 한마리 세트/1(갓성비 세트 구운치킨 맛 변경(구운 핫치킨 맛으로 변경),갓성비 세트 사이드 선택(치즈볼))",최근 집에서 좀 더 가까운 돈치킨이 배달하길래 살짝 고민하다가 으리상  이 곳에 주문했다 베이크만 먹는데 갓성비를 먹어봤던 기억에 살짝 고민하다가 재주문 역시 정말 풍성하게 잘 먹다 이번엔 핫치킨으로 먹어봤는데 좀 맵긴 하지만 걍 구운치킨보다 좀 더 맛났다 더 매운건 엄두를 못 낼 듯,5,5,5,5,2021년 5월 14일
40,치킨,마포구 연남동,돈치킨-성산가좌점,a_**님,구운바베큐치킨/1(사이드메뉴(선택 없음)),처음 시켜봤는데 맛있네용 소스도 듬뿍 발라주시고 리뷰 이벤트로 구운 달걀도 두개나 받고 잘먹었습니당,5,5,5,5,2021년 5월 13일
41,치킨,마포구 연남동,돈치킨-성산가좌점,so**님,"구운치킨/1(사이드메뉴(선택 없음),음료 및 소스(마늘소스（봉） 추가-30g))",오랜만에 먹으니 맛있어요 서비스 감자튀김도 좋네요 다음에 또 주문할게요,5,5,5,5,2021년 5월 12일
42,치킨,마포구 연남동,돈치킨-성산가좌점,db**님,"구운치킨/1(사이드메뉴(선택 없음),음료 및 소스(매운소스（봉） 추가-30g))",처음 주문해보는데 맛있어서 앞으로 자주 주문할것같아요 서비스도 잘 받았습니다,5,5,5,5,2021년 5월 10일
43,치킨,마포구 연남동,돈치킨-성산가좌점,pa**님,구운마늘치킨/1,사진 찍어놓은 핸드폰이 망가지면서 최근에 먹은건 못 올리지만  역시 한국사람은 어쩔 수 없나봐요 뭔가 마늘향이 더 강했으면 싶었지만 그래도 나름 맛있게 잘 먹었습니다,5,5,5,5,2021년 5월 10일
44,치킨,마포구 연남동,돈치킨-성산가좌점,wh**님,"구운 갓성비 한마리 세트/1(갓성비 세트 구운치킨 맛 변경(선택 없음),갓성비 세트 사이드 선택(치즈볼))",돈치킨 처음 먹어 보는데 맛있게 먹었습니다 부위별로 다 맛있게 구워져서 담백하고 서비스로 주신 소세지도 탱글탱글 맛있었어요 치즈볼은 다른곳에서 먹던거랑 달랐는데 말랑말랑하고 크림치즈가 들어간거 같은데 느끼하지 않고 든든하게 먹었습니다 배달도 예상시간보다 일찍 왔어요,5,5,5,5,2021년 5월 9일
45,치킨,마포구 연남동,돈치킨-성산가좌점,se**님,구운 통다리 치킨/1(양념 맛 변경(선택 없음)),저희 애들 최애 치킨이에요 개월 둘째가 진짜 밥을 안먹는데 오로지 요 치킨은 직접 잡고 뜯어먹어요 없던 입맛도 돌아오게 만드는 훌륭한 맛이에요 담백하고 부드럽고 두말하면 잔소리죠 닭다리 추천합니다,5,5,5,5,2021년 5월 5일
46,치킨,마포구 연남동,돈치킨-성산가좌점,be**님,구운핫베이크치킨/1(사이드메뉴(선택 없음)),맛있네요 가끔 시켜먹을 살벌한 맛 ,5,4,5,5,2021년 5월 3일
47,치킨,마포구 연남동,돈치킨-성산가좌점,en**님,구운핫베이크치킨/1,배달 예정 시간도 지났고 치킨이 다 식어서 왔어요 장난하나요 정말,4,4,4,1,2021년 5월 1일
48,치킨,마포구 연남동,돈치킨-성산가좌점,rm**님,구운마늘치킨/1(사이드메뉴(선택 없음)),가성비 양 맛 전부다점,5,5,5,5,2021년 5월 1일
49,치킨,마포구 연남동,돈치킨-성산가좌점,lj**님,"구운 갓성비 한마리 세트/1(갓성비 세트 구운치킨 맛 변경(선택 없음),갓성비 세트 사이드 선택(치즈볼),음료 및 소스(콜라 1.25L 으로 변경))",맛있게 잘먹었어요 근데 계란까기가 힘드네요,5,5,5,5,2021년 4월 30일
50,치킨,마포구 연남동,돈치킨-성산가좌점,dl**님,"구운 갓성비 한마리 세트/1(갓성비 세트 구운치킨 맛 변경(구운 바베큐 맛으로 변경),갓성비 세트 사이드 선택(치즈볼))",치킨이 맛있습니다 치즈볼도 구워서 그런지 치즈볼은 새로운 식감이네여 다시 시켜먹겠슴다,5,5,5,5,2021년 4월 28일
51,치킨,마포구 연남동,돈치킨-성산가좌점,23**님,"구운 갓성비 한마리 세트/1(갓성비 세트 구운치킨 맛 변경(선택 없음),갓성비 세트 사이드 선택(치즈볼),사이드메뉴(선택 없음))",친짜 넘넘 맛있어요서비스를 감사합니다맛있어요제가 이 동네 주민입니다자주 시켤 거예요,5,5,5,5,2021년 4월 28일
52,치킨,마포구 연남동,돈치킨-성산가좌점,so**님,"구운 갓성비 한마리 세트/1(갓성비 세트 구운치킨 맛 변경(구운 마늘치킨 맛으로 변경),갓성비 세트 사이드 선택(치즈볼),사이드메뉴(선택 없음))",치킨도 맛있고 치즈볼도 맛있어요 치즈볼은 개나 있어서 아주 행복하게 먹었습니다,5,5,5,5,2021년 4월 26일
53,치킨,마포구 연남동,돈치킨-성산가좌점,ar**님,구운 순살 치킨/1(양념 맛 변경(구운 마늘치킨 맛으로 변경)),항상 여기 순살이 너무 맛있어보여서 눈여겨보다가 먹어봤어요 양은 여성 두명 먹기에 딱 괜찮았고 사진대로 진짜 맛있어요 마늘 양념도 많이 넣어주셔서 넉넉히 맛있게 먹었어요 다음엔 떡추가도 하려구요,5,5,5,5,2021년 4월 21일
54,치킨,마포구 연남동,돈치킨-성산가좌점,le**님,"구운 갓성비 한마리 세트/1(갓성비 세트 구운치킨 맛 변경(구운 바베큐 맛으로 변경),갓성비 세트 사이드 선택(치즈볼))",돈치킨 바베큐치킨 좋아해서 할인되는 세트 구성으로 시켜봤어요 우선 치즈볼이 말랑말랑하면서 너무 맛있어요 매콤한 바베큐 치킨먹기 전에 위도 보호할겸 먼저 먹어봤는데 맛있어서 깜놀했어요  양도 개로 많아서 좋네요 치킨이야 늘 맛있고 손질 잘해주셔서 잔뼈가 거의 없어서 좋아요 그리고 리뷰이벤트가 다양해서 이번엔 수제 소세지 시켜봤는데 튼실하니 맛있네요 푸짐하게 잘 먹었습니다,5,5,5,5,2021년 4월 20일
55,치킨,마포구 연남동,돈치킨-성산가좌점,lm**님,"구운 갓성비 한마리 세트/1(갓성비 세트 구운치킨 맛 변경(구운 핫치킨 맛으로 변경),갓성비 세트 사이드 선택(치즈볼),사이드메뉴(선택 없음),음료 및 소스(무추가))",사진 찍는다는걸 깜박했네요  오늘도 역시 너무 맛있게 잘먹었습니다 ,5,5,5,5,2021년 4월 20일
56,치킨,마포구 연남동,돈치킨-성산가좌점,rk**님,"구운 갓성비 한마리 세트/1(갓성비 세트 구운치킨 맛 변경(선택 없음),갓성비 세트 사이드 선택(치즈볼))",배달도 빠르고 친절하셨어요 잘먹었습니다 ,5,5,5,5,2021년 4월 19일
57,치킨,마포구 연남동,돈치킨-성산가좌점,tr**님,"구운 갓성비 한마리 세트/1(갓성비 세트 구운치킨 맛 변경(구운 핫치킨 맛으로 변경),갓성비 세트 사이드 선택(감자튀김),사이드메뉴(선택 없음))",사진을 찍는것을 깜빡했네요 맛도 맛이지만 양도 엄청 많고 구성이 훌륭해서 술 안주로 딱 좋습니다 다음에도 도전 해야겠네요,5,5,5,5,2021년 4월 18일
58,치킨,마포구 연남동,돈치킨-성산가좌점,lh**님,"구운 갓성비 한마리 세트/1(갓성비 세트 구운치킨 맛 변경(선택 없음),갓성비 세트 사이드 선택(치즈볼))",앞으로 자주 시켜먹을거 같습니다,5,5,5,5,2021년 4월 18일
59,치킨,마포구 연남동,돈치킨-성산가좌점,86**님,"구운 갓성비 한마리 세트/1(갓성비 세트 구운치킨 맛 변경(선택 없음),갓성비 세트 사이드 선택(치즈볼))",배달 빠르고 맛도 좋아요,5,5,5,5,2021년 4월 18일
60,치킨,마포구 연남동,돈치킨-성산가좌점,se**님,구운 통다리 치킨/1(양념 맛 변경(선택 없음)),와진짜돈치킨 주문할때마다 맛에 감탄해요 제가 최근들어 돈치킨을 알게된게 아쉽더라구요 너무너무 부드럽고 맛있어요 기름기는 쪽빼고 살코기가 어찌나 부드러운지 느끼함이 없어요 닭다리로만 시켜봤는데 대박이것만 시킬것같아요저희 애들은 돈치킨 알고난 후에는 여기만 시켜달라고해요 완전 강력추천합니다 사장님감사합니다,5,5,5,5,2021년 4월 17일
61,치킨,마포구 연남동,돈치킨-성산가좌점,eu**님,"구운 갓성비 한마리 세트/1(갓성비 세트 구운치킨 맛 변경(선택 없음),갓성비 세트 사이드 선택(치즈볼),사이드메뉴(선택 없음))",넘맛있어요 구운치킨이라 기름이 잘빠져서 넘 맛나게 잘먹었습니당,5,5,5,5,2021년 4월 17일
62,치킨,마포구 연남동,돈치킨-성산가좌점,sm**님,"구운 갓성비 한마리 세트/1(갓성비 세트 구운치킨 맛 변경(선택 없음),갓성비 세트 사이드 선택(감자튀김))",늘 맛있게 잘 먹었습니다 맛있게 구워진 달걀 치킨 감자 치즈볼 정말 가성비좋은 세트입니다 싹 먹고 깨끗하게 분리수거라까지 마무리했습니다 앞으로도 맛있게 잘 부탁드립니다,5,5,5,5,2021년 4월 16일
63,치킨,마포구 연남동,돈치킨-성산가좌점,lm**님,"구운 갓성비 한마리 세트/1(갓성비 세트 구운치킨 맛 변경(구운 핫치킨 맛으로 변경),갓성비 세트 사이드 선택(치즈볼),음료 및 소스(무추가))",정말 너무 맛있게 잘먹었습니다 구성이 너무 알차요 다음에 또 시켜먹을게요,5,5,5,5,2021년 4월 13일
64,치킨,마포구 연남동,돈치킨-성산가좌점,tj**님,"구운 갓성비 한마리 세트/1(갓성비 세트 구운치킨 맛 변경(선택 없음),갓성비 세트 사이드 선택(치즈볼),사이드메뉴(선택 없음))",맛있게 먹었습니다 감사합니다,5,5,5,5,2021년 4월 12일
65,치킨,마포구 연남동,돈치킨-성산가좌점,ar**님,"구운 갓성비 한마리 세트/1(갓성비 세트 구운치킨 맛 변경(선택 없음),갓성비 세트 사이드 선택(치즈볼))",돈치킨은 핫베이크만 먹다가 갓성비가 있길래 함 먹어봤다 받아보고 풍성함에 깜짝놀랐다 치즈볼이란건 첨 먹어봤는데 아주 맛나고 치킨은 걍 구운치킨보다 내 입맛엔 핫베이크가 훨 낫긴 하지만 전체적으로 구성이 너무 조아서 너무 만족스럽다 핫베이크 갓성비도 있음 좋겠지만 없어도 이건 가끔 주문해 먹을 듯 싶다 진짜 갓성비다 함 드셔보셔 개강추,5,5,5,5,2021년 4월 11일
66,치킨,마포구 연남동,돈치킨-성산가좌점,ki**님,"구운 갓성비 한마리 세트/1(갓성비 세트 구운치킨 맛 변경(선택 없음),갓성비 세트 사이드 선택(치즈볼),사이드메뉴(선택 없음))",넘나마니마니 맛있슺니다,5,5,5,5,2021년 4월 9일
67,치킨,마포구 연남동,돈치킨-성산가좌점,co**님,"구운 갓성비 한마리 세트/1(갓성비 세트 구운치킨 맛 변경(구운 핫치킨 맛으로 변경),갓성비 세트 사이드 선택(감자튀김),사이드메뉴(선택 없음))",구운치킨이라 담백해서 좋네요  물리지않아서 좋았어요 맛있게 잘먹었어요,5,5,5,5,2021년 4월 8일
68,치킨,마포구 연남동,돈치킨-성산가좌점,wk**님,구운핫치킨/1,맛있어요 소스서비스줘서 더 좋았또요,5,5,5,5,2021년 4월 4일
69,치킨,마포구 연남동,돈치킨-성산가좌점,ok**님,"구운치킨（치즈볼 3개 서비스 포함） ＋ 치즈볼or감자튀김/1(갓성비 세트 구운치킨 맛 변경(구운 마늘치킨 맛으로 변경),갓성비 세트 사이드 선택(치즈볼),사이드메뉴(선택 없음))",역시나 맛있어요 번째 먹어용,5,5,5,5,2021년 4월 2일
70,치킨,마포구 연남동,돈치킨-성산가좌점,co**님,"구운치킨（치즈볼 3개 서비스 포함） ＋ 치즈볼or감자튀김/1(갓성비 세트 구운치킨 맛 변경(선택 없음),갓성비 세트 사이드 선택(감자튀김),사이드메뉴(선택 없음))",치킨이 담백하고 느끼하지 않아서 매우 좋았어요 매콤소스도 되게 인상적이였어요,5,5,5,5,2021년 4월 2일
71,치킨,마포구 연남동,돈치킨-성산가좌점,go**님,"구운치킨（치즈볼 3개 서비스 포함） ＋ 치즈볼or감자튀김/1(갓성비 세트 구운치킨 맛 변경(선택 없음),갓성비 세트 사이드 선택(치즈볼),사이드메뉴(케이준 양념감자 튀김))",배달도 빨랐고 양도 맛도 치즈볼은 크림치즈로 만든 것 같고 양이 되게 많아서 놀랐어요 감자튀김을 거의 먹어갈 때 쯤 바닥에 머리카락이 있는 걸 발견했는데 그래도 잘 먹었습니닷,5,5,5,5,2021년 4월 1일
72,치킨,마포구 연남동,돈치킨-성산가좌점,ar**님,구운마늘치킨/1,맛있어요 요청사항에 벨누르지말라고 몇번을 써놔도 제대로 알아먹는 기사 없네,5,5,5,1,2021년 3월 31일
73,치킨,마포구 연남동,돈치킨-성산가좌점,da**님,구운치킨/1,너무 맛있어서 또 시켜먹어요,5,5,5,5,2021년 3월 31일
74,치킨,마포구 연남동,돈치킨-성산가좌점,da**님,구운치킨/1,구운치킨 정말 맛있네요,5,5,5,5,2021년 3월 31일
75,치킨,마포구 연남동,돈치킨-성산가좌점,se**님,"구운마늘치킨/1(사이드메뉴(케이준 양념감자 튀김),음료 및 소스(콜라 1.25L))",정말 맛있었어요 다 먹었는데 또 먹고싶어요,5,5,5,5,2021년 3월 29일
76,치킨,마포구 연남동,돈치킨-성산가좌점,bk**님,구운마늘치킨/1(사이드메뉴(선택 없음)),구워서 담백하니 가벼운 느낌에 적당하게 단짠한 소스가 좋네요 매콤한게 좀 아쉬울 타이밍에 매운소스를 찍어먹으니 개운해요 리뷰로 받은 구운계란이 쫠깃 쫠깃하니 식감도 좋았어요,5,5,5,5,2021년 3월 28일
77,치킨,마포구 연남동,돈치킨-성산가좌점,hy**님,"구운 순살 치킨/1(양념 맛 변경(선택 없음),사이드메뉴(선택 없음),음료 및 소스(콜라 500ml))",합격 너무 맛있지만 양이 조금 부족제가 많이 먹어요 하지만 맛있는 음식은 언제나 양이 아쉬움이니까 그게 또 매력이죠 잘 먹었습니다,5,5,4,5,2021년 3월 27일
78,치킨,마포구 연남동,돈치킨-성산가좌점,wh**님,구운바베큐치킨/1(사이드메뉴(선택 없음)),맛잇어요 처음 시켜봣는데 만족,5,5,5,5,2021년 3월 27일
79,치킨,마포구 연남동,돈치킨-성산가좌점,mi**님,구운 순살 치킨/1,담백한 맛이네요 좋습니다,5,5,4,5,2021년 3월 27일
80,치킨,마포구 연남동,돈치킨-성산가좌점,jy**님,구운핫베이크치킨/1,항상 잘 시켜먹고 있습니다 핫베이크는 처음 먹어봤는데 맵싸하게 맛있네용 배달도 빠르고 좋았구여,5,5,5,5,2021년 3월 26일
81,치킨,마포구 연남동,돈치킨-성산가좌점,iu**님,"구운 순살 치킨/1(양념 맛 변경(구운 마늘치킨 맛으로 변경),사이드메뉴(선택 없음))",너무 맛있었어요 또 시킬게요,5,5,5,5,2021년 3월 25일
82,치킨,마포구 연남동,돈치킨-성산가좌점,he**님,구운치킨/1,담백해서 좋습니다 고루고루 맛있어요,5,5,5,5,2021년 3월 24일
83,치킨,마포구 연남동,돈치킨-성산가좌점,s_**님,"구운 순살 치킨/1(양념 맛 변경(구운 바베큐 맛으로 변경),음료 및 소스(마늘소스（봉） 추가-30g))",잘먹었습니다만 평소보다 조금 오버쿡된 느낌입니다,5,4,5,5,2021년 3월 22일
84,치킨,마포구 연남동,돈치킨-성산가좌점,ha**님,구운치킨/1,아주 좋아요 굽네보다맛난듯,5,5,5,5,2021년 3월 21일
85,치킨,마포구 연남동,돈치킨-성산가좌점,th**님,구운핫베이크치킨/1,핫베이크치킨 처음먹어보는데 맛있네요,5,5,5,5,2021년 3월 21일
86,치킨,마포구 연남동,돈치킨-성산가좌점,lo**님,구운치킨/1,구운치킨이라 부담없이 먹었습니다담백하고 맛있게 잘 먹었습니다,5,5,4,5,2021년 3월 20일
87,치킨,마포구 연남동,돈치킨-성산가좌점,sw**님,구운 순살 치킨/1(양념 맛 변경(구운 마늘치킨 맛으로 변경)),배달 상태 좋고 맛있게 먹었습니다 또 주문할게요,5,5,5,5,2021년 3월 20일
88,치킨,마포구 연남동,돈치킨-성산가좌점,ld**님,구운 순살 치킨/1(양념 맛 변경(구운 핫치킨 맛으로 변경)),배달도 빠르고 맛있어요,5,5,5,5,2021년 3월 19일
89,치킨,마포구 연남동,돈치킨-성산가좌점,se**님,구운치킨/1,진짜 최고예요 굽기랑 맛 애들이 진짜진짜 좋아하는 치킨입니다,5,5,5,5,2021년 3월 19일
90,치킨,마포구 연남동,돈치킨-성산가좌점,ha**님,구운 순살 치킨/1(양념 맛 변경(구운 마늘치킨 맛으로 변경)),맛있어요 구운 껍질이 쫀득하고 고소한게 좋아요 향도 좋구요 매운소스도 챙겨주신 센스에 다채롭게 먹을 수 있어서 또 좋네요 다음에 다른맛도 먹어봐야겠어요 잘먹었습니다,5,5,5,5,2021년 3월 15일
91,치킨,마포구 연남동,돈치킨-성산가좌점,sm**님,구운치킨/1(사이드메뉴(선택 없음)),양도 서비스도 완전 굿 입니다 배송도 빨라서 따끈한 치킨 맛있게 먹었습니다 앞으로도 따끈하고 바삭한 오븐 치킨 기대합니다 ,5,5,5,5,2021년 3월 15일
92,치킨,마포구 연남동,돈치킨-성산가좌점,pa**님,구운핫치킨/1(사이드메뉴(선택 없음)),또 시켰어요  일요일 밤마다생각나요 핫치킨추천합니다,5,5,5,5,2021년 3월 14일
93,치킨,마포구 연남동,돈치킨-성산가좌점,ar**님,구운핫베이크치킨/1,다이어트 땜시 오랜만에 먹은 핫베이크 진짜 눈물나게 맛있게 발골하면서 먹었다 올만에 먹으니 맛이 떠블이다 글고 감튀도 대박이다 진짜 감동을느낀 핫베이크였다,5,5,5,5,2021년 3월 14일
94,치킨,마포구 연남동,돈치킨-성산가좌점,ke**님,구운마늘치킨/1(사이드메뉴(선택 없음)),마늘소스가 살짝단듯한것 빼고 좋았어요,5,5,5,5,2021년 3월 14일
95,치킨,마포구 연남동,돈치킨-성산가좌점,tj**님,구운바베큐치킨/1(사이드메뉴(선택 없음)),배달도 빨리 오고 너무 맛있어요,5,5,5,5,2021년 3월 14일
96,치킨,마포구 연남동,돈치킨-성산가좌점,ld**님,구운 순살 치킨/1(양념 맛 변경(구운 매콤하니 맛으로 변경（아주 매운맛）)),배달도 빠르고 매콤해서 맛있어요,5,5,5,5,2021년 3월 12일
97,치킨,마포구 연남동,돈치킨-성산가좌점,hy**님,"구운 순살 치킨/1(양념 맛 변경(구운 마늘치킨 맛으로 변경),사이드메뉴(선택 없음))",배달도 친절하시고 돈치킨 맛잇는건 알사람은 다안다,5,5,5,5,2021년 3월 11일
98,치킨,마포구 연남동,돈치킨-성산가좌점,ju**님,구운 순살 치킨/1(양념 맛 변경(구운 마늘치킨 맛으로 변경)),핫베이크 핫치킨 마늘치킨 모두 맛있는걸로 탕탕,5,5,5,5,2021년 3월 10일
99,치킨,마포구 연남동,돈치킨-성산가좌점,kk**님,구운핫치킨/1(음료 및 소스(매운소스（봉） 추가-30g)),기본소스 더오는줄 몰랐어요 맛있게잘먹었어요,5,5,5,5,2021년 3월 10일
100,치킨,마포구 연남동,돈치킨-성산가좌점,sy**님,"구운치킨/1(사이드메뉴(선택 없음),음료 및 소스(콜라 1.25L 으로 변경))",맛있게 먹었어요 담백해서 좋아요,5,5,5,5,2021년 3월 9일
101,치킨,마포구 연남동,돈치킨-성산가좌점,yu**님,구운마늘치킨/1,이사와서 처음 시켜봅니다 적당히 달달하고 담백해서 너무 맛있었어요 치킨 생각날때 또 시켜먹겠습니다,5,5,5,5,2021년 3월 8일
102,치킨,마포구 연남동,돈치킨-성산가좌점,pa**님,구운핫치킨/1(사이드메뉴(선택 없음)),돈치킨 홀릭중입니당 성산가좌점 접하고는 여기로 꼭시켜요 프랜차이즈인데 지점별로 완성도가 확실히 다릅니다 양념도 넉넉하고 구운것도 마르지않고 적당히 향은 살리고 육질은 마르지않아서 가슴살도 맛있습니다 꼭 이지점으로 시키시길 추천드려용 아 그리고 사장님전화주문이편하실까요,5,5,5,5,2021년 3월 8일
103,치킨,마포구 연남동,돈치킨-성산가좌점,ks**님,구운 순살 치킨/1,넘 맛있어요 매번 시켜먹어요,5,5,5,5,2021년 3월 7일
104,치킨,마포구 연남동,돈치킨-성산가좌점,wo**님,구운핫베이크치킨/1,무사히 잘 받았습니다 맛있게 먹겠습니다,5,5,5,5,2021년 3월 7일
105,치킨,마포구 연남동,돈치킨-성산가좌점,su**님,"구운 통다리 치킨/1(양념 맛 변경(선택 없음),음료 및 소스(콜라 1.25L 으로 변경,매운소스（봉） 추가-30g))",옴뇸뇸 너무 맛있어요 츄천추천 다음에도 또시켜먹을거에요 맛잇는 치킨 먹어서 너무 행보캐요,5,5,5,5,2021년 3월 7일
106,치킨,마포구 연남동,돈치킨-성산가좌점,aw**님,"구운치킨/1(사이드메뉴(선택 없음),음료 및 소스(콜라 1.25L 으로 변경))",역시 저녁에는 구운치킨이죠,5,5,5,5,2021년 3월 7일
107,치킨,마포구 연남동,돈치킨-성산가좌점,se**님,구운치킨/1(사이드메뉴(선택 없음)),돈치킨 진짜 맛있어요 아이들이 너무 좋아하는 치킨이랍니다 튀김껍질 없이 기름속 뺀 구운치킨이라 아이들먹기 좋아요,5,5,5,5,2021년 3월 5일
108,치킨,마포구 연남동,돈치킨-성산가좌점,fa**님,구운 통다리 치킨/1(양념 맛 변경(구운 마늘치킨 맛으로 변경)),먼저 연락후에 사장님이 추천 해주신 것을 먹었습니다 후기 이벤트 음료도 먹고 단골 될것 같습니다 감사합니다,5,5,5,5,2021년 3월 5일
109,치킨,마포구 연남동,돈치킨-성산가좌점,le**님,구운마늘치킨/1,항상 돈치킨 바베큐치킨만 먹다가 오늘은 마늘치킨을 시켜봤어요 한번 꼭 먹어보고 싶었거든요  마늘치킨 역시 맛있고 떡도 들어있어서 먹으면 든든하고 좋아요 사장님께서 닭손질을 잘해주셔서 뼈가 많이 없어서 먹기 편해요 리뷰이벤트로 받은 케이준감자튀김은 계속 먹게 되는 마법이  오늘도 맛있게 잘 먹었습니다,5,5,5,5,2021년 3월 5일
110,치킨,마포구 연남동,돈치킨-성산가좌점,ki**님,구운마늘치킨/1(사이드메뉴(선택 없음)),진짜 맛있네요 감자도 푸짐하게 주셔서 배부르게 먹었습니다,5,5,5,5,2021년 3월 4일
111,치킨,마포구 연남동,돈치킨-성산가좌점,fa**님,"구운 통다리＋통날개 치킨/1(양념 맛 변경(구운 핫치킨 맛으로 변경),음료 및 소스(콜라 1.25L 으로 변경))",할말이 많습니다 일단 생각보단 상당히 메웠습니다 조금 매운것을 좋아하지 않는사람은 먹기 힘듭니다 양은 이해가 가는 넉넉함이 있고요 배달은 잘했지만 분이나 늦었는데 업체에서 연락을 주셨다면 기다림에 이해가 쉬웠겠죠,3,3,4,3,2021년 3월 2일
112,치킨,마포구 연남동,돈치킨-성산가좌점,al**님,구운 순살 치킨/1(양념 맛 변경(선택 없음)),원래 순살 잘 안 먹는데 순살도 국내산이라고 해서 믿고 먹었어요 너무 맛있습니다 ,5,5,5,5,2021년 3월 1일
113,치킨,마포구 연남동,돈치킨-성산가좌점,sm**님,구운치킨/1,오븐치킨의 갑 너무 바삭하게 맛있게 구워온 치킨 온가족이 함께 맛있게 잘 먹었습니다 ,5,5,5,5,2021년 3월 1일
114,치킨,마포구 연남동,돈치킨-성산가좌점,ar**님,구운치킨/1,담백하고 쫄깃쫄깃한게 맛있네요 특히 마늘소스가 일품이었네요 맛있게 잘 먹었습니다,5,5,5,5,2021년 3월 1일
115,치킨,마포구 연남동,돈치킨-성산가좌점,hb**님,구운콘베이크치킨/1,콘베이크가 진또배기였네요,5,5,5,5,2021년 3월 1일
116,치킨,마포구 연남동,돈치킨-성산가좌점,hb**님,구운치킨/1,핵존맛 대존맛 그저 빛,5,5,5,5,2021년 3월 1일
117,치킨,마포구 연남동,돈치킨-성산가좌점,3s**님,구운바베큐치킨/1,속포장 상태와 치킨무 닭고기의 상태가 좋습니다 굽기 정도도 적당하고 소스도 무난하네요 번창하세요,4,4,4,5,2021년 3월 1일
118,치킨,마포구 연남동,돈치킨-성산가좌점,pi**님,구운치킨/1,구운치킨인데 촉촉해서 너무 부드럽고 맛있었어요 배달도 빠르고 요청사항도 잘 들어주셔서 감사합니다 특히 마늘소스가 맵지않고 맛있네요 잘 먹었습니다,5,5,5,5,2021년 2월 28일
119,치킨,마포구 연남동,돈치킨-성산가좌점,da**님,구운치킨/1(사이드메뉴(선택 없음)),안 질리고 맛있어요 잘 먹었습니다,5,5,5,5,2021년 2월 28일
120,치킨,마포구 연남동,돈치킨-성산가좌점,ha**님,구운치킨/1,돈치킨 처음 먹어봤는데 너무 맛있어요 게다가 리뷰 이벤트로 받은 감자가 양이 많아서 깜짝 놀랐습니당 이제부터 구운치킨은 여기로 정착할게요,5,5,5,5,2021년 2월 28일
121,치킨,마포구 연남동,돈치킨-성산가좌점,nl**님,구운 통다리 치킨/1,맛은 굿 양은 조금더 많으면 만족감이 극에 달할듯 배달은 역시가 역시 함 ,5,5,4,5,2021년 2월 28일
122,치킨,마포구 연남동,돈치킨-성산가좌점,zz**님,구운치킨＋콤비네이션 피자（L）/1(양념 맛 변경(구운 바베큐 맛으로 변경)),배달오신분도 친절하고 음식도 맛있어요,5,5,5,5,2021년 2월 28일
123,치킨,마포구 연남동,돈치킨-성산가좌점,8h**님,"구운 순살 치킨/1(양념 맛 변경(선택 없음),사이드메뉴(선택 없음))",너무 기름지지 않고 맛있어요 잘먹었습니다 ,5,5,5,5,2021년 2월 27일
124,치킨,마포구 연남동,돈치킨-성산가좌점,oy**님,구운마늘치킨/1,사진찍는데 딸이 빨리 먹겠다고 손을 내밀어서 손이 같이 찍혔네요 마늘치킨 맵지않고 마늘 향이 맛있게 나요 떡도 있어서 애들과 같이 먹기 좋고요 조리상태도 깨끗하고 좋습니다 양이 제법 많아요 단 서비스로 주신 케이준 감자는 조금 매운맛이 나요 다음에는 또 다른 메뉴도 먹어봐야겠어요 번창하세요,5,5,5,5,2021년 2월 26일
125,치킨,마포구 연남동,돈치킨-성산가좌점,pa**님,구운핫치킨/1(사이드메뉴(선택 없음)),흐미 넘 맛있어요 요즘 돈치킨 홀릭되서 시켜먹는중인데 이게 지점별로 맛이다르네요 마포구청점만 시켰는데 여기로 바꿔야겠어요 양념이 충분하게 발라주시고 구운게란이랑 케이준 감자까지요지점으로시켜드세요,5,5,5,5,2021년 2월 25일
126,치킨,마포구 연남동,돈치킨-성산가좌점,sa**님,"구운 통다리 치킨/1(양념 맛 변경(선택 없음),음료 및 소스(매운소스（봉） 추가-30g))",양도 많고 맛있었어요 다음에 재주문할게요,5,5,5,5,2021년 2월 23일
127,치킨,마포구 연남동,돈치킨-성산가좌점,8h**님,구운 순살 치킨/1(양념 맛 변경(구운 마늘치킨 맛으로 변경)),늦은시간인데 순삭했네요 너무 맛있게먹었습니다,5,5,5,4,2021년 2월 22일
128,치킨,마포구 연남동,돈치킨-성산가좌점,pi**님,구운치킨＋콤비네이션 피자（L）/1(양념 맛 변경(구운 핫치킨 맛으로 변경)),정말 맛있었습니다 배달도 빠르고 좋았어요,5,5,5,5,2021년 2월 20일
129,치킨,마포구 연남동,돈치킨-성산가좌점,ld**님,구운 순살 치킨/1(양념 맛 변경(구운 핫치킨 맛으로 변경)),마늘이랑 매콤하니도 맛있었는데 핫치킨도 맛있네요  메뉴가 다 맛있어요  서버스 감자 안주신줄 알았는데 방식이 바껴서 안에 있었네요 ,5,5,5,5,2021년 2월 19일
130,치킨,마포구 연남동,돈치킨-성산가좌점,sw**님,구운 순살 치킨/1(양념 맛 변경(구운 마늘치킨 맛으로 변경)),배달 상태좋고 맛도 좋습니다 이전에는 감튀를 종이봉투에 주셨는데 이번에는 박스안에 넣어주셨네요 감튀를 치킨위에 부으면 감튀 양이 많아 먹는게 조금 불편했는데 이번에는 먹기 편했습니다 다음에도 주문할게요,5,5,5,5,2021년 2월 19일
131,치킨,마포구 연남동,돈치킨-성산가좌점,le**님,"구운바베큐치킨/1,콜라 1.25L 으로 변경/1",돈치킨 오랜만에 먹어요 배달도 빨리 왔고 바베큐 치킨 살짝 매콤하니 맛있어요 확실히 구운 치킨이라 기름이 덜한거 같아요 떡도 들어있어서 좋아요  리뷰이벤트로 케이준 감자도 받아서 맛있게 먹었어요 마늘치킨도 맛있어보이던데 다음엔 마늘치킨 시켜볼게요,5,5,5,5,2021년 2월 18일
132,치킨,마포구 연남동,돈치킨-성산가좌점,wl**님,구운마늘치킨/1(사이드메뉴(선택 없음)),양이 많아서 배부르게 먹었네요 ,5,5,5,5,2021년 2월 18일
133,치킨,마포구 연남동,돈치킨-성산가좌점,sw**님,"구운 순살 치킨/1(양념 맛 변경(구운 매콤하니 맛으로 변경（아주 매운맛）),음료 및 소스(사이다 1.25L 으로 변경))",감튀를 치킨위에 올려봤는데 양이 엄청나더군요 맛있고 배부르게 먹었습니다 다음에도 주문할게요,5,5,5,5,2021년 2월 17일
134,치킨,마포구 연남동,돈치킨-성산가좌점,ho**님,구운 순살 치킨/1,살도 부드럽고 남겨도 다음날에 먹어도 맛있어용,5,5,5,5,2021년 2월 15일
135,치킨,마포구 연남동,돈치킨-성산가좌점,wo**님,구운콘베이크치킨/1,노릇노릇하게 잘 구워져서 보내주셨네요 감사합니다 잘먹을게요,5,5,5,5,2021년 2월 14일
136,치킨,마포구 연남동,돈치킨-성산가좌점,ls**님,"구운콘베이크치킨/1(음료 및 소스(마늘소스（봉） 추가-30g,매운소스（봉） 추가-30g))",배달 빠르고 맛나요 튀김옷 적어서 좋아요 잘 먹었습니다,5,5,5,5,2021년 2월 13일
137,치킨,마포구 연남동,돈치킨-성산가좌점,ma**님,구운 순살 치킨/1(양념 맛 변경(구운 핫치킨 맛으로 변경)),이번에도 배부르게 잘 먹었습니다 맛이야 당연한거고 주문할 때 마다 사장님이 직접 배달 완료 문자 보내주시는 게 감동인 것 같아요 번거로우실텐데도 늘 정성을 담아 음식 보내주셔서 감사합니다 새해 복 많이 받으시고 기쁜 일 가득한 한 해 보내시길 바랄게요,5,5,5,5,2021년 2월 13일
138,치킨,마포구 연남동,돈치킨-성산가좌점,wo**님,구운핫베이크치킨/1,곱게 구워 보내주셨네요 감사히 잘 먹겠습니다,5,5,5,5,2021년 2월 12일
139,치킨,마포구 연남동,돈치킨-성산가좌점,ta**님,구운마늘치킨/1,정말 맛있게 먹었습니다,5,5,5,5,2021년 2월 12일
140,치킨,마포구 연남동,돈치킨-성산가좌점,li**님,구운 순살 치킨/1(양념 맛 변경(구운 데리야끼치킨 맛으로 변경)),짭짤하니 밥반찬으로도 좋을것 같아요,5,5,5,5,2021년 2월 9일
141,치킨,마포구 연남동,돈치킨-성산가좌점,ji**님,구운마늘치킨/1,부드럽고 양념이랑 잘어울리게 맛있었어요 또시켜먹고싶네용,5,5,5,5,2021년 2월 7일
142,치킨,마포구 연남동,돈치킨-성산가좌점,bj**님,구운바베큐치킨/1,맛있게 잘먹었어요 같이 주신 감자도 맛있고요,5,5,5,5,2021년 2월 7일
143,치킨,마포구 연남동,돈치킨-성산가좌점,ld**님,구운 순살 치킨/1(양념 맛 변경(구운 마늘치킨 맛으로 변경)),배송도 빠르고 정말 맛있어요,5,5,5,5,2021년 2월 7일
144,치킨,마포구 연남동,돈치킨-성산가좌점,pa**님,구운핫치킨/1,매운거 조금이라도 못드시면 많이 맵다고 느껴실거에요  저는 너무 맛있게 잘 먹었지만요  최곱니다 최고,5,5,5,5,2021년 2월 7일
145,치킨,마포구 연남동,돈치킨-성산가좌점,dl**님,구운 순살 치킨/1(양념 맛 변경(구운 마늘치킨 맛으로 변경)),감자도 맛있네요 잘먹었습니다,5,5,5,5,2021년 2월 6일
146,치킨,마포구 연남동,돈치킨-성산가좌점,gl**님,"구운치킨＋콤비네이션 피자（L）/1(음료 및 소스(콜라 1.25L 으로 변경)),마늘소스（봉） 추가-30g/4",시간이 바쁜 가족이 모였는데 요리하기도 뭐해서 낮엔 중식 밤엔 치킨 추가금 내고 메뉴교환도 잘 처리해줘서 주말 잘 보내고 있습니다 다리구이는 오븐구이라 술안주 느낌 강하고요 애들은 조각 주고 피자 주고,5,5,5,5,2021년 2월 5일
147,치킨,마포구 연남동,돈치킨-성산가좌점,cl**님,구운바베큐치킨/1(사이드메뉴(선택 없음)),숯불바베큐 맛을 좋아하는데 맛있네요 보기보다 많이 안 매워서 큰애도 잘먹네요 떡도 있고 양도 괜찮아요 감튀도 좋아요,5,4,4,5,2021년 2월 5일
148,치킨,마포구 연남동,돈치킨-성산가좌점,ns**님,구운치킨/1(사이드메뉴(선택 없음)),깔끔 서비스로 주신 감튀도 존맛 재주문 갑니다,5,5,4,5,2021년 2월 4일
149,치킨,마포구 연남동,돈치킨-성산가좌점,ho**님,매콤하니/1,맛있게 잘 먹었습니다 리뷰 사이다 감사합니다,5,5,5,5,2021년 2월 3일
150,치킨,마포구 연남동,돈치킨-성산가좌점,co**님,구운마늘치킨/1,오늘 처음 주문해봤는데 너무 맛있었어요 리뷰 이벤트로 주신 감자튀김도 너무 맛있어서 나중에 치킨이랑 같이 주문하려구요 치킨 양도 넉넉해서 명이서 배불리 잘 먹었습니다 ,5,5,5,5,2021년 2월 1일
151,치킨,마포구 연남동,돈치킨-성산가좌점,ar**님,구운핫베이크치킨/1,하마터면 잘 못 먹을 뻔 했는데 다시 주문이 가능해서 오랜만에 핫베이크 먹었다 그렇게 오랜만도 아니지만  그래서인지 더 맛있게 먹음 매콤한게 완전 중독이다,5,5,5,5,2021년 2월 1일
152,치킨,마포구 연남동,돈치킨-성산가좌점,ok**님,구운 순살 치킨/1(양념 맛 변경(구운 핫치킨 맛으로 변경)),깜빡하고 사진을 못찍어서 몇일전에 시켜먹은걸로 올려요 근데 똑같은메뉴시켰는데 더맛있어져서 왔습니다 다음에 또 시킬게요,5,5,5,5,2021년 1월 31일
153,치킨,마포구 연남동,돈치킨-성산가좌점,ss**님,"구운핫치킨/1(사이드메뉴(선택 없음),음료 및 소스(콜라 1.25L 으로 변경))",맛있게 잘 먹었습니다 제가 느낀 맵기 정도는 엽떡 정도로 매운거 잘드시는 분들한테는 맵게 느껴지지않을 매운맛이에요  그치만 맛있게 매콤합니다,5,5,5,5,2021년 1월 31일
154,치킨,마포구 연남동,돈치킨-성산가좌점,ew**님,구운바베큐치킨/1(사이드메뉴(선택 없음)),흑흑 맛있었다 오늘 치킨은,5,5,5,5,2021년 1월 31일
155,치킨,마포구 연남동,돈치킨-성산가좌점,kj**님,구운핫치킨/1(사이드메뉴(선택 없음)),웨지 감자 감사합니당 담엔 더 매운거 도전해야겠어요  맛이 막 맵지 않고 꽤 달콤해요,4,4,5,4,2021년 1월 30일
156,치킨,마포구 연남동,돈치킨-성산가좌점,gl**님,"구운 순살 치킨/1(양념 맛 변경(구운 마늘치킨 맛으로 변경),음료 및 소스(콜라 1.25L 으로 변경))",왼쪽 얇은 다리살 껍질 부위 오른쪽 알통 두꺼운 통살 부위 아이폰에서 갤럭시 새걸로 기변증 때문에 바꿨는데 사진 품질이 그냥 세대가 다른 수준이네요 어쩌다보니 집 곳 오다니며 지내고 배달 결제를 담당하고 있는데 맛 없으면 리뷰 안씀,5,5,5,5,2021년 1월 30일
157,치킨,마포구 연남동,돈치킨-성산가좌점,ok**님,"구운 순살 치킨/1(양념 맛 변경(구운 핫치킨 맛으로 변경),사이드메뉴(선택 없음))",진짜 한입 먹자마자 깜짝놀랐어요  다들 진심으로 칭찬하길래 궁금했는데 맛있고 구운치킨은 양 별로 없을줄 알았는데 양도 엄청 많아요,5,5,5,5,2021년 1월 28일
158,치킨,마포구 연남동,돈치킨-성산가좌점,ld**님,구운 순살 치킨/1(양념 맛 변경(구운 매콤하니 맛으로 변경（아주 매운맛）)),배달도 빠르고 너무 매콤하게 맛있었어요 서비스 감자도 맛있어요,5,5,5,5,2021년 1월 28일
159,치킨,마포구 연남동,돈치킨-성산가좌점,et**님,"구운 순살 치킨/1(양념 맛 변경(구운 바베큐 맛으로 변경),사이드메뉴(케이준 양념감자 튀김,한입핫도그)),매운소스（봉） 추가-30g/1",맛도 맛잇어요매운 소스랑 같이 먹으니까 맛잇어용,4,4,3,4,2021년 1월 20일
160,치킨,마포구 연남동,돈치킨-성산가좌점,ho**님,구운마늘치킨/1,리뷰 평소에 안쓰는데 죤내 맛있음 굽네 상위호환,5,5,5,5,2021년 1월 17일
161,치킨,마포구 연남동,돈치킨-성산가좌점,kj**님,구운치킨＋고르곤졸라 피자（L）/1,익스프레스 정말 빠르네요 최고,5,5,5,5,2021년 1월 17일
162,치킨,마포구 연남동,돈치킨-성산가좌점,le**님,"구운치킨/1(음료 및 소스(마늘소스（봉） 추가-30g,매운소스（봉） 추가-30g))",배달빠르고 맛잇게 잘먹었습니당,5,5,5,5,2021년 1월 17일
163,치킨,마포구 연남동,돈치킨-성산가좌점,sm**님,구운치킨/1(사이드메뉴(케이준 양념감자 튀김)),첫주문 맛있게 잘 먹었습니다 치킨집은 한참 기다려야하는데 익스프레스라 빨리 왔어요 바삭하게 구운 치킨 너무 좋아요 다음에도 또 주문할게요,5,5,5,5,2021년 1월 15일
164,치킨,마포구 연남동,돈치킨-성산가좌점,eu**님,"매콤하니/1(사이드메뉴(선택 없음)),콜라 500ml/1",맛있고 엄청 매워요 집이랑 엄청 가까운데 오토바이 분 일단 주문접수가 분 뒤에 됐고 도착까지는 분 좀 넘게 걸렸습니다 금요일이라 그랬겠지요  그래도 맛있어서 담에 또 시킬게요 ,5,5,5,4,2021년 1월 15일
165,치킨,마포구 연남동,돈치킨-성산가좌점,co**님,"구운치킨/1,구운 매콤하니 맛으로 변경（아주 매운맛）/1",칭찬 시작 하겠음와 인생 치킨임 비비큐랑 맞짱 뜨네요 옛날에 굽네 치킨에 한창 빠져있었는데 년 동안 맛이 점점 없어졌었거든요 그래서 그 후로는 안 시켜먹었는데 여기서 그 맛을 다시 찾았어요 저는 후기를 남 보라고 하기 보다는 제가 나중에 맛집이었는 망한집이었는지 구분할라고 쓰는데 간만에 입맛에 쏙 들어서 냉정한 후기를 안달았으니 이번 후기는 누가 좀 봐주세요 ,5,5,5,5,2021년 1월 15일
166,치킨,마포구 연남동,돈치킨-성산가좌점,s_**님,구운 순살 치킨/1(양념 맛 변경(구운 바베큐 맛으로 변경)),역시 구운치킨은 돈치킨,5,5,5,5,2021년 1월 12일
167,치킨,마포구 연남동,돈치킨-성산가좌점,kk**님,구운마늘치킨/1(음료 및 소스(콜라 500ml 으로 변경)),마늘 맛과 향이 좋아요 맛있습니다 날씨때문에 배달도 힘드셨을텐데 감사합니다,5,5,5,5,2021년 1월 12일
168,치킨,마포구 연남동,돈치킨-성산가좌점,sw**님,"구운 순살 치킨/1(양념 맛 변경(구운 핫치킨 맛으로 변경),사이드메뉴(선택 없음))",배달상태 좋고 맛있었습니다 처음 먹었는데 다음에 또 주문할게요,5,5,5,5,2021년 1월 11일
169,치킨,마포구 연남동,돈치킨-성산가좌점,hc**님,구운마늘치킨/1,맛있게 잘먹었습니다 양도 많아요,5,5,5,5,2021년 1월 11일
170,치킨,마포구 연남동,돈치킨-성산가좌점,cs**님,"구운바베큐치킨/1,구운치킨＋콤비네이션 피자（L）/1(양념 맛 변경(구운 데리야끼치킨 맛으로 변경),음료 및 소스(매운소스（봉） 추가-30g))",음식의 양이나 포장상태는 너무 좋았어요,4,4,5,5,2021년 1월 11일
171,치킨,마포구 연남동,돈치킨-성산가좌점,go**님,"구운치킨/1(사이드메뉴(선택 없음),음료 및 소스(매운소스（봉） 추가-30g))",종종 시켜먹는데 역시 맛있어요 ,5,5,5,5,2021년 1월 10일
172,치킨,마포구 연남동,돈치킨-성산가좌점,dr**님,구운마늘치킨/1,맛있네요 돈치킨 거리가 있어서 그런지 조금 식어 왔지만 그래도 맛있어요 서비스로 주신 감자도 맛있어요,5,5,5,4,2021년 1월 10일
173,치킨,마포구 연남동,돈치킨-성산가좌점,lu**님,"구운 순살 치킨/1(양념 맛 변경(선택 없음),사이드메뉴(선택 없음))",순살치킨 맛있네요 양많고,5,5,5,5,2021년 1월 10일
174,치킨,마포구 연남동,돈치킨-성산가좌점,li**님,구운마늘치킨/1,늘 너무 잘 먹고 있습니다 바베큐도 맛있었는데 마늘 맛있네요,5,5,5,5,2021년 1월 10일
175,치킨,마포구 연남동,돈치킨-성산가좌점,ho**님,구운핫치킨/1(사이드메뉴(선택 없음)),요즘 나의최애넘맛있어요,5,5,5,5,2021년 1월 9일
176,치킨,마포구 연남동,돈치킨-성산가좌점,ex**님,"구운마늘치킨/1(사이드메뉴(선택 없음),음료 및 소스(마늘소스（봉） 추가-30g))",자극적이지 않고 담백한 단짠 맛,5,5,5,5,2021년 1월 9일
177,치킨,마포구 연남동,돈치킨-성산가좌점,ma**님,"구운 순살 치킨/1(양념 맛 변경(구운 마늘치킨 맛으로 변경),사이드메뉴(선택 없음),음료 및 소스(매운소스（봉） 추가-30g))",순살 마늘은 진짜  하  사랑입니다,5,5,5,5,2021년 1월 8일
178,치킨,마포구 연남동,돈치킨-성산가좌점,cg**님,구운치킨/1,이번에 첨 시켜먹어봤는데 꽤 괜찮네요,5,5,5,5,2021년 1월 7일
179,치킨,마포구 연남동,돈치킨-성산가좌점,cm**님,구운치킨/1,맛있어요 케이준감자도 존맛,5,5,5,5,2021년 1월 6일
180,치킨,마포구 연남동,돈치킨-성산가좌점,sg**님,"구운 순살 치킨/1(양념 맛 변경(구운 핫치킨 맛으로 변경),사이드메뉴(선택 없음))",껍질은 쫄깃하고 살은 부들부들해서 맛있네요 양도 순살에 구운치킨인거 생각하면 충분한거 같습니다 배달도 좋고 서비스도 좋으시고 주변사람들에게 추천할만한 가게입니다 강추,5,5,5,5,2021년 1월 6일
181,치킨,마포구 연남동,돈치킨-성산가좌점,iu**님,"구운 순살 치킨/1(양념 맛 변경(구운 마늘치킨 맛으로 변경),사이드메뉴(선택 없음))",완전 맛있었어요 진짜로,5,5,5,5,2021년 1월 5일
182,치킨,마포구 연남동,돈치킨-성산가좌점,wh**님,구운핫베이크치킨/1,배달기사분 친절하셨고 맛도 괜찮고 서비스 감자도 잘 먹었습니다,5,5,5,5,2021년 1월 5일
183,치킨,마포구 연남동,돈치킨-성산가좌점,ch**님,구운마늘치킨/1,배달은 쬐끔 늦었지만 맛있게 잘 먹었어요,5,5,5,4,2021년 1월 5일
184,치킨,마포구 연남동,돈치킨-성산가좌점,xo**님,"구운 순살 치킨/1(양념 맛 변경(구운 마늘치킨 맛으로 변경),음료 및 소스(매운소스（봉） 추가-30g))",양이 처음엔 적은듯했는데 먹어보니 배부릅니다 튀긴것만봐서 그런가봐요 맛은 뭐두말할필요가없네요,5,5,5,5,2021년 1월 5일
185,치킨,마포구 연남동,돈치킨-성산가좌점,ph**님,구운 순살 치킨/1(양념 맛 변경(구운 핫치킨 맛으로 변경)),진짜 맛도 맛이지만 사장님 마인드,5,5,5,5,2021년 1월 5일
186,치킨,마포구 연남동,돈치킨-성산가좌점,jh**님,"구운치킨＋콤비네이션 피자（L）/1(양념 맛 변경(선택 없음),사이드메뉴(선택 없음),음료 및 소스(매운소스（봉） 추가-30g))",배달시간피크도아닌데시간정도거렷구요맛은 흠작아요닭이,3,3,2,2,2021년 1월 4일
187,치킨,마포구 연남동,돈치킨-성산가좌점,he**님,구운핫베이크치킨/1,깜박하고 뒤늦게 리뷰남깁니다 앞으로 돈치킨에서는 이거만 먹을거같습니다,5,5,5,5,2021년 1월 4일
188,치킨,마포구 연남동,돈치킨-성산가좌점,go**님,구운데리야끼치킨/1,치킨 좋아하는 살 아들이 진짜 맛있다고해요,5,5,5,5,2021년 1월 3일
189,치킨,마포구 연남동,돈치킨-성산가좌점,yo**님,구운 순살 치킨/1(양념 맛 변경(구운 마늘치킨 맛으로 변경)),역시 구운치킨 너무좋아 마늘도 너무좋아,5,5,5,5,2021년 1월 3일
190,치킨,마포구 연남동,돈치킨-성산가좌점,sw**님,구운핫베이크치킨/1,마늘소스도 많이 챙겨주시고 감사합니다 빠삭하네요,5,5,5,5,2021년 1월 3일
191,치킨,마포구 연남동,돈치킨-성산가좌점,su**님,구운 순살 치킨/1(양념 맛 변경(구운 데리야끼치킨 맛으로 변경)),너무 맛있어요 튀긴것보다 더 맛있어요 ,5,5,5,5,2021년 1월 2일
192,치킨,마포구 연남동,돈치킨-성산가좌점,손님,"구운핫베이크치킨/1(사이드메뉴(선택 없음)),테라 생맥주 1,000cc/1",구운치킨은 굽만 알다가 처음으로 돈치킨 먹었는데 맛있네요 소스도 많이 주시고 앞으로 구운 치킨은 돈치킨 먹을거 같아요,4,4,4,5,2021년 1월 2일
193,치킨,마포구 연남동,돈치킨-성산가좌점,bk**님,구운콘베이크치킨/1,오리지날이 더 나은 거 같아요,4,4,4,4,2021년 1월 1일
194,치킨,마포구 연남동,돈치킨-성산가좌점,ma**님,구운바베큐치킨/1,언제 먹어도 맛있어요 양 많아서 친구랑 둘이 배부르게 잘 먹었습니다  ,5,5,5,5,2021년 1월 1일
195,치킨,마포구 연남동,돈치킨-성산가좌점,mi**님,구운 순살 치킨/1,구운치킨이라 기름이 빠져서 담백하고 맛있었습니다 구운계란도 맛있네요,5,5,4,5,2020년 12월 31일
196,치킨,마포구 연남동,돈치킨-성산가좌점,ar**님,구운핫베이크치킨/1,열흘만에 먹는 맛난 핫베이크 또 한번 아쉬운 리뷰를 남긴다 돈치킨을 올해만 번 넘게 먹으면서 전체적으론 별 다섯개지만 올 다섯개를 주지 않는 것은 첨이다 어제 배달이 많았던 듯 약간 늦긴 했다만 그런걸 이해 못하면 배달 주문을 말아야지 하지만 한번에 하는 배달 양이 많았는지 배달바구니가 열렸던 것인지 다 식어서 왔다 뜯는 순간 아주 미지근한 온기만 남아 있었다 한 입 먹어보니 이미 굳어가고 있었다 분쯤 지나니 미지근한 온기마저 사라져 따끈할 때 먹는 부드러움은 없었다 너무 아쉬워 이렇게 써봤다 개선해 주셨음 좋겠다,5,3,5,3,2020년 12월 30일
197,치킨,마포구 연남동,돈치킨-성산가좌점,ja**님,구운핫베이크치킨/1,다이어트하다 빡치면 시켜먹는곳 구운치킨이라 죄책감이 덜들어요,5,5,5,5,2020년 12월 29일
198,치킨,마포구 연남동,돈치킨-성산가좌점,uk**님,구운핫치킨/1,닭가슴살 쪽이 좀 퍽퍽하긴 한데 맛있게잘먹었어요 배달예상시간보다 분넘게 늦게 도착한건 좀 아쉽네요,5,5,5,5,2020년 12월 29일
199,치킨,마포구 연남동,돈치킨-성산가좌점,gi**님,구운치킨＋콤비네이션 피자（L）/1(양념 맛 변경(선택 없음)),서비스 음료 감사합니다 덕분에 모두들 넉넉히 마실수있었습니다,5,5,5,5,2020년 12월 29일
200,치킨,마포구 연남동,돈치킨-성산가좌점,vi**님,구운핫베이크치킨/1,기름기 빠지고 담백하면서 간도 적당하고 맛있어요,5,5,5,5,2020년 12월 29일
201,치킨,마포구 연남동,돈치킨-성산가좌점,kj**님,구운핫베이크치킨/1,맛있었어용 개인적으로 기본이 제일 맛있는것같아요,5,5,5,5,2020년 12월 28일
202,치킨,마포구 연남동,돈치킨-성산가좌점,my**님,구운마늘치킨/1,처음 받은게 스티커가 뜯어져 있고 박스가 구겨져있어서 사장님께 전화드렸더니 죄송하다시면서 금방 다시 보내주셨습니다 알고보니 열때문에 스티커가 열려있던거라더군요 불안함도 해결하고 서비스로주신 콜라도 감사히 잘 먹겠습니딘 서비스 최고입니다,5,5,5,5,2020년 12월 28일
203,치킨,마포구 연남동,돈치킨-성산가좌점,dl**님,구운 순살 치킨/1(양념 맛 변경(선택 없음)),너무 맛있어서 혼자 다먹었네요 잘먹었습니다,5,5,5,5,2020년 12월 28일
204,치킨,마포구 연남동,돈치킨-성산가좌점,손님,구운 순살 치킨/1(음료 및 소스(사이다 1.25L 으로 변경)),다리살이라 부드럽고 고소해요,5,5,5,5,2020년 12월 28일
205,치킨,마포구 연남동,돈치킨-성산가좌점,wr**님,구운 순살 치킨/1,순살 너무 부드럽고 맛있었습니다 서비스도 너무 감사드립니다,5,5,5,5,2020년 12월 28일
206,치킨,마포구 연남동,돈치킨-성산가좌점,ki**님,구운마늘치킨/1,오오오 맛 있어요 훌륭합니다,5,5,5,5,2020년 12월 27일
207,치킨,마포구 연남동,돈치킨-성산가좌점,ph**님,구운 순살 치킨/1(양념 맛 변경(구운 핫치킨 맛으로 변경)),맛있는데 다른요청사항은 잘 들어주셨는데 리뷰 감자 안왔어용,4,5,5,5,2020년 12월 27일
208,치킨,마포구 연남동,돈치킨-성산가좌점,si**님,구운 통다리 치킨/1(양념 맛 변경(선택 없음)),따듯하게 배달되고 맛있어요,5,5,5,5,2020년 12월 27일
209,치킨,마포구 연남동,돈치킨-성산가좌점,al**님,"구운 순살 치킨/1(음료 및 소스(마늘소스（봉） 추가-30g,매운소스（봉） 추가-30g)),고르곤졸라 피자（L）/1,매운소스（봉） 추가-30g/2,콜라 1.25L 으로 변경/1",맛과서비스 서비스와맛 전부다 최고인 곳 항상여기서만 시킵니다 초초초 강추,4,5,4,5,2020년 12월 26일
210,치킨,마포구 연남동,돈치킨-성산가좌점,ja**님,구운 순살 치킨/1(양념 맛 변경(선택 없음)),진짜 맛있어요 담백하고 딱 좋아요 서비스로 주신 감자튀김도 너무 맛있었어요,5,5,5,5,2020년 12월 26일
211,치킨,마포구 연남동,돈치킨-성산가좌점,손님,구운치킨/1,담백하고 깔끔한 맛입니다굿,5,5,5,5,2020년 12월 26일
212,치킨,마포구 연남동,돈치킨-성산가좌점,ko**님,구운치킨/1(음료 및 소스(매운소스（봉） 추가-30g)),넘 맛있어서 리뷰 깜빡했어오 먹다보냅니다,5,5,4,5,2020년 12월 25일
213,치킨,마포구 연남동,돈치킨-성산가좌점,mi**님,"구운치킨/1,구운데리야끼치킨/1,매운소스（봉） 추가-30g/1",생각보다 일찍 와주시고 맛도있고 깔끔하네요 메리크리스마스 오늘 주문은 성공입니다,5,5,5,5,2020년 12월 25일
214,치킨,마포구 연남동,돈치킨-성산가좌점,hy**님,구운 순살 치킨/1,닭도 맛있고 서비스로 주신 감자튀김도 서비스가 아니라 메뉴로 한접시를 주셔서 감사합니다 순살을 선호하는 사람으로써 순살피자 메뉴가 있었으면 정말 좋겠어요,5,5,5,5,2020년 12월 25일
215,치킨,마포구 연남동,돈치킨-성산가좌점,ju**님,구운치킨/1,양도 많고 맛도 좋아요,5,5,5,5,2020년 12월 25일
216,치킨,마포구 연남동,돈치킨-성산가좌점,ok**님,구운 순살 치킨/1(양념 맛 변경(구운 마늘치킨 맛으로 변경)),맛있었어요 믿고먹는 돈치킨,5,5,5,5,2020년 12월 25일
217,치킨,마포구 연남동,돈치킨-성산가좌점,kj**님,구운 순살 치킨/1(양념 맛 변경(선택 없음)),구운치킨인데도 퍽퍽하지 않고 육즙 촉촉해서 좋네요 밑간이 살짝 센거같긴 하지만 냄새나는것보다는 차라리 좋아요 맛있게 잘 먹었습니다,5,5,5,5,2020년 12월 24일
218,치킨,마포구 연남동,돈치킨-성산가좌점,ba**님,구운핫베이크치킨/1,맛있게 잘 먹었습니다 잘 구워져서 왔네요 재주문 의사 있습니다,5,5,5,5,2020년 12월 23일
219,치킨,마포구 연남동,돈치킨-성산가좌점,tm**님,구운치킨/1,양도 많고 감자튀김 서비스도 주셨어요  넘 기름지지않고 맛나용 ,5,5,5,5,2020년 12월 20일
220,치킨,마포구 연남동,돈치킨-성산가좌점,dd**님,구운콘베이크치킨/1,깔끔한 베이크가 맛있네요 다른닭들은 너무 기름진데 또 먹을게요,5,5,5,5,2020년 12월 20일
221,치킨,마포구 연남동,돈치킨-성산가좌점,ar**님,구운핫베이크치킨/1,구운계란이 안 왔음에도 쓴다 한동안 못 먹었던 핫베이크 오랜만에 먹으니 전보다 더 맛났다 역시 돈치킨에선 핫베이크가 짱 여기에 핫소스 찍어먹음 열도 팍팍나고 끝내준다 그런데 운영하신지 얼마 되지 않으셔서 그런가 굽기가 이전에 먹었던 것과는 달랐다 촉촉함도 덜했고 살짝 많이 구워진 듯한 느낌도 들고 굽기엔 약간의 문제가 있었지만 맛은 변함없기에 별 다섯개 ,5,5,5,5,2020년 12월 20일
222,치킨,마포구 연남동,돈치킨-성산가좌점,ji**님,구운마늘치킨/1,맛있게 잘먹었습니다 신경많이쓰신거같네요 ,5,5,5,5,2020년 12월 20일
223,치킨,마포구 연남동,돈치킨-성산가좌점,sy**님,구운마늘치킨/1,잘 먹었습니다 다음에 다른 맛 치키를 주문할 거예요,5,5,5,5,2020년 12월 18일
224,치킨,마포구 연남동,돈치킨-성산가좌점,dd**님,구운 순살 치킨/1(양념 맛 변경(선택 없음)),처음 먹어보는데 엄청 담백하고 맛있어요 내 몸에게 전혀 미안하지 않은 담백고소건강한 치킨이에요  소스도 같이 주셔서 찍어 먹어보았는데 매운소스는 진짜 톡쏘게 맵고 마늘소스가 특히나 맛나요  다음엠 마늘소스로 시켜보려구요 서비스로 주신 케이준감자도 잘 먹었습니다 감사합니다 ,5,5,5,5,2020년 12월 18일
225,치킨,마포구 연남동,돈치킨-성산가좌점,yo**님,구운콘베이크치킨/1,돈치킨 처음 먹어보는데 진짜 맛있네요  겉바속촉이구요 살도 덜 찔것같아요 치킨먹고싶을때 강추,5,5,5,5,2020년 12월 17일
226,치킨,마포구 연남동,돈치킨-성산가좌점,po**님,구운 순살 치킨/1(양념 맛 변경(구운 마늘치킨 맛으로 변경)),양념이 짭조롬 해서 안주나 밥반찬으로도 좋을 것 같아요 마늘 양념인데 마늘맛은 거의 안나고 간장맛이 나는듯 하네요  소스 추가로 챙겨주시고 감튀도 주셔서 감사드립니다 맛잇게 잘먹었습니다 ,5,4,3,4,2020년 12월 17일
227,치킨,마포구 연남동,돈치킨-성산가좌점,rs**님,"구운콘베이크치킨/1,마늘소스（봉） 추가-30g/1",궁금한거 전화로 문의하는데 전화받으신 직원분 너무 친절하게 응대해줘서 좋았어요 늦은시간에 집에 가는길에 주문하고 바로 음식 받을수있게끔 주문하고 시간정도 뒤에 배달요청을 했는데요 시간도 딱 맞춰주셔서 너무 감사했어요 그런데  너무너무 추운 날씨 탓인지치킨이 아주 차게 식었더라고요흑흑  겉은 바삭 속은 촉촉 구운콘베이크 엄청 기대했었는데 얇은튀김껍질이 식으니깐 눅눅해지더라고요치킨 자체의 맛은 있었지만 너무 식어버린게 아쉬웠습니다식어도 치킨은맛있었지만 따듯했으면 진짜 더욱 맛있었을거같아요,5,5,5,4,2020년 12월 16일
228,치킨,마포구 연남동,돈치킨-성산가좌점,dl**님,구운 순살 치킨/1(양념 맛 변경(구운 핫치킨 맛으로 변경)),약간 매웠지만 맛있게 잘먹었습니다,5,5,5,5,2020년 12월 15일
229,치킨,마포구 연남동,돈치킨-성산가좌점,so**님,구운치킨/1,제가 갑자기 전화가 와서 정신 없었는데 배달이 왔었어요다행히도 배달 기사분이 문도 잘 닫아주시고 배달도 안전하게 해주셔서 이제 정신차리고 먹네요 감사했습니다 맛도 짭조름한게 맛있어요 ,5,5,5,5,2020년 12월 15일
230,치킨,마포구 연남동,돈치킨-성산가좌점,ma**님,구운핫치킨/1,양도 많고 배달도 빨라요 오자마자 급하게 허버버 먹느라 까먹고 사진을 늦게 찍었어요 원래는 위에 떡도 있는데 완전 쫄깃 죽여줘요 생각보다 매운데 진짜 맛있어서 습 하 거리면서 계속 먹게 됨,5,5,5,5,2020년 12월 14일
231,치킨,마포구 연남동,돈치킨-성산가좌점,qh**님,구운마늘치킨/1(음료 및 소스(콜라 1.25L)),다른 브랜드보다 안꿇리고 진짜 맛있게먹었어요 늦게남겨서 죄송합니다 ,5,5,5,5,2020년 12월 13일
232,치킨,마포구 연남동,돈치킨-성산가좌점,sy**님,구운바베큐치킨/1,너무 맛있어요다음에 꼭 다시 주문해요,5,5,5,5,2020년 12월 13일
233,치킨,마포구 연남동,돈치킨-성산가좌점,90**님,구운마늘치킨/1,맛있어요맛있어요맛있어요,4,4,4,4,2020년 12월 12일
234,치킨,마포구 연남동,돈치킨-성산가좌점,li**님,구운바베큐치킨/1,정말 맛있게 잘 먹었어요 남편이 소주 한병 마시겠다더니 두 병을 해치워버릴 정도였어요,5,5,5,5,2020년 12월 12일
235,치킨,마포구 연남동,돈치킨-성산가좌점,du**님,구운핫치킨/1,사진을 못찍었네요 맛있게 잘 먹었습니다 매움의정도가 딱 맞네요 이전에는 엄청 매웠는데 다음에도 또 시켜먹겠습니다,5,5,5,5,2020년 12월 11일
236,치킨,마포구 연남동,돈치킨-성산가좌점,sw**님,매콤하니/1,배달 잘 왔고 맛있었습니다 다음에도 주문할게요,5,5,5,5,2020년 12월 10일
237,치킨,마포구 연남동,돈치킨-성산가좌점,re**님,구운마늘치킨/1,리뷰가 적허 걱정했는데 맛있어요 개인적으로는 떡도 같이 구워서 바삭한 맛이 있음 좋겠어요 물에 삶았나 싶은 말랑 질감인데 물떡 같아서 쪼금 아쉬웠어요 짠걸 좋아하는 입맛인데도 먹으니까 아 짜다 싶더라구요  간장치킨 마니아인데 짠맛 쪼금만 덜하고 단맛 추가하면 완벽한 단짠일 듯 치킨굽기도 조금 더 구우시면 바삭바삭 식감 살지않을까하는 생각이에요 혹시 가게 요리법이 부드러운걸 좋아하시는 거면 제 경솔함이구요  맵찔이인데 매운소스 넘 맛있어서 허어 하면서 계속 먹었어요 어디까지나 개취인 일치킨러의 리뷰였슴닷,5,4,4,5,2020년 12월 10일
