﻿,Category,Location,Restaurant,UserID,Menu,Review,Total,Taste,Quantity,Delivery,Date
0,치킨,마포구 연남동,떡볶이도맛있는치킨플러스-서교점,10**님,"떡볶이선택 ＋ 순살치킨선택 ＋ 콜라 1.25L/1(떡볶이 맛 선택(로제（보통맛）),치킨 맛 선택(크리미어니언순살치킨))",정말 맛있게 먹었어요 ,5,5,5,5,1시간 전
1,치킨,마포구 연남동,떡볶이도맛있는치킨플러스-서교점,tj**님,"떡볶이선택 ＋ 순살치킨선택 ＋ 콜라 1.25L/1(떡볶이 맛 선택(아주매운맛),치킨 맛 선택(순살 개매운치킨))",너무 맛있거 잘먹었어요 치킨은 아삭하고 매운치키은 맛있고요,5,5,5,5,2시간 전
2,치킨,마포구 연남동,떡볶이도맛있는치킨플러스-서교점,da**님,"반마리순살치킨 ＋ 떡볶이 ＋ 콜라 1.25L/1(떡볶이 맛 선택(해물맛),치킨 맛 선택(순살 바삭담백한 후라이드),플러스 메뉴 추가 선택(치즈스틱 （6개）))",양도많고 전부 다 맛있어서 금방 다먹어버렸네요  다음에 또 먹고싶은 맛입니다,5,5,5,5,21시간 전
3,치킨,마포구 연남동,떡볶이도맛있는치킨플러스-서교점,rb**님,"반마리순살치킨 ＋ 떡볶이 ＋ 콜라 1.25L/1(떡볶이 맛 선택(로제（보통맛）),치킨 맛 선택(순살 바삭담백한 후라이드),플러스 메뉴 추가 선택(치즈스틱 （3개）,미니핫도그 （5개）))",양도 넉넉하고 넘 맛있게 먹었습니다 ,5,5,5,5,어제
4,치킨,마포구 연남동,떡볶이도맛있는치킨플러스-서교점,dz**님,"떡볶이선택 ＋ 순살치킨선택 ＋ 콜라 1.25L/1(떡볶이 맛 선택(보통맛),치킨 맛 선택(순살 바삭담백한 후라이드))",양도 많고 맛있네요 잘먹었습니다,5,5,5,5,2일 전
5,치킨,마포구 연남동,떡볶이도맛있는치킨플러스-서교점,ho**님,"떡볶이선택 ＋ 순살치킨선택 ＋ 콜라 1.25L/1(떡볶이 맛 선택(매운맛),치킨 맛 선택(순살 바삭담백한 후라이드))",매운 떡볶이랑 치킨이 너무 잘 어울려요 후라이드 항상 바삭바삭하고  서비스 치즈볼도 너무 맛있어용 짱짱,5,5,5,5,2일 전
6,치킨,마포구 연남동,떡볶이도맛있는치킨플러스-서교점,go**님,"반마리순살치킨 ＋ 떡볶이 ＋ 콜라 1.25L/1(떡볶이 맛 선택(보통맛),치킨 맛 선택(순살 간장치킨))",맛있네요 자주 먹을거 같아요,5,5,5,5,2일 전
7,치킨,마포구 연남동,떡볶이도맛있는치킨플러스-서교점,sk**님,"로제떡볶이/1(떡볶이 맛 선택(보통맛),플러스 메뉴 추가 선택(치즈스틱 （3개）),음료 추가 선택(콜라 1.25L 추가))",맛이 약간 연하고 우유맛이 느껴지는데 맛있었어요 저같은 경우는 담에 더 맵게나 진하게 시키면 될 것같았어용 약간 중국식 당면같은 떡이 신기했다고 할까용 생각보다 양이 좀 돼서 두번 나눠서 잘 먹었습니당 감사합니다,4,4,5,,2일 전
8,치킨,마포구 연남동,떡볶이도맛있는치킨플러스-서교점,mo**님,"반마리순살치킨 ＋ 떡볶이 ＋ 콜라 1.25L/1(떡볶이 맛 선택(해물맛),치킨 맛 선택(순살 바삭담백한 후라이드))",맛있어요 늘 잘먹고 있습니다,5,5,5,5,2일 전
9,치킨,마포구 연남동,떡볶이도맛있는치킨플러스-서교점,ho**님,"떡볶이2~3인 ＋ 똥집튀김（소） ＋ 콜라 1.25L/1(떡볶이 맛 선택(매운맛),플러스 메뉴 추가 선택(추억의 핫도그 feat.설탕（2개） --> 추가))",치킨집일때부터 잘먹고있어요,5,5,5,5,4일 전
10,치킨,마포구 연남동,떡볶이도맛있는치킨플러스-서교점,zk**님,"반마리순살치킨 ＋ 떡볶이 ＋ 콜라 1.25L/1(떡볶이 맛 선택(해물맛),치킨 맛 선택(순살 강정치킨))",가격대비 훌륭한 선택입니다,5,5,5,5,4일 전
11,치킨,마포구 연남동,떡볶이도맛있는치킨플러스-서교점,ys**님,"반마리순살치킨 ＋ 떡볶이 ＋ 콜라 1.25L/1(떡볶이 맛 선택(보통맛),치킨 맛 선택(순살 간장치킨)),호로록떡볶이（해물맛）/1",배달이 예상시간보다 분가량 늦게왔지만 맛은 있었어용 해물떡볶이는 너구리맛났어요,5,5,5,1,5일 전
12,치킨,마포구 연남동,떡볶이도맛있는치킨플러스-서교점,sa**님,"떡볶이선택 ＋ 순살치킨선택 ＋ 콜라 1.25L/1(떡볶이 맛 선택(보통맛),치킨 맛 선택(순살 핫쵸킹))",떡볶이가 조금 싱거웠지만 넘 맛있게 잘 먹었습니당,5,5,5,5,일주일 전
13,치킨,마포구 연남동,떡볶이도맛있는치킨플러스-서교점,go**님,"반마리순살치킨 ＋ 떡볶이 ＋ 콜라 1.25L/1(떡볶이 맛 선택(매운맛),치킨 맛 선택(순살 바삭담백한 후라이드)),똥집튀김小/1,미니핫도그 （5개）/1,치즈스틱 （6개）/1",넘 오랜만이라 그런가 여기 순살은 작고 부드러웠던 같은데다른 메뉴들도 좀 아쉽습니다,4,4,4,4,2021년 7월 25일
14,치킨,마포구 연남동,떡볶이도맛있는치킨플러스-서교점,ka**님,"떡볶이선택 ＋ 순살치킨선택 ＋ 콜라 1.25L/1(떡볶이 맛 선택(보통맛),치킨 맛 선택(크리미어니언순살치킨))",정말 맛있어요 양도 많고 배달도 빠르고 서비스도 받구 잘 먹었습니다 다음에 또 주문할게요,5,5,5,5,2021년 7월 24일
15,치킨,마포구 연남동,떡볶이도맛있는치킨플러스-서교점,cy**님,"떡볶이선택 ＋ 순살치킨선택 ＋ 콜라 1.25L/1(떡볶이 맛 선택(보통맛),치킨 맛 선택(순살 쉑쉑양꼬치킨))",오랜만에 치킨플러스 생각나서 치떡시켯는데 맛있게 잘먹었습니다,5,5,5,5,2021년 7월 24일
16,치킨,마포구 연남동,떡볶이도맛있는치킨플러스-서교점,co**님,"반마리순살치킨 ＋ 떡볶이 ＋ 콜라 1.25L/1(떡볶이 맛 선택(보통맛),치킨 맛 선택(순살 바삭담백한 후라이드))",누들떡이라서 더 좋아요 쫄깃쫄깃 치킨도 떡볶이도 맛있게 잘 먹엇습니다,5,5,5,3,2021년 7월 23일
17,치킨,마포구 연남동,떡볶이도맛있는치킨플러스-서교점,hd**님,"혼치떡SET（반마리순살＋떡볶이）/1(떡볶이 맛 선택(로제（매운맛）),치킨 맛 선택(순살 쉑쉑양꼬치킨))",양도 많고 맛있었습니다,5,5,5,5,2021년 7월 23일
18,치킨,마포구 연남동,떡볶이도맛있는치킨플러스-서교점,ho**님,"반마리순살치킨 ＋ 떡볶이 ＋ 콜라 1.25L/1(떡볶이 맛 선택(로제（보통맛）),치킨 맛 선택(순살 바삭담백한 후라이드))",치킨플러스는 걍 맛잇는거 같아요 믿고먹습니다 다만 배달 늦어서 떡볶이가 좀 많이 뿔어서 아쉬웟어용 그것만 빼면 완벽햇습니당,5,5,5,2,2021년 7월 23일
19,치킨,마포구 연남동,떡볶이도맛있는치킨플러스-서교점,pq**님,"반마리순살치킨 ＋ 떡볶이 ＋ 콜라 1.25L/1(떡볶이 맛 선택(매운맛),치킨 맛 선택(순살 바삭담백한 후라이드))",맛있게 잘먹었습니다 근대 웨지감자 소스가 열려서 와서 범벅이 돼서 끈적거리는거 닦느라 고생했네요 ,5,5,5,2,2021년 7월 22일
20,치킨,마포구 연남동,떡볶이도맛있는치킨플러스-서교점,ye**님,"반마리순살치킨 ＋ 떡볶이 ＋ 콜라 1.25L/1(떡볶이 맛 선택(보통맛),치킨 맛 선택(순살 바삭담백한 후라이드))",떡볶이 양이 조금 더 있음 좋겠다는 생각도 들지만 이 가격에 이 정도 양은 굿이죠,5,5,5,5,2021년 7월 20일
21,치킨,마포구 연남동,떡볶이도맛있는치킨플러스-서교점,ke**님,"반마리순살치킨 ＋ 떡볶이 ＋ 콜라 1.25L/1(떡볶이 맛 선택(아주매운맛),치킨 맛 선택(순살 바삭담백한 후라이드))",맛있어서 일만에 또 시킴 가성비도 쩔고 양도 둘이 맥주마시기 딱입니다 떡볶이는 ,5,5,5,5,2021년 7월 19일
22,치킨,마포구 연남동,떡볶이도맛있는치킨플러스-서교점,kk**님,"반마리순살치킨 ＋ 떡볶이 ＋ 콜라 1.25L/1(떡볶이 맛 선택(로제（매운맛）),치킨 맛 선택(순살 바삭담백한 후라이드))",정말맛있네요 또주문할듯 ,5,5,5,5,2021년 7월 19일
23,치킨,마포구 연남동,떡볶이도맛있는치킨플러스-서교점,k2**님,"혼치떡SET（반마리순살＋떡볶이）/1(떡볶이 맛 선택(아주매운맛),떡볶이 옵션 추가 선택(납작당면 （100g） 추가),치킨 맛 선택(순살 꿔바로우치킨),음료 추가 선택(콜라 1.25L 변경))",완전 맛있어서 사진도 못 찍고 먹어버렸다는 배달 빠르고 점주 친절 재주문 약속 드려요,5,5,5,5,2021년 7월 18일
24,치킨,마포구 연남동,떡볶이도맛있는치킨플러스-서교점,si**님,"떡볶이선택 ＋ 순살치킨선택 ＋ 콜라 1.25L/1(떡볶이 맛 선택(아주매운맛),치킨 맛 선택(순살 눈맞은치킨))",떡볶이 매운맛 딱 좋음 치킨 같이 먹는 거 너무 좋음,5,5,5,5,2021년 7월 18일
25,치킨,마포구 연남동,떡볶이도맛있는치킨플러스-서교점,rv**님,"반마리순살치킨 ＋ 떡볶이 ＋ 콜라 1.25L/1(떡볶이 맛 선택(매운맛),치킨 맛 선택(순살 바삭담백한 후라이드))",배달시간 좋아요 떡볶이는 괜찮은데 치킨은 보통의 맛 혼자 먹기 적당해서 좋았어요,4,5,4,5,2021년 7월 18일
26,치킨,마포구 연남동,떡볶이도맛있는치킨플러스-서교점,ja**님,"떡튀SET （2~3인분 떡볶이 맛선택 ＋ 튀김세트）/1(떡볶이 맛 선택(보통맛),플러스 메뉴 추가 선택(추억의 핫도그 feat.설탕（2개） --> 추가))",호로록 떡이 별로 쫄깃하지 않고 치즈 든 떡은 속이 너무 건조하네요,4,4,5,5,2021년 7월 18일
27,치킨,마포구 연남동,떡볶이도맛있는치킨플러스-서교점,an**님,"반마리순살치킨 ＋ 떡볶이 ＋ 콜라 1.25L/1(떡볶이 맛 선택(아주매운맛),떡볶이 옵션 추가 선택(비엔나소시지 추가（5개）),치킨 맛 선택(순살 바삭담백한 후라이드))",배달이 진짜 빨리왔어여거의 분만에 온듯합니닿 치킨플러스 처음 주문해봤는데 앞으로 자주 시켜먹을게요제가 왜 이걸 이제먹었는지반성합니다 양도 진짜 많고 순살은 닭다리살에 떡볶이도 진짜 맛있고 떡도 쫄깃했어요 떡볶이 제일 매운맛 먹었는데 저한테 딱 좋은 맵기였어욯서비스 치즈볼도 감사합니닷,5,5,5,5,2021년 7월 18일
28,치킨,마포구 연남동,떡볶이도맛있는치킨플러스-서교점,mo**님,"반마리순살치킨 ＋ 떡볶이 ＋ 콜라 1.25L/1(떡볶이 맛 선택(매운맛),치킨 맛 선택(순살 바삭담백한 후라이드))",매운맛 떡볶이 맛잇어요 배달도 빨라요,5,5,5,5,2021년 7월 17일
29,치킨,마포구 연남동,떡볶이도맛있는치킨플러스-서교점,ke**님,"반마리순살치킨 ＋ 떡볶이 ＋ 콜라 1.25L/1(떡볶이 맛 선택(매운맛),치킨 맛 선택(순살 바삭담백한 후라이드))",떡볶이 맛집 순살도 인분으로써 쵝오 가성비가 쩖 또 시킬겁니다 ,5,5,5,5,2021년 7월 16일
30,치킨,마포구 연남동,떡볶이도맛있는치킨플러스-서교점,hj**님,"반마리순살치킨 ＋ 떡볶이 ＋ 콜라 1.25L/1(떡볶이 맛 선택(보통맛),치킨 맛 선택(순살 바삭담백한 후라이드))",떡볶이가 불기 전에 배달 빠르게 왔어요 혼자 먹기에 딱 알맞은 양입니다,5,5,5,5,2021년 7월 15일
31,치킨,마포구 연남동,떡볶이도맛있는치킨플러스-서교점,my**님,"반마리순살치킨 ＋ 떡볶이 ＋ 콜라 1.25L/1(떡볶이 맛 선택(보통맛),치킨 맛 선택(순살 바삭담백한 후라이드))",치킨도 맛있고 떡볶이도요 두개다 자극적이지않게 맛있어요,5,5,5,5,2021년 7월 15일
32,치킨,마포구 연남동,떡볶이도맛있는치킨플러스-서교점,er**님,"반마리순살치킨 ＋ 떡볶이 ＋ 콜라 1.25L/1(떡볶이 맛 선택(매운맛),떡볶이 옵션 추가 선택(납작당면 （100g） 추가),치킨 맛 선택(순살 바삭담백한 후라이드))",맛있게 잘 먹었어요 가성비 정말 좋네요,5,5,5,5,2021년 7월 15일
33,치킨,마포구 연남동,떡볶이도맛있는치킨플러스-서교점,lh**님,떡볶이2~3인 ＋ 황금치즈볼（5개） ＋ 콜라 1.25L/1(떡볶이 맛 선택(매운맛)),너무 늦게 리뷰쓰네요 떡볶이 맛있었어요 양이 그렇게 많지는 않아서 아쉬웠습니다,5,5,4,5,2021년 7월 15일
34,치킨,마포구 연남동,떡볶이도맛있는치킨플러스-서교점,ch**님,"반마리순살치킨 ＋ 떡볶이 ＋ 콜라 1.25L/1(떡볶이 맛 선택(매운맛),치킨 맛 선택(순살 바삭담백한 후라이드),플러스 메뉴 추가 선택(튀김세트))",치킨과 떡볶이 가성비로 최고입니다,5,4,5,5,2021년 7월 15일
35,치킨,마포구 연남동,떡볶이도맛있는치킨플러스-서교점,wl**님,"반마리순살치킨 ＋ 떡볶이 ＋ 콜라 1.25L/1(떡볶이 맛 선택(보통맛),치킨 맛 선택(순살 바삭담백한 후라이드))",떡볶이 전문점보다 나은거 같아요 잘먹었습니다,5,5,5,5,2021년 7월 14일
36,치킨,마포구 연남동,떡볶이도맛있는치킨플러스-서교점,fi**님,"반마리순살치킨 ＋ 떡볶이 ＋ 콜라 1.25L/1(떡볶이 맛 선택(보통맛),치킨 맛 선택(순살 바삭담백한 후라이드))",늦은 시간인데도 음식을 정성껏 보내 주시고 맛도 참 좋았습니다 잘 먹었습니다,5,5,5,5,2021년 7월 14일
37,치킨,마포구 연남동,떡볶이도맛있는치킨플러스-서교점,ss**님,"반마리순살치킨 ＋ 떡볶이 ＋ 콜라 1.25L/1(떡볶이 맛 선택(로제（보통맛）),치킨 맛 선택(순살 바삭담백한 후라이드))",지금와서 먹는중입니다 떡볶이는 맛잇고 양이좀 작습니다 치킨은 그냥 그렇지만 먹을만합니다 별점은 가득채웁니다,5,5,5,5,2021년 7월 13일
38,치킨,마포구 연남동,떡볶이도맛있는치킨플러스-서교점,yu**님,"혼치떡SET（반마리순살＋떡볶이）/1(떡볶이 맛 선택(보통맛),치킨 맛 선택(순살 바삭담백한 후라이드))",맛있어요치즈 떡볶이 입니다,5,5,4,4,2021년 7월 13일
39,치킨,마포구 연남동,떡볶이도맛있는치킨플러스-서교점,qp**님,"반마리순살치킨 ＋ 떡볶이 ＋ 콜라 1.25L/1(떡볶이 맛 선택(매운맛),치킨 맛 선택(순살 양념치킨))",양많고 가성비 최고네요만족합니다,5,5,5,5,2021년 7월 13일
40,치킨,마포구 연남동,떡볶이도맛있는치킨플러스-서교점,wo**님,"반마리순살치킨 ＋ 떡볶이 ＋ 콜라 1.25L/1(떡볶이 맛 선택(보통맛),치킨 맛 선택(순살 바삭담백한 후라이드))",완전 미친 가성비입니다 떡볶이가 맛있었어요,5,5,5,5,2021년 7월 13일
41,치킨,마포구 연남동,떡볶이도맛있는치킨플러스-서교점,ye**님,"반마리순살치킨 ＋ 떡볶이 ＋ 콜라 1.25L/1(떡볶이 맛 선택(보통맛),치킨 맛 선택(순살 바삭담백한 후라이드))",치킨이 뻑뻑살이 아닌 다릿살이라서 더 맛있네요 국물떡볶이도 인분 양으로 적당하고요,5,5,5,5,2021년 7월 12일
42,치킨,마포구 연남동,떡볶이도맛있는치킨플러스-서교점,fl**님,"반마리순살치킨 ＋ 떡볶이 ＋ 콜라 1.25L/1(떡볶이 맛 선택(로제（보통맛）),치킨 맛 선택(순살 핫쵸킹))",떡뽂이가특히 맛있어요감사합니다,5,5,5,5,2021년 7월 11일
43,치킨,마포구 연남동,떡볶이도맛있는치킨플러스-서교점,09**님,"반마리순살치킨 ＋ 떡볶이 ＋ 콜라 1.25L/1(떡볶이 맛 선택(보통맛),치킨 맛 선택(순살 바삭담백한 후라이드),플러스 메뉴 추가 선택(치즈스틱 （6개）))",가성비는 좋지만 떡볶이가 부실하고 치킨 씹다가 돌맹이를 씹었어요  반정도 먹은 상태여서 어쩔수 없이 남겼는데 이 나갈뻔 했습니다,3,4,3,3,2021년 7월 11일
44,치킨,마포구 연남동,떡볶이도맛있는치킨플러스-서교점,mk**님,"떡볶이선택 ＋ 순살치킨선택 ＋ 콜라 1.25L/1(떡볶이 맛 선택(보통맛),치킨 맛 선택(순살 눈맞은치킨))",크 맛있게 잘 먹었습니다 굿 굿 굿 ,5,5,5,5,2021년 7월 11일
45,치킨,마포구 연남동,떡볶이도맛있는치킨플러스-서교점,rb**님,"반마리순살치킨 ＋ 떡볶이 ＋ 콜라 1.25L/1(떡볶이 맛 선택(로제（보통맛）),떡볶이 옵션 추가 선택(비엔나소시지 추가（5개）),치킨 맛 선택(순살 바삭담백한 후라이드))",싸고 맛있게 잘 먹었습니다 ,5,5,5,5,2021년 7월 11일
46,치킨,마포구 연남동,떡볶이도맛있는치킨플러스-서교점,eu**님,떡볶이2~3인 ＋ 황금치즈볼（5개） ＋ 콜라 1.25L/1(떡볶이 맛 선택(아주매운맛)),믿고 먹는 치플 너무 맛나요 서비스로 주신 감튀도 양많고 맛나요 ,5,5,5,5,2021년 7월 10일
47,치킨,마포구 연남동,떡볶이도맛있는치킨플러스-서교점,ja**님,"반마리순살치킨 ＋ 떡볶이 ＋ 콜라 1.25L/1(떡볶이 맛 선택(아주매운맛),치킨 맛 선택(순살 바삭담백한 후라이드))",치킨 너무 맛있어요다 야들야들 살이라 촉촉해요,5,5,5,5,2021년 7월 10일
48,치킨,마포구 연남동,떡볶이도맛있는치킨플러스-서교점,ji**님,떡볶이2~3인 ＋ 튀김세트 ＋ 콜라 1.25L/1(떡볶이 맛 선택(보통맛)),분 지연 근데 튀김 퀄이  치킨집에선 치킨만,5,5,5,5,2021년 7월 10일
49,치킨,마포구 연남동,떡볶이도맛있는치킨플러스-서교점,un**님,"반마리순살치킨 ＋ 떡볶이 ＋ 콜라 1.25L/1(떡볶이 맛 선택(보통맛),치킨 맛 선택(순살 바삭담백한 후라이드))",잘먹었습니다 다음에도 잘부탁드립니다,5,5,5,5,2021년 7월 10일
50,치킨,마포구 연남동,떡볶이도맛있는치킨플러스-서교점,ou**님,"반마리순살치킨 ＋ 떡볶이 ＋ 콜라 1.25L/1(떡볶이 맛 선택(보통맛),치킨 맛 선택(순살 바삭담백한 후라이드))",배달도 빠르고 치킨이랑 떡볶이도 맛있어요 서비스로 주신 눈꽃 감자튀김도 맛있게 잘 먹었어요 입맛까다로운 영석이가 고개를 끄덕였어요,5,5,5,5,2021년 7월 9일
51,치킨,마포구 연남동,떡볶이도맛있는치킨플러스-서교점,je**님,"반마리순살치킨 ＋ 떡볶이 ＋ 콜라 1.25L/1(떡볶이 맛 선택(매운맛),치킨 맛 선택(순살 바삭담백한 후라이드))",배달이 늦어서 떡볶이가 불었어요 그래도 맛은 있네요,4,4,5,3,2021년 7월 9일
52,치킨,마포구 연남동,떡볶이도맛있는치킨플러스-서교점,ka**님,"떡볶이선택 ＋ 순살치킨선택 ＋ 콜라 1.25L/1(떡볶이 맛 선택(보통맛),치킨 맛 선택(순살 핫쵸킹))",많이 매웠어요  다음엔 후라이드 먹어야지,5,4,5,5,2021년 7월 9일
53,치킨,마포구 연남동,떡볶이도맛있는치킨플러스-서교점,tr**님,"반마리순살치킨 ＋ 떡볶이 ＋ 콜라 1.25L/1(떡볶이 맛 선택(매운맛),치킨 맛 선택(순살 바삭담백한 후라이드))",맛있게 먹었습니다 배달부님이 놓고 가달라는거 못보셨는지 벨누르고 직접 건네주신건 좀 아쉬웠습니다,5,5,5,4,2021년 7월 9일
54,치킨,마포구 연남동,떡볶이도맛있는치킨플러스-서교점,sm**님,떡볶이2~3인 ＋ 똥집튀김（소） ＋ 콜라 1.25L/1(떡볶이 맛 선택(아주매운맛)),떡볶이조똥집 튀김도 너무 맛있네요 양도 푸짐하구요 특히 똥집 튀김 다른 가게보다 훨씬 맛있습니다,5,5,5,5,2021년 7월 9일
55,치킨,마포구 연남동,떡볶이도맛있는치킨플러스-서교점,li**님,"반마리순살치킨 ＋ 떡볶이 ＋ 콜라 1.25L/1(떡볶이 맛 선택(로제（보통맛）),치킨 맛 선택(순살 바삭담백한 후라이드))",양도 많고 맛있어요 너무 추천,5,4,5,5,2021년 7월 9일
56,치킨,마포구 연남동,떡볶이도맛있는치킨플러스-서교점,ma**님,"반마리순살치킨 ＋ 떡볶이 ＋ 콜라 1.25L/1(떡볶이 맛 선택(로제（보통맛）),치킨 맛 선택(순살 바삭담백한 후라이드))",처음 시켜 먹었는데 로제 떡볶이 진짜 맛있었어요 치킨도 잘 튀겨서 나오고 가성비 좋다고 생각합니당,5,5,5,5,2021년 7월 9일
57,치킨,마포구 연남동,떡볶이도맛있는치킨플러스-서교점,lm**님,"반마리순살치킨 ＋ 떡볶이 ＋ 콜라 1.25L/1(떡볶이 맛 선택(로제（매운맛）),치킨 맛 선택(순살 눈맞은치킨))",맛있게 잘먹었습니다 구성이 알차요,5,5,5,5,2021년 7월 9일
58,치킨,마포구 연남동,떡볶이도맛있는치킨플러스-서교점,ba**님,"반마리순살치킨 ＋ 떡볶이 ＋ 콜라 1.25L/1(떡볶이 맛 선택(보통맛),치킨 맛 선택(순살 바삭담백한 후라이드))",늦어서죄송합니다잘먹엏흡니다,5,5,5,5,2021년 7월 8일
59,치킨,마포구 연남동,떡볶이도맛있는치킨플러스-서교점,kj**님,"반마리순살치킨 ＋ 떡볶이 ＋ 콜라 1.25L/1(떡볶이 맛 선택(로제（보통맛）),떡볶이 옵션 추가 선택(비엔나소시지 추가（5개）),치킨 맛 선택(순살 양념치킨))",맛있고 양도 많고 최고에요 잘먹었습니다 ,5,5,5,5,2021년 7월 7일
60,치킨,마포구 연남동,떡볶이도맛있는치킨플러스-서교점,gm**님,"반마리순살치킨 ＋ 떡볶이 ＋ 콜라 1.25L/1(떡볶이 맛 선택(로제（보통맛）),치킨 맛 선택(순살 간장치킨))",정말 맛있게 먹었습니다 떡볶이 전문집보다 맛있어요 떡볶이가 ,5,5,5,5,2021년 7월 7일
61,치킨,마포구 연남동,떡볶이도맛있는치킨플러스-서교점,fb**님,"떡볶이선택 ＋ 순살치킨선택 ＋ 콜라 1.25L/1(떡볶이 맛 선택(로제（보통맛）),치킨 맛 선택(순살 바삭담백한 후라이드))",치킨 떡볶이 다 맛있어요,5,5,5,5,2021년 7월 6일
62,치킨,마포구 연남동,떡볶이도맛있는치킨플러스-서교점,qo**님,,잘 먹었습니다 맛있어요,5,5,5,5,2021년 7월 6일
63,치킨,마포구 연남동,떡볶이도맛있는치킨플러스-서교점,le**님,"떡볶이선택 ＋ 순살치킨선택 ＋ 콜라 1.25L/1(떡볶이 맛 선택(보통맛),치킨 맛 선택(순살 바삭담백한 후라이드))",너무 맛있게 먹었습니다 다음에 또 시킬게요,5,5,5,5,2021년 7월 5일
64,치킨,마포구 연남동,떡볶이도맛있는치킨플러스-서교점,os**님,"떡볶이선택 ＋ 순살치킨선택 ＋ 콜라 1.25L/1(떡볶이 맛 선택(보통맛),치킨 맛 선택(순살 크리스피후라이드))",언제나 옳습니다 맛있게 잘 먹었어요,5,5,5,5,2021년 7월 5일
65,치킨,마포구 연남동,떡볶이도맛있는치킨플러스-서교점,10**님,"반마리순살치킨 ＋ 떡볶이 ＋ 콜라 1.25L/1(떡볶이 맛 선택(매운맛),떡볶이 옵션 추가 선택(치즈（70g）추가),치킨 맛 선택(순살 바삭담백한 후라이드))",정말 맛있어요 양도 넉넉히 주셨어요,5,5,5,5,2021년 7월 3일
66,치킨,마포구 연남동,떡볶이도맛있는치킨플러스-서교점,eh**님,,너무너무 맛있어요 떡볶이도 완전 맛있어요 와,5,5,5,5,2021년 7월 3일
67,치킨,마포구 연남동,떡볶이도맛있는치킨플러스-서교점,ro**님,"반마리순살치킨 ＋ 떡볶이 ＋ 콜라 1.25L/1(떡볶이 맛 선택(보통맛),치킨 맛 선택(순살 바삭담백한 후라이드))",치킨플러스 첨먹어보는데 떡볶이도 치킨도 너무너무 맛있었어요,5,5,5,5,2021년 7월 2일
68,치킨,마포구 연남동,떡볶이도맛있는치킨플러스-서교점,ho**님,"떡볶이선택 ＋ 순살치킨선택 ＋ 콜라 1.25L/1(떡볶이 맛 선택(로제（매운맛）),치킨 맛 선택(순살 바삭담백한 후라이드))",배달도 빨리 오시고 음식도 맛있게 잘 먹었습니다,5,5,5,5,2021년 7월 2일
69,치킨,마포구 연남동,떡볶이도맛있는치킨플러스-서교점,su**님,"반마리순살치킨 ＋ 떡볶이 ＋ 콜라 1.25L/1(떡볶이 맛 선택(로제（매운맛）),치킨 맛 선택(순살 바삭담백한 후라이드))",맛 양 배달 뭐하나 빠지지않네요 맛있게 잘 먹었습니다,5,5,5,5,2021년 7월 2일
70,치킨,마포구 연남동,떡볶이도맛있는치킨플러스-서교점,hy**님,떡볶이2~3인 ＋ 튀김세트 ＋ 콜라 1.25L/1(떡볶이 맛 선택(보통맛)),푸짐하고 맛있어요 잘먹었습니다,5,5,5,5,2021년 7월 1일
71,치킨,마포구 연남동,떡볶이도맛있는치킨플러스-서교점,un**님,"떡볶이선택 ＋ 순살치킨선택 ＋ 콜라 1.25L/1(떡볶이 맛 선택(보통맛),치킨 맛 선택(순살 바삭담백한 후라이드))",가성비 좋습니다 치킨양이 많아서 좋아요,5,5,5,5,2021년 6월 15일
72,치킨,마포구 연남동,떡볶이도맛있는치킨플러스-서교점,ch**님,떡볶이2~3인 ＋ 튀김세트 ＋ 콜라 1.25L/1(떡볶이 맛 선택(매운맛)),근처에 신규업소 떠서 시켜봤는데 떡 종류도 가지고 맛 괜찮아요 근데 날파리인지 음식에서 나왔어요,4,4,3,5,2021년 6월 13일
