﻿,Category,Location,Restaurant,UserID,Menu,Review,Total,Taste,Quantity,Delivery,Date
0,치킨,강남구 삼성동,마법주방-반포직영점,je**님,"마르게리따 피자 M/1,카스 500mL/1,참이슬 후레쉬/2",항상 맛있는 음식과 친절한 서비스 감사합니다 단골입니다 피자와 티코는 정말 맛있습니다,5,5,5,5,2021년 7월 21일
1,치킨,강남구 삼성동,마법주방-반포직영점,b_**님,이태리 콤보（피자6인치＋까르보나라）/1(음료 선택(스프라이트)),너무 친절하시고 좋아요,5,5,5,5,2021년 1월 10일
2,치킨,강남구 삼성동,마법주방-반포직영점,bu**님,마르게리따 피자 M/1,정말 이 추운 날씨에 고맙습니다  주문했는데 서비스로  으로 왔습니다 너무 맛있게 잘 먹었습니다 ,5,5,5,5,2021년 1월 8일
3,치킨,강남구 삼성동,마법주방-반포직영점,da**님,"（단품）찐스 스파이시 머쉬룸 버거/1,（세트）찐스 스파이시 머쉬룸 버거/1(음료 선택(콜라))",맛있게 잘먹었습니다 내용물이 많아서 밖으로 삐져나올정도로 햄버거가 통통하네요  날씨 안좋은데도 배달해주셔서 감사합니다,5,5,5,5,2021년 1월 7일
4,치킨,강남구 삼성동,마법주방-반포직영점,jo**님,"트러플머쉬룸피자 M/1,（단품）찐스 더블치즈 & 어니언 버거/1,카스 1000mL/1,클라우드 1000mL/2",마법주방 삼사년전 띵에 처음생겼을때부터 주문하던곳인데 트러플피자가 이렇게엉망으로온적은처음바섯도치즈도 올리다만것처럼 피자위쪽이허여멀건해서 전화하니 처음엔 어린남자분이 죄송하단말만계속하는데 옆에서 나이많은남자분이 전화를뺏어서받더라 본인이사장이고 아내가음식을하는데 지금외국에가서 자기아들이했고 얘가 처음해보는거라서 좀 잘못된것같다고 이게 말이에요 처음해보는거라서 해본적도없는사람이만든음식을 고객에게보냅니까 음식가져가라고하니 배달기사없다고하길래 오늘 계속영업할꺼아니냐하니 영업은할꺼라고하네 참나어이가없어서 여자사장님여기왜이렇게됐어요,1,1,1,1,2020년 11월 2일
5,치킨,강남구 삼성동,마법주방-반포직영점,손님,"（단품）찐스 블루치즈타코버거 /1,（세트）찐스 블루치즈타코버거 /1(음료 선택(콜라)),콜라（500ml）/1",제가 제일 좋아하는 맛집 블루 치즈 짱,5,5,5,5,2020년 11월 1일
6,치킨,강남구 삼성동,마법주방-반포직영점,tm**님,"고르곤졸라피자 M/1,스파이시양념치킨 1마리/1(음료 선택(스프라이트))",배달원분 친절하시구 치킨이랑 피자도 맛있어요,5,5,5,5,2020년 10월 31일
7,치킨,강남구 삼성동,마법주방-반포직영점,22**님,마르게리따 피자 L/1,와 이걸 배달해주시다니 폐기처분급 아닌가요 미안해서 그런지 음료수하나 띡 넣어주신거같은데  첨엔 불꺼있어서 그런가 했는데 불키니까 더심하네요  전 분명 저 사진을 보고시켯는데 ,1,1,1,1,2020년 10월 28일
8,치킨,강남구 삼성동,마법주방-반포직영점,dr**님,"마르게리따 피자 L/1,식전빵（2개）/1,환타포도（355ml）/1",내 손이 작은편인데도 피자가 라지사이즈라기엔 너무 작음 다른곳 사이즈임 그런데 맛은있음 기본적으로 맛을 낼줄아는 집같아서 담엔 피자말고 다른메뉴 시켜보려고함,5,5,4,5,2020년 10월 25일
9,치킨,강남구 삼성동,마법주방-반포직영점,ju**님,치까 콤보（치킨반마리 ＋ 까르보나라파스타）/1(음료 선택(스프라이트)),배달 살짝 늦었어요 맛도 좀 별로였네요,3,3,5,4,2020년 10월 15일
10,치킨,강남구 삼성동,마법주방-반포직영점,xb**님,"후라이드 1마리/1(음료 선택(콜라)),콜라（500ml）/1",배달은 좀 늦긴했는데 간만에 시켜먹네요 오늘 콜라안왔어요 담에 시킬때 갔다주세요 날 추운데 감기조심하세요,5,5,5,5,2020년 10월 15일
11,치킨,강남구 삼성동,마법주방-반포직영점,hs**님,고르곤졸라피자 M/1,맛 굿 꿀이랑 찍어서 먹으면 금상 첨화 맛있게 잘 먹었습니다,5,5,5,5,2020년 10월 13일
12,치킨,강남구 삼성동,마법주방-반포직영점,ba**님,머쉬룸 깻잎 크림 리조또/2,이게 음식이냐 음식기냐 깻입들어갔다쳐도 줄기는 마늘쫑줄기 어째든 줄기질기고 식감느끼하고 그리고 왠호박 리조또가아니고 한방냄새 나는 리조또라고 붙여 별도아깝다 두번다시안시킨다 한입 먹다 두개다 버림,1,1,1,1,2020년 10월 7일
13,치킨,강남구 삼성동,마법주방-반포직영점,ro**님,치까 콤보（치킨반마리 ＋ 까르보나라파스타）/1(음료 선택(스프라이트)),치킨이 지대로 갑옷을 입었내요,5,5,5,5,2020년 10월 4일
14,치킨,강남구 삼성동,마법주방-반포직영점,yu**님,후라이드 1마리/1(음료 선택(스프라이트)),치킨도 너무 맛있고 사장님도 너무 친절하게 대해주셔서 덕분에 맛있게 먹었습니다 잘 되셨으면 좋겠네요,5,5,5,5,2020년 10월 3일
15,치킨,강남구 삼성동,마법주방-반포직영점,ba**님,머쉬룸 깻잎 크림 리조또/1,너무 맛있게 먹었습니다 리조또랑 들어간 야채가 잘 어울려요 브로콜리 좋아하는데 너무 맛있고 시금치 줄기가 많긴한데 적당히 익어서 식감도 살아있어서 크림리조또 먹는데 느끼하거나 물릴 일 없이 끝까지 맛있게 먹었습니다 식감덕분에 재밋게 먹었네요 완전한 한끼 식사먹은 느낌이네요 밥반찬 다만 브로콜리나 채소가 많아서 채소 싫어하거나 아니면 나는 오늘 아주 꾸떡한 쌀만 먹고 싶다면 따로 요청하시는게 좋겠습니다,5,5,4,5,2020년 10월 1일
16,치킨,강남구 삼성동,마법주방-반포직영점,hh**님,"독일식소세지 필라프/1,（세트）찐스 더블치즈 & 어니언 버거/1(음료 선택(콜라))",사진과 리뷰가 더 많아졌음 좋겠네요 저도 깜박했지만 마법주방김밥천국 서양버전인가 싶어 의심스러웠는데 햄버거 정말 정말 맛있었습니다 수제 버거 접헌뒤로 맥도날드같은거 안시키는데 진짜 맛있었어요 소금 후추정도로만 간을 해서 그런지 짠데도 다른 향신료가 없어서 의외로 담백하고 묵직합니다 치츠 구운양파도 너무맛있음 밥더 괜찮은데 리조또가 궁금해지네요,5,5,5,4,2020년 9월 22일
17,치킨,강남구 삼성동,마법주방-반포직영점,je**님,"베이컨토마토파스타（아마트리치아나）/1,치킨타코/1,참이슬 후레쉬/1",타코랑 파스타 둘다 정말 맛있었어요 단골이 될듯,5,5,5,5,2020년 9월 21일
18,치킨,강남구 삼성동,마법주방-반포직영점,ad**님,"이태리 콤보（피자6인치＋까르보나라）/1(음료 선택(웰치스)),독일식소세지 필라프/1",피자 진짜 맛있어요필라프도 괜찮은데 양이 좀 적은 거 같고 까르보나는 나무 느끼해서 먹다 남겼네요  피자가 제일 맛있고 혼자먹기 딱 좋은 구성이네요 양식먹고싶을때 딱이에요 그래도 허술한 구성은 아니고 파스타 먹으러 외식가서 포장해온 느낌 맛있어요 전체적으로,4,4,4,4,2020년 9월 13일
19,치킨,강남구 삼성동,마법주방-반포직영점,sm**님,"양념치킨 1마리/1(음료 선택(스프라이트)),후렌치후라이（200g）/1,식전빵（2개）/1",맛있어요 여기 치킨 좋네요,5,5,5,5,2020년 9월 12일
20,치킨,강남구 삼성동,마법주방-반포직영점,xb**님,후라이드 1마리/1(음료 선택(콜라)),맛나게 잘먹었습니다비오는데 배달하시는 분 안전운전하시고 코로나 조심하세요,5,5,5,5,2020년 9월 2일
21,치킨,강남구 삼성동,마법주방-반포직영점,hy**님,"트리플 머쉬룸 피자 M/1,치킨 타코/1",흠 타코는 정말 맛있어요 양도 많고요 하지만 피자가 트러플 향이 아에 안나네요 트로플 오일을 깜빡 하셨나 십습니다 결정적으로 피자는 밍밍했습니다 꿀이 오면서 터졌지만 그래도 잘 먹었습니다,4,4,5,5,2020년 8월 27일
22,치킨,강남구 삼성동,마법주방-반포직영점,xb**님,"후라이드 치킨/1(음료 선택(콜라 355mL)),콜라 500mL/1",너무 배고파서 오자마자 먹눈바람에 사진은 못짝었네요 너무 맛있게 잘먹었습니다단골예약 ,5,5,5,5,2020년 8월 26일
23,치킨,강남구 삼성동,마법주방-반포직영점,lo**님,후라이드 치킨/1(음료 선택(콜라 355mL)),치킨 진짜 맛있었어요 ,5,5,5,5,2020년 8월 25일
24,치킨,강남구 삼성동,마법주방-반포직영점,ja**님,"치킨 타코/1,치킨커리 라이스 보울/1",리뷰보고 시켰는데 진짜 맛있어요 다른 메뉴도 하나씩 시켜 먹어봐야겠네요,5,5,5,5,2020년 8월 25일
25,치킨,강남구 삼성동,마법주방-반포직영점,qk**님,후라이드 치킨/1(음료 선택(콜라 355mL)),이집은 메뉴를 하나씩 시도하면서 먹어보는중인데  히나하나 다 맛있누,5,5,5,5,2020년 8월 20일
26,치킨,강남구 삼성동,마법주방-반포직영점,tn**님,"스파이시 해물 국물 파스타/1,감자크림 스프/1,양송이크림 스프/1,환타 오렌지 355mL/1",바로 찜 대충 소스로만 버무린 파스타 아니예요 내용물 듬뿍 꽃게도 살이 아주 꽉차있는거 쓰시네요 빵도 서비스 주시구 감자스프 존맛탱,5,5,5,5,2020년 8월 17일
27,치킨,강남구 삼성동,마법주방-반포직영점,in**님,후라이드 치킨/1(음료 선택(스프라이트 355mL)),진짜 치킨맛집 꼭 먹어보세요,5,5,5,5,2020년 8월 15일
28,치킨,강남구 삼성동,마법주방-반포직영점,ji**님,"우삼겹 타코/1,씨푸드프라이 타코/1",웬만한 타코집 보다 맛있어요,5,5,5,5,2020년 8월 5일
29,치킨,강남구 삼성동,마법주방-반포직영점,ma**님,스위트 파인애플 버거셋트（스위트 파인애플 버거＋포테이토 프라이＋음료）/1(음료 선택(환타 오렌지 355mL)),배달오신분이 친절하십니다,5,5,5,5,2020년 7월 23일
30,치킨,강남구 삼성동,마법주방-반포직영점,xi**님,"후라이드 치킨/1(음료 선택(스프라이트 355mL)),스파이시 양념 치킨/1(음료 선택(스프라이트 355mL))",사진은 후라이드 뿐이지만 맛있네요 앞으로 자주 시켜먹겠습니당 ,5,5,5,5,2020년 7월 15일
31,치킨,강남구 삼성동,마법주방-반포직영점,wi**님,후라이드 치킨/1(음료 선택(스프라이트 355mL)),치킨 정말맛있습니다 아쉬운점은 소스가 치즈맛 한가지뿐이라는거겠네요 순살메뉴가없다는것두 후라이드맛있고 전문점보다 나은데 양념종류소금등 다양하게주셨음해요,5,5,4,4,2020년 6월 18일
32,치킨,강남구 삼성동,마법주방-반포직영점,손님,스파이시 해물 국물 파스타/1,양 진짜 많아요 맵기는 처음 몇입 먹으면 안맵다고 느껴지는데 결국 마지막엔 속 슬슬 아려오는 정도 건더기도 많고 푸짐하네요 감사합니다,4,4,5,4,2020년 5월 2일
33,치킨,강남구 삼성동,마법주방-반포직영점,ka**님,트리플 머쉬룸 피자 M/1,버섯이 엄청많이들어가네요 굿굿,5,5,5,5,2020년 4월 27일
34,치킨,강남구 삼성동,마법주방-반포직영점,ka**님,스파이시 해물 국물 파스타/1,맛있어요 근데 맵지는 않네여 매운거 좋아하시면 맵기요청하시는게 좋으실듯,5,5,5,5,2020년 4월 22일
35,치킨,강남구 삼성동,마법주방-반포직영점,tl**님,"크림 까르보나라 파스타/1,스파이시 해물 국물 파스타/1,양송이크림 스프/1,콜라 500mL/1",양은 많은데 음식이 전체적으로 짜요,3,3,3,3,2020년 2월 23일
36,치킨,강남구 삼성동,마법주방-반포직영점,vk**님,"콰트로더블크러스트피자 M/1,카스생맥주 500mL/1",원래 리뷰 안남기는데 배송도빠르고 맛있어서 남겨요 치즈도 많고 진짜 맛있어용,5,,,,2016년 12월 20일
