﻿,Category,Location,Restaurant,UserID,Menu,Review,Total,Taste,Quantity,Delivery,Date
0,치킨,마포구 연남동,마이마이치킨-홍대합정점,ca**님,"순살 반마리닭/1(반마리 맛 선택(파닭),일회용품 규제 캠패인 선택(치킨무)),떡튀김/1,콜라 1.25L/2",배달 예상시간 분이었는데 시분 걸림 배고프면 여기서 시키지마세요,1,1,1,1,5일 전
1,치킨,마포구 연남동,마이마이치킨-홍대합정점,dp**님,"순살 반마리닭/1(반마리 맛 선택(후라이드),일회용품 규제 캠패인 선택(젓가락＋콜라245mL)),테라 생맥주 1000cc/1",맛있어요 후라이드가 바삭하네요,5,5,5,5,2021년 7월 17일
2,치킨,마포구 연남동,마이마이치킨-홍대합정점,au**님,"1＋1 두마리치킨 순살 /1(치킨 선택 1(골드치즈),치킨 선택 2(양념치킨),묻고더블로가 두마리치킨 추가구성 선택(치킨무 추가),일회용품 규제 캠패인 선택(나는자연인（치킨만배달됩니다）),추가 선택(체다치즈 추가))",양 엄청 많고 예전에 먹었던 맛그대로이네요 서비스 감사합니다,5,4,5,4,2021년 7월 11일
3,치킨,마포구 연남동,마이마이치킨-홍대합정점,ew**님,"오리지널 후라이드치킨, 겉바속촉 끝판왕/1(치킨 선택(뼈),일회용품 규제 캠패인 선택(젓가락+음료))",앞으로도 자주 시킬거심니다 짱짱마싯,5,5,5,5,2021년 7월 10일
4,치킨,마포구 연남동,마이마이치킨-홍대합정점,cu**님,"1＋1 두마리치킨 순살 /1(치킨 선택 1(후라이드(기본)),치킨 선택 2(양념치킨),묻고더블로가 두마리치킨 추가구성 선택(아무것도 추가 안함(치킨만 배달됩니다,)),일회용품 규제 캠패인 선택(나는자연인（치킨만배달됩니다）),사이드 메뉴 추가 선택(양념튀떡15개 추가))",바사삭 맛있는 치킨이었어요,5,5,5,5,2021년 7월 10일
5,치킨,마포구 연남동,마이마이치킨-홍대합정점,yo**님,"1＋1 두마리치킨 순살 /1(치킨 선택 1(후라이드(기본)),치킨 선택 2(골드치즈),묻고더블로가 두마리치킨 추가구성 선택(아무것도 추가 안함(치킨만 배달됩니다,)),일회용품 규제 캠패인 선택(나는자연인（치킨만배달됩니다）))",양이 정말 너무너무 푸짐해요 리뷰이벤트도 잘 받았습니다 많이많이 파세요,5,5,5,5,2021년 7월 8일
6,치킨,마포구 연남동,마이마이치킨-홍대합정점,ew**님,"오리지널 후라이드치킨, 겉바속촉 끝판왕/1(치킨 선택(뼈),일회용품 규제 캠패인 선택(젓가락+음료))",그냥 우연히 시켰는데 너무 맛있고 양 많아서 놀랐구요 포장 두 개로 나눠서 주시는 거 너무너무 편리함다,5,5,5,5,2021년 7월 6일
7,치킨,마포구 연남동,마이마이치킨-홍대합정점,no**님,"1＋1 두마리치킨 순살 /1(치킨 선택 1(후라이드(기본)),치킨 선택 2(양념치킨),묻고더블로가 두마리치킨 추가구성 선택(아무것도 추가 안함(치킨만 배달됩니다,)),일회용품 규제 캠패인 선택(나는자연인（치킨만배달됩니다）))",맛은 다른곳하고 같아요 그래도 맛잇어요 배달도 뻐르고 또 시킬 의향잇어요,5,3,3,5,2021년 6월 23일
8,치킨,마포구 연남동,마이마이치킨-홍대합정점,Hi**님,"마이마이 반반（한마리／두가지맛）/1(치킨 선택(순살),반반 치킨 선택(후라이드,양념치킨),일회용품 규제 캠패인 선택(젓가락+음료+치킨무),음료 변경 추가 선택(콜라 1.25리터로 변경))",맛나요 굿굿 배달 빨라요,5,5,5,5,2021년 6월 18일
9,치킨,마포구 연남동,마이마이치킨-홍대합정점,손님,"마이마이 반반（한마리／두가지맛）/1(치킨 선택(순살),반반 치킨 선택(후라이드,마늘간장치킨),일회용품 규제 캠패인 선택(젓가락+음료+치킨무))",먹을만해요 딱 그만큼인거같아요 먹을만하다 좋아여 그래도,3,4,4,4,2021년 6월 14일
