﻿,Category,Location,Restaurant,UserID,Menu,Review,Total,Taste,Quantity,Delivery,Date
0,치킨,강남구 삼성동,명품우삼겹&우된장-강남본점,ra**님,"1인 우삼겹／고추장우삼겹 정식/1(기본 선택(M),우삼겹 맛 선택(우삼겹),사이드메뉴 추가선택(계란후라이,공기밥),음료&생수 추가선택(콜라 500mL))",첫 주문인데 잘 먹었습니다,3,3,3,4,2020년 12월 14일
1,치킨,강남구 삼성동,명품우삼겹&우된장-강남본점,손님,"볶음요리 정식 [공기밥,도시락김,미니된찌]/1(기본 선택(고추장 불백),밥 변경 선택(공기밥))",양도 맛도 모두 만족스럽네요 또 시켜 먹겠습니다,5,5,5,5,2020년 12월 9일
2,치킨,강남구 삼성동,명품우삼겹&우된장-강남본점,yu**님,단품요리（공기밥 제공안됨）/1(기본 선택(우삼겹 1인)),여기 우삼겹만 시켜 먹어요 같이 들어가는 야채두 푸짐하구 정식으로 시키면 진짜 엄청 잘 나와서 좋아요 꼭 드셔보시길,5,5,5,5,2020년 12월 9일
3,치킨,강남구 삼성동,명품우삼겹&우된장-강남본점,ls**님,"1인 우삼겹／고추장우삼겹 정식/1(기본 선택(M),우삼겹 맛 선택(우삼겹))",양적을줄 알았는데 많구 진짜 맛있네여,5,5,5,5,2020년 12월 9일
4,치킨,강남구 삼성동,명품우삼겹&우된장-강남본점,js**님,부대찌개 [공기밥＋도시락김 포함] /1(기본 선택(부대찌개)),부대찌개 너무너무 맛있어요,5,5,5,5,2020년 12월 9일
5,치킨,강남구 삼성동,명품우삼겹&우된장-강남본점,손님,"1인 우삼겹／고추장우삼겹 정식/1(기본 선택(M),우삼겹 맛 선택(우삼겹))",우삼겹먹고싶었는데 맛있었어용,5,5,5,5,2020년 12월 9일
6,치킨,강남구 삼성동,명품우삼겹&우된장-강남본점,tl**님,"비빔밥[후라이,미니된장찌개]/1(기본 선택(간장 불백비빔밥))",우삼겹에 된장찌게까지구성좋고 가성비 좋네요,5,5,5,5,2020년 12월 9일
7,치킨,강남구 삼성동,명품우삼겹&우된장-강남본점,ck**님,"볶음요리 정식 [공기밥,도시락김,미니된찌]/1(기본 선택(간장 불백),밥 변경 선택(공기밥))",배달진짜빠르개와서 당황했어요 덕분에 따끈하게 먹었습니다,5,5,5,5,2020년 12월 9일
8,치킨,강남구 삼성동,명품우삼겹&우된장-강남본점,ko**님,"옛날 도시락 [후라이,미니된찌포함]/1(기본 선택(옛날 소시지 도시락))",소세지 도시락 너무좋아요,5,5,5,5,2020년 12월 9일
9,치킨,강남구 삼성동,명품우삼겹&우된장-강남본점,js**님,소갈비살구이（200g）정식/1(밥 변경 선택(공기밥)),소갈비살구이 대박 맛있고 구성도 너무 좋네요 미니된장찌개도 너무 맛있습니다,5,5,5,5,2020년 12월 7일
10,치킨,강남구 삼성동,명품우삼겹&우된장-강남본점,sb**님,"오징어볶음정식/1,제육덮밥 도시락/1(구성 선택(반찬＋후라이 포함))",맛있게잘먹었습니다양도많고 맛도있네요,5,5,5,5,2020년 9월 30일
