﻿,Category,Location,Restaurant,UserID,Menu,Review,Total,Taste,Quantity,Delivery,Date
0,치킨,강남구 삼성동,브라더매운갈비찜&찜닭-강남본점,bi**님,"매운갈비찜 정식 [계란찜 포함]/1(매운갈비찜 사이즈 선택(1인),매운갈비찜 맵기 선택(매운맛 1단계（신라면）),밥 변경 선택(공기밥),사리류 추가선택(넙적당면사리))",고기냄새 심하고 드라이해서 퍽퍽함,2,2,3,4,2021년 1월 16일
1,치킨,강남구 삼성동,브라더매운갈비찜&찜닭-강남본점,le**님,"매운갈비찜 정식 [계란찜 포함]/1(매운갈비찜 사이즈 선택(1인),매운갈비찜 맵기 선택(매운맛 1단계（신라면）),밥 변경 선택(공기밥),단품메뉴 추가선택(제육볶음[단품]1인))",맛있었어요 다음에 또 먹고 싶어요,5,5,5,5,2021년 1월 14일
2,치킨,강남구 삼성동,브라더매운갈비찜&찜닭-강남본점,js**님,"매운갈비찜 정식 [계란찜 포함]/1(매운갈비찜 사이즈 선택(1인),매운갈비찜 맵기 선택(매운맛 1단계（신라면）),밥 변경 선택(공기밥))",우와매운갈비찜 진짜 맛있어요,5,5,5,5,2020년 12월 11일
3,치킨,강남구 삼성동,브라더매운갈비찜&찜닭-강남본점,tl**님,"옛날 도시락 [후라이,미니된찌포함]/1(기본 선택(고추장 불백 옛날 도시락))",가격이 너무 저렴해서 자주시켜먹습니다 번창하세요,5,5,5,5,2020년 12월 11일
4,치킨,강남구 삼성동,브라더매운갈비찜&찜닭-강남본점,ck**님,"김치찌개 [공기밥＋도시락김 포함] /1(기본 선택(돼지 김치찌개＋도시락 김),밥 변경 선택(공기밥))",맛있었는데 양이 많아서 조금남겼네요 아 서비스로주신레쓰비 좋았습니다,5,5,5,5,2020년 12월 11일
5,치킨,강남구 삼성동,브라더매운갈비찜&찜닭-강남본점,손님,"매운갈비찜 정식 [계란찜 포함]/1(매운갈비찜 사이즈 선택(1인),매운갈비찜 맵기 선택(매운맛 1단계（신라면）),밥 변경 선택(공기밥))",매운갈비찜 먹고싶어서 찾다가 시켰는데 혼자먹기에 양도 충분하고 맛있었어요 또시킬께용,5,5,5,5,2020년 12월 11일
6,치킨,강남구 삼성동,브라더매운갈비찜&찜닭-강남본점,손님,"비빔밥[후라이,미니된장찌개]/1(기본 선택(삼겹비빔밥))",배달 음식 실망을 많이 해서 잘 안 시켜 먹는데 오랜만에 만족스럽게 먹었네요 또 시킬 것 같습니다 고생하세요,5,5,5,5,2020년 12월 11일
7,치킨,강남구 삼성동,브라더매운갈비찜&찜닭-강남본점,ko**님,"옛날 도시락 [후라이,미니된찌포함]/1(기본 선택(옛날 소시지 도시락))",너무맛있어요 비벼먹는재미가있어요,5,5,5,5,2020년 12월 11일
8,치킨,강남구 삼성동,브라더매운갈비찜&찜닭-강남본점,yu**님,"매운갈비찜 정식 [계란찜 포함]/1(매운갈비찜 사이즈 선택(1인),매운갈비찜 맵기 선택(매운맛 1단계（신라면）),밥 변경 선택(공기밥))",갈비찜은 정말 여기만 먹어요 매갈매갈 짱맛띠,5,5,5,5,2020년 12월 11일
9,치킨,강남구 삼성동,브라더매운갈비찜&찜닭-강남본점,ls**님,"매운갈비찜 정식 [계란찜 포함]/1(매운갈비찜 사이즈 선택(1인),매운갈비찜 맵기 선택(매운맛 1단계（신라면）),밥 변경 선택(공기밥))",매운갈비찜 너무 맛있어용 번창하세요,5,5,5,5,2020년 12월 11일
10,치킨,강남구 삼성동,브라더매운갈비찜&찜닭-강남본점,lo**님,"매운갈비찜 정식（계란찜 제공）/1(맵기 선택(매운맛 2단계（불닭볶음면）),매운갈비찜 사이즈 선택(1人),밥 선택(공기밥))",자주 시키는 집이 휴무라 한번 시켜봤는데 구성도 좋고 맛두 괜찮았어요  맛있어서 또 시켜먹을 것 같아요 ,5,5,5,5,2020년 11월 24일
11,치킨,강남구 삼성동,브라더매운갈비찜&찜닭-강남본점,ki**님,"매운갈비찜 정식（계란찜 제공）/1(맵기 선택(매운맛 2단계（불닭볶음면）),매운갈비찜 사이즈 선택(1人),밥 선택(공기밥))",맛있게 먹고 있는와중에 머리카락이 밥맛이 뚝 떨어졌네요,1,3,3,3,2020년 11월 14일
12,치킨,강남구 삼성동,브라더매운갈비찜&찜닭-강남본점,pe**님,"매운갈비찜 정식（계란찜 제공）/1(맵기 선택(매운맛 1단계（신라면）),매운갈비찜 사이즈 선택(1人),밥 선택(간장버터계란밥 변경),튀김류 추가선택(김말이튀김3p 추가),사리류 추가선택(라면사리 추가))",양은 정말 푸짐해요 계란찜 소스 다 나쁘지 않았는데 근데 저는 고기 냄새가 좀 계속 나더라고요글고 간장버터밥도 짜고 뭔가 조화가 잘 안됫네요,4,3,5,5,2020년 11월 11일
13,치킨,강남구 삼성동,브라더매운갈비찜&찜닭-강남본점,aa**님,"매운갈비찜 정식（계란찜 제공）/1(맵기 선택(매운맛 1단계（신라면）),매운갈비찜 사이즈 선택(1人),밥 선택(간장버터계란밥 변경))",혼밥 집에서 요리하는 것보다 강추,4,4,4,5,2020년 11월 10일
14,치킨,강남구 삼성동,브라더매운갈비찜&찜닭-강남본점,sa**님,"매운갈비찜 정식（계란찜 제공）/1(맵기 선택(매운맛 1단계（신라면）),매운갈비찜 사이즈 선택(1人),밥 선택(공기밥))",최고 맛남 양 많음 둘이 먹을 양 아님,5,5,5,5,2020년 11월 3일
15,치킨,강남구 삼성동,브라더매운갈비찜&찜닭-강남본점,du**님,"매운갈비찜 정식（계란찜 제공）/1(맵기 선택(매운맛 2단계（불닭볶음면）),매운갈비찜 사이즈 선택(1人),밥 선택(간장버터계란밥 변경)),치즈계란말이/1",미리말함 알바아님 매운갈비찜 매니안데 진짜 여기 어나더레벨임 뼈 붙어있는 고긴데 쏙쏙 잘빠짐 고기질 야들야들함 양념 캐맛있음 매운거 적당히 즐길줄 알면 처음먹는사람들은 걍 보통맛진짜 리뷰없어서 도박하는심정으로 먹었는데 찐임 그리고 계란말이덕후라 솔직히 타업체들처럼 기대안함 걍 계란물만 말아서 오겠거니 했는데 왠걸 진짜 미쳤음 여기 시켜먹고 맛없다 하면  찐으로 옆가게 매갈사장이 술수부린거임 진짜 조옹나 맛있으니깐 믿고 시키셈,5,5,5,5,2020년 11월 2일
