﻿,Category,Location,Restaurant,UserID,Menu,Review,Total,Taste,Quantity,Delivery,Date
0,치킨,강남구 삼성동,삐에로와인-강남점,bk**님,"그릴드스테이크 크림파스타/1(추가 선택(모닝빵2개 추가,스테이크 100g추가))",고기가 너무 부드럽고 맛있어용  기본 양념도 잘되있는듯요 ,5,5,5,5,2021년 5월 31일
1,치킨,강남구 삼성동,삐에로와인-강남점,bk**님,"그릴드스테이크 크림파스타/1(추가 선택(모닝빵2개 추가)),치즈볼/1",스테이크 파스타 너무 맛나서 또 시키네용  치즈볼은 제가 생각했던 치즈볼은 아니네용 ,5,5,5,5,2021년 5월 12일
2,치킨,강남구 삼성동,삐에로와인-강남점,bk**님,"그릴드스테이크 크림파스타/1(추가 선택(모닝빵2개 추가)),리코타치즈/1,버터플라이쉬림프/1",스테이크 파스타 맛있어용 ,5,5,5,5,2021년 5월 12일
3,치킨,강남구 삼성동,삐에로와인-강남점,ch**님,"그릴드스테이크 크림파스타/2,새우튀김샐러드/1,치즈볼/1,사이다 330mL/1",맛있어요 계속 주문하네요,5,5,5,5,2021년 3월 7일
4,치킨,강남구 삼성동,삐에로와인-강남점,ch**님,"그릴드스테이크 크림파스타/1,오리지널큐브스테이크/1,치즈볼/1,사이다 330mL/2",너무 맛있어요 번째 연속주문요,5,5,5,5,2021년 3월 7일
5,치킨,강남구 삼성동,삐에로와인-강남점,bk**님,"리코타치즈샐러드/1,리코타치즈/1,코우슬로/1,비스킷/5",리코타 치즈 너무 맛있어서 또 시켜요 ,5,5,5,5,2021년 3월 5일
6,치킨,강남구 삼성동,삐에로와인-강남점,bk**님,"치즈플레이트/1(추가 선택(비스킷 추가)),오리지널큐브스테이크/1,와인잔/1",큐브스테이크 고기가 너무 커요 그래서 많이 덜익어 질겨요  소스는 살짝 매콤해요 감자튀김은 심하게 눅눅하게 왔어요 리코타 치즈가 진짜 맛있어요 리코타 치즈 달달하고 촉촉해요  조금만 덜 달면 더 좋을거 같아요  다음엔 리코타치즈샐러드 시켜먹어볼게요 ,5,4,5,5,2021년 2월 28일
7,치킨,강남구 삼성동,삐에로와인-강남점,ch**님,"그릴드스테이크 크림파스타/1,오리지널큐브스테이크/1,치즈볼/1,사이다 330mL/1",진짜 맛있어요 아웃백먹다가 바꿨어요,5,5,5,5,2021년 2월 28일
8,치킨,강남구 삼성동,삐에로와인-강남점,wo**님,"둥지아라비아따파스타/1(추가 선택(면100g 추가)),둥지감베리파스타/1(추가 선택(면100g 추가)),오리지널큐브스테이크/1,감자튀김with치즈&샤워크림/1",스테이크 양도 꽤 많았고 스파게티도 너무 맛있었어요 아라비아따는 살짝 매콤하게 할라피뇨가 들어가 있었고 치즈도 있어서 좋았어요 감베리파스타는 크림파스타로 새우홍합오징어가 꽤 많이 있어서 좋았구요 다음에도 시켜먹을께요,5,5,5,5,2020년 12월 27일
9,치킨,강남구 삼성동,삐에로와인-강남점,dr**님,"치즈플레이트/1,오리지널큐브스테이크/1(고기 추가(고기추가 100g)),매운크림큐브스테이크/1(고기 추가(고기추가 100g)),（WhiteWine）앙시앙 땅 샤도네이 소비뇽 블랑 Bottle/1",두번째 주문인데 매번 음식이 훌륭하네요,5,5,5,5,2020년 10월 26일
10,치킨,강남구 삼성동,삐에로와인-강남점,dr**님,"치즈플레이트/1,오리지널큐브스테이크/1(고기 추가(고기추가 100g)),（RedWine）코디치 로쏘 스위트 Bottle/1",와인도 맛있고 안주들도 너무 훌륭해요,5,5,5,5,2020년 10월 24일
11,치킨,강남구 삼성동,삐에로와인-강남점,hm**님,"매운둥지감베리파스타/1,매운크림큐브스테이크/1,리코다치즈/1",맛도 포장도 다 너무 좋았습니다 남자친구는 아웃백에서 만원대 인 세트랑 비교했을 때 여기가 더 괜찮다고 했어요 가격도 더 저렴하고요 다만 매운크림큐브스테이크를 시켰는데 그냥 매운큐브스테이크가 와서 별 하나 뺐습니다 전화해서 요청드리면 바꿔주셨겠지만 배가 고파서 그냥 먹었네요 물론 매운큐브스테이크도 맛있었습니다  배달 전에 테이크아웃도 되냐고 여쭤봤는데 된다고 하시네요 딜리버리 전문이라 매장에서 식사는 안된다고 합니다 주문하시는 분들은 참고하세요,4,5,5,4,2020년 10월 12일
12,치킨,강남구 삼성동,삐에로와인-강남점,sh**님,"마른안주플레이트/1,（가격할인）（RedWine）카르멘 톨텐 멜롯 Bottle/1",포장도 너무 깔끔하게 잘해주시고 맛도 좋고 배달도 빠르고 너무 좋아요,5,5,5,5,2020년 7월 30일
13,치킨,강남구 삼성동,삐에로와인-강남점,cm**님,"（인기）둥지감베리파스타/1,리코타치즈/1,코우슬로/1,（가격할인）（RedWine）비냐란자레드 Bottle/1",크으 너무 마싯더라구요,5,5,5,5,2020년 6월 22일
14,치킨,강남구 삼성동,삐에로와인-강남점,fo**님,（신메뉴）크림 큐브 스테이크/1,살짝 제 입맛에 짰어요 리코타 크림치즈는 진짜 맛있어요 다음엔 그거는 꼭꼭 다시 시켜서 먹을꺼에요,3,3,5,5,2020년 6월 19일
15,치킨,강남구 삼성동,삐에로와인-강남점,dl**님,"리코타치즈/1,코우슬로/1,（가격할인）（RedWine）카르멘 톨텐 멜롯 Bottle/1",와진짜 대박 어이없다 제가 똥손이라 사진을 잘 못찍엇는데여 포장상태고 고급스럽고 깔끔하고 와인에 택 붙어 잇어서 당도랑 성분 표시해 주는것도 너무 좋네요진짜 오 여기 리뷰가옶냐어이가없네요 글구 잘생긴 사장님이 만드신 리코타치즈 말인데여 재료가  뭐 들어간 거예요 아니 저 다이어트 해야되는데 무한흡입하고 잇짜나여 너무 맛잇다 진짜 아 고소하고 달콤하고 담백하니 앞으로 와인은 여기서만 시킬게여 셰프님 쵝오  제 별명 셀고규여 애들이 절대 저보고 사진 찍어달라고 안합니다,5,5,5,5,2020년 6월 13일
