﻿,Category,Location,Restaurant,UserID,Menu,Review,Total,Taste,Quantity,Delivery,Date
0,치킨,강남구 삼성동,싸움의고수-압구정점,sh**님,"1인 보쌈 M/2,싸움덮밥 M/1",최애배달음싣 싸움의고수,5,5,5,5,2021년 4월 5일
1,치킨,강남구 삼성동,싸움의고수-압구정점,sk**님,"1인 삼겹살L/1(추가 곁들임 메뉴(보쌈고기（1인분보쌈 S사이즈）추가,삼겹살고기（1인 삼겹M사이즈 50%）추가,캔 콜라（355ML）))",삼겹살은 정말 맛있었는데 추가주문한 보쌈고기가 약간 질겼어요 고기가 냄새나거나 그런건 아니었는데 좀 질기다보니 약간 불편했네요 다음에 또 주문할테니 그때는 더 맛있게 부탁드립니다,4,4,5,5,2021년 4월 2일
2,치킨,강남구 삼성동,싸움의고수-압구정점,ze**님,1인 보쌈XL/1(추가 곁들임 메뉴(보쌈고기（1인분보쌈 S사이즈）추가)),보쌈고기 너무 질기네요,2,2,5,5,2021년 4월 1일
3,치킨,강남구 삼성동,싸움의고수-압구정점,ju**님,"1인 마늘보쌈XL/1,1인 싸움보쌈XL/1,1인 간장찜닭/1",예전에 맛있게 먹어서 주문했는데왕실망이요 보쌈고기가 질기고 딱딱해서 먹기힘들정도 였어요오래된고기를 데워준거같아서 이런식이면 다신 정말 돈주고 못사먹을것 같네요,2,1,5,5,2021년 3월 30일
4,치킨,강남구 삼성동,싸움의고수-압구정점,pe**님,1인 보쌈L/1,일단 주문부터 배달시간 미쳤고요 한 분에 온듯  맛도 괜찮고 다 좋은데 고기가 살짝 좀 질긴감이 있습니다 푹 더 쪄서 말랑말랑해지면 진짜 완전 가성비 보쌈으로 유명해질거 같아요치우는것도 완전 깔끔,4,4,5,5,2021년 3월 29일
5,치킨,강남구 삼성동,싸움의고수-압구정점,kt**님,1인 보쌈XL/1,인분 가성비 갑 강추드립니다,5,5,5,5,2021년 3월 21일
6,치킨,강남구 삼성동,싸움의고수-압구정점,dj**님,"1인 보쌈L/2,1인 마늘보쌈L/1",고기가 평소보다 푹 익지 않은 느낌 마늘소스가 그닥 맛있진 않았음,2,2,3,5,2021년 3월 18일
7,치킨,강남구 삼성동,싸움의고수-압구정점,sj**님,"1인 보쌈XL/1,1인 마늘보쌈 M/1,1인 간장보쌈L/1",배달 빠르고 양은 뭐 가격대비 괜찮은데 솔직히 고기 냄새나고 맛은 그냥 그렇고 엄청 질겼습니다 양념 뿌려져있는 것들은 맛있더라구요,4,3,5,5,2021년 3월 18일
8,치킨,강남구 삼성동,싸움의고수-압구정점,dj**님,1인 보쌈L/4,보통은 맛있는데 이번에 시킨건 좀 돼지누린내났어요 파절임 맛도 상큼하지 못하고 전반적으로 아쉽네요,3,2,4,5,2021년 3월 12일
9,치킨,강남구 삼성동,싸움의고수-압구정점,no**님,"1인 삼겹살L/1(추가 곁들임 메뉴(캔 콜라（355ML）,세트 1（상추＋깻잎）))",한돈 못지 않게 맛있어요,5,5,4,5,2021년 3월 4일
10,치킨,강남구 삼성동,싸움의고수-압구정점,eo**님,1인 마늘보쌈 M/1,맛나요 맨날 닭볶음이탕 먹다 오랜만에 보쌈 먹었는데 맛남,5,5,5,5,2021년 3월 3일
11,치킨,강남구 삼성동,싸움의고수-압구정점,mi**님,1인 보쌈 M/1,잘먹었습니다 감사합니당,4,4,4,4,2021년 2월 26일
12,치킨,강남구 삼성동,싸움의고수-압구정점,mm**님,"1인 보쌈 M/1,1인 보쌈L/4,1인 마늘보쌈 M/1,비빔막국수/1",넘 빨리머거버려서 사진은 제대로 못찍었지만 맛있어용 가격대비 넘 좋아요,5,5,5,5,2021년 2월 25일
13,치킨,강남구 삼성동,싸움의고수-압구정점,eo**님,"1인 닭볶음탕/2(사리 추가 선택(떡, 당면 사리 추가))",아거 존맛 자주 켜먹음 사장님이 요청사항 잘 들어주셔서 더 자주 시키는듯 ,5,5,5,5,2021년 2월 25일
14,치킨,강남구 삼성동,싸움의고수-압구정점,eo**님,1인 삼겹살L/1,라지와 미듐의 차이는 뭔가요 고기양이 많다고는 느껴지지 않았어요  그리고 고기를 너무 바싹 익혀줘서 씹다가 턱 나갈뻔 했어요,3,3,3,5,2021년 2월 10일
15,치킨,강남구 삼성동,싸움의고수-압구정점,sl**님,"1인 보쌈L/2,캔 콜라/1",자주 시켜요 맛있습니다,5,5,5,5,2021년 2월 10일
16,치킨,강남구 삼성동,싸움의고수-압구정점,da**님,1인 마늘보쌈 M/1(추가 곁들임 메뉴(미소장국（1인분） 추가)),자주시켜먹는데 오늘은 미소장국에서 핸드크림인지 모르겠는데 남자향수 냄새가 너무 역하게 나서 미소장국은 하나도 못먹고 버리고 보쌈도 반정도 먹다가 버렸네요 미소장국 오른손으로 잡았는데 제 오른손에서도 역한남자향수 같은 냄새가 나요  음식점인데 이런건 좀 조심하셔야 할 것 같아요,3,2,5,5,2021년 2월 6일
17,치킨,강남구 삼성동,싸움의고수-압구정점,ha**님,1인 보쌈 M/1,보쌈 먹고시플때 딱이네용 근데 백김치가 좀 짰어요,5,5,5,5,2021년 2월 4일
18,치킨,강남구 삼성동,싸움의고수-압구정점,eo**님,1인 닭볶음탕/1,오늘도 묵을까 고민중 넘 맛나,5,5,5,5,2021년 2월 2일
19,치킨,강남구 삼성동,싸움의고수-압구정점,eo**님,"1인 닭볶음탕/3(사리 추가 선택(떡, 당면 사리 추가))",뒤돌면 생각나는맛 추릅,5,5,5,5,2021년 2월 2일
20,치킨,강남구 삼성동,싸움의고수-압구정점,eo**님,1인 닭볶음탕/1,전맛탱 맛있게 매워서 넘 조화여,5,5,5,5,2021년 2월 2일
21,치킨,강남구 삼성동,싸움의고수-압구정점,si**님,1인 보쌈 M/1,맛있습니다 사진은 못찍었어요 ,5,5,5,5,2021년 1월 24일
22,치킨,강남구 삼성동,싸움의고수-압구정점,hw**님,1인 마늘보쌈 M/1,한끼로 충분햇는데 다음에 라지로 시킬게여,5,5,5,5,2021년 1월 22일
23,치킨,강남구 삼성동,싸움의고수-압구정점,mu**님,"1인 마늘보쌈 M/1,1인 닭볶음탕/1",보쌈 고기가 맛있고 양도 인데도 배부르고 짛습니다 다만 마늘양념은 호불호 갈릴듯합니다 배달도 빠르고 즐겨찾기좋을듯합니다,5,4,5,5,2021년 1월 19일
24,치킨,강남구 삼성동,싸움의고수-압구정점,au**님,"비빔막국수/1(추가 곁들임 메뉴(삼겹살고기（1인 삼겹M사이즈 50%）추가)),캔 콜라/1",맛은 있어요 진짜 맛은있는데 여러모로 불편합니다 일단 요청사항에 채소 빼달라 부탁드렸어요 근데 다 그대로 있더라고요 뭐 그건 제가 빼서 먹으면되는거라 한숨쉬고 말았어요 근데 배달에 콜라가 안왔어요 전화드리는데 전화도 안받으시데요 이렇게 껄끄러운게 두개 겹쳐서 그런지몰라도 젓가락까지 말썽이네요 상태가 너무 안좋아요 제가 운이 없어서 젓가락뽑기가 망한건지 하나는 말도 안되게 갈라지고 하나는 곰팡이 좀핀거같더라구요 맛은있는데 기분이 너무 상합니다 배달도 빨리오긴해요,3,5,5,5,2021년 1월 17일
25,치킨,강남구 삼성동,싸움의고수-압구정점,손님,1인 삼겹살L/1(추가 곁들임 메뉴(계란 후라이 추가（밥 위에 올려져요）)),삼겹살이 잘 익어와서 좋아요,5,5,5,5,2021년 1월 17일
26,치킨,강남구 삼성동,싸움의고수-압구정점,mi**님,"1인 보쌈 M/1(추가 곁들임 메뉴(미소장국（1인분） 추가)),1인 마늘보쌈 M/2(추가 곁들임 메뉴(미소장국（1인분） 추가)),1인 간장삼겹살L/1(추가 곁들임 메뉴(볶음김치 추가,미소장국（1인분） 추가))",배달 예상시간보다 훨 빨랐어요 간만에 시켜먹었는데 맛있었어요 고기도부드럽고 게눈 감추듯 먹어서사진도없네요,5,5,5,5,2020년 12월 28일
27,치킨,강남구 삼성동,싸움의고수-압구정점,ch**님,"1인 보쌈XL/1(추가 곁들임 메뉴(스팸 구이 추가（2장, 밥 위에 올려져요）,계란말이 추가（밥 위에 올려져요）))",배달도 빠르고 따끈하게 맛있게 잘먹었습니다감사합니다 또 시킬께요,5,5,5,5,2020년 12월 14일
28,치킨,강남구 삼성동,싸움의고수-압구정점,sl**님,"1인 보쌈L/1(추가 곁들임 메뉴(캔 사이다（355ML）)),1인 보쌈XL/1,1인 보쌈XL/1(추가 곁들임 메뉴(보쌈고기（1인분보쌈 S사이즈）추가)),1인 마늘보쌈XL/1,1인 싸움보쌈L/1,1인 마늘족발 M/1(추가 곁들임 메뉴(계란 후라이 추가（밥 위에 올려져요）,보쌈고기（1인분보쌈 S사이즈）추가,캔 콜라（355ML）))",마늘은 좋은데 고기 겉이 왜 자꾸 까매요,5,5,5,5,2020년 12월 14일
29,치킨,강남구 삼성동,싸움의고수-압구정점,손님,"1인 족발XL/1,1인 삼겹살XL/1(추가 곁들임 메뉴(밥 1공기 추가))",족발 삼겹살 다 맛있네요,5,5,5,5,2020년 12월 11일
30,치킨,강남구 삼성동,싸움의고수-압구정점,gi**님,1人 마늘보쌈 /1(사이즈 선택(기본 L)),식지않게 맛있는 음식 빠른배달감사드립니다,5,5,5,5,2020년 12월 5일
31,치킨,강남구 삼성동,싸움의고수-압구정점,no**님,"1人 족발/1(사이즈 선택(세트1 L （상추4장＋깻잎4장）),추가 선택(비빔막국수 추가))",배달이 엄청 안왔네요 시간 전에 시켰는데 이제야 먹네요,4,5,4,2,2020년 11월 27일
32,치킨,강남구 삼성동,싸움의고수-압구정점,sl**님,"1人 보쌈 /1(사이즈 선택(기본 L)),1人 보쌈 /1(사이즈 선택(기본 XL),추가 선택(미소장국（1인분） 추가))",랑 랑 차이를 잘 모르겠음 맛은 평타이상인데 요즘 고기색이 검정색인거차람 보이는건 기분탓이겠죠 예상 배달시간보단 매우 빨리옴,3,4,3,4,2020년 11월 3일
33,치킨,강남구 삼성동,싸움의고수-압구정점,no**님,1人싸움족발/1(사이즈 선택(기본 L)),족발도 맛있고 특히 백김치가 너무 맛있었어요,5,5,5,5,2020년 9월 8일
34,치킨,강남구 삼성동,싸움의고수-압구정점,ku**님,"1人 족발/1(사이즈 선택(기본 M),추가 곁들임 메뉴(스팸 구이 추가（2장, 밥 위에 올려져요）,계란 후라이 추가（밥 위에 올려져요）),추가 선택(간장소스 추가)),1人 닭볶음탕/1(사리 추가 선택(계란후라이 추가))",보쌈과 삼겹살은 여러번 먹었는데요 족발은 양이 적고 닭볶음탕은 너무너무 매워요 표시를 해주시면 좋겠습니다 너무 맵고 순살 닭고기가 들어간다고 표시 해주시면 좋겠어요 제가 순살은 안먹거든요,3,3,3,3,2020년 8월 16일
35,치킨,강남구 삼성동,싸움의고수-압구정점,is**님,"1人 간장보쌈 /1(사이즈 선택(기본 L)),2人 보족（공기밥 별도）/1,1人 간장삼겹살/1(사이즈 선택(기본 M))",배달이 약간 늦긴 했지만 맛있었습니다,5,5,4,4,2020년 8월 14일
36,치킨,강남구 삼성동,싸움의고수-압구정점,sl**님,"1人 보쌈 /1(사이즈 선택(기본 L)),1人 보쌈 /1(사이즈 선택(기본 XL)),캔 콜라/1",유독 검은색의 고기였던날,3,3,3,3,2020년 8월 12일
37,치킨,강남구 삼성동,싸움의고수-압구정점,ha**님,"1人 삼겹살/1(사이즈 선택(기본 M)),삼겹살 고기/1",배달 빠르고 간편하게 맛있게 잘 먹었습니다,5,5,5,5,2020년 8월 8일
38,치킨,강남구 삼성동,싸움의고수-압구정점,ha**님,"1人 보쌈 /1(사이즈 선택(기본 M)),1人 족발/1(사이즈 선택(기본 M)),보쌈 고기/1,삼겹살 고기/1,세트1（상추＋깻잎）/2",잘못 주문하여 전화 드렸는데 친절히 원하는대로 들어주셔서 감동했습니다,5,5,5,5,2020년 8월 4일
39,치킨,강남구 삼성동,싸움의고수-압구정점,he**님,1人 보쌈 /1(사이즈 선택(세트2 L （명이나물6장＋쌈무6장）)),수육 라지 시켰는데 삼겹살 미디움이 왔음 헐 ,4,5,4,5,2020년 7월 15일
40,치킨,강남구 삼성동,싸움의고수-압구정점,gi**님,1人 족발/1(사이즈 선택(기본 XL)),맛있다고또 시켜먹을거라고그만 물어봐 요기요어플아,5,5,5,5,2020년 7월 6일
41,치킨,강남구 삼성동,싸움의고수-압구정점,je**님,"1人 마늘보쌈 /1(사이즈 선택(기본 XL),추가 선택(보쌈고기（1人보쌈 S사이즈） 추가)),1人 족발/1(사이즈 선택(기본 L),추가 선택(삼겹살고기（1人삼겹살 M사이즈 50%） 추가))",맛도있고 배달이 빨라서 잘먹었습니다,5,5,5,5,2020년 7월 3일
42,치킨,강남구 삼성동,싸움의고수-압구정점,sl**님,"1人 보쌈 /1(사이즈 선택(기본 M),추가 선택(삼겹살고기（1人삼겹살 M사이즈 50%） 추가)),1人 보쌈 /1(사이즈 선택(기본 L),추가 선택(캔콜라 추가)),1人 보쌈 /1(사이즈 선택(기본 M))",맛은 있음 양은 생각보다 적음 카드기 분실했다고 배달시간도 예상시간 분 보다 한참 늦어버리고 거의 시간 카드결제 밖에 안되는데 계속 계좌이체 안되냐 전화로도 배달와서도 한숨을 너무 쉬어대고 카드기 분실된게 손님 잘못은 아닌데 그래서 솔직히 좀 답답했음 배달때매 휴,1,4,3,1,2020년 6월 11일
43,치킨,강남구 삼성동,싸움의고수-압구정점,lo**님,"1人 보쌈 /1(사이즈 선택(기본 M)),1人 마늘족발/1(사이즈 선택(기본 XL),추가 선택(삼겹살고기（1人삼겹살 M사이즈 50%） 추가))",역시는 역시 맛있었습니다,5,5,5,5,2020년 6월 9일
44,치킨,강남구 삼성동,싸움의고수-압구정점,hy**님,1人 싸움보쌈 /1(사이즈 선택(기본 L)),구성좋아요 맛있게먹었어용,5,5,5,5,2020년 6월 1일
45,치킨,강남구 삼성동,싸움의고수-압구정점,lo**님,"1人 싸움보쌈 /1(사이즈 선택(기본 L)),1人 삼겹살/1(사이즈 선택(기본 XL)),캔 콜라/1,캔 환타/1",잘먹었습니다 감사합니다,3,3,3,3,2020년 5월 14일
46,치킨,강남구 삼성동,싸움의고수-압구정점,mi**님,"1人 보쌈 /2(사이즈 선택(기본 M),추가 선택(미소장국（1인분） 추가)),1人 삼겹살/1(사이즈 선택(기본 M),추가 선택(미소장국（1인분） 추가))",꾸준히 주문해서 먹고 있어요 항상 맛있어요,5,5,5,5,2020년 5월 4일
47,치킨,강남구 삼성동,싸움의고수-압구정점,mi**님,"1人 보쌈 /2(사이즈 선택(기본 M)),1人 보쌈 /1(사이즈 선택(기본 M),추가 선택(볶음김치 추가,미소장국（1인분） 추가)),1人 마늘보쌈 /1(사이즈 선택(기본 M),추가 선택(미소장국（1인분） 추가))",항상 맛있어서 꾸준히 주문해서 먹고 있어요,5,5,5,5,2020년 4월 16일
48,치킨,강남구 삼성동,싸움의고수-압구정점,ss**님,"1人 닭볶음탕/1(추가 선택(보쌈고기（1人보쌈 S사이즈） 추가,밥 추가))",맛나고 좋아요 가성비 굿굿,5,5,5,5,2020년 3월 18일
49,치킨,강남구 삼성동,싸움의고수-압구정점,li**님,"1人 마늘보쌈 /1(사이즈 선택(기본 M)),1人 마늘족발/1(사이즈 선택(기본 M))",고기에서 냄새나네요 색깔도 고기 주변이 까만 것이 도저히 먹을 수가 없습니다,1,1,1,1,2020년 3월 18일
50,치킨,강남구 삼성동,싸움의고수-압구정점,ma**님,1人 마늘족발/1(사이즈 선택(세트2 M （명이나물6장＋쌈무6장）)),맛있게 잘 먹었습니다 감사합니다,5,5,5,5,2020년 3월 18일
51,치킨,강남구 삼성동,싸움의고수-압구정점,ch**님,1人 불족발/1(사이즈 선택(기본 XL)),너무실망족발 너무 맛없고 냄새나고 천 얼마를 추가해서 시켰더니 양도적고밥도 안받고 야채달라니까 콩나물무침이랑 파채 조금 담아놓고 가게 가서도 직접 먹고 그랬는데 여긴 다신 안시킨다하 그렇게 장사하시면 오래 못하세요,1,1,1,1,2020년 3월 9일
52,치킨,강남구 삼성동,싸움의고수-압구정점,ma**님,비빔막국수/1(추가 선택(보쌈고기（1人보쌈 S사이즈） 추가)),맛있게 잘 먹었습니다 감사합니다,5,5,5,5,2020년 3월 8일
53,치킨,강남구 삼성동,싸움의고수-압구정점,ry**님,"1人 보쌈 /1(사이즈 선택(기본 M)),1人 보쌈 /3(사이즈 선택(기본 L)),싸움소스/1",배달시간도 정확하고 사이즈가 적당했어요,5,5,5,5,2020년 3월 3일
54,치킨,강남구 삼성동,싸움의고수-압구정점,ma**님,1人 족발/1(사이즈 선택(세트 L（쌈세트 제공）)),인분으로 먹기 좋네요 맛있게 잘 먹었습니다 감사합니다,5,5,5,5,2020년 2월 28일
55,치킨,강남구 삼성동,싸움의고수-압구정점,da**님,"1人 간장삼겹살/2(사이즈 선택(기본 M),추가 선택(삼겹살고기（1人삼겹살 M사이즈 50%） 추가,미소장국（1인분） 추가))",배달늦었서 배고픔참느라힘들었지만 맛있게먹었어요,3,5,3,2,2020년 2월 26일
56,치킨,강남구 삼성동,싸움의고수-압구정점,an**님,"1人 보쌈 /1(사이즈 선택(기본 L)),1人 닭볶음탕/1(추가 선택(비빔막국수 추가))",보쌈이 맛있다고 해서 주문을 했는데 보쌈도 맛있지만 닭볶음탕이 완전 맛있더라구요 자주자주 이용할께요,5,5,5,5,2020년 2월 24일
57,치킨,강남구 삼성동,싸움의고수-압구정점,tm**님,1人 보쌈 /9(사이즈 선택(기본 M)),맛있습니다 하지만 배달좀 빨리요,5,5,5,3,2020년 2월 19일
58,치킨,강남구 삼성동,싸움의고수-압구정점,st**님,"1人 마늘보쌈도시락 /1(사이즈 선택(기본 XL),추가 선택(보쌈고기（1인분보쌈 S사이즈）추가),소스 추가 선택(싸움소스 추가))",맛있어요 보쌈 족발 다 맛있오용,5,5,4,5,2020년 2월 16일
59,치킨,강남구 삼성동,싸움의고수-압구정점,js**님,"1人 보쌈도시락 /2(사이즈 선택(기본 M)),1人 삼겹살도시락 /1(사이즈 선택(기본 M)),1人 닭볶음탕 도시락 /1",맛있게 잘먹었습니다 보쌈먹을때 또 먹을게요,5,5,5,5,2020년 2월 12일
60,치킨,강남구 삼성동,싸움의고수-압구정점,yo**님,"1人 삼겹살도시락 /1(사이즈 선택(기본 M)),캔 사이다/1",절 먹었어요 감사합니다,5,5,5,5,2020년 1월 19일
61,치킨,강남구 삼성동,싸움의고수-압구정점,sa**님,1人 족발도시락 /1(사이즈 선택(기본 L)),배달 신속 정확 음식도 따듯하게 유지 족발도 쫄깃하고 너무 맛나네오 야근식사 굳,5,4,4,5,2020년 1월 6일
62,치킨,강남구 삼성동,싸움의고수-압구정점,al**님,"1人 보쌈도시락 /1(사이즈 선택(기본 M)),1人 삼겹살도시락 /1(사이즈 선택(기본 M))",삼겹살 집에서 냄새나게 안구워먹어도 되서 너무좋아요,4,4,5,4,2020년 1월 4일
63,치킨,강남구 삼성동,싸움의고수-압구정점,na**님,"1人 보쌈도시락 /1(사이즈 선택(기본 L)),1人 삼겹살도시락 /1(사이즈 선택(기본 M))",보쌈  이랑 삼겹 일반 시켯는데 좀 고기가 부족했어요 돈에 비해 너무 가성비가 떨어지는 느낌 근데 맛은 있었어요 양만 좀 더 늘려주시면 좋을듯,4,5,3,5,2019년 12월 10일
64,치킨,강남구 삼성동,싸움의고수-압구정점,e_**님,1인 마늘보쌈도시락/2(사이즈 선택(기본 M)),배달도 빠르고 맛있어용,4,4,5,5,2019년 11월 12일
65,치킨,강남구 삼성동,싸움의고수-압구정점,gu**님,"1人마늘보쌈 도시락/1(사이즈 선택(기본 L)),1人 삼겹살 도시락/1(사이즈 선택(기본 XL),추가 선택(삼겹살고기（1人삼겹살 M사이즈 50%） 추가)),마늘소스/1",맛있어요  양이 조금 없어요 나름 큰 사이즈 시켰는 딩,4,4,4,4,2019년 11월 10일
66,치킨,강남구 삼성동,싸움의고수-압구정점,ki**님,"1人 간장족발 도시락/1(사이즈 선택(기본 M)),무김치/1",고기에서 냄새 마이 납니다 ,1,1,1,2,2019년 11월 6일
67,치킨,강남구 삼성동,싸움의고수-압구정점,jh**님,"1人 간장족발 도시락/1(사이즈 선택(세트 L),추가 선택(캔 환타 추가))",환타 캔추가엿는데 콜라로 잘못왓네여 배달은 빨리와주셨음,3,3,3,4,2019년 10월 25일
