﻿,Category,Location,Restaurant,UserID,Menu,Review,Total,Taste,Quantity,Delivery,Date
0,치킨,강남구 삼성동,응급실국물떡볶이-반포직영점,wo**님,"응set（응떡 or 응오뎅＋날치알주먹밥）/1(메뉴 선택(응떡),매운맛 선택(혼수상태맛),치즈 추가 선택(치즈 1개 추가),토핑 추가 선택(메추리알 추가)),김말이 3개/1,링겔쿨피스 450mL/1",응떡 말이 필요없죠 너무 맛있어요 항상 단계만 먹다가 첨으로 단계 먹었더니 꽤 매웠어요  김말이는 첨 시켜먹어봤는데 다른 집 김말이보다 더 맛있는 거 같아요  치즈는그저 갓벽 예상 시간 분이였는데 분 만에 가져다 주셔서 좀 당황한 것만 빼면 완벽한 한끼 였습니다 번창하세요 ,5,5,5,5,일주일 전
1,치킨,강남구 삼성동,응급실국물떡볶이-반포직영점,ho**님,응급실떡볶이/1(매운맛 선택(중상맛)),맛있게 매운맛 넘넘 좋아용,5,5,5,,2021년 7월 15일
2,치킨,강남구 삼성동,응급실국물떡볶이-반포직영점,10**님,"응급실떡볶이/1(매운맛 선택(부상맛),치즈 추가 선택(치즈 1개 추가),토핑 추가 선택(감자넓적（중국）당면,단무지1개))",부상맛 시켰는데 하나도 안매워서 다음엔 중상맛 시켜도 될것같아요 양도 많고 맛있게 잘먹었습니다,5,5,5,5,2021년 7월 14일
3,치킨,강남구 삼성동,응급실국물떡볶이-반포직영점,ye**님,"응급실떡볶이/1(매운맛 선택(중상맛),치즈 추가 선택(치즈 1개 추가))",응떡 처음먹어보는데 너무 맛있네여 ,5,5,5,5,2021년 7월 9일
4,치킨,강남구 삼성동,응급실국물떡볶이-반포직영점,gp**님,"응급실떡볶이/1(매운맛 선택(중상맛),치즈 추가 선택(치즈 1개 추가),토핑 추가 선택(감자넓적（중국）당면))",응떡 지짜 체고  치즈 넘 맛잇어여,5,5,5,5,2021년 7월 8일
5,치킨,강남구 삼성동,응급실국물떡볶이-반포직영점,uh**님,"응급실떡볶이/1(매운맛 선택(중상맛),치즈 추가 선택(치즈 1개 추가),토핑 추가 선택(감자넓적（중국）당면)),링겔쿨피스 450mL/1",쿨피스가 안왔네요 어제 마감을 하셨는지 전화도 안받으셨습니다 배달을 빠르게 잘 왔어요,3,3,4,5,2021년 6월 14일
6,치킨,강남구 삼성동,응급실국물떡볶이-반포직영점,ru**님,"응set（응떡 or 응오뎅＋날치알주먹밥）/1(메뉴 선택(응오뎅),매운맛 선택(중상맛)),야끼만두 3개/1",원래 비엔나 전혀안들어가는거 맞나요 네이버보면 들어간다 나오던데 만두랑 메추리알 외에 소세지는 없네요 전 엽떡먹을랍니다 맛도양도,3,3,2,5,2021년 6월 4일
7,치킨,강남구 삼성동,응급실국물떡볶이-반포직영점,ho**님,"응급실떡볶이/1(매운맛 선택(부상맛),치즈 추가 선택(치즈 1개 추가))",엽떡보다맛있다이말한마디면,5,5,5,5,2021년 5월 25일
8,치킨,강남구 삼성동,응급실국물떡볶이-반포직영점,wl**님,"급set（응떡 or 응오뎅＋날치알주먹밥＋모듬튀김 小）/1(메뉴 선택(응떡),매운맛 선택(부상맛),치즈 추가 선택(치즈 1개 추가),토핑 추가 선택(감자넓적（중국）당면)),참치마요 주먹밥/1",맛있는 음식 감사합니다 ,5,5,5,5,2021년 5월 10일
9,치킨,강남구 삼성동,응급실국물떡볶이-반포직영점,he**님,"급set（응떡 or 응오뎅＋날치알주먹밥＋모듬튀김 小）/1(메뉴 선택(응떡),매운맛 선택(부상맛),치즈 추가 선택(치즈 1개 추가))",항상 믿먹 응떡 치즈추가는 진리져 배달도 빠르고 오늘도 맛있게 먹었습니다,5,5,5,5,2021년 5월 4일
10,치킨,강남구 삼성동,응급실국물떡볶이-반포직영점,wo**님,"응set（응떡 or 응오뎅＋날치알주먹밥）/1(메뉴 선택(응떡),매운맛 선택(중상맛),치즈 추가 선택(치즈 1개 추가),토핑 추가 선택(메추리알 추가)),링겔쿨피스 450mL/1",응떡  말해뭐해 넘 맛있어요 응떡은 한번씩 먹고 싶어지는 날이 오더라구요 배달시간 딱 맞춰서 와주셨고 평상시와 다름없는 맛있는 응떡 잘 먹었습니다  번창하세요 ,5,5,5,5,2021년 4월 18일
11,치킨,강남구 삼성동,응급실국물떡볶이-반포직영점,de**님,"응급실떡볶이/1(매운맛 선택(부상맛),치즈 추가 선택(치즈 1개 추가),토핑 추가 선택(감자넓적（중국）당면))",너무 맛있어서 눈물 도르륵,5,5,5,5,2021년 4월 13일
12,치킨,강남구 삼성동,응급실국물떡볶이-반포직영점,yo**님,"응set（응떡 or 응오뎅＋날치알주먹밥）/1(메뉴 선택(응떡),매운맛 선택(부상맛),토핑 추가 선택(고구마떡 추가))",정말 맛있어요 딸램이가 너무 좋아해요,5,5,5,5,2021년 4월 9일
13,치킨,강남구 삼성동,응급실국물떡볶이-반포직영점,je**님,"응set（응떡 or 응오뎅＋날치알주먹밥）/1(메뉴 선택(응떡),매운맛 선택(부상맛),치즈 추가 선택(치즈 1개 추가))",말해모합니까 배떡에 치즈추가는 진짜 천국의 맛 토핑도 많고 치즈도 번추가인데 겁나 많고 날치안주먹밥도 푸석한 쌀이 아니라 넘 맛있게 먹었어요,5,5,5,5,2021년 4월 6일
14,치킨,강남구 삼성동,응급실국물떡볶이-반포직영점,ne**님,"응급실떡볶이/1(매운맛 선택(부상맛),치즈 추가 선택(치즈 1개 추가),토핑 추가 선택(감자넓적（중국）당면))",너무너무 배부르게 먹었어요 양이 많아서 둘이서 먹기엔 버거웠네요 맛도 있었습니다,5,5,5,5,2021년 3월 20일
15,치킨,강남구 삼성동,응급실국물떡볶이-반포직영점,go**님,"응급실떡볶이/1(매운맛 선택(중상맛),치즈 추가 선택(치즈 1개 추가))",맛있었습니다 비대면 배달을 신청했는데 확인문자 주시고 맛도 맛있었어요,5,5,5,5,2021년 3월 15일
16,치킨,강남구 삼성동,응급실국물떡볶이-반포직영점,em**님,"급set（응떡 or 응오뎅＋날치알주먹밥＋모듬튀김 小）/1(메뉴 선택(응떡),매운맛 선택(부상맛))",맛있게 잘 먹었네요 순한맛 먹어서 하나도 안 매워서 다음에는 한단계 높은거 먹어야 할 듯여 ,5,5,5,5,2021년 2월 28일
17,치킨,강남구 삼성동,응급실국물떡볶이-반포직영점,hy**님,"응급실오뎅/1(매운맛 선택(중상맛),토핑 추가 선택(오뎅 추가,메추리알 추가,단무지2개))",맛있어요 개인적으로 엽떡보다 맛있게 먹었어요 담번엔 혼수상태맛 주문하려구요,5,5,5,5,2021년 2월 21일
18,치킨,강남구 삼성동,응급실국물떡볶이-반포직영점,mi**님,"응급실 닭볶음탕/1(매운맛 선택(부상맛),토핑 추가 선택(치즈1 추가))",예상보다 빨리 도착했어요 닭크기도 작지 않고 양도 많습니다 당면 기본으로 들어있는 것도  응떡하면 치즈라 치즈도 추가해서 먹으니까 더 맛있네요,5,5,5,5,2021년 2월 19일
19,치킨,강남구 삼성동,응급실국물떡볶이-반포직영점,hy**님,"응급실떡볶이/1(매운맛 선택(부상맛),치즈 추가 선택(치즈 1개 추가),토핑 추가 선택(감자넓적（중국）당면)),참치마요 주먹밥/1",맛있게 먹었어용 배달은 조금 걸렸지만 치즈가 장난아니네용,5,5,5,3,2021년 2월 17일
20,치킨,강남구 삼성동,응급실국물떡볶이-반포직영점,bu**님,"응set（응떡 or 응오뎅＋날치알주먹밥）/1(메뉴 선택(응오뎅),매운맛 선택(혼수상태맛),치즈 추가 선택(치즈 1개 추가))",떡볶이 생각나서 주문했었는데 역시나 맛있어요 배달 요청사항도 들어주셔서 감사합니다 새해 복 많이 받으세요,5,5,5,5,2021년 2월 15일
21,치킨,강남구 삼성동,응급실국물떡볶이-반포직영점,go**님,"응set（응떡 or 응오뎅＋날치알주먹밥）/1(메뉴 선택(응떡),매운맛 선택(중상맛),치즈 추가 선택(치즈 1개 추가))",배달시간이 분이라고 적혀있었는데 빨리오셨어요 맛있게 먹었습니다,5,5,5,5,2021년 2월 11일
22,치킨,강남구 삼성동,응급실국물떡볶이-반포직영점,su**님,"급set（응떡 or 응오뎅＋날치알주먹밥＋모듬튀김 小）/1(메뉴 선택(응오뎅),매운맛 선택(부상맛),치즈 추가 선택(치즈 1개 추가),토핑 추가 선택(감자넓적（중국）당면))",날이 추워서 그런지 너무 늦게와서 떡볶이가 차가웠어요 그래서 다 별로,4,4,4,4,2021년 2월 9일
23,치킨,강남구 삼성동,응급실국물떡볶이-반포직영점,se**님,"응set（응떡 or 응오뎅＋날치알주먹밥）/1(메뉴 선택(응떡),매운맛 선택(부상맛),치즈 추가 선택(치즈 1개 추가)),치즈계란찜/1",배달도 빠르지 않고 그냥 달기만 했어요,2,1,4,3,2021년 2월 7일
24,치킨,강남구 삼성동,응급실국물떡볶이-반포직영점,ju**님,"응급실오뎅/1(매운맛 선택(중상맛)),날치알주먹밥/1,링겔쿨피스 450mL/1",응떡은 처음인데 맛있어요 생각보다 떡도 많고 맵기 정도가 생각했던것 보다는 살짝 매웠지만 맛있네요 어떤 맛인지 궁금했었는데 잘 먹었습니다,5,5,5,5,2021년 1월 27일
25,치킨,강남구 삼성동,응급실국물떡볶이-반포직영점,wo**님,"응급실떡볶이/1(매운맛 선택(부상맛),치즈 추가 선택(치즈 1개 추가)),오뎅튀김 5개/1,오징어튀김 3개/1,날치알주먹밥/1",맛나게잘먹었어요담엔매운걸시켜야겠어요 이름선입관때문에부상맛시켰는데보통맛이네요,5,5,4,4,2021년 1월 27일
26,치킨,강남구 삼성동,응급실국물떡볶이-반포직영점,wh**님,"응급실떡볶이/1(매운맛 선택(중상맛),치즈 추가 선택(치즈 1개 추가),토핑 추가 선택(당면 추가)),김말이 3개/1,잡채말이 3개/1,오징어튀김 3개/1,야채튀김 1개/1",배달도 빠르고 좋습니다,5,5,5,5,2021년 1월 24일
27,치킨,강남구 삼성동,응급실국물떡볶이-반포직영점,67**님,"응급실떡볶이/1(매운맛 선택(부상맛),토핑 추가 선택(떡 추가,고구마떡 추가)),참치마요 주먹밥/1,링겔쿨피스 450mL/2",떡볶이 정말 맛있습니다,5,5,5,5,2021년 1월 24일
28,치킨,강남구 삼성동,응급실국물떡볶이-반포직영점,dp**님,"응급실오뎅/1(매운맛 선택(부상맛),치즈 추가 선택(치즈 1개 추가))",응오뎅은 진짜 진리입니다 재주문시켜먹을거에요,5,5,5,4,2021년 1월 22일
29,치킨,강남구 삼성동,응급실국물떡볶이-반포직영점,th**님,"응set（응떡 or 응오뎅＋날치알주먹밥）/1(메뉴 선택(응떡),매운맛 선택(중상맛),치즈 추가 선택(치즈 1개 추가))",양도 진짜 많고 맛있어요,5,5,5,5,2021년 1월 20일
30,치킨,강남구 삼성동,응급실국물떡볶이-반포직영점,ya**님,"응급실떡볶이/1(매운맛 선택(부상맛),치즈 추가 선택(치즈 1개 추가),토핑 추가 선택(감자넓적（중국）당면))",맜있습니다 치즈가 맛잇네요,5,5,5,5,2021년 1월 20일
31,치킨,강남구 삼성동,응급실국물떡볶이-반포직영점,dh**님,"응급실떡볶이/1(매운맛 선택(부상맛),치즈 추가 선택(치즈 1개 추가))",양도 많고 맛도 좋아요,5,5,5,5,2021년 1월 19일
32,치킨,강남구 삼성동,응급실국물떡볶이-반포직영점,tk**님,"응급실 닭볶음탕/1(매운맛 선택(중상맛)),오뎅탕/1",오뎅탕도 싸고 많고 닭볶음탕에 당면은 따로 받아야할거같긴해요 나눠먹기 힘들더라구요,5,5,5,5,2021년 1월 18일
33,치킨,강남구 삼성동,응급실국물떡볶이-반포직영점,ay**님,"응급실오뎅/1(매운맛 선택(부상맛),토핑 추가 선택(감자넓적（중국）당면))",엽떡보다 맛있어여 응떡채고,5,5,5,5,2021년 1월 17일
34,치킨,강남구 삼성동,응급실국물떡볶이-반포직영점,tm**님,"응급실떡볶이/1(매운맛 선택(중상맛),치즈 추가 선택(치즈 1개 추가))",중상맛 적당히 맵고 토핑여러가지 좋아요,4,4,4,4,2021년 1월 12일
35,치킨,강남구 삼성동,응급실국물떡볶이-반포직영점,hi**님,"응set（응떡 or 응오뎅＋날치알주먹밥）/1(메뉴 선택(응오뎅),매운맛 선택(중상맛),치즈 추가 선택(치즈 1개 추가))",집 가까이에 다른 떡볶이도 있는데 저는 응떡이 맛이 깔끔하고 맵기도 적당해서 좋더라구요 특히 응떡은 무조건 치즈 추가 필수에요 배달시간이 너무 길게 나와서 전화로 문의드렸는데 친절하게 응대해주시고 배달도 빨리 받을 수 있게 조치 취해주셔서 정말 감사합니다 ,5,5,5,5,2021년 1월 9일
36,치킨,강남구 삼성동,응급실국물떡볶이-반포직영점,zi**님,"실set（응떡 or 응오뎅＋날치알주먹밥＋모듬튀김小＋순대）/1(메뉴 선택(응떡),매운맛 선택(중상맛),치즈 추가 선택(치즈 1개 추가))",맛나요 비슷한 업계 떡볶이중 괜찮아요,5,5,5,5,2021년 1월 6일
37,치킨,강남구 삼성동,응급실국물떡볶이-반포직영점,bo**님,"급set（응떡 or 응오뎅＋날치알주먹밥＋모듬튀김 小）/1(메뉴 선택(응떡),매운맛 선택(중상맛),치즈 추가 선택(치즈 1개 추가))",연말과 함께 한 응떡 맛있었어용,4,5,4,4,2021년 1월 3일
38,치킨,강남구 삼성동,응급실국물떡볶이-반포직영점,my**님,"급set（응떡 or 응오뎅＋날치알주먹밥＋모듬튀김 小）/1(메뉴 선택(응떡),매운맛 선택(부상맛),치즈 추가 선택(치즈 1개 추가))",리뷰 처음 남겨봅니다 친구가 응떡맛있다고해서 반신반의로시켰는데 진짜맛있네요 먹어본떡볶이중에 젤짱맛 치즈추가는 꼭해야합니다,5,5,5,4,2020년 12월 27일
39,치킨,강남구 삼성동,응급실국물떡볶이-반포직영점,tk**님,"응급실오뎅/1(매운맛 선택(중상맛),치즈 추가 선택(치즈 1개 추가)),참치마요 주먹밥/1",양도많고 맛도 괜찮고 오뎅으로 시켰는데 떡이 제법 많네요 단무지 빼달라했는데 안빼주셨고 배달원은 문 앞에다 두고 갔네요 전화도 벨도없이 그냥 가는거 참 대단합니다,2,4,4,1,2020년 12월 26일
40,치킨,강남구 삼성동,응급실국물떡볶이-반포직영점,sa**님,"응급실떡볶이/1(매운맛 선택(부상맛),토핑 추가 선택(오뎅 추가,고구마떡 추가)),모듬튀김（大）/1",배달하시는 분이 카드결제가 고장났다고 신용카드 결제로 신청했는데도 현금 달라고 하셔서 현금 드렸어요,5,5,5,4,2020년 12월 25일
41,치킨,강남구 삼성동,응급실국물떡볶이-반포직영점,so**님,"응급실오뎅/1(매운맛 선택(부상맛),치즈 추가 선택(치즈 2개 추가)),링겔쿨피스 450mL/3",잘 먹었어요 치즈가 다 굳어서 온게 아쉬웠지만,5,5,5,5,2020년 12월 24일
42,치킨,강남구 삼성동,응급실국물떡볶이-반포직영점,em**님,"급set（응떡 or 응오뎅＋날치알주먹밥＋모듬튀김 小）/1(메뉴 선택(응떡),매운맛 선택(부상맛),치즈 추가 선택(치즈 1개 추가))",맛나게 잘 먹었습니다 배달시간은 아쉽네요,5,5,5,2,2020년 12월 21일
43,치킨,강남구 삼성동,응급실국물떡볶이-반포직영점,ch**님,"응급실떡볶이/1(매운맛 선택(중상맛),치즈 추가 선택(치즈 1개 추가),토핑 추가 선택(오뎅 추가))",애들이 좋아하네요 잘먹었읍니다,5,5,5,5,2020년 12월 20일
44,치킨,강남구 삼성동,응급실국물떡볶이-반포직영점,xo**님,"급set（응떡 or 응오뎅＋날치알주먹밥＋모듬튀김 小）/1(메뉴 선택(응떡),매운맛 선택(부상맛),치즈 추가 선택(치즈 1개 추가),토핑 추가 선택(수제비 추가)),참치마요 주먹밥/1",사장님이 손님을 사랑하는 마음은 잘 알겠는데 날치알 주먹밥은 맛잇엇는데 참치 주먹밥에 마요를 듬뿍 넣어주셔서 많이 짜고 질척했어요 그거 빼고는 다 좋아용,5,5,5,5,2020년 12월 17일
45,치킨,강남구 삼성동,응급실국물떡볶이-반포직영점,ma**님,"급set（응떡 or 응오뎅＋날치알주먹밥＋모듬튀김 小）/1(메뉴 선택(응떡),매운맛 선택(중상맛))",여떡보다 훨씬 맛있어요 국물 많은 스타일이라 떠먹기 좋았고 튀김 종류 다양해서 너무 좋았어요 다음에도 무조건 여기서 시켜먹을게요,5,5,5,5,2020년 12월 10일
46,치킨,강남구 삼성동,응급실국물떡볶이-반포직영점,ra**님,"실set（응떡 or 응오뎅＋날치알주먹밥＋모듬튀김小＋순대）/1(메뉴 선택(응떡),매운맛 선택(중상맛)),실set（응떡 or 응오뎅＋날치알주먹밥＋모듬튀김小＋순대）/1(메뉴 선택(응떡),매운맛 선택(중상맛),토핑 추가 선택(감자넓적（중국）당면)),응급실떡볶이/1(매운맛 선택(부상맛))",잘시키먹는집인데  오늘은 튀김실수가있으셨네요,4,4,5,5,2020년 12월 9일
47,치킨,강남구 삼성동,응급실국물떡볶이-반포직영점,67**님,"응급실떡볶이/1(매운맛 선택(부상맛),토핑 추가 선택(고구마떡 추가)),참치마요 주먹밥/1,링겔쿨피스 450mL/2",맛있습니다 배달도 빠르고요,5,5,5,5,2020년 12월 4일
48,치킨,강남구 삼성동,응급실국물떡볶이-반포직영점,ww**님,"응급실오뎅/1(매운맛 선택(혼수상태맛),토핑 추가 선택(메추리알 추가,당면 추가))",당면추가하니까 또 다른 걸쭉한 맛이 느껴지네요,5,5,5,5,2020년 12월 1일
49,치킨,강남구 삼성동,응급실국물떡볶이-반포직영점,no**님,"응급실오뎅/1(매운맛 선택(중상맛),치즈 추가 선택(치즈 1개 추가),토핑 추가 선택(당면 추가))",응급실 오뎅 시켰는데 떡을 먹어도 먹어도 계속 나오고 오뎅이 몇조각 밖에 없는데 이게 맞는건가요 주문이 맞게 온 줄 알고 손대버려서 교환 안될 것 같아서 그냥 먹긴 하는데 떡 안좋아해서 일부러 오뎅으로 주문한건데 첫 주문부터 잘못와서 실망스럽네요,3,3,5,5,2020년 11월 29일
50,치킨,강남구 삼성동,응급실국물떡볶이-반포직영점,se**님,"응급실떡볶이/1(매운맛 선택(부상맛),치즈 추가 선택(치즈 1개 추가)),순대/1",먹느라 사진을 못찍었네욥 담엔 중상맛 시켜야겠어요 하나도 안맵네요 부상맛 그리구 치즈가 존맛탱이에요 순대는 나 떡볶이 이런곳이랑 맛이 똑같아요 짜요  수제비는 갠적으로 안들어가는게 더 좋을것같은느낌이에용 뭐가 잡다하게 많이 들어가있어요 하지만 맛있었어요 양도 많고요 매운맛으로 또 시킬거같아요,5,5,5,5,2020년 11월 28일
51,치킨,강남구 삼성동,응급실국물떡볶이-반포직영점,88**님,"응급실오뎅/1(매운맛 선택(부상맛),치즈 추가 선택(치즈 1개 추가)),모듬튀김（大）/1,치즈스틱 3개/1",응떡은 사랑이에요 강남인들한테전파중 다들맛나데요,5,5,5,5,2020년 11월 18일
52,치킨,강남구 삼성동,응급실국물떡볶이-반포직영점,ye**님,"응급실오뎅/1(매운맛 선택(부상맛),치즈 추가 선택(치즈 2개 추가),토핑 추가 선택(감자넓적（중국）당면)),순대/1,웰치스（포도） 355mL/1",맛있게 잘 먹었습니다 ,5,5,5,5,2020년 11월 6일
53,치킨,강남구 삼성동,응급실국물떡볶이-반포직영점,wj**님,"응급실떡볶이/1(매운맛 선택(부상맛),치즈 추가 선택(치즈 2개 추가))",생각보다 양이 많은건 아니지만 잘 막었어요,4,4,3,4,2020년 10월 29일
54,치킨,강남구 삼성동,응급실국물떡볶이-반포직영점,sa**님,"응급실오뎅/1(매운맛 선택(중상맛),치즈 추가 선택(치즈 1개 추가)),오뎅탕/1",후기보고 치즈안시켰음 큰일날뻔 국물로 오뎅탕시켰는데 맛있습니다 앞으로도 자주시켜먹을게요,5,5,5,5,2020년 10월 29일
55,치킨,강남구 삼성동,응급실국물떡볶이-반포직영점,kj**님,"응급실떡볶이/1(매운맛 선택(중상맛),치즈 추가 선택(치즈 1개 추가),토핑 추가 선택(계란（2개） 추가,고구마떡 추가))",배달예정 시간보다 빨리오고 맛있어요  주먹밥 시킬라했는데 까먹고 떡볶이만 사버린  담에는  한번 더 확인하고 시켜야겠어용 주문할거면 치즈 무조건 시켜먹으세용 맛있어요 담에도 무조건시켜먹을게용,5,5,5,5,2020년 10월 29일
56,치킨,강남구 삼성동,응급실국물떡볶이-반포직영점,rj**님,"응급실떡볶이/1(매운맛 선택(부상맛),치즈 추가 선택(치즈 1개 추가),토핑 추가 선택(계란（2개） 추가))",음식 맛 미쳤습니다 양 미쳤습니다 만족도 최상찍습니다 와 살다가 떡복이 맛있다고 허버허버 먹은건 첨이네요 유명 먹방유투버님이 자주시켜드셔서 함 먹어봤는데 떡복이 잘먹는음식아닌데 떡복이생각나면 여기시킬것같아요 언니 오빠 친구 다 사방팔방추천하고다니고싶네요 양도 진짜 많아요 하나시키면 여자기준명이달려들어야할거같구요 뭐 남자는 알아서 시켜먹겠죠 뭐  아 진짜 맛있어요 치즈 념념굿 떡복이 국물 진짜 이야 이걸 이런게 떡복이인가 이야 이걸 하는 느낌입니다 개존맛탱   ,5,5,5,5,2020년 10월 27일
57,치킨,강남구 삼성동,응급실국물떡볶이-반포직영점,ww**님,"응급실오뎅/1(매운맛 선택(혼수상태맛),토핑 추가 선택(계란（2개） 추가))",맛있어요 다음에 또 시켜먹을거 같아요,5,5,5,5,2020년 10월 25일
58,치킨,강남구 삼성동,응급실국물떡볶이-반포직영점,pe**님,"응급실오뎅/1(매운맛 선택(부상맛),치즈 추가 선택(치즈 1개 추가))",맛있어요 소문만 듣고 처음 시켜먹었는데 맵기 단계 높여서 주문해도 되겠어요,5,5,5,5,2020년 10월 19일
59,치킨,강남구 삼성동,응급실국물떡볶이-반포직영점,ro**님,"급set（응떡 or 응오뎅＋날치알주먹밥＋모듬튀김 小）/1(메뉴 선택(응떡),매운맛 선택(부상맛),치즈 추가 선택(치즈 2개 추가))",예정된 시간 내에 배송해주셨고 또 부닥한 비대면배송도 잘 전달되어 그대로 배달해주셨어요 여즘 뜨고있는 떡볶이라 딸 추천으로 주문했는데 급 세트 만족하고 추천합니다 날치알 주먹밥도 치즈 추가가 대박입니다,5,5,5,5,2020년 10월 18일
60,치킨,강남구 삼성동,응급실국물떡볶이-반포직영점,kh**님,"응급실떡볶이/1(매운맛 선택(중상맛),치즈 추가 선택(치즈 1개 추가)),모듬튀김（小）/1",양도 많고 맛있는데 넘 매워요 담번엔 단계맛으로 먹어야겠어요,5,5,5,5,2020년 10월 16일
61,치킨,강남구 삼성동,응급실국물떡볶이-반포직영점,so**님,"응급실오뎅/1(매운맛 선택(부상맛),치즈 추가 선택(치즈 2개 추가),토핑 추가 선택(수제비 추가)),닭껍질튀김（마일드）/1",전화 했는데 안받으셔서 여기다 씁니다 오늘 떡볶이 잘못왔어요 항상 부상맛 응오뎅 시켜먹는데 오늘은 확 매워서 어 소스가 바뀌었나 생각했습니다 회사직원분들이랑 먹으면서 그런가부다 했는데 먹다보니 떡이 많고 메추리알이 많아서 아 이거 잘 못 온거구나라는걸 인지했네요 담엔 다른데랑 바뀌지 않게 신경써서 보내주세요  그리고 닭껍질튀김은 진짜 별루네여 더 바싹하게 튀겨주셔야하는데  튀기다만 것 같았어요 누가 맛있대서 시켰는데 별로였어여,1,1,5,5,2020년 10월 14일
62,치킨,강남구 삼성동,응급실국물떡볶이-반포직영점,je**님,"응급실떡볶이/1(매운맛 선택(중상맛),치즈 추가 선택(치즈 1개 추가))",맛있어요 드디어 반포쪽에도 응떡이 생겨서 너무 행복해요직영이라 그런지 치즈가 더 많은 느낌근데 단계가 다른 지점에 비해 매웠어요 너무 맛있지만 맵찔이에게는 매워서 혀가 아리는 고통이 그래도 응떡에 치즈추가는 역시 ,5,5,5,5,2020년 10월 12일
63,치킨,강남구 삼성동,응급실국물떡볶이-반포직영점,ki**님,"응set（응떡 or 응오뎅＋날치알주먹밥）/1(메뉴 선택(응오뎅),매운맛 선택(부상맛),치즈 추가 선택(치즈 1개 추가))",양이 많아서 좋았슴니다,4,4,4,4,2020년 10월 9일
64,치킨,강남구 삼성동,응급실국물떡볶이-반포직영점,le**님,"응급실오뎅/1(매운맛 선택(사망맛),토핑 추가 선택(계란（2개） 추가))",맵고 맛있어서 좋은데 떡은 많이 빼달라고 요청했는데 많이 주셨어요  오뎅을 더 많이 달라구 부탁드렸은데 좀 양이 적어보였어욤 국물도 별로 없고 그래도 맛은있어요 다음에는 더 많이 부탁드랴요,4,5,5,5,2020년 10월 3일
65,치킨,강남구 삼성동,응급실국물떡볶이-반포직영점,kk**님,"응급실떡볶이/1(매운맛 선택(부상맛),치즈 추가 선택(치즈 1개 추가),토핑 추가 선택(감자넓적（중국）당면)),모듬튀김（小）/1",치즈랑 튀김 정말 맛있어요 단계 맛을 시킨거를 감안하더라도 매운맛이 정말 하나도 없어요 이번에만 그런거겠죠,4,4,5,5,2020년 10월 3일
66,치킨,강남구 삼성동,응급실국물떡볶이-반포직영점,mo**님,"응급실떡볶이/1(매운맛 선택(부상맛),치즈 추가 선택(치즈 1개 추가))",처음 먹어봤는데 진짜 맛있네요 치즈,5,5,5,5,2020년 9월 25일
67,치킨,강남구 삼성동,응급실국물떡볶이-반포직영점,ju**님,"응급실떡볶이/1(매운맛 선택(혼수상태맛),치즈 추가 선택(치즈 1개 추가)),참치마요 주먹밥/1",치즈 진짜 맛있어요 꼭 추가하세요,5,5,5,4,2020년 9월 22일
68,치킨,강남구 삼성동,응급실국물떡볶이-반포직영점,se**님,"응급실떡볶이/1(매운맛 선택(중상맛),치즈 추가 선택(치즈 1개 추가),토핑 추가 선택(감자넓적（중국）당면))",넘맛있어요시간은코로나땜에주말이고해서쫌걸렸어요재주문할거에요,5,5,5,5,2020년 9월 15일
69,치킨,강남구 삼성동,응급실국물떡볶이-반포직영점,ki**님,"응급실떡볶이/1(매운맛 선택(혼수상태맛),토핑 추가 선택(계란（2개） 추가)),치즈스틱 3개/1,오뎅튀김 5개/1",배달 빠르고 맛났습니다,5,5,5,5,2020년 9월 11일
70,치킨,강남구 삼성동,응급실국물떡볶이-반포직영점,64**님,"응set（응떡 or 응오뎅＋날치알주먹밥）/1(메뉴 선택(응떡),매운맛 선택(부상맛),치즈 추가 선택(치즈 1개 추가)),오징어튀김 3개/1,야채튀김 1개/2",첫주문 맛있게 먹었어요,5,5,5,5,2020년 9월 6일
71,치킨,강남구 삼성동,응급실국물떡볶이-반포직영점,dl**님,"급set（응떡 or 응오뎅＋날치알주먹밥＋모듬튀김 小）/1(메뉴 선택(응떡),매운맛 선택(중상맛),토핑 추가 선택(당면 추가))",빨리오고 맛있어요 굳굳,5,5,5,5,2020년 9월 5일
72,치킨,강남구 삼성동,응급실국물떡볶이-반포직영점,se**님,"실set（응떡 or 응오뎅＋날치알주먹밥＋모듬튀김小＋순대）/1(메뉴 선택(응떡),매운맛 선택(부상맛),치즈 추가 선택(치즈 1개 추가))",너무너무너무너무 맛잇어요,5,5,5,5,2020년 9월 4일
73,치킨,강남구 삼성동,응급실국물떡볶이-반포직영점,cr**님,"응급실떡볶이/1(매운맛 선택(부상맛)),닭껍질튀김（마일드）/1",내용물 흐를까봐 랩으로 꼼꼼하게 싸주셨네요 요즘 너무 매운떡볶이들 많아서 젤 순한맛으로 시켜봤는데 다음엔 두번째단계로 시켜도 되겠어요 닭껍튀김은 맛있긴한데 같은가격이면 다른튀김으로 시키는게 나을수도넘 기대가 컸었나봐요 캡사이신같은 인공맛 거의 안나고 잘먹었어요,5,4,4,5,2020년 9월 2일
74,치킨,강남구 삼성동,응급실국물떡볶이-반포직영점,ck**님,"응급실떡볶이/1(매운맛 선택(중상맛)),링겔쿨피스 450mL/1",다 좋았어요 쿨피스가 빠져서 와서 다음에 배달시 서비스 주신다고 친절히 대답해주셨습니다,5,5,5,5,2020년 8월 29일
75,치킨,강남구 삼성동,응급실국물떡볶이-반포직영점,ry**님,"응급실떡볶이/1(매운맛 선택(부상맛),치즈 추가 선택(치즈 1개 추가),토핑 추가 선택(메추리알 추가,만두 추가)),응급실오뎅/1(매운맛 선택(부상맛),치즈 추가 선택(치즈 1개 추가),토핑 추가 선택(메추리알 추가,만두 추가)),주먹밥/2",이곳의 진리는 치즈입니다 진짜 치즈가 너무 맛있어요,5,5,5,5,2020년 8월 28일
76,치킨,강남구 삼성동,응급실국물떡볶이-반포직영점,ar**님,"응급실떡볶이/1(매운맛 선택(부상맛),치즈 추가 선택(치즈 1개 추가))",다른 지점에는 소세지 있었는데  여기는 없더라구요 점바점인가봐요,4,4,4,4,2020년 8월 27일
77,치킨,강남구 삼성동,응급실국물떡볶이-반포직영점,so**님,"응set（응떡 or 응오뎅＋날치알주먹밥）/1(메뉴 선택(응오뎅),매운맛 선택(부상맛),치즈 추가 선택(치즈 2개 추가),토핑 추가 선택(오뎅 추가,수제비 추가,감자넓적（중국）당면)),웰치스（포도） 355mL/2,칠성사이다 355mL/1,코카콜라 355mL/1",배송이 넘 늦게와서 다 뿔었지만 맛있게 잘 먹었습니다 또 주문하러 오께요 치즈 넘 맛있어요,5,5,5,4,2020년 8월 27일
78,치킨,강남구 삼성동,응급실국물떡볶이-반포직영점,to**님,"응급실떡볶이/1(매운맛 선택(사망맛),치즈 추가 선택(치즈 1개 추가))",응떡 반포점이 생겨 배달이 되서 넘 좋아요자주 시켜먹을거예요배달시간도분밖에 안걸리고빨리와서 만족입니다,5,5,5,5,2020년 8월 25일
79,치킨,강남구 삼성동,응급실국물떡볶이-반포직영점,so**님,"응set（응떡 or 응오뎅＋날치알주먹밥）/1(메뉴 선택(응떡),매운맛 선택(부상맛),치즈 추가 선택(치즈 2개 추가)),링겔쿨피스 450mL/3",맛있네요 담엔 응오뎅으로 주문하려고요,5,5,5,5,2020년 8월 23일
