﻿,Category,Location,Restaurant,UserID,Menu,Review,Total,Taste,Quantity,Delivery,Date
0,치킨,강남구 논현동,전국3대치킨오성통닭-강남점,is**님,"순살 크러스터 세가지맛 세트（후라이드1＋치킨 택2＋소스＋소금＋치킨무＋콜라245mL）/1(치킨 선택1(뿌링치즈),치킨 선택 2(마늘간장),음료 추가 선택(변경 안함))",잘먹었습니다 역시 믿고주문라는 오성통닭이네요 배달도 빠르고 맛있게 잘 먹었습니다,5,5,5,5,13시간 전
1,치킨,강남구 논현동,전국3대치킨오성통닭-강남점,mi**님,"크리스터치킨（바삭한 후라이드）/1(뼈 or 순살 선택(뼈),음료 추가 선택(변경 안함))",바삭하고 맛있어요 뒷맛은 살짝 맵지만요,5,5,4,3,2021년 7월 21일
2,치킨,강남구 논현동,전국3대치킨오성통닭-강남점,ha**님,"크러스터치킨 반＋뿌링치즈 반/1(뼈 or 순살 선택(뼈),음료 추가 선택(변경 안함)),크러스터치킨 양념반＋양념반/1(양념 선택(달콤양념,마늘간장),음료 추가 선택(변경 안함))",처음 시켜봤는데 맛있었어요 후라이드와 양념이 특히 맛있고 간장 치즈는 조금 아쉬웠어요 바삭한 후라이드 원하시면 강추요 치즈감자도 리뷰이벤트로 주셔서 맛있게 먹었어요 다른 집보다 양도 많은 것 같아요 재구매 의사 있습니다,5,4,5,5,2021년 7월 17일
3,치킨,강남구 논현동,전국3대치킨오성통닭-강남점,a1**님,"순살 크러스터 세가지맛 세트（후라이드1＋치킨 택2＋소스＋소금＋치킨무＋콜라245mL）/1(치킨 선택1(마늘간장),치킨 선택 2(달콤양념),음료 추가 선택(변경 안함))",수준이 다른 치킨 결식아동도 돕네요 더 맛있습니다,5,5,5,5,2021년 7월 17일
4,치킨,강남구 논현동,전국3대치킨오성통닭-강남점,yo**님,"크러스터치킨 반＋뿌링치즈 반/1(뼈 or 순살 선택(뼈),추가 선택(감자튀김＋야채튀김 세트로 변경),음료 추가 선택(변경 안함))",후라이드 진짜바삭해효 양파랑마늘튀김도 존맛 최소금액의 고객을 위한서비스상품 이네요 감자튀김도 달콩 한게 맛나요 잘 먹었습니다 ,5,5,4,4,2021년 7월 14일
5,치킨,강남구 논현동,전국3대치킨오성통닭-강남점,jo**님,"크러스터치킨 반＋화끈 볼케이노 반/1(뼈 or 순살 선택(순살),음료 추가 선택(변경 안함),사이드 추가 선택(치즈볼 6개 추가))",같은 메뉴만 세번째 주문했습니다 단골이 안될수가 없네요  굳굳,5,5,5,5,2021년 7월 13일
6,치킨,강남구 논현동,전국3대치킨오성통닭-강남점,co**님,"크러스터치킨 반＋달콤 핫양념 반/1(뼈 or 순살 선택(뼈),음료 추가 선택(변경 안함))",맛있게잘먹었습니다요청사항들어주셔서감사하구손편지감동입니다,5,5,5,5,2021년 7월 10일
7,치킨,강남구 논현동,전국3대치킨오성통닭-강남점,11**님,"순살 크러스터 세가지맛 세트（후라이드1＋치킨 택2＋소스＋소금＋치킨무＋콜라245mL）/1(치킨 선택1(화끈볼케이노),치킨 선택 2(달콤양념),음료 추가 선택(변경 안함))",처음 시켜봤는데 너무 맛있어요세가지맛 다달라서 골라먹는 재미가감자튀김도 굿굿,5,5,5,5,2021년 7월 9일
8,치킨,강남구 논현동,전국3대치킨오성통닭-강남점,an**님,"순살 크러스터 세가지맛 세트（후라이드1＋치킨 택2＋소스＋소금＋치킨무＋콜라245mL）/1(치킨 선택1(타코야키),치킨 선택 2(뿌링치즈),음료 추가 선택(변경 안함))",친구껄로 맛있게 먹어서 또 시켰습니다 맛있어요,5,5,5,5,2021년 7월 7일
9,치킨,강남구 논현동,전국3대치킨오성통닭-강남점,ja**님,"순살 크러스터 세가지맛 세트（후라이드1＋치킨 택2＋소스＋소금＋치킨무＋콜라245mL）/1(치킨 선택1(어니언맛),치킨 선택 2(달콤양념),음료 추가 선택(변경 안함))",제일 좋아하는 치킨집에 제일 좋아하는 메뉴 저렴하고 양많고 바삭하며 소스가 다양한데 가격 변동이 없어 부담이 없다 거기에 손쪽지까지 받으니 감동이 두배 코로나 영향이 큰지 좋아하던 치킨집이 죄다 사라져서 남은 곳이 여기밖에 없는데 제발 오래 갔으면 좋겠다 다음에 또 시킬게요 언제나 맛나게 먹고 있습니다 식후감,5,5,5,5,2021년 7월 5일
10,치킨,강남구 논현동,전국3대치킨오성통닭-강남점,br**님,"크러스터치킨 반＋화끈 볼케이노 반/1(뼈 or 순살 선택(뼈),음료 추가 선택(변경 안함))",긴말 안해요 그냥 시키세요 제발,5,5,5,5,2021년 7월 5일
11,치킨,강남구 논현동,전국3대치킨오성통닭-강남점,ma**님,"크러스터치킨 반＋달콤 핫양념 반/1(뼈 or 순살 선택(뼈),음료 추가 선택(변경 안함))",첫 주문인데 앞으로 단골될 듯 볼케이노가 취향인데 조금 더 매워도 될 거 같아요,5,5,5,5,2021년 7월 4일
12,치킨,강남구 논현동,전국3대치킨오성통닭-강남점,je**님,"크러스터치킨 반＋화끈 볼케이노 반/1(뼈 or 순살 선택(뼈),추가 선택(감자튀김＋야채튀김 세트로 변경),음료 추가 선택(변경 안함))",가성비 갑 맛있어요 볼케이노가 제 스타일이네요,5,5,5,5,2021년 6월 22일
13,치킨,강남구 논현동,전국3대치킨오성통닭-강남점,li**님,"순살 크러스터 세가지맛 세트（후라이드1＋치킨 택2＋소스＋소금＋치킨무＋콜라245mL）/1(치킨 선택1(달콤양념),치킨 선택 2(마늘간장),음료 추가 선택(변경 안함))",세가지맛을 골고루 먹을수 있어 좋네요,5,5,5,5,2021년 6월 19일
14,치킨,강남구 논현동,전국3대치킨오성통닭-강남점,k1**님,"크리스터치킨（바삭한 후라이드）/1(뼈 or 순살 선택(뼈),음료 추가 선택(변경 안함))",매주 시켜 먹고 있을 정도로 배달도 빠르고 좋아요,5,5,5,5,2021년 6월 18일
15,치킨,강남구 논현동,전국3대치킨오성통닭-강남점,ru**님,"순살 크러스터 세가지맛 세트（후라이드1＋치킨 택2＋소스＋소금＋치킨무＋콜라245mL）/1(치킨 선택1(뿌링치즈),치킨 선택 2(마늘간장),음료 추가 선택(변경 안함))",너무 맛있게 잘먹었어요 포스트잇에 정성스랍게 직접 써주신거에 감동받았습니다 번창하세요,5,5,5,5,2021년 6월 16일
16,치킨,강남구 논현동,전국3대치킨오성통닭-강남점,xb**님,"크러스터치킨 반＋달콤양념 반/1(뼈 or 순살 선택(뼈),음료 추가 선택(변경 안함))",맛나게잘먹었습니다바삭하니 맛있어요 ,5,5,5,5,2021년 6월 9일
17,치킨,강남구 논현동,전국3대치킨오성통닭-강남점,mi**님,"크리스터치킨（바삭한 후라이드）/1(뼈 or 순살 선택(뼈),추가 선택(감자튀김＋야채튀김 세트로 변경),음료 추가 선택(변경 안함))",소주와함께맛있게잘먹었습니다,5,5,5,5,2021년 6월 7일
18,치킨,강남구 논현동,전국3대치킨오성통닭-강남점,vo**님,"크리스터치킨（바삭한 후라이드）/1(뼈 or 순살 선택(뼈),음료 추가 선택(변경 안함)),처음처럼/2",맛있네요 식어도 맛있는 치킨집 왜유명한지 알겠어여 짭쪼름합니다 배달도 깜빡잊으신것 다시 가져다주시고 친절하세요,5,5,5,5,2021년 6월 6일
19,치킨,강남구 논현동,전국3대치킨오성통닭-강남점,k1**님,"크리스터치킨（바삭한 후라이드）/1(뼈 or 순살 선택(뼈),음료 추가 선택(변경 안함))",거의 주말마다 시켜 먹고 있는데 맛도 너무 짜지않고 매콤한 맛도 좋고 무엇보다 배달도 예상 시간 보다 빨리 와서 좋아요,5,5,5,5,2021년 6월 5일
20,치킨,강남구 논현동,전국3대치킨오성통닭-강남점,ms**님,"크러스터치킨 반＋달콤 핫양념 반/1(뼈 or 순살 선택(뼈),추가 선택(감자튀김＋야채튀김 세트로 변경),음료 추가 선택(변경 안함),사이드 추가 선택(눈꽃치즈볼 6개 추가))",역시 선택에 후회가 없을 정도로 맛있었습니다 서비스도 만족이요,5,5,5,5,2021년 6월 3일
21,치킨,강남구 논현동,전국3대치킨오성통닭-강남점,ja**님,"순살 크러스터 세가지맛 세트（후라이드1＋치킨 택2＋소스＋소금＋치킨무＋콜라245mL）/1(치킨 선택1(타코야키),치킨 선택 2(화이트크림),음료 추가 선택(변경 안함))",예전부터 꼭 먹어보고 싶었는데 정말 후회 없는 선택이어서 만족스럽습니다,5,5,5,5,2021년 6월 2일
22,치킨,강남구 논현동,전국3대치킨오성통닭-강남점,ys**님,"크러스터치킨 반＋달콤 핫양념 반/1(뼈 or 순살 선택(뼈),음료 추가 선택(변경 안함))",평이 좋아서 주문했어요 맛있어요 바삭하고 콜라랑 이것저것 챙겨줘서 더 맛나게 먹었어요,5,5,5,5,2021년 6월 2일
23,치킨,강남구 논현동,전국3대치킨오성통닭-강남점,k1**님,"크리스터치킨（바삭한 후라이드）/1(뼈 or 순살 선택(뼈),음료 추가 선택(변경 안함))",배송도 항상 예정시간보다 빠르고 무엇보다 짜지 않고 맛있어서 자주 시켜 먹습니다 서비스도 좋구요,5,5,5,5,2021년 5월 29일
24,치킨,강남구 논현동,전국3대치킨오성통닭-강남점,fl**님,"크러스터치킨 반＋화끈 볼케이노 반/1(뼈 or 순살 선택(뼈),음료 추가 선택(변경 안함))",다리 날개 목 말고는 전부 퍼벅살이에요 왜 등쪽이랑 벅지쪽 부위가 없어요 정량인지 치킨은 맛있습니당,3,2,3,4,2021년 5월 25일
25,치킨,강남구 논현동,전국3대치킨오성통닭-강남점,ic**님,"크러스터치킨 반＋화끈 볼케이노 반/1(뼈 or 순살 선택(뼈),추가 선택(감자튀김＋야채튀김 세트로 변경),음료 추가 선택(변경 안함))",배달도 빠르고 맛있어요,5,5,5,5,2021년 5월 23일
26,치킨,강남구 논현동,전국3대치킨오성통닭-강남점,k1**님,"크리스터치킨（바삭한 후라이드）/1(뼈 or 순살 선택(뼈),음료 추가 선택(변경 안함))",번 째 시켜 먹고 있는데 오늘은 좀 식어수 왔지만 맛이있어요,5,5,5,5,2021년 5월 21일
27,치킨,강남구 논현동,전국3대치킨오성통닭-강남점,ph**님,"크리스터치킨（바삭한 후라이드）/1(뼈 or 순살 선택(뼈),추가 선택(감자튀김＋야채튀김 세트로 변경),음료 추가 선택(변경 안함),사이드 추가 선택(핫스파이스소스 추가)),생맥주 1000ml/2",비도오는데 배달이 빨랐구요 치킨 잘 안먹는데 맛있네요,4,4,5,5,2021년 5월 16일
28,치킨,강남구 논현동,전국3대치킨오성통닭-강남점,so**님,"순살 크러스터 세가지맛 세트（후라이드1＋치킨 택2＋소스＋소금＋치킨무＋콜라245mL）/1(치킨 선택1(달콤핫양념),치킨 선택 2(마늘간장),음료 추가 선택(변경 안함))",여기는 초대박 맛집이에요 처음 시킨후로 지금 이틀에한번씩인가바요 별이 모자랍니다 ,5,5,5,5,2021년 5월 11일
29,치킨,강남구 논현동,전국3대치킨오성통닭-강남점,pt**님,"크러스터치킨 반＋달콤 핫양념 반/1(뼈 or 순살 선택(뼈),음료 추가 선택(변경 안함))",와후라이드 등이네요 양념도 맛있지만 오랜만에 정말로 바삭하고 맛있는 후라이드 먹었습니다 너무 맛있었어요 감사합니다,5,5,5,5,2021년 5월 9일
30,치킨,강남구 논현동,전국3대치킨오성통닭-강남점,k1**님,"크리스터치킨（바삭한 후라이드）/1(뼈 or 순살 선택(뼈),음료 추가 선택(콜라500mL로 변경))",예상배송 시간보다도 언제나 빨리 오고 치킨도 정말 맛있어요,5,5,5,5,2021년 5월 5일
31,치킨,강남구 논현동,전국3대치킨오성통닭-강남점,k1**님,"크리스터치킨（바삭한 후라이드）/1(뼈 or 순살 선택(뼈),음료 추가 선택(변경 안함))",예상 시간보다 훨씬 빨리 도착하고 맛도 좋아요 다른 치킨 집 보다 맛있어요,5,5,5,5,2021년 5월 1일
32,치킨,강남구 논현동,전국3대치킨오성통닭-강남점,is**님,"순살 크러스터 세가지맛 세트（후라이드1＋치킨 택2＋소스＋소금＋치킨무＋콜라245mL）/1(치킨 선택1(뿌링치즈),치킨 선택 2(마늘간장),음료 추가 선택(변경 안함))",리뷰가 조금 늦었습니다  예전에 오성통닭 먹었을 때 맛있어서 이번에 강남점으로 주문해보았는데 역시 명불허전 배달도 빨랐고 따끈따끈한 치킨 맛있게 먹었습니다,5,5,5,5,2021년 4월 28일
33,치킨,강남구 논현동,전국3대치킨오성통닭-강남점,ic**님,"크러스터치킨 반＋달콤양념 반/1(뼈 or 순살 선택(뼈),추가 선택(감자튀김＋야채튀김 세트로 변경),음료 추가 선택(변경 안함))",양념치킨 맛이 다른곳보다 좋아요,5,5,5,5,2021년 4월 28일
34,치킨,강남구 논현동,전국3대치킨오성통닭-강남점,yo**님,"순살 크러스터 세가지맛 세트（후라이드1＋치킨 택2＋소스＋소금＋치킨무＋콜라245mL）/1(치킨 선택1(달콤핫양념),치킨 선택 2(화이트크림),음료 추가 선택(변경 안함))",양도 많고 맛도 좋네요 잘먹었습니다,5,5,5,5,2021년 4월 20일
35,치킨,강남구 논현동,전국3대치킨오성통닭-강남점,ic**님,"크러스터치킨 반＋달콤양념 반/1(뼈 or 순살 선택(뼈),추가 선택(감자튀김＋야채튀김 세트로 변경),음료 추가 선택(변경 안함))",양념도 살짝 매콤하고 바삭하게 잘 튀겨져서 넘 맛있네요,5,5,5,5,2021년 4월 17일
36,치킨,강남구 논현동,전국3대치킨오성통닭-강남점,32**님,"반반（크러스터치킨 반＋달콤양념 반）/1(뼈 or 순살 선택(뼈),음료 추가 선택(변경 안함))",따뜻하고 바삭하고 맛있어요 양념감자도 바삭하게 왔고 치킨은 튀김옷이 두껍지 않은데도 양념치킨까지 바삭한게 정말 좋았어요,5,5,5,5,2021년 4월 1일
37,치킨,강남구 논현동,전국3대치킨오성통닭-강남점,sb**님,"반반（크러스터치킨 반＋마늘간장 반）/1(뼈 or 순살 선택(순살),음료 추가 선택(콜라500mL로 변경),사이드 추가 선택(소스3개（양념,간장,화이트）추가,핫스파이스소스 추가))",오성통닭은 언제먹어도 존맛탱,5,5,5,5,2021년 3월 27일
38,치킨,강남구 논현동,전국3대치킨오성통닭-강남점,ar**님,"반반（크러스터치킨 반＋달콤양념 반）/1(뼈 or 순살 선택(순살),음료 추가 선택(변경 안함))",치킨 시켜본 중에 최고입니다,5,5,5,5,2021년 3월 27일
39,치킨,강남구 논현동,전국3대치킨오성통닭-강남점,ro**님,"반반（크러스터치킨 반＋달콤 핫양념 반）/1(뼈 or 순살 선택(뼈),음료 추가 선택(변경 안함),사이드 추가 선택(소스3개（양념,간장,화이트）추가))",이번에도 완전 맛있게 잘 먹었어요 최고 매번 요구사항 잘 챙겨 주셔서 감사합니다,5,5,5,5,2021년 3월 17일
40,치킨,강남구 논현동,전국3대치킨오성통닭-강남점,mi**님,"크리스터치킨（바삭한 후라이드）/1(뼈 or 순살 선택(뼈),추가 선택(감자튀김＋야채튀김 세트로 변경),음료 추가 선택(변경 안함))",전 후라이드의 기본맛을 좋아해서 소스를 찍지않고 먹습니다그래서 잡내가 없어야해요 그런데 이집은 딱 제가 좋아하는 후라이드네요 그리고 야채튀김은 꼭 같이 시켜야할듯 합니다 진심감튀에 야채튀김만 먹어도 꿀맛,5,5,5,,2021년 3월 17일
41,치킨,강남구 논현동,전국3대치킨오성통닭-강남점,su**님,"반반（크러스터치킨 반＋달콤양념 반）/1(뼈 or 순살 선택(뼈),추가 선택(감자튀김＋야채튀김 세트로 변경),음료 추가 선택(변경 안함))",튀김옷이 매콤하니 맛있어요,5,5,5,5,2021년 3월 16일
42,치킨,강남구 논현동,전국3대치킨오성통닭-강남점,d4**님,"반반（크러스터치킨 반＋달콤 핫양념 반）/1(뼈 or 순살 선택(순살),추가 선택(감자튀김＋야채튀김 세트로 변경),음료 추가 선택(변경 안함)),생맥주 1000ml/1",치킨 너무 맛있어요 감사합니다,5,5,5,5,2021년 3월 15일
43,치킨,강남구 논현동,전국3대치킨오성통닭-강남점,me**님,"반반（크러스터치킨 반＋화끈 볼케이노 반）/1(뼈 or 순살 선택(뼈),음료 추가 선택(변경 안함))",유명한 치킨맛을 이제 봤습니다 너무 바삭거리는게 제스타일 ,5,5,5,5,2021년 3월 14일
44,치킨,강남구 논현동,전국3대치킨오성통닭-강남점,tn**님,"반반（크러스터치킨 반＋달콤 핫양념 반）/1(뼈 or 순살 선택(뼈),음료 추가 선택(변경 안함))",오랜만에 먹어보는 클래식한 치킨입니다 쪼오끔 오버쿡 되서 튀김옷이 사알짝 쌉싸름 한 것 빼면 닭도 신선하고 좋아요 서비스 감자 튀김도 맛있게 잘 먹었습니다 다음에 또 주문 할게요 ,5,5,4,5,2021년 3월 12일
45,치킨,강남구 논현동,전국3대치킨오성통닭-강남점,ks**님,"반반（크러스터치킨 반＋달콤양념 반）/1(뼈 or 순살 선택(뼈),음료 추가 선택(콜라500mL로 변경))",개꿀맛 생각보다 맛있어서 놀램,5,5,4,5,2021년 3월 12일
46,치킨,강남구 논현동,전국3대치킨오성통닭-강남점,ob**님,"반반（크러스터치킨 반＋달콤양념 반）/1(뼈 or 순살 선택(순살),음료 추가 선택(변경 안함))",맛있습니다 하루지나도 맛나고 늦은시간 시킬수있는 장점도 좋아요,5,5,5,5,2021년 3월 9일
47,치킨,강남구 논현동,전국3대치킨오성통닭-강남점,d4**님,"반반（크러스터치킨 반＋달콤 핫양념 반）/1(뼈 or 순살 선택(순살),음료 추가 선택(변경 안함))",너무 맛있네요 오랜만에 비리지 않은 닭을 먹어요,5,5,5,5,2021년 3월 9일
48,치킨,강남구 논현동,전국3대치킨오성통닭-강남점,su**님,"반반（크러스터치킨 반＋달콤양념 반）/1(뼈 or 순살 선택(뼈),음료 추가 선택(변경 안함))",진짜 맛있어서 디질뻔했어요,5,5,5,5,2021년 3월 9일
49,치킨,강남구 논현동,전국3대치킨오성통닭-강남점,k1**님,"반반（크러스터치킨 반＋달콤양념 반）/1(뼈 or 순살 선택(뼈),음료 추가 선택(변경 안함))",솔직히 별 기대 안하고 시켰는데 최근에 시켰던 곳중엔 젤 낫네요 너무 짜지도 않고 달달 매콤하니 맛있어요,5,5,5,5,2021년 3월 7일
50,치킨,강남구 논현동,전국3대치킨오성통닭-강남점,jo**님,"크리스터치킨（바삭한 후라이드）/1(뼈 or 순살 선택(순살),추가 선택(감자튀김＋야채튀김 세트로 변경),음료 추가 선택(변경 안함))",전국대치킨이란 말이 그냥나온말은 아니었네요  맛있게 잘 먹었습니다,5,5,5,5,2021년 3월 2일
51,치킨,강남구 논현동,전국3대치킨오성통닭-강남점,rh**님,"반반（크러스터치킨 반＋달콤양념 반）/1(뼈 or 순살 선택(순살),음료 추가 선택(변경 안함))",항상 맛있어요 근데 요청사항좀 봐주심 좋겠어용,5,5,5,5,2021년 2월 14일
52,치킨,강남구 논현동,전국3대치킨오성통닭-강남점,do**님,"크러스터치킨（양념반＋양념반）/1(양념 선택(화이트크림,뿌링치즈),음료 추가 선택(콜라500mL로 변경))",아니 사장님 치킨을 튀기셔야지 마약을 튀기시면 어쩌자는 겁니까진짜 상상이상으로 맛있어요 특히 양념 묻은거 이거는 그냥 도랐구요 여는데 봉지에 뭐가 왔길래 보니까 서비스 아니 이유없이 서비스를 주시면 감동이죠 일단 여기서 심쿵 근데 냄새가 되게 맛있는 냄새가 진동을 하는거에요 그래서 기대 치킨박스가 진짜 졸귀에요 궁금하시면 시키세요 진짜 전국 대 치킨 인거 같아요 솔직히 맛은 뿌클이나 교보다 맛있는데 왜 모를까 사람들이 진짜 한입 물고 천국을 맛 보았습니다 여러분 제발 한번만 먹어보세요 이거 진짜존맛,5,5,5,5,2021년 2월 13일
53,치킨,강남구 논현동,전국3대치킨오성통닭-강남점,ww**님,"반반（크러스터치킨 반＋달콤양념 반）/1(뼈 or 순살 선택(뼈),음료 추가 선택(변경 안함))",이 시간에 시킬수 있다는게 가장 큰 장점인듯요 치킨도 맛있고 리뷰이벤트 감자도 맛탱 제가 좋아하는 동글이가 많이 들어가서 너무 좋았습니다 ,5,5,5,5,2021년 2월 2일
54,치킨,강남구 논현동,전국3대치킨오성통닭-강남점,pi**님,"반반（크러스터치킨 반＋달콤양념 반）/1(뼈 or 순살 선택(뼈),음료 추가 선택(변경 안함),사이드 추가 선택(치즈볼 6개 추가))",핡핡 너무조아여 치즈볼 넘 죠앙,5,5,5,5,2021년 1월 30일
55,치킨,강남구 논현동,전국3대치킨오성통닭-강남점,ro**님,"반반（크러스터치킨 반＋화끈 볼케이노 반）/1(뼈 or 순살 선택(뼈),음료 추가 선택(변경 안함),사이드 추가 선택(소스3개（양념,간장,화이트）추가)),생맥주 1000ml/1",이번에도 요구사항 잘 챙겨 주셔서 겉바속촉 완전 맛있게 잘 먹었어요 굿최고 감사합니다,5,5,5,5,2021년 1월 29일
56,치킨,강남구 논현동,전국3대치킨오성통닭-강남점,gu**님,"반반（크러스터치킨 반＋달콤양념 반）/1(뼈 or 순살 선택(뼈),음료 추가 선택(콜라 1.25L로 변경))",땡땡에서 시키려다 대기시간이 너무 길어서 별 기대 안하고 주문했는데 생각보다 너무 맛있어서 깜놀 서비스로 감자튀김도 주셨는데 아들은 취저라며 잽싸게 순삭 나중에 또 먹고싶을 듯,5,5,5,5,2021년 1월 26일
57,치킨,강남구 논현동,전국3대치킨오성통닭-강남점,vi**님,"순살 크러스터 세가지맛 세트（후라이드1＋치킨 택2＋소스＋소금＋치킨무＋콜라245mL）/1(치킨 선택1(화끈볼케이노),치킨 선택 2(달콤양념),음료 추가 선택(변경 안함))",정말 맛있습니다 요번주 일요일도 시켜먹을꺼같습니다,5,5,5,5,2021년 1월 26일
58,치킨,강남구 논현동,전국3대치킨오성통닭-강남점,gi**님,"반반（크러스터치킨 반＋달콤 핫양념 반）/1(뼈 or 순살 선택(뼈),음료 추가 선택(변경 안함),사이드 추가 선택(치킨무 추가,양념 소스 추가,칠리소스 츠기))",잘 먹었습니다 서비스 감자도 좋았어요,5,5,5,5,2021년 1월 26일
59,치킨,강남구 논현동,전국3대치킨오성통닭-강남점,wi**님,"크러스터치킨（양념반＋양념반）/1(양념 선택(화끈볼케이노,화이트크림),음료 추가 선택(변경 안함))",맛은 있는데 궁금한게 민족어플에 있는 강남센터점이랑 다른곳인가요 순살인줄 알고 시켰는데 뼈가와서 두가지맛 고르는게 민족엔 순살이 있는데 요기요는 뼈밖에 안되네요 배달비는 다를수있다 치는데 가격과 메뉴선택이 다른건 좀 이해가 잘 안가네요 그래도 맛은있어서 그냥 먹긴했습니다 이유점 알려주세요 전 뼈말고 순살이 좋아서요,5,5,5,5,2021년 1월 25일
60,치킨,강남구 논현동,전국3대치킨오성통닭-강남점,ro**님,"반반（크러스터치킨 반＋달콤 핫양념 반）/1(뼈 or 순살 선택(뼈),음료 추가 선택(변경 안함),사이드 추가 선택(소스3개（양념,간장,화이트）추가,핫스파이스소스 추가)),생맥주 1000ml/1",잘 먹었어요 바삭하지않아서 이번에는 조금 아쉽네요 다음엔 바삭하게 잘 부탁드릴께요 새해 복 많이 받으세요,5,4,5,5,2021년 1월 8일
61,치킨,강남구 논현동,전국3대치킨오성통닭-강남점,be**님,"크리스터치킨（바삭한 후라이드）/1(뼈 or 순살 선택(순살),음료 추가 선택(변경 안함))",최애 치킨집 평소에 먹던 순살 종 말고 그냥 후라이드로 주문했는데 좋네요,5,5,5,5,2020년 12월 31일
62,치킨,강남구 논현동,전국3대치킨오성통닭-강남점,at**님,"순살 크러스터 세가지맛 세트（후라이드1＋치킨 택2＋소스＋소금＋치킨무＋콜라245mL）/1(치킨 선택1(달콤양념),치킨 선택 2(어니언맛),음료 추가 선택(콜라 1.25L로 변경))",맛있었습니다 잘먹었어요,5,5,5,5,2020년 12월 29일
63,치킨,강남구 논현동,전국3대치킨오성통닭-강남점,yj**님,"크리스터치킨（바삭한 후라이드）/1(뼈 or 순살 선택(순살),음료 추가 선택(변경 안함))",빠싹함 인정 맛은 짭짤 매콤해요,5,5,5,5,2020년 12월 25일
64,치킨,강남구 논현동,전국3대치킨오성통닭-강남점,ym**님,"크리스터치킨（바삭한 후라이드）/1(뼈 or 순살 선택(뼈),음료 추가 선택(변경 안함)),크러스터치킨（양념반＋양념반）/1(양념 선택(달콤양념,마늘간장),음료 추가 선택(변경 안함)),싱싱파채&특제소스/1,소스3개추가（（양념／와사비크림／화이트）/1,무 추가 1개/1",너무너무 맛있게 잘 먹었습니다,5,5,5,5,2020년 12월 19일
65,치킨,강남구 논현동,전국3대치킨오성통닭-강남점,ro**님,"반반（크러스터치킨 반＋달콤 핫양념 반）/1(뼈 or 순살 선택(뼈),음료 추가 선택(변경 안함),사이드 추가 선택(소스3개（양념,간장,화이트）추가))",맛있게 잘 먹었어요 굿굿구웃 요구사항 잘 챙겨 주셔서 감사합니다 익스프레스급 딜리버리 기사님도 감사합니다,5,5,5,5,2020년 12월 11일
66,치킨,강남구 논현동,전국3대치킨오성통닭-강남점,kg**님,"크리스터치킨（바삭한 후라이드）/1(뼈 or 순살 선택(뼈),음료 추가 선택(변경 안함),사이드 추가 선택(칠리소스 츠기,핫스파이스소스 추가)),생맥주 1000ml/1",배달도 빠르구 마시써요,5,5,5,5,2020년 12월 9일
67,치킨,강남구 논현동,전국3대치킨오성통닭-강남점,ro**님,"반반（크러스터치킨 반＋달콤 핫양념 반）/1(뼈 or 순살 선택(뼈),음료 추가 선택(변경 안함),사이드 추가 선택(소스3개（양념,간장,화이트）추가))",매번 맛있게 잘 먹구 있어요 굿굿구웃 겉바속촉,5,5,5,5,2020년 12월 7일
68,치킨,강남구 논현동,전국3대치킨오성통닭-강남점,pk**님,"순살 크러스터 세가지맛 세트（후라이드1＋치킨 택2＋소스＋소금＋치킨무＋콜라245mL）/1(치킨 선택1(달콤양념),치킨 선택 2(마늘간장),음료 추가 선택(변경 안함),사이드 추가 선택(감자튀김＋야채튀김 세트로 변경))",양많고 마시써요 한일내리 먹은듯 굿굿,5,5,5,5,2020년 12월 5일
69,치킨,강남구 논현동,전국3대치킨오성통닭-강남점,ki**님,"순살 크러스터 세가지맛 세트（후라이드1＋치킨 택2＋소스＋소금＋치킨무＋콜라245mL）/1(치킨 선택1(달콤양념),치킨 선택 2(마늘간장),음료 추가 선택(변경 안함))",익스프레스가 아닌지라 조금 축축해져서 왔지만 그래도 만족스럽게 너무 잘 먹었습니다 양이 워낙에 많아 아직 냉장고에 아껴두고 먹는데 와 이건 뭐 냉장고에 넣어놔도 맛있고 치밥으로도 먹어도 맛있고 맥주를 부르는 맛이더군요 앞으로 애용하겠습니다,5,5,5,3,2020년 12월 5일
70,치킨,강남구 논현동,전국3대치킨오성통닭-강남점,go**님,"순살 크러스터 세가지맛 세트（후라이드1＋치킨 택2＋소스＋소금＋치킨무＋콜라245mL）/1(치킨 선택1(달콤핫양념),치킨 선택 2(마늘간장),음료 추가 선택(변경 안함))",단골이 됐으면 좋겠다 가 아니라 이미 단골입니다 오늘도 맛있게 잘먹고 있는 중입니다,5,5,5,5,2020년 12월 4일
71,치킨,강남구 논현동,전국3대치킨오성통닭-강남점,be**님,"순살 크러스터 세가지맛 세트（후라이드1＋치킨 택2＋소스＋소금＋치킨무＋콜라245mL）/1(치킨 선택1(타코야키),치킨 선택 2(어니언맛),음료 추가 선택(변경 안함))",제 최애 우리동네 치킨집 무조건 추천함,5,5,5,5,2020년 11월 29일
72,치킨,강남구 논현동,전국3대치킨오성통닭-강남점,wh**님,"순살 크러스터 세가지맛 세트（후라이드1＋치킨 택2＋소스＋소금＋치킨무＋콜라245mL）/1(치킨 선택1(마늘간장),치킨 선택 2(화끈볼케이노),음료 추가 선택(변경 안함))",모닝 꼬꼬요 아침배달 후라이드가 없었는데 혹시나하고시켰더니 오랫만에먹는 후라이드 겉바속촉 넘 맛지고요 간장은 단짠 맵지않은듯 매운것이 세가지 다 맛있어요,5,5,5,5,2020년 11월 29일
73,치킨,강남구 논현동,전국3대치킨오성통닭-강남점,ro**님,"반반（크러스터치킨 반＋화끈 볼케이노 반）/1(뼈 or 순살 선택(뼈),음료 추가 선택(변경 안함),사이드 추가 선택(소스3개（양념,간장,화이트）추가)),생맥주 1000ml/2",맛있게 잘 먹었어요 굿굿구웃 겉바속촉 양념 듬뿍감사해요,5,5,5,5,2020년 11월 27일
74,치킨,강남구 논현동,전국3대치킨오성통닭-강남점,eo**님,"반반（크러스터치킨 반＋마늘간장 반）/1(뼈 or 순살 선택(순살),음료 추가 선택(변경 안함),사이드 추가 선택(햇반 추가))",너무 맛있어요 양도 많구요,5,5,5,5,2020년 11월 19일
75,치킨,강남구 논현동,전국3대치킨오성통닭-강남점,zp**님,"크리스터치킨（바삭한 후라이드）/1(뼈 or 순살 선택(뼈),음료 추가 선택(변경 안함))",닭다리부터 가슴살까지 아니 하나부터 끝까지 퍽퍽하네요 그리고 업체들 생각대로 쓰다가 바로고 쓰다가 이번엔 부릉 기사님들에 정 줄만하면 타업체로 바뀌고 가게에 문제가 많나요 그래도 강남바닥에서는 생각대로가 기사들이 넘쳐난다고들하던데 어디 늦기만해봐요 이번 겨울에 기대할게요 늦기만 늦어봐요 환불진상낼꺼임,2,1,3,3,2020년 11월 14일
76,치킨,강남구 논현동,전국3대치킨오성통닭-강남점,lc**님,"반반（크러스터치킨 반＋마늘간장 반）/1(뼈 or 순살 선택(순살),음료 추가 선택(변경 안함))",맛있어요양도 많고 배달도 굿,5,5,5,5,2020년 11월 12일
77,치킨,강남구 논현동,전국3대치킨오성통닭-강남점,ro**님,"반반（크러스터치킨 반＋화끈 볼케이노 반）/1(뼈 or 순살 선택(뼈),음료 추가 선택(변경 안함),사이드 추가 선택(소스3개（양념,간장,화이트）추가))",맛있게 잘 먹었어요 이번엔 징짜 겉바속촉 굿굿구웃,5,5,5,5,2020년 11월 12일
78,치킨,강남구 논현동,전국3대치킨오성통닭-강남점,ma**님,"크리스터치킨（바삭한 후라이드）/1(뼈 or 순살 선택(뼈),음료 추가 선택(콜라500mL로 변경),사이드 추가 선택(치킨무 추가))",양이 많네요 년대로 돌아간 것 같은 아름다운 양입니다 이 집은 닭가슴살도 맛있어요 치킨무 기본 한개 제공인 줄 모르고 추가해서 두개 받은게 그나마 유일한 흠입니다 재주문 할게요,5,5,5,5,2020년 11월 9일
79,치킨,강남구 논현동,전국3대치킨오성통닭-강남점,ro**님,"반반（크러스터치킨 반＋화끈 볼케이노 반）/1(뼈 or 순살 선택(뼈),추가 선택(감자튀김＋야채튀김 세트로 변경),음료 추가 선택(변경 안함),사이드 추가 선택(소스3개（양념,간장,화이트）추가))",잘 먹었어요 군데화끈 볼케이노가 아니라 달콤 핫이 왔어요 착오가 있었는지 오배송 아쉽지만 달콤핫두 맛있으니까 전화를 해야하나 고민은 쫌 했어욤 담부턴 착오없이 잘 부탁드릴께요,5,5,5,5,2020년 11월 5일
80,치킨,강남구 논현동,전국3대치킨오성통닭-강남점,tk**님,"순살 크러스터 세가지맛 세트（후라이드1＋치킨 택2＋소스＋소금＋치킨무＋콜라245mL）/1(치킨 선택1(달콤핫양념),치킨 선택 2(마늘간장),음료 추가 선택(변경 안함))",가격에비해 양이 너무많아요 맛도 좋네요,5,5,5,5,2020년 11월 5일
81,치킨,강남구 논현동,전국3대치킨오성통닭-강남점,do**님,"크리스터치킨（바삭한 후라이드）/1(뼈 or 순살 선택(순살),음료 추가 선택(콜라 1.25L로 변경))",리뷰 잘 안쓰지만 정말 너무 맛있어요 그래서 또 주문해요,5,5,5,5,2020년 11월 1일
82,치킨,강남구 논현동,전국3대치킨오성통닭-강남점,ne**님,"순살 크러스터 세가지맛 세트（후라이드1＋치킨 택2＋소스＋소금＋치킨무＋콜라245mL）/1(치킨 선택1(화끈볼케이노),치킨 선택 2(마늘간장),음료 추가 선택(변경 안함),사이드 추가 선택(소스3개（양념,간장,화이트）추가,양념 소스 추가))",일반 후라이드는 그냥 후라이드 간장 간장 매운거는 더 매웠으면 좋겠습니다 하지만 양념이 와 초등학교 때 앞 포장마차 먹었던 맛이라 굿굿 양도 엄청많아요,5,5,5,5,2020년 11월 1일
83,치킨,강남구 논현동,전국3대치킨오성통닭-강남점,lu**님,"순살 크러스터 세가지맛 세트（후라이드1＋치킨 택2＋소스＋소금＋치킨무＋콜라245mL）/1(치킨 선택1(달콤핫양념),치킨 선택 2(화이트크림),음료 추가 선택(변경 안함),사이드 추가 선택(칠리소스 츠기,감자튀김＋야채튀김 세트로 변경))",맛있었어요 세가지맛 좋아요,5,5,5,5,2020년 10월 29일
84,치킨,강남구 논현동,전국3대치킨오성통닭-강남점,ha**님,"순살 크러스터 세가지맛 세트（후라이드1＋치킨 택2＋소스＋소금＋치킨무＋콜라245mL）/1(치킨 선택1(뿌링치즈),치킨 선택 2(달콤핫양념),음료 추가 선택(변경 안함))",역시 존맛탱입니다 벌크하기좋음,5,5,5,5,2020년 10월 28일
85,치킨,강남구 논현동,전국3대치킨오성통닭-강남점,rh**님,"반반（크러스터치킨 반＋달콤 핫양념 반）/1(뼈 or 순살 선택(순살),음료 추가 선택(변경 안함))",맛있어요 양맛정성 최고 배달도 최공,5,5,5,5,2020년 10월 24일
86,치킨,강남구 논현동,전국3대치킨오성통닭-강남점,go**님,"순살 크러스터 세가지맛 세트（후라이드1＋치킨 택2＋소스＋소금＋치킨무＋콜라245mL）/1(치킨 선택1(화이트크림),치킨 선택 2(달콤양념),음료 추가 선택(변경 안함))",또 시켜먹어요 역시 맛있네요,5,5,5,5,2020년 10월 21일
87,치킨,강남구 논현동,전국3대치킨오성통닭-강남점,be**님,"순살 크러스터 세가지맛 세트（후라이드1＋치킨 택2＋소스＋소금＋치킨무＋콜라245mL）/1(치킨 선택1(뿌링치즈),치킨 선택 2(어니언맛),음료 추가 선택(변경 안함))",맥주안주로 최고인 집입니다  원래 금요일까지 참았다가 시키려 했는데 못참고 목요일 밤에 시켜묵어버림,5,5,5,5,2020년 10월 16일
88,치킨,강남구 논현동,전국3대치킨오성통닭-강남점,ya**님,"순살 크러스터 세가지맛 세트（후라이드1＋치킨 택2＋소스＋소금＋치킨무＋콜라245mL）/1(치킨 선택1(마늘간장),치킨 선택 2(화이트크림),음료 추가 선택(변경 안함),사이드 추가 선택(허니머스터드소스 추가))",집앞에 있던오성통닭 사라진줄 알았는데 이사갔었군요 그래서 제가 한번 먹어보겠습니다 음그래 이 특징적인 반죽맛있군요 할일이 없으면 빼갈한잔 하겠는데 아직 남았으니 콜라로 대신합니다 음하하,5,5,5,5,2020년 10월 14일
89,치킨,강남구 논현동,전국3대치킨오성통닭-강남점,ae**님,"순살 크러스터 세가지맛 세트（후라이드1＋치킨 택2＋소스＋소금＋치킨무＋콜라245mL）/1(치킨 선택1(달콤양념),치킨 선택 2(어니언맛),음료 추가 선택(변경 안함),사이드 추가 선택(감자튀김＋야채튀김 세트로 변경))",저번에 시켰을땐 맛있게 먹었는데 이번엔 튀김도 탄맛나고 치킨에도 기름이 너무 심하게 고여있네요  그래도 돈내고 먹는데 기분이 매우 좋지 않았습니다 리뷰이벤트로 받아온 양념감자도 치즈양념을 너무 조금 넣으신 듯해요 그냥 감자튀김 맛이네요 다신 안 시켜 먹을 것 같습니다 알바생이 문젠건지 원래 이런 맛이었던 건지 의문이네요,1,1,5,2,2020년 10월 7일
90,치킨,강남구 논현동,전국3대치킨오성통닭-강남점,st**님,"크리스터치킨（바삭한 후라이드）/1(뼈 or 순살 선택(뼈),음료 추가 선택(변경 안함))",치킨이 바삭바삭하고 양도 많고 배달도 생각보다 빨리왔어요 맛있게 잘 먹었습니다,5,5,5,5,2020년 10월 7일
91,치킨,강남구 논현동,전국3대치킨오성통닭-강남점,hj**님,"순살 크러스터 세가지맛 세트（후라이드1＋치킨 택2＋소스＋소금＋치킨무＋콜라245mL）/1(치킨 선택1(마늘간장),치킨 선택 2(어니언맛),음료 추가 선택(변경 안함),사이드 추가 선택(감자튀김＋야채튀김 세트로 변경))",양도 많고 맛있고 배달도 빠릅니다,5,5,5,5,2020년 10월 6일
92,치킨,강남구 논현동,전국3대치킨오성통닭-강남점,hs**님,"순살 크러스터 세가지맛 세트（후라이드1＋치킨 택2＋소스＋소금＋치킨무＋콜라245mL）/1(치킨 선택1(달콤양념),치킨 선택 2(뿌링치즈),음료 추가 선택(변경 안함))",치킨은 역시 진리입니다 집근처라 테이크아웃하기도 좋아서 대만족,5,5,5,,2020년 10월 5일
93,치킨,강남구 논현동,전국3대치킨오성통닭-강남점,kk**님,"반반（크러스터치킨 반＋달콤양념 반）/1(뼈 or 순살 선택(뼈),음료 추가 선택(변경 안함))",최고의 닭이네요 맛있게 먹었습니다,5,5,5,5,2020년 10월 5일
94,치킨,강남구 논현동,전국3대치킨오성통닭-강남점,be**님,"순살 크러스터 세가지맛 세트（후라이드1＋치킨 택2＋소스＋소금＋치킨무＋콜라245mL）/1(치킨 선택1(뿌링치즈),치킨 선택 2(타코야키),음료 추가 선택(변경 안함))",맛있어서 자주 시켜먹는 치킨집이에요 그런데 전보다 일반 후라이드 시즈닝이 줄었네요 맛이 너무 강하다는 평가가 들어와서 그랬나봐요,5,5,5,5,2020년 10월 4일
95,치킨,강남구 논현동,전국3대치킨오성통닭-강남점,sk**님,"순살 크러스터 세가지맛 세트（후라이드1＋치킨 택2＋소스＋소금＋치킨무＋콜라245mL）/1(치킨 선택1(달콤양념),치킨 선택 2(마늘간장),음료 추가 선택(변경 안함),사이드 추가 선택(감자튀김＋야채튀김 세트로 변경))",맛 양 배달 박자 좋습니다 사진리뷰는 다들 참여하세요,5,5,5,5,2020년 9월 26일
96,치킨,강남구 논현동,전국3대치킨오성통닭-강남점,rh**님,"크러스터치킨（양념반＋양념반）/1(양념 선택(달콤양념,마늘간장),음료 추가 선택(변경 안함))",맛있어요 무는 빼달라고 요청했는데 갖다주셔서,5,5,5,5,2020년 9월 25일
97,치킨,강남구 논현동,전국3대치킨오성통닭-강남점,jy**님,"반반（크러스터치킨 반＋달콤양념 반）/1(뼈 or 순살 선택(뼈),음료 추가 선택(변경 안함))",치킨이 아주 바슥바샥바사삭,5,5,5,5,2020년 9월 24일
98,치킨,강남구 논현동,전국3대치킨오성통닭-강남점,sh**님,"크리스터치킨（바삭한 후라이드）/1(뼈 or 순살 선택(뼈),음료 추가 선택(콜라500mL로 변경))",후라이드 시켰는데 아주 바삭하고 담백합니다 짠거 싫어하시는 분들 먹으시면 좋아할 듯 합니다,5,5,5,5,2020년 9월 21일
99,치킨,강남구 논현동,전국3대치킨오성통닭-강남점,lh**님,"순살 크러스터 세가지맛 세트（후라이드1＋치킨 택2＋소스＋소금＋치킨무＋콜라245mL）/1(치킨 선택1(화끈볼케이노),치킨 선택 2(뿌링치즈),음료 추가 선택(변경 안함))",양도많고 맛잇게 잘먹엇습니다,5,5,5,5,2020년 9월 20일
100,치킨,강남구 논현동,전국3대치킨오성통닭-강남점,cc**님,"크러스터치킨（양념반＋양념반）/1(양념 선택(달콤핫양념,화끈볼케이노),음료 추가 선택(변경 안함))",두번째주문맛있어요  배달이 늦어져도 좋으니 이맛 변하지 말아주세요,5,5,5,5,2020년 9월 19일
101,치킨,강남구 논현동,전국3대치킨오성통닭-강남점,cc**님,"크러스터치킨（양념반＋양념반）/1(양념 선택(마늘간장,화끈볼케이노),음료 추가 선택(변경 안함)),처음처럼/2",저 요기요 이용하면서 맛이있던없던 잘 안쓰는데요 솔직히 치킨집중 소주배달되는곳중 고르다가 주문했어요 성공해서 기쁘네요 맛있어요 식욕억제제 복용중인데 오 하고 맛있다고 느끼는맛 코로나때문에 바쁠텐데 따뜻하게 잘오고 소주두병 랩에 싸서 보내주셔 감사합니다,5,5,5,5,2020년 9월 11일
102,치킨,강남구 논현동,전국3대치킨오성통닭-강남점,im**님,"크리스터치킨（바삭한 후라이드）/1(뼈 or 순살 선택(뼈),음료 추가 선택(변경 안함))",맛나게 정신없이 잘 먹었네요,5,5,5,5,2020년 9월 8일
103,치킨,강남구 논현동,전국3대치킨오성통닭-강남점,no**님,"순살 크러스터 세가지맛 세트（후라이드1＋치킨 택2＋소스＋소금＋치킨무＋콜라245mL）/1(치킨 선택1(마늘간장),치킨 선택 2(어니언맛),음료 추가 선택(변경 안함),사이드 추가 선택(감자튀김＋야채튀김 세트로 변경))",맛있습니다 양도 적당하네요,4,5,5,5,2020년 9월 6일
104,치킨,강남구 논현동,전국3대치킨오성통닭-강남점,th**님,"반반（크러스터치킨 반＋마늘간장 반）/1(뼈 or 순살 선택(뼈),음료 추가 선택(변경 안함))",후라이드바삭하고 간장 약간매콤하니 맛있네요,4,5,5,4,2020년 9월 6일
105,치킨,강남구 논현동,전국3대치킨오성통닭-강남점,me**님,"순살 크러스터 세가지맛 세트（후라이드1＋치킨 택2＋소스＋소금＋치킨무＋콜라245mL）/1(치킨 선택1(뿌링치즈),치킨 선택 2(달콤핫양념),음료 추가 선택(변경 안함))",정말 맛있게 잘 먹었습니다,5,5,5,5,2020년 9월 5일
106,치킨,강남구 논현동,전국3대치킨오성통닭-강남점,lj**님,"반반（크러스터치킨 반＋마늘간장 반）/1(뼈 or 순살 선택(순살),추가 선택(감자튀김＋야채튀김 세트로 변경),음료 추가 선택(콜라500mL로 변경))",양은 많지만 후라이드 싱겁고 마늘간장은 너무 짜요,4,3,3,4,2020년 9월 5일
107,치킨,강남구 논현동,전국3대치킨오성통닭-강남점,zk**님,"순살 크러스터 세가지맛 세트（후라이드1＋치킨 택2＋소스＋소금＋치킨무＋콜라245mL）/1(치킨 선택1(달콤양념),치킨 선택 2(화이트크림),음료 추가 선택(콜라 1.25L로 변경))",역시 양도 많고 맛있습니다 글구 치즈포테이토 너무 부드럽구 맛있습니당,5,5,5,5,2020년 9월 4일
108,치킨,강남구 논현동,전국3대치킨오성통닭-강남점,se**님,"반반（크러스터치킨 반＋달콤 핫양념 반）/1(뼈 or 순살 선택(뼈),음료 추가 선택(변경 안함))",맛있게 잘 먹었습니다 이전 리뷰들 보면서 기대 했던것 보다 양이 많지는 않네요,4,4,3,5,2020년 9월 3일
109,치킨,강남구 논현동,전국3대치킨오성통닭-강남점,da**님,"반반（크러스터치킨 반＋마늘간장 반）/1(뼈 or 순살 선택(뼈),음료 추가 선택(변경 안함))",깜빡하고먹다가놀래서찍었네요 지난번에양념이랑반반시키고 이번엔간장맛둘다넘맛있어요 특히후라이드제가바삭한걸좋아하는데 껍질진짜바삭하고맛있네요 또올께요,5,5,5,5,2020년 9월 1일
110,치킨,강남구 논현동,전국3대치킨오성통닭-강남점,wi**님,"크리스터치킨（바삭한 후라이드）/1(뼈 or 순살 선택(뼈),음료 추가 선택(콜라 1.25L로 변경))",맛있어요 다음에 또 먹을께요,5,5,5,5,2020년 8월 30일
111,치킨,강남구 논현동,전국3대치킨오성통닭-강남점,to**님,"반반（크러스터치킨 반＋마늘간장 반）/1(뼈 or 순살 선택(순살),음료 추가 선택(변경 안함),사이드 추가 선택(치즈양념 포테이토 추가))",후라이드 치킨은 정말 바삭바삭하고 간장도 맛있었음 감자튀김도 원으로 먹기 힘들정도의 푸짐한 양이고 양념소스도 주셔서 굉장히 만족스럽게 먹었어요,5,5,5,5,2020년 8월 29일
112,치킨,강남구 논현동,전국3대치킨오성통닭-강남점,le**님,"반반（크러스터치킨 반＋달콤 핫양념 반）/1(뼈 or 순살 선택(뼈),음료 추가 선택(변경 안함))",매콤양념이랑 바삭후라이드 그리고 이벤트 감자튀김 잘먹었습니다 ,5,5,5,5,2020년 8월 28일
113,치킨,강남구 논현동,전국3대치킨오성통닭-강남점,su**님,"순살 크러스터 세가지맛 세트（후라이드1＋치킨 택2＋소스＋소금＋치킨무＋콜라245mL）/1(치킨 선택1(달콤양념),치킨 선택 2(뿌링치즈),음료 추가 선택(콜라500mL로 변경))",맛도 좋고 양도 좋은데 배달이너무 늦고 음식도 다식어서 오네요,3,5,5,3,2020년 8월 27일
114,치킨,강남구 논현동,전국3대치킨오성통닭-강남점,br**님,"반반（크러스터치킨 반＋뿌링치즈 반）/1(뼈 or 순살 선택(순살),음료 추가 선택(변경 안함))",맛있다 오이시 야미 딜리셔스 이게 나야,5,5,5,5,2020년 8월 27일
115,치킨,강남구 논현동,전국3대치킨오성통닭-강남점,he**님,"순살 크러스터 세가지맛 세트（후라이드1＋치킨 택2＋소스＋소금＋치킨무＋콜라245mL）/1(치킨 선택1(마늘간장),치킨 선택 2(뿌링치즈),음료 추가 선택(변경 안함))",양도많고 빠삭빠삭하고 굳입니다 ,5,5,5,5,2020년 8월 26일
116,치킨,강남구 논현동,전국3대치킨오성통닭-강남점,so**님,"순살 크러스터 세가지맛 세트（후라이드1＋치킨 택2＋소스＋소금＋치킨무＋콜라245mL）/1(치킨 선택1(뿌링치즈),치킨 선택 2(화이트크림),음료 추가 선택(변경 안함))",늘 여기서 주문해요 맛이 있어여,5,5,5,5,2020년 8월 24일
117,치킨,강남구 논현동,전국3대치킨오성통닭-강남점,yj**님,"크리스터치킨（바삭한 후라이드）/1(뼈 or 순살 선택(순살),음료 추가 선택(변경 안함))",사장님 오늘 치킨간이 너무쎄요항상 맛있게 먹는 집인데오늘은 맵고 짜요오늘만 그래요 항상 맛있게먹는집이에요,5,5,5,5,2020년 8월 24일
118,치킨,강남구 논현동,전국3대치킨오성통닭-강남점,ki**님,"순살 크러스터 세가지맛 세트（후라이드1＋치킨 택2＋소스＋소금＋치킨무＋콜라245mL）/1(치킨 선택1(달콤핫양념),치킨 선택 2(마늘간장),음료 추가 선택(변경 안함),사이드 추가 선택(소스3개（양념,간장,화이트）추가,감자튀김＋야채튀김 세트로 변경))",야근도중 처음시켜봤는데 뭔가 대단한게 왔네요 잘먹었습니다,5,5,5,5,2020년 8월 21일
119,치킨,강남구 논현동,전국3대치킨오성통닭-강남점,na**님,"크리스터치킨（바삭한 후라이드）/1(뼈 or 순살 선택(뼈),음료 추가 선택(변경 안함))",치킨은 맛있는데 너무 눅눅하게 왔어요 ,5,4,4,5,2020년 8월 20일
120,치킨,강남구 논현동,전국3대치킨오성통닭-강남점,mi**님,"반반（크러스터치킨 반＋달콤 핫양념 반）/1(뼈 or 순살 선택(뼈),음료 추가 선택(변경 안함))",별루  너무짜그 닭이 너무 튀겨진듯,2,1,2,4,2020년 8월 20일
121,치킨,강남구 논현동,전국3대치킨오성통닭-강남점,ja**님,"반반（크러스터치킨 반＋달콤 핫양념 반）/1(뼈 or 순살 선택(순살),음료 추가 선택(변경 안함))",맛있어요맛있어요맛있어요,4,4,4,5,2020년 8월 20일
122,치킨,강남구 논현동,전국3대치킨오성통닭-강남점,li**님,"반반（크러스터치킨 반＋마늘간장 반）/1(뼈 or 순살 선택(순살),음료 추가 선택(콜라500mL로 변경)),싱싱파채&특제소스/1",치킨이 다 식어서 왔어요  전자레인지에 다시 돌려서 먹었네요 맛은 대채적으로 매콤한 편이에요 파채는 엄청맛났어요,4,3,5,5,2020년 8월 19일
123,치킨,강남구 논현동,전국3대치킨오성통닭-강남점,zk**님,"순살 크러스터 세가지맛 세트（후라이드1＋치킨 택2＋소스＋소금＋치킨무＋콜라245mL）/1(치킨 선택1(화이트크림),치킨 선택 2(달콤양념),음료 추가 선택(콜라 1.25L로 변경))",치킨은 양많고 맛있어서 여기서 계속 주문했어요 근데 이번에 음료 빼놓으셔서 다시 가져다 주신다구 하시더니 결국 다 먹을때까지 음료수는 안오고대신 저의 돈은 먹으셨네요 ,3,4,5,1,2020년 8월 19일
124,치킨,강남구 논현동,전국3대치킨오성통닭-강남점,yj**님,"크리스터치킨（바삭한 후라이드）/1(뼈 or 순살 선택(뼈),음료 추가 선택(변경 안함))",항상 맛있고 배달도 빠른집짭짤 바삭해요,5,5,5,5,2020년 8월 19일
125,치킨,강남구 논현동,전국3대치킨오성통닭-강남점,ki**님,"순살 크러스터 세가지맛 세트（후라이드1＋치킨 택2＋소스＋소금＋치킨무＋콜라245mL）/1(치킨 선택1(화끈볼케이노),치킨 선택 2(마늘간장),음료 추가 선택(변경 안함))",포장용기 신경좀 쓰셔야될거같아요 포장박스 아래에 양념 범벅되서 다 묻어있고 봉투안에서 소스들이 제각각 놀고있네요 배달문제인지는 모르겠지만 감자튀김은 완전 눅눅하고 튀기고 남은거 그냥 막 부어넣은느낌 맛없어서 몇입먹고 다 버렸네요 포장용기를 바꾸든지 배달할때 안흘리게 잘해주던지 해주세요  전 다신 안먹을거같습니다,2,1,5,1,2020년 8월 19일
126,치킨,강남구 논현동,전국3대치킨오성통닭-강남점,ch**님,"순살 크러스터 세가지맛 세트（후라이드1＋치킨 택2＋소스＋소금＋치킨무＋콜라245mL）/1(치킨 선택1(마늘간장),치킨 선택 2(달콤양념),음료 추가 선택(변경 안함),사이드 추가 선택(싱싱파채&특제소스 추가))",말복날 일하는중이라 시켜봤어요 생각보다 꽤 괜찮네요 다양한 맛이먹고싶을때 시키면좋겠구요 파채에 싸먹는 치킨 맛나네요,5,4,5,5,2020년 8월 16일
127,치킨,강남구 논현동,전국3대치킨오성통닭-강남점,sa**님,"반반（크러스터치킨 반＋마늘간장 반）/1(뼈 or 순살 선택(뼈),음료 추가 선택(변경 안함))",매운거좋아하면강추 기대안했는데맛나네요,5,5,5,5,2020년 8월 16일
128,치킨,강남구 논현동,전국3대치킨오성통닭-강남점,lj**님,"크리스터치킨（바삭한 후라이드）/1(뼈 or 순살 선택(순살),추가 선택(감자튀김＋야채튀김 세트로 변경),음료 추가 선택(변경 안함),사이드 추가 선택(양념 소스 추가))",여기후라이드는 제가 먹어본 치킨들 중 단연 최고인듯,5,5,5,5,2020년 8월 15일
129,치킨,강남구 논현동,전국3대치킨오성통닭-강남점,wi**님,"크러스터치킨（양념반＋양념반）/1(양념 선택(화이트크림,뿌링치즈),추가 선택(감자튀김＋야채튀김 세트로 변경),음료 추가 선택(변경 안함))",잘 먹었습니다 맛있어서 사진도 안찍고 먹었어요,5,5,5,5,2020년 8월 15일
130,치킨,강남구 논현동,전국3대치킨오성통닭-강남점,td**님,"순살 크러스터 세가지맛 세트（후라이드1＋치킨 택2＋소스＋소금＋치킨무＋콜라245mL）/1(치킨 선택1(어니언맛),치킨 선택 2(화이트크림),음료 추가 선택(변경 안함)),순살 크러스터 세가지맛 세트（후라이드1＋치킨 택2＋소스＋소금＋치킨무＋콜라245mL）/1(치킨 선택1(뿌링치즈),치킨 선택 2(화끈볼케이노),음료 추가 선택(변경 안함)),순살 크러스터 세가지맛 세트（후라이드1＋치킨 택2＋소스＋소금＋치킨무＋콜라245mL）/1(치킨 선택1(달콤양념),치킨 선택 2(마늘간장),음료 추가 선택(변경 안함))",별로맛없음 맛은 다양함,1,1,1,1,2020년 8월 15일
131,치킨,강남구 논현동,전국3대치킨오성통닭-강남점,ba**님,"반반（크러스터치킨 반＋달콤양념 반）/1(뼈 or 순살 선택(순살),음료 추가 선택(콜라 1.25L로 변경))",배달이 항상 너무빠르고 언제먹어도 맛있네여 식어도 대존맛,5,5,5,5,2020년 8월 14일
132,치킨,강남구 논현동,전국3대치킨오성통닭-강남점,br**님,"순살 크러스터 세가지맛 세트（후라이드1＋치킨 택2＋소스＋소금＋치킨무＋콜라245mL）/1(치킨 선택1(달콤양념),치킨 선택 2(뿌링치즈),음료 추가 선택(변경 안함))",배달대행 요청사항도 안보고 배달도 늦고 별로인듯 치킨은 언제나 맛있어요,5,5,5,4,2020년 8월 13일
133,치킨,강남구 논현동,전국3대치킨오성통닭-강남점,yo**님,"순살 크러스터 세가지맛 세트（후라이드1＋치킨 택2＋소스＋소금＋치킨무＋콜라245mL）/1(치킨 선택1(달콤양념),치킨 선택 2(마늘간장),음료 추가 선택(변경 안함),사이드 추가 선택(감자튀김＋야채튀김 세트로 변경))",마늘을 통으로 튀기셨네요 치킨은 닭껍질 튀김 감자튀김은 맛있습니다,1,1,2,5,2020년 8월 13일
134,치킨,강남구 논현동,전국3대치킨오성통닭-강남점,hi**님,"크리스터치킨（바삭한 후라이드）/1(뼈 or 순살 선택(뼈),추가 선택(감자튀김＋야채튀김 세트로 변경),음료 추가 선택(콜라 1.25L로 변경),사이드 추가 선택(치킨무 추가,양념 소스 추가,핫스파이스소스 추가))",맛나고 배달도 빠르고 좋네요,5,5,5,5,2020년 8월 12일
135,치킨,강남구 논현동,전국3대치킨오성통닭-강남점,jo**님,"순살 크러스터 세가지맛 세트（후라이드1＋치킨 택2＋소스＋소금＋치킨무＋콜라245mL）/1(치킨 선택1(마늘간장),치킨 선택 2(뿌링치즈),음료 추가 선택(변경 안함))",푸짐하고 맛있습니다 남자 둘이서도 배부른 구성 이벤트 콜라업그레이드 땡큐스,5,4,5,3,2020년 8월 11일
136,치킨,강남구 논현동,전국3대치킨오성통닭-강남점,yu**님,"반반（크러스터치킨 반＋마늘간장 반）/1(뼈 or 순살 선택(순살),음료 추가 선택(변경 안함))",괜찮네요 맛있게 잘먹었습니다,4,4,4,4,2020년 8월 10일
137,치킨,강남구 논현동,전국3대치킨오성통닭-강남점,li**님,"반반（크러스터치킨 반＋달콤양념 반）/1(뼈 or 순살 선택(순살),추가 선택(감자튀김＋야채튀김 세트로 변경),음료 추가 선택(변경 안함))",리뷰 이벤트 참여했는데 치즈포테이토가 안왔네요 뭔가 잘못했나 보네요  그래도 너무 너무 맛있게 배부르게 먹었습니다,5,5,5,5,2020년 8월 10일
138,치킨,강남구 논현동,전국3대치킨오성통닭-강남점,dn**님,"크리스터치킨（바삭한 후라이드）/1(뼈 or 순살 선택(뼈),음료 추가 선택(변경 안함))",잘먹었습니다 써비스로 주신 감자도 잘먹었어요,5,4,4,4,2020년 8월 10일
139,치킨,강남구 논현동,전국3대치킨오성통닭-강남점,gk**님,"크리스터치킨（바삭한 후라이드）/1(뼈 or 순살 선택(순살),음료 추가 선택(변경 안함),사이드 추가 선택(치즈볼 6개 추가))",맛있었고 배달원분도 친절하셨습니다입창 까질정도로 바삭하고 촉촉합니다,4,4,5,4,2020년 8월 9일
140,치킨,강남구 논현동,전국3대치킨오성통닭-강남점,go**님,"순살 크러스터 세가지맛 세트（후라이드1＋치킨 택2＋소스＋소금＋치킨무＋콜라245mL）/1(치킨 선택1(달콤양념),치킨 선택 2(화이트크림),음료 추가 선택(변경 안함),사이드 추가 선택(감자튀김＋야채튀김 세트로 변경))",리뷰보고 시켰는데 와 너무 푸짐하고 맛있어요 또 시켜먹을래요,5,5,5,5,2020년 8월 7일
141,치킨,강남구 논현동,전국3대치킨오성통닭-강남점,lu**님,"크리스터치킨（바삭한 후라이드）/1(뼈 or 순살 선택(뼈),음료 추가 선택(변경 안함))",매톰하니 바삭하고 맛있어요,5,5,5,5,2020년 8월 5일
142,치킨,강남구 논현동,전국3대치킨오성통닭-강남점,wa**님,"순살 크러스터 세가지맛 세트（후라이드1＋치킨 택2＋소스＋소금＋치킨무＋콜라245mL）/1(치킨 선택1(달콤양념),치킨 선택 2(화이트크림),음료 추가 선택(변경 안함),사이드 추가 선택(감자튀김＋야채튀김 세트로 변경))",맛있게 잘 먹었습니다 맛있는 음식 주셔서 감사합니다,5,5,5,5,2020년 8월 4일
143,치킨,강남구 논현동,전국3대치킨오성통닭-강남점,th**님,"반반（크러스터치킨 반＋화이트크림 반）/1(뼈 or 순살 선택(순살),음료 추가 선택(콜라500mL로 변경))",항상 시켜먹지만 이번에도 역시나 최고입니다,5,5,5,5,2020년 8월 4일
144,치킨,강남구 논현동,전국3대치킨오성통닭-강남점,ga**님,"반반（크러스터치킨 반＋달콤양념 반）/1(뼈 or 순살 선택(순살),음료 추가 선택(콜라 1.25L로 변경),사이드 추가 선택(치즈양념 포테이토 추가))",흠 후라이드도 끝맛이 매워요 전체적으로 좀 자극적인 맛,4,3,4,4,2020년 8월 4일
145,치킨,강남구 논현동,전국3대치킨오성통닭-강남점,pe**님,"순살 크러스터 세가지맛 세트（후라이드1＋치킨 택2＋소스＋소금＋치킨무＋콜라245mL）/1(치킨 선택1(달콤양념),치킨 선택 2(마늘간장),음료 추가 선택(변경 안함),사이드 추가 선택(감자튀김＋야채튀김 세트로 변경))",맵다는 리뷰가없어서 매운지 몰랐어요 제겐 넘나매운 비가와서그런지 튀김이 완전 눅진 근데 치킨은 바삭햇어용,3,3,5,5,2020년 8월 3일
146,치킨,강남구 논현동,전국3대치킨오성통닭-강남점,01**님,"반반（크러스터치킨 반＋마늘간장 반）/1(뼈 or 순살 선택(뼈),음료 추가 선택(콜라 1.25L로 변경))",잘먹었습니다 비도 많이 왔는데 빠른 배달 감사합니다,5,4,4,5,2020년 8월 3일
147,치킨,강남구 논현동,전국3대치킨오성통닭-강남점,rn**님,"순살 크러스터 세가지맛 세트（후라이드1＋치킨 택2＋소스＋소금＋치킨무＋콜라245mL）/1(치킨 선택1(달콤양념),치킨 선택 2(마늘간장),음료 추가 선택(변경 안함))",리뷰이벤트 콜라어쩌고 햇더니 원래조그만캔하나왓음 치킨껍데기 튀김이 아주많네요 좋네요 번창하세요,1,1,1,5,2020년 8월 3일
148,치킨,강남구 논현동,전국3대치킨오성통닭-강남점,br**님,"순살 크러스터 세가지맛 세트（후라이드1＋치킨 택2＋소스＋소금＋치킨무＋콜라245mL）/1(치킨 선택1(마늘간장),치킨 선택 2(어니언맛),음료 추가 선택(변경 안함))",바삭바삭 닭다리살 순살,5,5,5,5,2020년 8월 3일
149,치킨,강남구 논현동,전국3대치킨오성통닭-강남점,sz**님,"반반（크러스터치킨 반＋마늘간장 반）/1(뼈 or 순살 선택(순살),음료 추가 선택(콜라 1.25L로 변경))",비도 오는데 배달하시는분이 친절하시고 고생많으셨네요 기분좋게 잘 받았습니다 맛있게 잘 먹을께요,4,4,5,5,2020년 8월 2일
150,치킨,강남구 논현동,전국3대치킨오성통닭-강남점,sm**님,"반반（크러스터치킨 반＋달콤 핫양념 반）/1(뼈 or 순살 선택(순살),음료 추가 선택(변경 안함))",생각보다 바삭하지않아요 그냥 닭다리순살,5,5,5,5,2020년 8월 2일
151,치킨,강남구 논현동,전국3대치킨오성통닭-강남점,wo**님,"순살 크러스터 세가지맛 세트（후라이드1＋치킨 택2＋소스＋소금＋치킨무＋콜라245mL）/1(치킨 선택1(마늘간장),치킨 선택 2(달콤핫양념),음료 추가 선택(변경 안함))",양도 푸짐하고 골라먹는 재미도 있고 벌써 번째 주문이네요 매번 다른맛으로 주문할수 있어 더 좋아요 남은건 다음날 먹어도 맛있네요요,5,5,5,5,2020년 8월 1일
152,치킨,강남구 논현동,전국3대치킨오성통닭-강남점,gu**님,"반반（크러스터치킨 반＋마늘간장 반）/1(뼈 or 순살 선택(뼈),음료 추가 선택(변경 안함),사이드 추가 선택(치킨무 추가)),생맥주 1000ml/1",정말 맛있게 잘 먹었어요 정성 점요,5,5,5,5,2020년 8월 1일
153,치킨,강남구 논현동,전국3대치킨오성통닭-강남점,br**님,"순살 크러스터 세가지맛 세트（후라이드1＋치킨 택2＋소스＋소금＋치킨무＋콜라245mL）/1(치킨 선택1(뿌링치즈),치킨 선택 2(타코야키),음료 추가 선택(변경 안함),사이드 추가 선택(감자튀김＋야채튀김 세트로 변경))",내인생은 오성통닭을 먹기전과 먹은후로 나뉜다,5,5,5,5,2020년 7월 31일
154,치킨,강남구 논현동,전국3대치킨오성통닭-강남점,gu**님,"반반（크러스터치킨 반＋달콤 핫양념 반）/1(뼈 or 순살 선택(뼈),음료 추가 선택(콜라500mL로 변경))",후라이는 매콤하고 양념도 적당히 맛있어요,5,5,4,4,2020년 7월 30일
155,치킨,강남구 논현동,전국3대치킨오성통닭-강남점,da**님,"반반（크러스터치킨 반＋달콤 핫양념 반）/1(뼈 or 순살 선택(뼈),음료 추가 선택(변경 안함))",바삭하고매콤하니넘맛있네요 요새굽네치킨에꽃혀서일주일에두세번시켜먹다가 살짝질려서첨시켜봤는데초이스잘한듯 넘맛있게폭식했어요 콜라서비스넘감사해요 자주시켜먹을께용,5,5,5,5,2020년 7월 30일
156,치킨,강남구 논현동,전국3대치킨오성통닭-강남점,m2**님,"반반（크러스터치킨 반＋달콤 핫양념 반）/1(뼈 or 순살 선택(뼈),음료 추가 선택(변경 안함))",배달 빠르고 바삭매콤하니 맛이 좋아용,5,5,5,5,2020년 7월 26일
157,치킨,강남구 논현동,전국3대치킨오성통닭-강남점,qu**님,"반반（크러스터치킨 반＋어니언 맛 반）/1(뼈 or 순살 선택(순살),음료 추가 선택(변경 안함))",오늘 복날이라 치킨을 시켜먹었습니다  시그니처메뉴길래 시켰는데 완전 굿이네요 잘먹었습니다  번창하세요,5,5,5,5,2020년 7월 26일
158,치킨,강남구 논현동,전국3대치킨오성통닭-강남점,th**님,"순살 크러스터 세가지맛 세트（후라이드1＋치킨 택2＋소스＋소금＋치킨무＋콜라245mL）/1(치킨 선택1(달콤양념),치킨 선택 2(어니언맛),음료 추가 선택(변경 안함))",확실히 양도 많고 맛도 괜찮아요약간 간이 쎈듯하지만 그래도 양보고 하면 충분히 만족할만 해요,5,5,5,5,2020년 7월 25일
159,치킨,강남구 논현동,전국3대치킨오성통닭-강남점,k7**님,"반반（크러스터치킨 반＋달콤양념 반）/1(뼈 or 순살 선택(순살),음료 추가 선택(변경 안함))",번째 시킨데도 맛있습니다 최곱니다,5,5,5,5,2020년 7월 25일
160,치킨,강남구 논현동,전국3대치킨오성통닭-강남점,wk**님,"순살 크러스터 세가지맛 세트（후라이드1＋치킨 택2＋소스＋소금＋치킨무＋콜라245mL）/1(치킨 선택1(화끈볼케이노),치킨 선택 2(어니언맛),음료 추가 선택(변경 안함)),생맥주 1000ml/1",특별 합니다 완전 추천,5,5,5,5,2020년 7월 25일
161,치킨,강남구 논현동,전국3대치킨오성통닭-강남점,je**님,"순살 크러스터 세가지맛 세트（후라이드1＋치킨 택2＋소스＋소금＋치킨무＋콜라245mL）/1(치킨 선택1(마늘간장),치킨 선택 2(달콤양념),음료 추가 선택(변경 안함))",항상 맛있게 먹고 있습니다,5,5,5,5,2020년 7월 24일
162,치킨,강남구 논현동,전국3대치킨오성통닭-강남점,bs**님,"순살 크러스터 세가지맛 세트（후라이드1＋치킨 택2＋소스＋소금＋치킨무＋콜라245mL）/1(치킨 선택1(마늘간장),치킨 선택 2(타코야키),음료 추가 선택(콜라500mL로 변경),사이드 추가 선택(감자튀김＋야채튀김 세트로 변경))",새로운 맛이라 맛나게 먹었읍니다 특히 감튀 야튀 맛나요,5,5,5,5,2020년 7월 24일
163,치킨,강남구 논현동,전국3대치킨오성통닭-강남점,손님,"크리스터치킨（바삭한 후라이드）/1(뼈 or 순살 선택(순살),음료 추가 선택(변경 안함))",순살 후라이드 치킨 맛있습니다 그러나 바삭한 느낌 보다는 약간 딱딱한 느낌 콜라도 더 주시고 감자튀김과 소스등을 잘 챙겨주셔서 감사합니다,4,4,5,4,2020년 7월 24일
164,치킨,강남구 논현동,전국3대치킨오성통닭-강남점,dk**님,"반반（크러스터치킨 반＋달콤 핫양념 반）/1(뼈 or 순살 선택(순살),음료 추가 선택(변경 안함)),처음처럼/2",이렇게 맛있으면 나보고 어떡하라구요,5,5,5,5,2020년 7월 22일
165,치킨,강남구 논현동,전국3대치킨오성통닭-강남점,ta**님,"순살 크러스터 세가지맛 세트（후라이드1＋치킨 택2＋소스＋소금＋치킨무＋콜라245mL）/1(치킨 선택1(마늘간장),치킨 선택 2(화이트크림),음료 추가 선택(변경 안함),사이드 추가 선택(치즈볼 6개 추가))",튀김옷 비율이 확실이 많긴하지만 끝까지 바삭바삭해서 맛잇게 먹엇습니다 크림이 뭍어잇는데도 바삭하네요 손메모도 감사합니다 다음에 또 주문할게요,5,5,5,5,2020년 7월 22일
166,치킨,강남구 논현동,전국3대치킨오성통닭-강남점,ar**님,"크리스터치킨（바삭한 후라이드）/1(뼈 or 순살 선택(뼈),음료 추가 선택(변경 안함)),반반（크러스터치킨 반＋달콤양념 반）/1(뼈 or 순살 선택(뼈),음료 추가 선택(콜라 1.25L로 변경))",맛도좋고 양도많고 담에 또 시켜먹을게요,5,5,5,5,2020년 7월 22일
167,치킨,강남구 논현동,전국3대치킨오성통닭-강남점,hy**님,"반반（크러스터치킨 반＋달콤양념 반）/1(뼈 or 순살 선택(뼈),추가 선택(감자튀김＋야채튀김 세트로 변경),음료 추가 선택(변경 안함)),생맥주 1000ml/2",와 정말 맛있고 깔끔하네요 야채 감자튀김도 최고구요이걸 원 받아서 남나요 앞으로 단골할께요,5,5,5,5,2020년 7월 22일
168,치킨,강남구 논현동,전국3대치킨오성통닭-강남점,se**님,"반반（크러스터치킨 반＋달콤양념 반）/1(뼈 or 순살 선택(순살),추가 선택(감자튀김＋야채튀김 세트로 변경),음료 추가 선택(변경 안함)),생맥주 1000ml/1",맛있었습니다 또 주문할께요,5,5,5,5,2020년 7월 20일
169,치킨,강남구 논현동,전국3대치킨오성통닭-강남점,ze**님,"순살 크러스터 세가지맛 세트（후라이드1＋치킨 택2＋소스＋소금＋치킨무＋콜라245mL）/1(치킨 선택1(마늘간장),치킨 선택 2(뿌링치즈),음료 추가 선택(변경 안함),사이드 추가 선택(치즈볼 6개 추가,감자튀김＋야채튀김 세트로 변경))",양은 많은데 치킨 질이 그래서 후추를 범벅하신건지 튀김옷도 바삭하고 속 촉촉한게 아니고 그냥 전부 퍽퍽하네요 치즈볼만 맛있어요,1,1,5,5,2020년 7월 19일
170,치킨,강남구 논현동,전국3대치킨오성통닭-강남점,손님,"반반（크러스터치킨 반＋달콤양념 반）/1(뼈 or 순살 선택(뼈),음료 추가 선택(변경 안함))",배달도 빠르고 양도 많고 맛도 있고 가격도 저렴하고 성의가 느껴지네요 만족합니다,5,5,5,5,2020년 7월 19일
171,치킨,강남구 논현동,전국3대치킨오성통닭-강남점,ep**님,"순살 크러스터 세가지맛 세트（후라이드1＋치킨 택2＋소스＋소금＋치킨무＋콜라245mL）/1(치킨 선택1(마늘간장),치킨 선택 2(달콤핫양념),음료 추가 선택(변경 안함),사이드 추가 선택(감자튀김＋야채튀김 세트로 변경))",아이들이 순살을 좋아해서 항상 순살로 시키는데 매운양념 반 후라이드 반 시키면 늘 간장양념 못먹어보니 아쉬웠는데 세가지맛 시킬 수 있어서 좋았어요튀김이 먹고싶어서 같이 시켰는데 이게 좀 매워요 양 많고 배달 빠르고 맛도 기본 이상이었어요,5,4,5,5,2020년 7월 19일
172,치킨,강남구 논현동,전국3대치킨오성통닭-강남점,rh**님,"반반（크러스터치킨 반＋달콤 핫양념 반）/1(뼈 or 순살 선택(순살),추가 선택(감자튀김＋야채튀김 세트로 변경),음료 추가 선택(변경 안함))",너무맛있어서 먹다 찍었어요 배달도 생각보다 빠르고 양도좋고 넘맛있어요 최고,5,5,5,5,2020년 7월 19일
173,치킨,강남구 논현동,전국3대치킨오성통닭-강남점,k7**님,"반반（크러스터치킨 반＋달콤양념 반）/1(뼈 or 순살 선택(순살),추가 선택(감자튀김＋야채튀김 세트로 변경),음료 추가 선택(변경 안함),사이드 추가 선택(치킨무 추가,허니머스터드소스 추가))",맛있습니다 최곱니다 앞으로 여기만 시켜먹겠습니다 강추합니다,5,5,5,5,2020년 7월 19일
174,치킨,강남구 논현동,전국3대치킨오성통닭-강남점,손님,"반반（크러스터치킨 반＋마늘간장 반）/1(뼈 or 순살 선택(순살),추가 선택(감자튀김＋야채튀김 세트로 변경),음료 추가 선택(콜라 1.25L로 변경),사이드 추가 선택(치즈양념 포테이토 추가,치킨무 추가,허니머스터드소스 추가))",맛나요 순살이 최고입니다 그런데 감자는 별로,5,5,5,1,2020년 7월 19일
175,치킨,강남구 논현동,전국3대치킨오성통닭-강남점,lk**님,"순살 크러스터 세가지맛 세트（후라이드1＋치킨 택2＋소스＋소금＋치킨무＋콜라245mL）/1(치킨 선택1(마늘간장),치킨 선택 2(뿌링치즈),음료 추가 선택(변경 안함))",남자 둘이서 먹기에 맛 양 최고입니다,5,5,5,5,2020년 7월 19일
176,치킨,강남구 논현동,전국3대치킨오성통닭-강남점,ic**님,"순살 크러스터 세가지맛 세트（후라이드1＋치킨 택2＋소스＋소금＋치킨무＋콜라245mL）/1(치킨 선택1(달콤핫양념),치킨 선택 2(타코야키),음료 추가 선택(변경 안함),사이드 추가 선택(감자튀김＋야채튀김 세트로 변경))",가성비 좋습니다 튀김옷이 좀 적으면 더 좋을것 같습니다,5,5,5,5,2020년 7월 18일
177,치킨,강남구 논현동,전국3대치킨오성통닭-강남점,se**님,"반반（크러스터치킨 반＋달콤 핫양념 반）/1(뼈 or 순살 선택(순살),추가 선택(감자튀김＋야채튀김 세트로 변경),음료 추가 선택(변경 안함))",아주 맛있었습니다 야채튀김감자튀김 조합도 너무 좋았습니다,5,5,5,5,2020년 7월 18일
178,치킨,강남구 논현동,전국3대치킨오성통닭-강남점,ho**님,"반반（크러스터치킨 반＋달콤양념 반）/1(뼈 or 순살 선택(순살),음료 추가 선택(변경 안함))",진짜 맛잇어요순살에 이가격 서울서 먹을수잇단게 강남구에서 먹을수잇단게 너무 행벅합니다 ,5,5,5,5,2020년 7월 18일
179,치킨,강남구 논현동,전국3대치킨오성통닭-강남점,th**님,"반반（크러스터치킨 반＋화이트크림 반）/1(뼈 or 순살 선택(순살),음료 추가 선택(변경 안함))",너무 맛있게 잘 먹었습니다 정성스러운 메모까지 금요일 저녁이 즐겁네오 ,5,5,5,5,2020년 7월 17일
180,치킨,강남구 논현동,전국3대치킨오성통닭-강남점,ls**님,"반반（크러스터치킨 반＋마늘간장 반）/1(뼈 or 순살 선택(순살),음료 추가 선택(변경 안함))",초복이라 치킨시켜먹었는데 맛있게 잘 먹었습니다,5,5,5,5,2020년 7월 16일
181,치킨,강남구 논현동,전국3대치킨오성통닭-강남점,so**님,"순살 크러스터 세가지맛 세트（후라이드1＋치킨 택2＋소스＋소금＋치킨무＋콜라245mL）/1(치킨 선택1(달콤핫양념),치킨 선택 2(마늘간장),음료 추가 선택(변경 안함))",잘먹었습니다 매콤양념은 맛이 아쉽네요,5,5,5,5,2020년 7월 16일
182,치킨,강남구 논현동,전국3대치킨오성통닭-강남점,sa**님,"반반（크러스터치킨 반＋달콤양념 반）/1(뼈 or 순살 선택(순살),음료 추가 선택(변경 안함))",양도 많고 맛있습니다 손메모까지 감동입니다  담에 또 시킬게요,5,5,5,5,2020년 7월 16일
183,치킨,강남구 논현동,전국3대치킨오성통닭-강남점,jo**님,"크리스터치킨（바삭한 후라이드）/1(뼈 or 순살 선택(뼈),음료 추가 선택(변경 안함))",크리스피 답입니다  간이 좋아요,5,5,4,4,2020년 7월 15일
184,치킨,강남구 논현동,전국3대치킨오성통닭-강남점,wo**님,"순살 크러스터 세가지맛 세트（후라이드1＋치킨 택2＋소스＋소금＋치킨무＋콜라245mL）/1(치킨 선택1(마늘간장),치킨 선택 2(화끈볼케이노),음료 추가 선택(변경 안함),사이드 추가 선택(감자튀김＋야채튀김 세트로 변경))",리뷰가 좋아서 배달시켜보았는데 역시 맛있네요 양도 푸짐하고 재구매 의사 있습니다,5,5,5,5,2020년 7월 14일
185,치킨,강남구 논현동,전국3대치킨오성통닭-강남점,cm**님,"반반（크러스터치킨 반＋마늘간장 반）/1(뼈 or 순살 선택(순살),음료 추가 선택(변경 안함),사이드 추가 선택(양념 소스 추가))",맛있습니다 역시 소문대로 입니다,5,5,5,5,2020년 7월 14일
186,치킨,강남구 논현동,전국3대치킨오성통닭-강남점,ik**님,"반반（크러스터치킨 반＋마늘간장 반）/1(뼈 or 순살 선택(순살),추가 선택(감자튀김＋야채튀김 세트로 변경),음료 추가 선택(변경 안함),사이드 추가 선택(양념 소스 추가))",새로운데서 시켜먹어볼까 하고 처음 주문해본건데 크러스터가 완전 바삭하고 적당히 매콤한게 맛있음 야채튀김도 상상한거랑은 좀 다르긴 한데 한입에 먹기좋은 크기에 종류별로 다 맛있어요 파가 젤맛잇음 감튀는 야채밑에 깔려서 조금 눅눅해지긴 했는데 기본 시즈닝이 괜찮네요 정성스러운 손편지도 그렇고 배달오신분이 비를 많이 맞으신거 같아서 뭔가 마음이 찡하고 리뷰라도 열심히 남겨야할거같은 마음이에요 치킨엔 비 안들어가고 바삭하게 왔습니당 이날씨에 배달하시느라 고생 많으십니다 담에 또 주문할게요,5,5,5,5,2020년 7월 14일
187,치킨,강남구 논현동,전국3대치킨오성통닭-강남점,yj**님,"크리스터치킨（바삭한 후라이드）/1(뼈 or 순살 선택(순살),음료 추가 선택(변경 안함))",예전에 시켜먹던 그집 맞죠재오픈 얼마나 기다렸는지 우리집 꼬맹이 최애 치킨입니다 짭짤 바삭한 치킨이라서요 치킨 시킬때마다 오성 왜 없어졌냐구 이제 시킬수 있어서 다행입니다 순살로 시키시면 맥주안주로 딱입니다,5,5,5,5,2020년 7월 13일
188,치킨,강남구 논현동,전국3대치킨오성통닭-강남점,yy**님,"반반（크러스터치킨 반＋마늘간장 반）/1(뼈 or 순살 선택(뼈),음료 추가 선택(변경 안함))",맛있게 잘 먹었습니다 혼자먹기엔 양이 많구요 남자 둘이 먹기엔 좀 적을수도 있겠네요,5,5,5,5,2020년 7월 12일
189,치킨,강남구 논현동,전국3대치킨오성통닭-강남점,yi**님,"반반（크러스터치킨 반＋화끈 볼케이노 반）/1(뼈 or 순살 선택(뼈),음료 추가 선택(변경 안함))",비오는날임에도 바삭바삭 맛있어요 대패튀깅 느끼함을 달래주고 핫핫 매콤  바삭,5,4,5,4,2020년 7월 12일
190,치킨,강남구 논현동,전국3대치킨오성통닭-강남점,re**님,"반반（크러스터치킨 반＋화끈 볼케이노 반）/1(뼈 or 순살 선택(순살),추가 선택(감자튀김＋야채튀김 세트로 변경),음료 추가 선택(변경 안함))",전국대란 말이 과언이 아니네요,5,5,5,5,2020년 7월 12일
191,치킨,강남구 논현동,전국3대치킨오성통닭-강남점,tj**님,"반반（크러스터치킨 반＋마늘간장 반）/1(뼈 or 순살 선택(순살),추가 선택(감자튀김＋야채튀김 세트로 변경),음료 추가 선택(변경 안함))",배달시간이 지난거 같아 혹시나 하고 현관문 열어봤더니 그냥 놓고가버리셨네요다 식어버렸어요  분명히 요청사항에 문앞에 두시고 벨눌러달라고 했는데  맛은 두말할거 없지만 요청사항좀 신경써주세요,4,5,5,1,2020년 7월 12일
192,치킨,강남구 논현동,전국3대치킨오성통닭-강남점,ma**님,"순살 크러스터 세가지맛 세트（후라이드1＋치킨 택2＋소스＋소금＋치킨무＋콜라245mL）/1(치킨 선택1(화끈볼케이노),치킨 선택 2(뿌링치즈),음료 추가 선택(변경 안함))",배달도 빨랐고 맛있네요,5,5,5,5,2020년 7월 11일
193,치킨,강남구 논현동,전국3대치킨오성통닭-강남점,wh**님,"순살 크러스터 세가지맛 세트（후라이드1＋치킨 택2＋소스＋소금＋치킨무＋콜라245mL）/1(치킨 선택1(달콤양념),치킨 선택 2(마늘간장),음료 추가 선택(변경 안함))",엄청난 치킨드랜드가 등장했네요 가지 맛 모도 굉장히 맛있습니다 특히 매콤한 양념치킨이 인상적입니다 가격도 타 브랜드 대비 저렴한데 양은 오히려 더 많고 치즈감튀도 매우 맛있네요 다만 입은 맵지 않은데 매운걸 먹었을때 배탈나는 증상이 나타납니다 속에서 매워하는듯 합니다 먹어보기 전엔 모르는 거니까 꼭 주문해보세요 아 고기도 매우 신선해서 냄새가 전혀 안납니다 매우 훌륭한 브랜드,5,5,5,5,2020년 7월 11일
194,치킨,강남구 논현동,전국3대치킨오성통닭-강남점,ma**님,"반반（크러스터치킨 반＋달콤 핫양념 반）/1(뼈 or 순살 선택(뼈),음료 추가 선택(콜라500mL로 변경),사이드 추가 선택(소스3개（양념,간장,화이트）추가))",맛잇어요 소스도 괜찮아여,5,5,4,5,2020년 7월 11일
195,치킨,강남구 논현동,전국3대치킨오성통닭-강남점,tn**님,"크리스터치킨（바삭한 후라이드）/1(뼈 or 순살 선택(순살),추가 선택(감자튀김＋야채튀김 세트로 변경),음료 추가 선택(변경 안함))",후라이드에 야채를 포함해서 주문했어요 오 이런 음료수가 안왔네요 불안한 마음에 냉큼 전화하니 사장님이 금새 가져다 주시더라구요 소스가 약간 매콤하지만 팍팍하지않고 부드러웠어요 살찌는데 또 시켜먹고 싶네요,5,5,5,4,2020년 7월 10일
196,치킨,강남구 논현동,전국3대치킨오성통닭-강남점,je**님,"순살 크러스터 세가지맛 세트（후라이드1＋치킨 택2＋소스＋소금＋치킨무＋콜라245mL）/1(치킨 선택1(마늘간장),치킨 선택 2(달콤핫양념),음료 추가 선택(변경 안함))",맛있어요 근데 튀김옷이 좀 많아요,5,4,4,5,2020년 7월 8일
197,치킨,강남구 논현동,전국3대치킨오성통닭-강남점,lh**님,"순살 크러스터 세가지맛 세트（후라이드1＋치킨 택2＋소스＋소금＋치킨무＋콜라245mL）/1(치킨 선택1(마늘간장),치킨 선택 2(화이트크림),음료 추가 선택(변경 안함),사이드 추가 선택(감자튀김＋야채튀김 세트로 변경))",맛있음 배달빠름 양도 괞찮음,5,5,5,5,2020년 7월 7일
198,치킨,강남구 논현동,전국3대치킨오성통닭-강남점,yo**님,"순살 크러스터 세가지맛 세트（후라이드1＋치킨 택2＋소스＋소금＋치킨무＋콜라245mL）/1(치킨 선택1(마늘간장),치킨 선택 2(뿌링치즈),음료 추가 선택(변경 안함),사이드 추가 선택(감자튀김＋야채튀김 세트로 변경)),무 추가 1개/1",항상 맛나게먹어요 하지만 오늘은 살과 튀김옷비율이 네요 담에는 순살만오길,5,5,5,5,2020년 7월 7일
199,치킨,강남구 논현동,전국3대치킨오성통닭-강남점,fp**님,"순살 크러스터 세가지맛 세트（후라이드1＋치킨 택2＋소스＋소금＋치킨무＋콜라245mL）/1(치킨 선택1(마늘간장),치킨 선택 2(뿌링치즈),음료 추가 선택(콜라 1.25L로 변경),사이드 추가 선택(소스3개（양념,간장,화이트）추가))",우와 진짜 놀랬어요 처음보는 치킨 집이 뜨길래 리뷰 보고 한번 믿어보자 해서 주문해봤는데  가격에 비해 양도 많고  양만 많은게 아니라 그만 큼 맛도 있고  빠른 배달에 따뜻하게 안전하게 맛있게 배달해주시고  감자튀김도 같이 와서 너무 좋았어요  아버지랑 같이 먹었는데 배불르게 먹었는데도 남았네요  따로 소스를 배달을 안해도 기본 소스는 같이 오는것도 너무 좋더라고요 자주 이용하겠습니다 감사합니다,5,5,5,5,2020년 7월 6일
200,치킨,강남구 논현동,전국3대치킨오성통닭-강남점,rb**님,"순살 크러스터 세가지맛 세트（후라이드1＋치킨 택2＋소스＋소금＋치킨무＋콜라245mL）/1(치킨 선택1(마늘간장),치킨 선택 2(뿌링치즈),음료 추가 선택(변경 안함))",배달두 엄청 빠르시고 맛도 엄청 좋아요 다른곳들 제치고 바로 시켜봤는데 후회없었어요 감사합니당 번창하세요,5,5,5,5,2020년 7월 6일
201,치킨,강남구 논현동,전국3대치킨오성통닭-강남점,손님,"반반（크러스터치킨 반＋달콤양념 반）/1(뼈 or 순살 선택(뼈),음료 추가 선택(변경 안함))",이정도 맛이면 메이저 치킨브랜드 급임 양념 맛이 좋은게 일반 치킨브랜드에서 쓰는 달기만하고 특색없는 소스가 아님 독특하면서도 물리지않는 맛이라 좋았음,5,5,5,5,2020년 7월 5일
202,치킨,강남구 논현동,전국3대치킨오성통닭-강남점,ba**님,"순살 크러스터 세가지맛 세트（후라이드1＋치킨 택2＋소스＋소금＋치킨무＋콜라245mL）/1(치킨 선택1(화끈볼케이노),치킨 선택 2(타코야키),음료 추가 선택(변경 안함))",아니 이게 만원 양에 별 개까지 잇엇으면 별 개를 달았을텐데 세상에 만원에 이렇게 많은건 첨봅니다 둘이서 반도 못먹은거같아요 맛도 굿,5,5,5,5,2020년 7월 3일
203,치킨,강남구 논현동,전국3대치킨오성통닭-강남점,ac**님,"순살 크러스터 세가지맛 세트（후라이드1＋치킨 택2＋소스＋소금＋치킨무＋콜라245mL）/1(치킨 선택1(어니언맛),치킨 선택 2(달콤양념),음료 추가 선택(변경 안함))",못보던가게가 생겨서 주문했는데 후라이드는 맛있는데 다른 양념들은 사진없어서 어떻게 생긴건지 모르고 주문햇지만 달콤맛은 익숙한맛이고 어니언은 양파가루같은 뿌려올줄알었는데 마요네즈같은걸 잔득 부어서 왔더라고요 치킨반 어니언소스반이네 너무짜서 개먹고 못먹겠더라고요 다른건 후라이드기본양념은 괜찮아요 튀김부스러기는 안넣으시면 더 좋겠네요,3,4,4,5,2020년 7월 2일
204,치킨,강남구 논현동,전국3대치킨오성통닭-강남점,ka**님,"크리스터치킨（바삭한 후라이드）/1(뼈 or 순살 선택(뼈),음료 추가 선택(변경 안함))",강남에 있는 치킨 브랜드 하나씩 다 먹어 보고 있습니다 고민 없이 등 드립니다 이게 치킨이다,5,5,5,5,2020년 7월 2일
205,치킨,강남구 논현동,전국3대치킨오성통닭-강남점,qo**님,"반반（크러스터치킨 반＋마늘간장 반）/1(뼈 or 순살 선택(뼈),음료 추가 선택(변경 안함))",클라스가 다른 맛 감자튀김도 대충 튀기지 않은 섬세함과 정성 정말 맛있습니다,5,5,5,5,2020년 7월 2일
206,치킨,강남구 논현동,전국3대치킨오성통닭-강남점,eu**님,"크러스터치킨（양념반＋양념반）/1(양념 선택(달콤핫양념,뿌링치즈),음료 추가 선택(콜라500mL로 변경))",양념맛이 너무 취향이네요 가성비도 최고고 다음에도 애용하겠습니다,5,5,5,4,2020년 7월 1일
207,치킨,강남구 논현동,전국3대치킨오성통닭-강남점,손님,"크리스터치킨（바삭한 후라이드）/1(뼈 or 순살 선택(뼈),음료 추가 선택(변경 안함))",리뷰가 없어서 고민하다 시켰는데 시간만 늦출뿐 존맛탱이에요 애기 재우고 맨날 맛있는 야식에 맥주 한잔 하는게 요즘 제 행복 근데 오성은 너무너무 마시써요 바삭하구요 가슴살도 퍽퍽하지 않네요 원래 가슴살 안좋아해서 그냥 버리는 경우가 많은데요 같이 주신 소스에 찍어서 잘먹었네요 살은 뭐 찌겠죠 진챠 내일 더 힘내서 육아할 수 있을거 같아요 제 육아 스트레스를 풀어준 오성 복 받으실거에유 앞으로도 자주 주문할거 같아요 다음에도 맛있게 부탁드려요 ,5,5,5,5,2020년 7월 1일
208,치킨,강남구 논현동,전국3대치킨오성통닭-강남점,ni**님,"반반（크러스터치킨 반＋달콤 핫양념 반）/1(뼈 or 순살 선택(순살),음료 추가 선택(변경 안함))",비오는데 배달도 빨리오시구 맛있네요 자주 시켜먹을게여,5,5,5,5,2020년 6월 30일
209,치킨,강남구 논현동,전국3대치킨오성통닭-강남점,so**님,"반반（크러스터치킨 반＋달콤양념 반）/1(뼈 or 순살 선택(뼈),음료 추가 선택(콜라 1.25L로 변경))",진짜 맛있네용 휴라이드는 매콤해서 제 입맛에 더 잘맞았오요,5,5,5,5,2020년 6월 14일
210,치킨,강남구 논현동,전국3대치킨오성통닭-강남점,yo**님,"크리스터치킨（바삭한 후라이드）/1(뼈 or 순살 선택(순살),음료 추가 선택(변경 안함),사이드 추가 선택(겨자소스 추가))",차가운 치킨이 왔어요 배달 시작 카톡후 시간 걸렸어요 배달 늦은건 이해하려해도 차가운 치킨은 어떻게 이해하나 정말 싫어요,3,3,3,2,2020년 6월 2일
