﻿,Category,Location,Restaurant,UserID,Menu,Review,Total,Taste,Quantity,Delivery,Date
0,치킨,서초구 방배동,제일호프치킨,en**님,"소금바베큐 반마리/1,골뱅이 소면/1",골뱅이는 그냥 식초맛 입니다 국수양은 인분 주신듯,1,1,5,5,2021년 7월 19일
1,치킨,서초구 방배동,제일호프치킨,me**님,"숯불 바베큐 반반/1(메뉴 선택(양념 바베큐,소금 바베큐))",매장에서만 먹다가 처음으로 배달 주문해서 먹었는데차이 거의 없이 맛 풍미 좋습니다,5,5,4,5,2021년 4월 27일
2,치킨,서초구 방배동,제일호프치킨,yo**님,골뱅이 소면/1,골뱅이 소면이 먹고 싶어서 검색 해서 시켜봤는데 너무 맛닜습니다 감사합니다,5,5,5,5,2021년 3월 19일
3,치킨,서초구 방배동,제일호프치킨,wo**님,"숯불 바베큐 반반/1(메뉴 선택(양념 바베큐,소금 바베큐))",오랫만에 먹어서 혹시나 했는디역시 굿이네요,5,5,5,5,2021년 2월 10일
4,치킨,서초구 방배동,제일호프치킨,hj**님,"숯불 바베큐 반반/1(메뉴 선택(양념 바베큐,소금 바베큐))",배달 시켜 먹으니까 제거 알던 그맛이 안나네요 ,3,3,2,5,2021년 2월 9일
5,치킨,서초구 방배동,제일호프치킨,ki**님,숯불 소금 바베큐/1,혼자먹기엔 양이 너무많아 좀 남기긴했지만 가서먹은것처럼 맛있더라구요,5,5,5,5,2021년 1월 29일
6,치킨,서초구 방배동,제일호프치킨,sd**님,"숯불 바베큐 반반/1(메뉴 선택(양념 바베큐,데리야끼 바베큐)),골뱅이 쫄면/1",배달료는 비싸지만 너무 맛있어요 쫄면 골뱅이 숯불통닭 굳굳,5,5,5,5,2020년 11월 13일
7,치킨,서초구 방배동,제일호프치킨,gy**님,"숯불 바베큐 반반/2(메뉴 선택(양념 바베큐,소금 바베큐)),야채샐러드 1개추가/1",년전 대학생때 친구들과 정말 자주 갔었었어요 나이들면서는 다들 사는곳이 다르다보니 드문드문 가게 되었지요 예전에도 숯불 바베큐가 참 맛있었어요 배달이 되는거 우연히 알게 되서 아이들 맛도 보여줄겸 숯불바베큐 반반 바로 시켜봤는데 여전히 맛있네요 배달도 빨리오고 깔끔하게 포장해 주셔서 좋았습니다,5,5,4,5,2020년 11월 8일
8,치킨,서초구 방배동,제일호프치킨,sd**님,"숯불 소금 바베큐/1,골뱅이 쫄면/1",맛있어요양이 살짝 적었디 골뱅이쫄면 통닭 꿀맛,4,5,3,5,2020년 9월 11일
9,치킨,서초구 방배동,제일호프치킨,qa**님,"숯불 바베큐 반반/1(메뉴 선택(양념 바베큐,소금 바베큐))",소금구이가 생각보다 별루였고 양념은 맛있었어요 한마리시키면 두사람이 먹기 조금 적은 양이예요,4,5,3,4,2020년 8월 11일
10,치킨,서초구 방배동,제일호프치킨,ta**님,숯불 소금 바베큐/1,맛있게 잘먹었습니다 비오는데 배달해 주시는 기사님들 항상 고맙습니다,5,5,4,5,2020년 8월 9일
11,치킨,서초구 방배동,제일호프치킨,74**님,"숯불 바베큐 반반/1(메뉴 선택(양념 바베큐,데리야끼 바베큐)),골뱅이 소면/1,야채샐러드 1개추가/1",골뱅이가 급 땡겨서 주문했는데 와우 골뱅이 맛있어요 소면도 엄청 쫠깃하니  근데 골뱅이에서 자글자글 몇개가 씹혀서 동생이랑 뱉었어요  그것빼면 맛있게 잘 먹었습니다,5,5,5,5,2020년 7월 19일
12,치킨,서초구 방배동,제일호프치킨,ta**님,숯불 소금 바베큐/1,항상 맛있게 잘 먹고 있습니다 저희 가족 모두 좋아해서 주 회는 시켜먹게 되네요,5,5,4,5,2020년 5월 30일
13,치킨,서초구 방배동,제일호프치킨,ta**님,숯불 소금 바베큐/1,이번에 번째 인데 맛과 양이 더 좋아지고 있네요 맛있게 잘먹었습니다,5,5,4,5,2020년 5월 5일
14,치킨,서초구 방배동,제일호프치킨,손님,후라이드 치킨/1,닭이바삮하지않고 좀딱딱하다는 느낌,2,2,4,5,2020년 4월 24일
15,치킨,서초구 방배동,제일호프치킨,ta**님,"숯불 양념 바베큐/1,숯불 소금 바베큐/1",지난번보다 더 맛있었습니다 식구서 마리는 적어 마리 시켰는데 충분하네여,5,5,4,5,2020년 4월 17일
16,치킨,서초구 방배동,제일호프치킨,lu**님,후라이드 치킨/1,후라이드 튀김옷이 얇아좋앙노,5,5,5,5,2020년 4월 15일
17,치킨,서초구 방배동,제일호프치킨,01**님,"후라이드 치킨/1,골뱅이 소면/1",매장에서 먹어두 맛있구 배달도 맛있어요 닭다리만 부위별로 팔았으면 좋겠어요 퍽퍽살이많아서 배달해주시는분이 주시면서 떨어트려서 양배추도 다 세고 치킨무 국물도 다 흘러져나오고,5,5,5,5,2020년 4월 5일
18,치킨,서초구 방배동,제일호프치킨,손님,숯불 양념 바베큐/1,고기가 굉장히 부드러워서 딱 제스타일 입니다,5,5,5,5,2020년 3월 2일
