﻿,Category,Location,Restaurant,UserID,Menu,Review,Total,Taste,Quantity,Delivery,Date
0,치킨,서초구 방배동,치킨리그-이수점,dk**님,로스트 핫 바베큐 BEST/1,잘 먹었습니다 맛있어요,5,5,5,5,어제
1,치킨,서초구 방배동,치킨리그-이수점,kk**님,반반메뉴（ 후라이드 ＋ 양념 ）/1,후기쓰는거 깜박할뻔 번창하세요,5,5,5,5,3일 전
2,치킨,서초구 방배동,치킨리그-이수점,j1**님,반반메뉴（ 후라이드 ＋ 양념 ）/1,너무 맛있게 먹느라 사진 못찍었어요 치킨 부드럽고 양념 진짜 맛있네요,5,5,5,5,일주일 전
3,치킨,서초구 방배동,치킨리그-이수점,fi**님,순살 반반메뉴（ 후라이드 ＋ 양념 ）/1,오랜만에 먹어도 순살 맛있어요,5,5,5,5,2021년 7월 20일
4,치킨,서초구 방배동,치킨리그-이수점,hs**님,순살 양념 치킨/1,개인적인 취향에 따라 다르겠지만 양념은 제 입맛에 안맞았던 거 같습니다 짜고 텁텁한 맛이었고 튀김도 바싹하기보단 너무 오래튀긴 거 같이 질겼습니다 닭고기 자체도 좀 짠 거 같네요 배달 중에 흘렀는지 박스안에 양념이 넘쳐 상자에 다 묻고 상태가 별로였습니다 피드백 반영하셔서 더 개선되어 장사잘하시기 바랍니다,2,2,5,2,2021년 7월 18일
5,치킨,서초구 방배동,치킨리그-이수점,as**님,반반메뉴（ 후라이드 ＋ 양념 ）/1,저는 잘몰르겠습니다 판사님,3,3,3,3,2021년 7월 16일
6,치킨,서초구 방배동,치킨리그-이수점,ko**님,"순살 파닭/1,국물 떡볶이 BEST/1,콜라 1.25L/1",배달 빠르고 음식도 맛있어요  퇴근하고 먹고 바로 자느라 리뷰가 늦었네요  종종 시켜먹겠습니다,5,5,5,5,2021년 7월 13일
7,치킨,서초구 방배동,치킨리그-이수점,dh**님,어니언 크림치즈 순살 BEST/1,맛있게 먹었어요 감자튀김 잘받았습니다,5,5,5,5,2021년 7월 10일
8,치킨,서초구 방배동,치킨리그-이수점,kh**님,어니언 크림치즈 순살 BEST/1,처음시켰는데 맛있었어요,5,5,5,5,2021년 6월 26일
9,치킨,서초구 방배동,치킨리그-이수점,pd**님,순살 파닭/1,오랜만에 주문했는데 여전히 맛있네요 다른 메뉴도 맛있지만 개인적으론 파닭이 제일이네요,5,5,5,5,2021년 6월 25일
10,치킨,서초구 방배동,치킨리그-이수점,lp**님,순살 파닭/1,오늘도 맛있게 잘 막었습니다,5,5,5,5,2021년 6월 18일
11,치킨,서초구 방배동,치킨리그-이수점,rl**님,순살 반반메뉴（ 후라이드 ＋ 양념 ）/1,처음시켜보는데 양이 정말많네요 자주 시켜먹을거 같아요,5,5,5,5,2021년 6월 10일
12,치킨,서초구 방배동,치킨리그-이수점,fi**님,"순살 반반메뉴（ 후라이드 ＋ 양념 ）/1,생맥주（맥스생）1000C/1",먹다가 사진을 찍었다는요 순살 맛나요,5,5,5,5,2021년 5월 31일
13,치킨,서초구 방배동,치킨리그-이수점,je**님,"순살 반반메뉴（ 후라이드 ＋ 양념 ）/1(토핑 추가(할라피뇨 체다치즈 소스 추가)),국물 떡볶이 BEST/1,샤워크림 포테이토 BEST/1",처음 시켜봤는데 떡볶이도 그렇고 정말 맛있었어요,5,5,5,5,2021년 5월 23일
14,치킨,서초구 방배동,치킨리그-이수점,yj**님,반반메뉴（ 후라이드 ＋ 양념 ）/1,처음 시켜보는거라서 솔직히 큰 기대안하고 시켰는데 구성도 구성인데 맛이 너무 좋았어요 후라이드도 좋고 양념맛도 좋았습니다 다른 집들 보면 종종 양념맛이 살짝 겉도는 느낌 얕은 느낌이 있는데 여기 양념은 그렇지 않았습니다 다음에도 시킬 의사 있습니다,5,5,5,,2021년 5월 15일
15,치킨,서초구 방배동,치킨리그-이수점,jo**님,어니언 크림치즈 순살 BEST/1,너무 맛있고 감자튀김 서비스도 좋았어요,5,5,5,5,2021년 5월 8일
16,치킨,서초구 방배동,치킨리그-이수점,co**님,"크리스피치킨 BEST/1,양념 치킨/1",크리스피 첨 주문했는데 정말 맛있네요,5,5,5,5,2021년 5월 5일
17,치킨,서초구 방배동,치킨리그-이수점,dl**님,순살 반반메뉴（ 후라이드 ＋ 양념 ）/1,맛잇습니다 자주시켜먹을게요,5,5,5,5,2021년 5월 3일
18,치킨,서초구 방배동,치킨리그-이수점,su**님,오리지널치킨 BEST/1,빠르게 배달해주셔서 감사합니다 ,5,4,5,5,2021년 5월 1일
19,치킨,서초구 방배동,치킨리그-이수점,yz**님,반반메뉴（ 후라이드 ＋ 양념 ）/1,오랜만에 양념반반 먹었는데 아이도 별로 맵지 않다며 맛있게 먹었습니다 토핑떡도 쫀득쫀득 넘 맛나요,5,5,5,5,2021년 4월 29일
20,치킨,서초구 방배동,치킨리그-이수점,th**님,"양념 치킨/1,국물 떡볶이 BEST/1",치킨 양념이 너무 맛있어요 양도 많고 배달도 빨리 왔어요,5,5,5,5,2021년 4월 24일
21,치킨,서초구 방배동,치킨리그-이수점,yz**님,오리지널치킨 BEST/1,역시 오리지널치킨은 진리입니다 아이랑 같이 먹어야 해서 오리지널 한마리로 시켰는데 반반치킨에도 크리스피 아닌 오리지널 선택할수 있음 좋겠어요 양념치킨의 토핑떡이 생각나서요,5,5,5,5,2021년 4월 12일
22,치킨,서초구 방배동,치킨리그-이수점,qo**님,바삭 간장치킨/1,저번주에 후라이드가 맛있어서 이번에는 간장으로 주문했는데 별루예요 무슨 맛인지 모르겠어요 늘 알고 있던 간장맛이 아니네요 약간 시큼하고 특이한 향이있어요 무슨 향인지모르게어요 닭에서 비린맛도 나고요 너무 아쉽네요 배달은 였는데,2,2,4,5,2021년 4월 10일
23,치킨,서초구 방배동,치킨리그-이수점,tg**님,반반메뉴（ 후라이드 ＋ 양념 ）/1,맛있게 잘 먹었습니다 양도 많네요 ,5,4,5,4,2021년 4월 4일
24,치킨,서초구 방배동,치킨리그-이수점,qo**님,핫 크리스피 치킨/1,이집 후라이드 갠찮네요 서비스로 주는 소스중에 겨자소스 맛있네요,4,4,4,4,2021년 4월 3일
25,치킨,서초구 방배동,치킨리그-이수점,fi**님,순살 양념 치킨/1,기다리던 치킨이라 먹다가 찍음 재주문이니까요,5,5,5,5,2021년 4월 2일
26,치킨,서초구 방배동,치킨리그-이수점,ha**님,크런치 순살 BEST/1,배달 빠르고 양 많네요 배부르게 잘 먹었어요다음엔 무 안주셔도 된다고 요청드려야겠어요,4,3,4,4,2021년 3월 31일
27,치킨,서초구 방배동,치킨리그-이수점,ly**님,크런치 순살 BEST/1,리뷰 쓴다는걸 깜빡하고잊어버려서 늦게올리지만 너무 맛있었고 양도 충분 했습니다,5,5,5,5,2021년 3월 29일
28,치킨,서초구 방배동,치킨리그-이수점,59**님,반반메뉴（ 후라이드 ＋ 양념 ）/1,배달도 예상시간보다 빨리왔고 양 많아요 인가족이 먹는데 남았어요 갠적으로 후라이보단 양념이 맛있었어요,5,5,5,5,2021년 3월 28일
29,치킨,서초구 방배동,치킨리그-이수점,62**님,"소금구이 팬 바베큐/1,생맥주（맥스생）1000C/1",치킨에 양념이 되어있네여 맛있게 잘 먹었습니다,5,5,5,5,2021년 3월 27일
30,치킨,서초구 방배동,치킨리그-이수점,lu**님,반반메뉴（ 후라이드 ＋ 양념 ）/1,다음날까지도 맛있게 잘 먹었습니당,5,5,5,5,2021년 3월 13일
31,치킨,서초구 방배동,치킨리그-이수점,ma**님,래드윙봉/1,치킨윙 최애 맛집 본토 버팔로윙 담으로 맛있음 저번보다 살짝 더 매워졌네요 그래서 더 맛있습니다,5,5,5,5,2021년 3월 12일
32,치킨,서초구 방배동,치킨리그-이수점,en**님,오리지널치킨 BEST/1,예상배달시간보다 훨씬빨리왔어요 오늘도 맛있게 먹었습니다,5,5,5,5,2021년 3월 6일
33,치킨,서초구 방배동,치킨리그-이수점,fi**님,순살 반반메뉴（ 후라이드 ＋ 양념 ）/1,긴말이 필요 없습니다 역시나 맛있게 먹었습니다 감사합니다,5,5,5,5,2021년 3월 5일
34,치킨,서초구 방배동,치킨리그-이수점,hy**님,블랙 오리엔탈 치킨/1,요청사항도 잘 확인해서 배달해주시고 감사합니다 치킨무랑 음료수는 괜찮다고 말씀드리려 했는데 요청사항 글자제한 때문에 적질 못했네요  덕분에 잘 먹었습니다,5,5,5,5,2021년 2월 27일
35,치킨,서초구 방배동,치킨리그-이수점,mo**님,블랙 오리엔탈 순살치킨/1(토핑 추가(치즈볼 4개 추가)),맨날 후라이드만 먹다가 블랙오리엔탈 시켜봣는데 갈릭칩도 바삭하고 너무 맛있네요 치즈볼도 맛있어요,5,5,5,5,2021년 2월 19일
36,치킨,서초구 방배동,치킨리그-이수점,pj**님,로스트 핫 바베큐 BEST/1,저번에 맛있게 먹어서 시켰는데 너무 오버쿡되었네요,5,5,5,5,2021년 2월 17일
37,치킨,서초구 방배동,치킨리그-이수점,ji**님,순살 양념 치킨/1,맛있게 잘 먹었습니다 너무 맛있어요 ,5,5,5,5,2021년 2월 15일
38,치킨,서초구 방배동,치킨리그-이수점,do**님,순살 반반메뉴（ 후라이드 ＋ 양념 ）/1(추가 선택(콜라 500mL로 변경)),넘 빨리 와서 리뷰도 못적고있었네요 맛있고 양도 많았어요,5,5,5,5,2021년 2월 12일
39,치킨,서초구 방배동,치킨리그-이수점,lp**님,"순살 파닭/1,순살 양념 치킨/1",오랜만에 다시 시켰는데 배달도 빠르고 맛도 좋았습니다 ,5,5,5,5,2021년 2월 11일
40,치킨,서초구 방배동,치킨리그-이수점,ah**님,"크리스피치킨 BEST/1(토핑 추가(김말이 9개 추가),추가 선택(콜라 500mL로 변경))",치킨이 맹맹 기름도 오래된 맛,1,1,3,3,2021년 2월 11일
41,치킨,서초구 방배동,치킨리그-이수점,db**님,크런치 순살 BEST/1,전 여기서만 시켜먹습니다,5,5,5,5,2021년 2월 6일
42,치킨,서초구 방배동,치킨리그-이수점,jg**님,"리그세트（오리지널＋국물떡볶이）BEST/1,콜라 1.25L/1",맛있어요 떡볶이도 맛있고 배달도 빨라요,5,5,5,5,2021년 1월 24일
43,치킨,서초구 방배동,치킨리그-이수점,ta**님,"2루타세트（갈릭치킨＋떡볶이）/1,생맥주（맥스생）1000C/1",갈릭치킨은 달달하면서 마늘맛이 강해요 저는 취향저격이였어요 살도 촉촉 하고 부드러워서 치킨 많이 안 좋아하는데도 계속 손이 갈정도로 맛있어요 국물 떡볶이 떡은 쫄깃하고 국물맛이 정말 끝내줍니다 국물을 가득 넣어주셔서 포장이 터져가지구  흘린 국물에 맘이 아플정도로 맛있었어요  덕분에 풍요로운 저녁을 보낼 수 있었어요 감사히 잘 먹었습니다,5,5,5,5,2021년 1월 24일
44,치킨,서초구 방배동,치킨리그-이수점,so**님,"순살 파닭/1,국물 떡볶이 BEST/1",처음 시켰는데 맛 좋게 잘 먹었습니다 떡볶이도 맛있다고 리뷰에서 봐서 시켰는데 봉지 열었을 때 뜨악했네요 밀봉이 다 터져서 콜라하고 치킨까지 국물이 들어갔더라구요 먹기도 전에 손에 빨간물 좀 들이고 시작했네요 맛은 좋았고 양도 많아서 다 못 먹을 정도였어요 포장만 잘돼서 온다고 하면 다음에도 또 시켜먹고 싶네요,3,4,5,1,2021년 1월 23일
45,치킨,서초구 방배동,치킨리그-이수점,hy**님,안타세트（오리지널＋간장치킨）/1,번만에 주문 성공한 곳입니다 당연히 폭설로 주문 안된거구요 라이더님안전을 위해 당얀한 조치입니다 일단 처음보는 브랜드는 꼭 시켜보는 스타일이라 날 좋을때 배달 시켰고요 가장 가본인 후라이드랑 간장 셋트로 주문했어요오래 걸릴거라 생각했는데 치킨이 너무뜨거워 놀랐어요그리고 후라이드 튀김옷은 바싹한데 쫄깃해요 마치 찰쌉탕수육같아요 그리고 고기는 숙성된 맛으로 촉촉하고 부드러워 음료수를 많아 안마시게됩니다 한마디로 맛있다거죠,5,5,5,5,2021년 1월 21일
46,치킨,서초구 방배동,치킨리그-이수점,cs**님,스위트 갈릭치킨/1,작년 처음 시켜먹을때 살도 많고 양념도 정말 맛있었는데 어제는 조금 짜다고 해야하나 그래도 맛있게 잘 먹었습니다 담에 또 주문할게요,4,4,4,,2021년 1월 21일
47,치킨,서초구 방배동,치킨리그-이수점,co**님,"양념 치킨/1,리그세트（오리지널＋국물떡볶이）BEST/1",늘 감사히 먹습니다 이번에 빠뜨린 서비스는 다음에 두배로 부탁드려요,5,5,5,5,2021년 1월 17일
48,치킨,서초구 방배동,치킨리그-이수점,kk**님,순살 파닭/1,배달이 살짝 느린거 말고는 다좋아요,5,5,5,4,2021년 1월 16일
49,치킨,서초구 방배동,치킨리그-이수점,ak**님,"크리스피치킨 BEST/1,스위트 갈릭치킨/1",배달예정시간이 초과되서 전화했더니 라시더분이 한꺼번에 가지고 나갔다고 하시더군요 한꺼번에면 몇개나가지고 나간거냐고 물어보니 두분이서 가지고나가서 모르겠다하시더라고요 눈온날씨엔 시간두배걸린다고요 그건 알겠는데 한분이 몇개를가지고 나간지도 모르고 몇번째로왔길래 치킨이 다식었고 박스눅눅한냄세가 배어있네요 정말화가나네요 제딸한테 이렇게 맛없는 치킨먹게해서 미안하다고 까지했습니다 리뷰 이렇게 안좋게 써보긴 처음입니다,1,1,1,1,2021년 1월 10일
50,치킨,서초구 방배동,치킨리그-이수점,mi**님,반반메뉴（ 후라이드 ＋ 양념 ）/1,예상 분이었는데 분만에 왔습니다 요새 눈 때문에 난리이니 이해는 합니다 치킨도 식고 소떡은 떡도 완전히 굳고 소세지 부분은 맛이 원래 그런건지 텁텁하고 역한 냄새가 나더라고요 치킨도 양념 소스는 맛있는데 바닥이 뚫려있어 후라이드 부분으로 넘어가서 적셔지기 때문에 용기를 바꾸시든 하는게 좋겠습니다 그리고 속살 끝부분에 인위적인 맛이 느껴지는데 전체적으로 제 스타일은 아니었습니다 취향 차이일 수도 있을 거 같고 조리가 잘된 상태였다면 후기가 달랐을 수도 ,4,2,4,2,2021년 1월 9일
51,치킨,서초구 방배동,치킨리그-이수점,손님,치즈순살 핫 바베큐/1(토핑 추가(할라피뇨 체다치즈 소스 추가)),야채도 많고 소스도 넉넉히 주시고 배불리 맛있게 잘먹었습니다 치킨도 자극적이지 않고 적당히 매워서 넘 만족스럽게 먹었답니당 순삭해서 사진을 못 남겼네요 담에 또 찾아뵐게요,5,5,5,5,2021년 1월 9일
52,치킨,서초구 방배동,치킨리그-이수점,ch**님,크리스피치킨 BEST/1,배달시간을 너무 안지켜요,1,1,1,1,2021년 1월 9일
53,치킨,서초구 방배동,치킨리그-이수점,cd**님,스위트 갈릭치킨/1(토핑 추가(김말이 9개 추가)),항상 맛있게 먹고있어요,5,5,5,5,2021년 1월 2일
54,치킨,서초구 방배동,치킨리그-이수점,se**님,떙초마늘치킨 NEW/1,기본 후라이드 및 양념이 맛있어요,3,3,3,5,2020년 12월 29일
55,치킨,서초구 방배동,치킨리그-이수점,so**님,스위트 갈릭치킨/1,오 치킨 마시쒀열 닭도 커 조아,5,5,5,5,2020년 12월 28일
56,치킨,서초구 방배동,치킨리그-이수점,kh**님,반반메뉴（ 후라이드 ＋ 양념 ）/1,맛있어서 항상 또 시켜요 콜라는 작은거 주는줄 알았는데 큰 거 줘서 기분 좋아요  너무 너무 맛있어요 곧 이사 가는데 너무 아쉬움 ,5,5,5,5,2020년 12월 28일
57,치킨,서초구 방배동,치킨리그-이수점,le**님,순살 반반메뉴（ 후라이드 ＋ 양념 ）/1,맛있네여 양념도 푸짐 양도 푸짐 강추임다,5,5,5,5,2020년 12월 24일
58,치킨,서초구 방배동,치킨리그-이수점,hh**님,오리지널치킨 BEST/1,지난번 땡초치킨맛있어서 이번엔 오리지날먹었는데 좀 느끼했지만 맛있어요,5,4,5,5,2020년 12월 18일
59,치킨,서초구 방배동,치킨리그-이수점,ha**님,순살 반반메뉴（ 후라이드 ＋ 양념 ）/1,양 굿 맛 굿 배달 굿,5,5,5,5,2020년 12월 15일
60,치킨,서초구 방배동,치킨리그-이수점,ch**님,"순살 파닭/1,생맥주（맥스생）1000C/1",사진을못찍었지만 일단 바삭바삭하고 파가 충분히 있었어요 소스도 파닭소스 외에 두가지가 오는데 둘 다 맛있어서 많이 찍어먹었어유 배달도 생각보다 빨리 왔고 가격대비 괜찮은 것 같아서 담에 다른 종류로 또 시켜먹을게요,5,5,5,5,2020년 12월 15일
61,치킨,서초구 방배동,치킨리그-이수점,ro**님,순살 파닭/1(토핑 추가(할라피뇨 체다치즈 소스 추가)),파닭도 맛나네요 올만에 시켰는데 오늘도 잘 먹었어요,5,5,5,5,2020년 12월 14일
62,치킨,서초구 방배동,치킨리그-이수점,mh**님,떙초마늘치킨 NEW/1,서비스감사합니다치킨도 맛있어요,5,5,5,5,2020년 12월 12일
63,치킨,서초구 방배동,치킨리그-이수점,tj**님,순살 파닭/1,파 양도 충분하고 치킨도 다리살이라 좋네요 튀김옷도 바삭하고 양념도 골고루 보내주셔서 맛나게 먹었네요,5,5,5,5,2020년 12월 12일
64,치킨,서초구 방배동,치킨리그-이수점,th**님,반반메뉴（ 후라이드 ＋ 양념 ）/1(토핑 추가(할라피뇨 체다치즈 소스 추가)),가성비 굿굿입니당 이벤트로 주신 소떡소떡도 튼실하고 공짜로 주신 음료랑 소스도 잘 먹었습니다,5,5,5,5,2020년 12월 9일
65,치킨,서초구 방배동,치킨리그-이수점,it**님,홈런세트（크런치순살＋양념치킨）/1,마싯어요 후기 늦어 죄송함다  후라이드가 너무 맛잇어서 깜놀햇네용  담에 또 머글게요,5,5,5,5,2020년 12월 8일
66,치킨,서초구 방배동,치킨리그-이수점,hh**님,떙초마늘치킨 NEW/1,치킨리그 브랜즈 첨시켰는데 완전 성공이네요 살짝매콤해서 느끼함을 싹잡아줘요,5,5,5,5,2020년 12월 3일
67,치킨,서초구 방배동,치킨리그-이수점,ku**님,"떙초마늘치킨 NEW/1,크런치 순살 BEST/1",먹기바빠서 사진찍을시간이없었어요 항상 진짜맛있게먹고있습니다,5,5,5,5,2020년 12월 1일
68,치킨,서초구 방배동,치킨리그-이수점,rn**님,순살 반반메뉴（ 후라이드 ＋ 양념 ）/1,감자튀김이 너무 눅눅해서 당황했어요 치킨도 기대만큼의 맛은 아니었지만 배불렀습니다,4,4,5,4,2020년 11월 30일
69,치킨,서초구 방배동,치킨리그-이수점,mo**님,크런치 순살 BEST/1(토핑 추가(할라피뇨 체다치즈 소스 추가)),분명히 사진을 찍었는데 없어졌어요  치킨 엄청 바삭하고 맛나요 치즈소스 추가해서 감튀 찍어먹으면 짱맛입니다,5,5,5,5,2020년 11월 28일
70,치킨,서초구 방배동,치킨리그-이수점,ne**님,"오리지널치킨 BEST/1,양념소떡/1",요즘 껍질얇은 옛날치킨이 먹고싶어 오리지널로 주문완료 어른도 어린이도 모두 맛있게 먹었네요 바쁜시간에도 항상 빠른배송 감사합니다,5,5,5,5,2020년 11월 23일
71,치킨,서초구 방배동,치킨리그-이수점,pd**님,순살 파닭/1,역시 파닭 넘나 맛있네요 이번에도 맛있게 먹었습니다,5,5,5,5,2020년 11월 20일
72,치킨,서초구 방배동,치킨리그-이수점,ga**님,순살 반반메뉴（ 후라이드 ＋ 양념 ）/1,진짜 완전 맛있습니다 계속 여기서만 시켜먹게되네요 ,5,5,5,5,2020년 11월 18일
73,치킨,서초구 방배동,치킨리그-이수점,vy**님,반반메뉴（ 후라이드 ＋ 양념 ）/1,너무 맛있게 잘먹어요항상,5,5,5,5,2020년 11월 17일
74,치킨,서초구 방배동,치킨리그-이수점,ha**님,반반메뉴（ 후라이드 ＋ 양념 ）/1,배달 빨랐고따끈하게 잘 먹었어요다만 아쉬운점은 후라이드바닥에 양념흘러 반양념된거랑 유통기한일남은 치킨무맛이나 양은 넉넉하고 배달빨라 좋아요,4,4,5,5,2020년 11월 15일
75,치킨,서초구 방배동,치킨리그-이수점,lo**님,크런치 순살 BEST/1,처음 주문했었는데 맛있게 잘먹었어요,5,5,5,5,2020년 11월 5일
76,치킨,서초구 방배동,치킨리그-이수점,pa**님,크리스피치킨 BEST/1(토핑 추가(치즈볼 4개 추가)),배달 예상 시간보다 빨리 도착했고 크리스피 치킨도 모듬 감자도 맛있게 잘 먹었습니다  치즈볼은 쏘쏘  허니머스터드 소스 아들이 맛있다네요 가심비 괜찮은듯요  번창하세요,5,5,5,5,2020년 11월 1일
77,치킨,서초구 방배동,치킨리그-이수점,mo**님,크런치 순살 BEST/1(토핑 추가(할라피뇨 체다치즈 소스 추가)),항상 그렇듯이 너무 맛있게 잘 먹었습니다 ,5,5,5,5,2020년 10월 28일
78,치킨,서초구 방배동,치킨리그-이수점,mi**님,반반메뉴（ 후라이드 ＋ 양념 ）/1,맛있게 잘먹었어요 소떡짱임다,5,5,5,5,2020년 10월 28일
79,치킨,서초구 방배동,치킨리그-이수점,fi**님,"순살 반반메뉴（ 후라이드 ＋ 양념 ）/1,생맥주（맥스생）1000C/1",먹기좋은 크기가 가장 마음에 들어요 맛과 양은 말 안해도 알아야 함 즐거운 저녁 시간이였어요,5,5,5,5,2020년 10월 27일
80,치킨,서초구 방배동,치킨리그-이수점,pj**님,로스트 핫 바베큐 BEST/1,맛없는 메뉴가 뭔가요 오븐치킨 장난아니네요,5,5,5,5,2020년 10월 21일
81,치킨,서초구 방배동,치킨리그-이수점,di**님,스위트 갈릭치킨/1,배달 약 분 만에 왔구요 찜만 해뒀다가 이제서야 주문해보네요 원래는 반반시킬려고 했는데 갈릭치킨이 평이 너무 좋아서 이걸로 시켰습니다 갈릭맛이 강하진 않아서 간이 그렇게 세진 않아요 가격도 착한데 양도 많고 서비스로 주시는 감튀도 퀄리티 좋습니다 다양한 감자튀김이 섞여있어요 담엔 반반으로 주문해보겠습니다,5,5,5,5,2020년 10월 18일
82,치킨,서초구 방배동,치킨리그-이수점,wn**님,순살 파닭/1,너무너무 친절하시고 배달 오류났는데 전화했더니 두배로 감동을 주시네요 맛도 최고 파닭은 이집인가봅니다 이사와서 파닭먹규싶어 알아봤는데 첫 시도에 만족 이제 단골 찜찜찜,5,5,5,5,2020년 10월 16일
83,치킨,서초구 방배동,치킨리그-이수점,db**님,크런치 순살 BEST/1(토핑 추가(할라피뇨 체다치즈 소스 추가)),아직도 안 드셔 보셨어요,5,5,5,5,2020년 10월 13일
84,치킨,서초구 방배동,치킨리그-이수점,pd**님,순살 파닭/1,이제 할인도 없고 소떡도 안오고 맛은 있는데 음음음,5,5,3,5,2020년 10월 12일
85,치킨,서초구 방배동,치킨리그-이수점,jg**님,"리그세트（오리지널＋국물떡볶이）BEST/1(토핑 추가(김말이 9개 추가)),콜라 1.25L/1",잘먹었습니다 떡볶이 국물이 너무 많네요 저번엔 적당했는디 ,4,4,5,5,2020년 10월 9일
86,치킨,서초구 방배동,치킨리그-이수점,cd**님,반반메뉴（ 후라이드 ＋ 양념 ）/1,급해서 다리 먼저 뜯었네요 또 시켜먹을게요 근데 리뷰 이벤트 콜라랑 소떡은 따로인가봐요 같이 주는줄 알았네요 ,5,5,5,5,2020년 10월 5일
87,치킨,서초구 방배동,치킨리그-이수점,k0**님,핫 크리스피 치킨/1(토핑 추가(할라피뇨 체다치즈 소스 추가)),배달도 빠르고 맛있어요 근데 항상 소스 다 흘러서 더럽게 오네요 받을 때마다 일부러 이러나 싶을 정도로요,5,5,5,5,2020년 10월 3일
88,치킨,서초구 방배동,치킨리그-이수점,pj**님,"순살 파닭/1,국물 떡볶이 BEST/1",배달 사고가 있었지만 원활한 해결로 기분좋은 식사했습니다 역시 잘되는 곳은 다 이유가 있는 것 같네요 떡볶이도 궁금해서 시켜봤는데 맛있습니다,5,5,5,5,2020년 10월 3일
89,치킨,서초구 방배동,치킨리그-이수점,ma**님,래드윙봉/1,배달 빠르고 느므느므 맛있음 레드윙 최고,5,5,5,5,2020년 9월 30일
90,치킨,서초구 방배동,치킨리그-이수점,en**님,오리지널치킨 BEST/1,늘 맛있게 먹고 있어요,5,5,5,5,2020년 9월 27일
91,치킨,서초구 방배동,치킨리그-이수점,ji**님,순살 반반메뉴（ 후라이드 ＋ 양념 ）/1,맛있게 잘 먹었습니다 ,5,5,5,5,2020년 9월 27일
92,치킨,서초구 방배동,치킨리그-이수점,go**님,크런치 순살 BEST/1,순살치킨 양도 괜찮고 맛있내요 다만 튀김옷이 조금 큰 것 같습니다 찍어먹는 양념 소스 맛이 좋아서 아마 양념치킨이 더 맛있는 가게일꺼라 생각됩니다 다음엔 양념치킨으로 콜라도 짜리 큰 걸로 줍니다,5,5,5,5,2020년 9월 26일
93,치킨,서초구 방배동,치킨리그-이수점,sk**님,순살 반반메뉴（ 후라이드 ＋ 양념 ）/1,배달빠르고 여기 양념치킨 진짜 맛있어요 처음먹어보는데 자주시킬듯,5,5,5,5,2020년 9월 25일
94,치킨,서초구 방배동,치킨리그-이수점,pd**님,순살 파닭/1,이번에도 맛있게 잘먹었습니다 그런데 이번엔 소떡이 안왔네요,5,5,5,4,2020년 9월 24일
95,치킨,서초구 방배동,치킨리그-이수점,lp**님,순살 파닭/1,맛있습니다 다음에 또 주문하겠습니다,5,5,5,5,2020년 9월 23일
96,치킨,서초구 방배동,치킨리그-이수점,lm**님,순살 파닭/1,양도 많고 맛있네요 또 주문할게요,5,5,5,5,2020년 9월 22일
97,치킨,서초구 방배동,치킨리그-이수점,pj**님,"순살 파닭/1,생맥주（맥스생）1000C/1",파닭 맛있어서 벌써 세번은 시켜먹은 것 같네요,5,5,5,5,2020년 9월 17일
98,치킨,서초구 방배동,치킨리그-이수점,pd**님,순살 파닭/1,파닭 존맛 구성도 좋고 양도 푸짐하고 최근에 먹은 파닭 중 최고네요 단골될 것 같네요,5,5,5,5,2020년 9월 14일
99,치킨,서초구 방배동,치킨리그-이수점,si**님,"스위트 갈릭치킨/1,생맥주（맥스생）1000C/1",갈릭이 기가 막히네요 너무 맛있게 먹느라 사진찍는걸 까먹었습니다 자주 시켜먹을것같아요,5,5,5,5,2020년 9월 11일
100,치킨,서초구 방배동,치킨리그-이수점,ab**님,반반메뉴（ 후라이드 ＋ 양념 ）/1,배달도 예정된 시간에 정확히 오고 치킨도 엄청 맛있습니다,5,5,5,5,2020년 9월 9일
101,치킨,서초구 방배동,치킨리그-이수점,pj**님,순살 파닭/1,파닭 맛있게 잘먹었습니다,5,5,5,5,2020년 9월 9일
102,치킨,서초구 방배동,치킨리그-이수점,k8**님,순살 반반메뉴（ 후라이드 ＋ 양념 ）/1,배달도 빠르고 따뜻하게 잘먹었습니다,5,5,5,5,2020년 9월 8일
103,치킨,서초구 방배동,치킨리그-이수점,fi**님,순살 반반메뉴（ 후라이드 ＋ 양념 ）/1,순살 크기도 적당하고 양념 맛있어요 비 오는 날 안전 배송 감사드려요,5,5,5,5,2020년 9월 7일
104,치킨,서초구 방배동,치킨리그-이수점,an**님,블랙 오리엔탈 치킨/1,블랙치킨 완죤 고급지고 맛있네요 푸보다 맛있고 배달도 빠르고 바삭하게 왔어요 뇌물도 잘 받았습니다,5,5,5,5,2020년 9월 6일
105,치킨,서초구 방배동,치킨리그-이수점,no**님,핫 크리스피 치킨/1,보통의 치킨 보통의 가게,3,3,3,3,2020년 9월 6일
106,치킨,서초구 방배동,치킨리그-이수점,ro**님,순살 파닭/1,파닭은 처음 먹는데 정말 잘 먹었어요 늘 맛있게 먹습니다,5,5,5,5,2020년 9월 5일
107,치킨,서초구 방배동,치킨리그-이수점,ki**님,"핫 크리스피 치킨/1,생맥주（맥스생）1000C/1",맛있네요여기 단골할래요 양말도 감사합니당,5,5,5,5,2020년 9월 4일
108,치킨,서초구 방배동,치킨리그-이수점,km**님,순살 파닭/1,와 올점 처음주네여  맛양배달 다 좋아요 가성비 짱짱에 양도 진짜 많음  소떡은 아직 안먹어봤지만 비슷할듯 먹어보고평가해야해서 몇개 먹고 찍은거예요,5,5,5,5,2020년 9월 4일
109,치킨,서초구 방배동,치킨리그-이수점,ko**님,핫 크리스피 치킨/1,일단 뇌물 잘받앗습니다  항상 이렇게 양푸짐하게 잘먹고있는데 뇌물까지 주시니 감지덕지 근데 이번에 주문량이 많아 반죽을 덜묻힌건지 반죽 농도가 잘못된건지 탄맛이 나는곳이 몇군데 부위가 있었어요 그래도 맛나게 먹었네여,5,4,5,5,2020년 9월 3일
110,치킨,서초구 방배동,치킨리그-이수점,pj**님,순살 파닭/1,뼈파닭도 해주시면 안되나요,5,5,5,5,2020년 9월 1일
111,치킨,서초구 방배동,치킨리그-이수점,jj**님,순살 파닭/1,어제부터 파닭이 너무 먹고 싶어서 이곳저곳 리뷰보다가 평 좋아서 시켰는데 진짜 대박 맛있어요 여기 왜 이제 알았는지 파닭 이렇게 바삭바삭하고 맛있는 곳 첨이예요 같이 온 노란색 소스도 맛있고 다음에 다른 메뉴들도 다 먹어볼게요 가성비 갑이고 배달도 빨랐어요,5,5,5,5,2020년 8월 31일
112,치킨,서초구 방배동,치킨리그-이수점,ik**님,"반반메뉴（ 후라이드 ＋ 양념 ）/1,콜라 1.25L/1",배달 적당한 시간에 잘 받았어요 양이 엄청 많았고 맛도 있었습니다사은품도 감사합니다 잘먹었어요,5,5,5,5,2020년 8월 30일
113,치킨,서초구 방배동,치킨리그-이수점,aw**님,반반메뉴（ 후라이드 ＋ 양념 ）/1(추가 선택(콜라 500mL로 변경)),서비스 감사합니다 그림자때문에 좀 가려졌지만 받자마자 열어봤을때 비주얼도 괜찮고 맛있었네요  다음에 또 시켜먹겠슴다,5,5,5,5,2020년 8월 27일
114,치킨,서초구 방배동,치킨리그-이수점,en**님,바삭 간장치킨/1,오늘도 빠른 배달 갓튀긴 치킨 맛있게 잘먹었어요 아이들 최애 간장치킨,5,5,5,5,2020년 8월 23일
115,치킨,서초구 방배동,치킨리그-이수점,ro**님,크리스피치킨 BEST/1,치킨 먹으려면 늘 여기서 시켜요 역시 맛나요,5,5,5,5,2020년 8월 23일
116,치킨,서초구 방배동,치킨리그-이수점,mo**님,크런치 순살 BEST/1(토핑 추가(김말이 9개 추가)),맛있어요 시간 지나도 바삭바삭해요,5,5,5,5,2020년 8월 22일
117,치킨,서초구 방배동,치킨리그-이수점,ki**님,크런치 순살 BEST/1,맛도 맛이지만 양이 미쳤음,5,5,5,5,2020년 8월 21일
118,치킨,서초구 방배동,치킨리그-이수점,ma**님,순살 파닭/1,너무 맛나게 잘 먹었습니다 ,5,5,5,5,2020년 8월 20일
119,치킨,서초구 방배동,치킨리그-이수점,ko**님,핫 크리스피 치킨/1,전엔 좀 큼직한덩어리로 왔는데 이번엔 좀 작은조각으로 나뉘어서 온것같아요 이게 더 먹기 좋네요 항상 배달빠르고 양도 넉넉,5,5,5,5,2020년 8월 19일
120,치킨,서초구 방배동,치킨리그-이수점,es**님,"순살 파닭/1,콜라 1.25L/1",파닭은 워낙 여기 맛집이라 더 할 말은 없고요 콜라리터 따로 주문하고 리뷰이벤트로 콜라사이즈업을 요청했는데 리터 두개를 주셨어요  전 를 예상했는데 감사합니다 ,5,5,5,5,2020년 8월 18일
121,치킨,서초구 방배동,치킨리그-이수점,dn**님,순살 파닭/1(추가 선택(콜라 500mL로 변경)),정말 맛있게 잘 먹었습니다,5,5,5,5,2020년 8월 17일
122,치킨,서초구 방배동,치킨리그-이수점,so**님,크리스피치킨 BEST/1,리뷰이벤트 참여해서 다섯개드리긴했지만 사실 평범한 치킨집느낌이였습니다  쏘쏘 뭔가 남다른걸 기대했는뎅  조금아쉽지만 조았어용,5,5,5,5,2020년 8월 14일
123,치킨,서초구 방배동,치킨리그-이수점,ku**님,핫 크리스피 치킨/1,바삭바삭해요 핫크리스피가 떨어져서 아쉽지만 잘먹었습니다,5,5,5,5,2020년 8월 13일
124,치킨,서초구 방배동,치킨리그-이수점,ko**님,핫 크리스피 치킨/1,넉넉한양과 빼른배달 항상 번창하세요,5,5,5,5,2020년 8월 11일
125,치킨,서초구 방배동,치킨리그-이수점,yo**님,반반메뉴（ 후라이드 ＋ 양념 ）/1,진짜 너무 맛있어요  진짜  후라이드 이렇게 바삭한거 오랜만이에요 비오는데두 바삭해서 좋았습니다 굿굿,5,5,5,5,2020년 8월 11일
126,치킨,서초구 방배동,치킨리그-이수점,en**님,떙초마늘치킨 NEW/1,이사와서도 치킨리그에서만 시켜요 오늘은 매콤한맛 땡겨서 땡초마늘치킨 매콤달콤 양념이 너무 맛있어요오오오,5,5,5,5,2020년 8월 10일
127,치킨,서초구 방배동,치킨리그-이수점,ki**님,크런치 순살 BEST/1,맛과 양 가격까지 완벽  여기 순살 먹어보면 다음에 다른 곳 못시킴주의,5,5,5,5,2020년 8월 9일
128,치킨,서초구 방배동,치킨리그-이수점,co**님,"핫 크리스피 치킨/1,바삭 간장치킨/1",매번 시켜먹지만 최고에요,5,5,5,5,2020년 8월 8일
129,치킨,서초구 방배동,치킨리그-이수점,ku**님,반반메뉴（ 후라이드 ＋ 양념 ）/1,살 통통 맛있어요 원래 후라이드를 좋아하는데 양념까지 맛있어서 어떡하죠  너무 잘 먹었어요 늘 감사히 먹고있어요,5,5,5,5,2020년 8월 6일
130,치킨,서초구 방배동,치킨리그-이수점,yz**님,"순살 반반메뉴（ 후라이드 ＋ 양념 ）/1,국물 떡볶이 BEST/1",치킨이 넘 맛있어서 주회는 시켜먹는것 같아요 특히 추가로 시킨 국물떡볶이가 왠만한 떡볶이집보다 더 맛난것 같아요,5,5,5,5,2020년 8월 5일
131,치킨,서초구 방배동,치킨리그-이수점,2-**님,크리스피치킨 BEST/1(토핑 추가(고추튀김 3개 추가)),우와 왜 이제 여기를 알게되었는지  최고 단골 지정입니다 한가지 바램 소떡의 소세지는 조금 좋은걸 써주셔야 될듯요 폰이 후져서 사진은 좀 그렇습니다,5,5,5,5,2020년 8월 1일
132,치킨,서초구 방배동,치킨리그-이수점,en**님,크리스피치킨 BEST/1,비오는 날인데도 빠르게 배달해주셔서 갓튀긴 치킨 맛있게먹었어요 보내주신 감자튀김도 비오는 날 먹으니 꿀맛 크리스피 바삭바삭 너무 맛있어요,5,5,5,5,2020년 7월 30일
133,치킨,서초구 방배동,치킨리그-이수점,cy**님,핫 크리스피 치킨/1,맛잇게 잘먹엇습니다 매운맛이 거의 없네요 매운맛좀 조금 보안하시면 더 맛잇을것 같아요 또 주문할게요,5,5,5,5,2020년 7월 28일
134,치킨,서초구 방배동,치킨리그-이수점,mo**님,크런치 순살 BEST/1(토핑 추가(할라피뇨 체다치즈 소스 추가)),오늘 주문량이 많았다고 들었어요 그래서 아마 감자튀김도 처음에 깜빡하셨던 것 같은데 배달해주시는 분이 너무 친절하게 다시 챙겨주셔서 잘 먹었습니다 치킨도 바삭바삭 따뜻햇어요,5,5,5,5,2020년 7월 27일
135,치킨,서초구 방배동,치킨리그-이수점,ko**님,핫 크리스피 치킨/1,언제나 양많고 배달빠르고 정신없이먹고나니 사진찍는걸 잊엇다 ,5,5,5,5,2020년 7월 26일
136,치킨,서초구 방배동,치킨리그-이수점,oo**님,크리스피치킨 BEST/1(추가 선택(콜라 500mL로 변경)),크리스피가 먹고싶어서 시켰는데 맛있네요 자주 시켜먹을게요,5,5,5,5,2020년 7월 22일
137,치킨,서초구 방배동,치킨리그-이수점,ms**님,"홈런세트（크런치순살＋양념치킨）/1(토핑 추가(모듬감자 추가,치즈볼 4개 추가),추가 선택(콜라 500mL로 변경))",지난 번에는 정말 맛있었는데 이번에는 양념치킨이 별로였음,3,4,5,5,2020년 7월 16일
138,치킨,서초구 방배동,치킨리그-이수점,손님,오리지널치킨 BEST/1,맛나네요 치킨조각이 재가 좋아하는 스타일이였어요,5,4,5,5,2020년 7월 16일
139,치킨,서초구 방배동,치킨리그-이수점,xx**님,핫 크리스피 치킨/1,배달너무 친절하고 빠르게 와서 기분이 좋았어욤 비오는데  빨리와주시구 치킨은또 뜨끈뜨끈 바삭바삭 이쁘게 튀겨져왔어욬 리뷰이벤 감자튀김 기대안했는데 맛있네요 여기 핫후라이드 너무맛있어요  저여잔데 혼자 다먹을뻔했어요  양이 적은게 아니라 너무맛있어서  튀김 너무 바삭하고 고소하고 속은 촉촉하고 맛있어요  많이파세요,5,5,5,5,2020년 7월 13일
140,치킨,서초구 방배동,치킨리그-이수점,ro**님,크리스피치킨 BEST/1,오늘도 맛있게 먹었습니다,5,5,5,5,2020년 7월 12일
141,치킨,서초구 방배동,치킨리그-이수점,ll**님,크리스피치킨 BEST/1,조금짬 가성비로는좋지만 닭상태가 좋지않음 양적당 배달적당,5,4,5,5,2020년 7월 9일
142,치킨,서초구 방배동,치킨리그-이수점,xx**님,핫 크리스피 치킨/1,치킨 여기서만 시키겠네요 이제  후라이드 워낙 좋아하는데 제가좋아하는 겉 바삭 속촉촉에 매운거좋아하는데 핫후라이드가 있다니 넘좋아요  엄청 바삭하니 잘튀겨져서 너무맛있어요 아주 개인적인 소망으로는 매운걸좋아해서  매운양념이 좀 더 발라져있음 좋겠어요 제바램 지금도 당연 맛있구여  리뷰이벤트로 콜라도 큰거주시구 감사해요,5,5,5,5,2020년 7월 9일
143,치킨,서초구 방배동,치킨리그-이수점,ko**님,크리스피치킨 BEST/1,저번주 시키고 또 시켯네요 핫크리스피 시킨다는게 모르고 그냥 크리스피시켯네요  도착하고 알았어요 그래도 맛남 근데 이번에 중간에 약간 탄게 있었네요,5,5,5,5,2020년 7월 7일
144,치킨,서초구 방배동,치킨리그-이수점,ro**님,크리스피치킨 BEST/1,양도 많아지고 감튀도 더 주시는 거 같아요 요청사항도 들어주셔서 감사합니다 근데 매운소스는 없어졌나봐요 번창하세요,5,5,5,5,2020년 7월 5일
145,치킨,서초구 방배동,치킨리그-이수점,gy**님,스위트 갈릭치킨/1,감사해요 서비스로 주신 감자튀김도 너무 맛있었어요 잘먹었습니다,5,5,5,5,2020년 6월 29일
146,치킨,서초구 방배동,치킨리그-이수점,gy**님,떙초마늘치킨 NEW/1,감사합니다 맛있게 잘먹었습니다 다른분들도 추천 ,5,5,5,5,2020년 6월 29일
147,치킨,서초구 방배동,치킨리그-이수점,mo**님,크런치 순살 BEST/1,적당히 매콤하면서 엄청 맛있어요 감자튀김 진짜 좋아하는데 리뷰이벤트로 추가로 주신 것도 정말 잘 먹었습니다,5,5,5,5,2020년 6월 26일
148,치킨,서초구 방배동,치킨리그-이수점,k0**님,크리스피치킨 BEST/1(토핑 추가(할라피뇨 체다치즈 소스 추가)),맛있게 잘 먹었습니다 핫크리스피 없어진 게 아쉽네요,5,5,5,5,2020년 6월 25일
149,치킨,서초구 방배동,치킨리그-이수점,rl**님,크리스피치킨 BEST/1,배달 빠르고 후라이드 맛잇게 잘 먹었습니다,5,5,5,5,2020년 6월 24일
150,치킨,서초구 방배동,치킨리그-이수점,ko**님,핫 크리스피 치킨/1,오랜만에 시켜먹네요 배달 진짜 빨리와요 전에도 느낀거지만 핫크리스피가 살짝 매콤끼만 있는듯 매운거 좋아하는 저로써는 쪼금 아쉬운 양은 진짜 많아요 배터짐,5,4,5,5,2020년 6월 23일
151,치킨,서초구 방배동,치킨리그-이수점,th**님,크런치 순살 BEST/1(토핑 추가(할라피뇨 체다치즈 소스 추가)),배달이 빨라서 음식이 따뜻하고 바삭거려서 맛있었어요 아쉬운점은 소스통이 넘어져서 세어 놔와서 쌀짝 아쉬웠어요 서비스로 주신 소떡소떡이 다른집에비해서 따뜻하고 양념이 맛있었어요,5,5,5,5,2020년 6월 17일
152,치킨,서초구 방배동,치킨리그-이수점,hi**님,리그세트（오리지널＋국물떡볶이）BEST/1,치킨리그에서 처음 주문해봤는데 정말 맛있어요 치킨 너무 바삭바삭 고소하고 국물떡볶이도 달달하니 맛있고 서비스로 주신 모듬감자도 보들보들 맛있었어요 떡볶이랑 치킨 조합이 정말 좋아요 최고예요,5,5,5,5,2020년 6월 17일
153,치킨,서초구 방배동,치킨리그-이수점,ga**님,크리스피치킨 BEST/1,빠른배달 감사드려요 바삭하게 잘 익어서 아이와함께 맛있게 잘 먹었습니다,5,5,5,5,2020년 6월 15일
154,치킨,서초구 방배동,치킨리그-이수점,ki**님,크런치 순살 BEST/1(추가 선택(콜라 500mL로 변경)),항상 믿고 보는 치킨리그 ,5,5,5,5,2020년 6월 13일
155,치킨,서초구 방배동,치킨리그-이수점,th**님,"크리스피치킨 BEST/1(토핑 추가(치즈볼 4개 추가,할라피뇨 체다치즈 소스 추가))",배달도 예상시간 안에 왔고 우리 신랑이 배고프다고 꼭 치킨리그에서 먹고싶다고해서 시켰는데 오늘도 여전히 바삭하고 맛있네요 항상 맛있게 만들어주셔서 감사해요,5,5,5,5,2020년 6월 12일
156,치킨,서초구 방배동,치킨리그-이수점,an**님,블랙 오리엔탈 치킨/1,블랙오리엔탈치킨 완죤 맛있어서 깜놀 엄청 럭셔리한 간장치킨맛이네요 살짝 씹히는 마늘후레이크도 맛있고 고추가 느낀한맛을 잡아주네요 낼 또 시킬것 같은맛 이가격에 고급진 치킨을 먹을수 있어서 완죤 추천별개 주고 싶네요,5,5,5,5,2020년 6월 12일
157,치킨,서초구 방배동,치킨리그-이수점,su**님,순살 반반메뉴（ 후라이드 ＋ 양념 ）/1,양도 많고 후라이드 바삭하고 좋아요 양념은 달기만 한 게 아니라 달콤 약간 맵콤 좋았어요 소스도 두가지나 오고 부족한 게 없이 좋습니다,5,5,5,5,2020년 6월 9일
158,치킨,서초구 방배동,치킨리그-이수점,en**님,바삭 간장치킨/1,아이들이 간장치킨과 쫄깃한 튀긴떡을 너무 좋아해요 맛있어요,5,5,5,5,2020년 6월 8일
159,치킨,서초구 방배동,치킨리그-이수점,le**님,순살 반반메뉴（ 후라이드 ＋ 양념 ）/1,맛이 푸짐하네여 양념 좋아여,5,5,5,5,2020년 6월 8일
160,치킨,서초구 방배동,치킨리그-이수점,pj**님,순살 파닭/1,뼈 파닭이랑 파추가 시급,5,5,5,5,2020년 6월 5일
161,치킨,서초구 방배동,치킨리그-이수점,lh**님,크런치 순살 BEST/1(토핑 추가(할라피뇨 체다치즈 소스 추가)),또 시킬 거 같아요 맛있게 먹었습니다 ,5,5,5,5,2020년 6월 4일
162,치킨,서초구 방배동,치킨리그-이수점,01**님,"크리스피치킨 BEST/1,오리지널치킨 BEST/1",별점은 거짓말을 않는다,5,5,5,5,2020년 6월 3일
163,치킨,서초구 방배동,치킨리그-이수점,ro**님,핫 크리스피 치킨/1,헉 너무 늦게 리뷰를 했네요 올만에 시켰는데도 맛나요 핫크리스피라 그런가 덜 바삭거리긴 했어요 다음에는 다시 크리스피로 먹으려고요 감사합니다,5,5,5,5,2020년 6월 3일
164,치킨,서초구 방배동,치킨리그-이수점,tu**님,스위트 갈릭치킨/1(토핑 추가(김말이 9개 추가)),너무 맛있어요 음식도 신경 많이 쓰신거 같고 배달도 빠르고 친절하십니다,5,5,5,5,2020년 6월 2일
165,치킨,서초구 방배동,치킨리그-이수점,co**님,"반반메뉴（ 후라이드 ＋ 양념 ）/1,국물 떡볶이 BEST/1",치킨만 먹다가 떡볶이도 먹어 봤는데 맛있네요 이 집의 최애 메뉴는 양념 ,5,5,5,5,2020년 5월 31일
166,치킨,서초구 방배동,치킨리그-이수점,kg**님,크런치 순살 BEST/1,자주 시켜먹어요 항상 바삭바삭해서 좋습니당,5,4,5,5,2020년 5월 31일
167,치킨,서초구 방배동,치킨리그-이수점,ad**님,크리스피치킨 BEST/1,크리스피 잘 안먹는데괜찮네요,5,5,5,4,2020년 5월 30일
168,치킨,서초구 방배동,치킨리그-이수점,mo**님,크런치 순살 BEST/1(토핑 추가(김말이 9개 추가)),배달도 빨리 오셨고 양이 엄청엄청 많아요  감자튀김도 너무 잘 먹었습니다,5,5,5,5,2020년 5월 28일
169,치킨,서초구 방배동,치킨리그-이수점,en**님,떙초마늘치킨 NEW/1,맥주를 부르는 맛 양념치킨중 젤맛있는 치킨리그 땡초마늘치킨 잘먹었습니다,5,5,5,5,2020년 5월 28일
170,치킨,서초구 방배동,치킨리그-이수점,ta**님,"어니언 크림치즈 순살 BEST/1,순살 파닭/1,소떡/1",튀김옷이 매운데매운거 못 먹음 키친이 맛있어요 또 먹을것 같음,5,5,5,5,2020년 5월 25일
171,치킨,서초구 방배동,치킨리그-이수점,sa**님,스위트 갈릭치킨/1(토핑 추가(김말이 9개 추가)),방금 갓 튀긴것같은 따끈한 상태로 배달되었습니다 튀김상태도 너무 좋고 정말 맛있게 먹었어요 단짠의 정석입니다 또 찾아올께요,5,5,5,5,2020년 5월 24일
172,치킨,서초구 방배동,치킨리그-이수점,th**님,"크리스피치킨 BEST/1(토핑 추가(모듬감자 추가,할라피뇨 체다치즈 소스 추가)),양념소떡/1",배달도 예상시간보다 빠르고 소스도 골고루 와서 너무 좋았어요 크리스피는 완전 정석이예요 소떡도 맛있고 감자튀김도 그냥 감자튀김이 아니라 뭔가 양념이 맛있게 배어있어서 더 맛있더라구요 담에는 다른맛도 꼭 먹어볼게요,5,5,5,5,2020년 5월 23일
173,치킨,서초구 방배동,치킨리그-이수점,es**님,"순살 파닭/1,콜라 1.25L/1",여기 사장님 최소 배우신분 다른데도 파닭시키면 따로 나오는 경우가 많은데 뜨거운 치킨에 파저리가 올라가 있어서 치킨에 파냄세가 사악 배어있고 적당히 숨이 죽어서 너무 맛있어요 소스도 개나 주셔서 감사합니다 파닭이라 소스는 필요없었지만 ,5,5,5,5,2020년 5월 22일
174,치킨,서초구 방배동,치킨리그-이수점,ev**님,떙초마늘치킨 NEW/1,치킨도 맛있구 소떡도 넘 맛있게 먹었어요 배달도 빨리 와서 따뜻해서 좋았어요,5,5,5,5,2020년 5월 18일
175,치킨,서초구 방배동,치킨리그-이수점,hy**님,반반메뉴（ 후라이드 ＋ 양념 ）/1(추가 선택(콜라 500mL로 변경)),오랜만에 시켜먹었는데 맛있네요 양도 많고 잘 먹었습니다 그런데 혹시 크리스피랑 핫크리스피랑 마리 가격은 동일하던데 반반치킨 시킬 때 크리스피를 핫크리스피로 변경도 가능한가요,5,5,5,5,2020년 5월 16일
176,치킨,서초구 방배동,치킨리그-이수점,en**님,떙초마늘치킨 NEW/1,계속 생각나는맛 땡초마늘치킨 매콤 달콤 찐득한 양념맛이 너무 중독성 있어요 골라먹는 재미가 있는 치킨리그잘 먹었습니다,5,5,5,5,2020년 5월 16일
177,치킨,서초구 방배동,치킨리그-이수점,sa**님,크런치 순살 BEST/1(토핑 추가(김말이 9개 추가)),따끈한 상태로 잘 왔습니다 바삭하고 튀김상태도 너무 좋았어요 잘 먹었습니다,5,5,5,5,2020년 5월 14일
178,치킨,서초구 방배동,치킨리그-이수점,ne**님,"반반메뉴（ 후라이드 ＋ 양념 ）/1,양념소떡/1",언제먹어도 맛 최고 양념만먹던 아이들도 치킨리그 치킨은 후라이드먼저 먹을정도로 후라이드까지 너무 맛있습니다 치킨시킬때 빼놓을수 없는 소떡소떡 배달이 분이내라 언제먹어도 따끈따끈하니 소떡소떡 전문집보다 소떡소떡이 맛있어요 항상 빠르고 맛있게 배달해주셔서 감사합니다,5,5,5,5,2020년 5월 13일
179,치킨,서초구 방배동,치킨리그-이수점,sa**님,반반메뉴（ 후라이드 ＋ 양념 ）/1(추가 선택(콜라 500mL로 변경)),맛있어요 양념보단 후라이드가 맛나네요,5,4,5,5,2020년 5월 11일
180,치킨,서초구 방배동,치킨리그-이수점,qk**님,어니언 크림치즈 순살 BEST/1,믿고먹는 맛집 다음에 또시킬게요,5,5,5,5,2020년 5월 10일
181,치킨,서초구 방배동,치킨리그-이수점,ww**님,"크리스피치킨 BEST/1,스위트 갈릭치킨/1,콜라 1.25L/1",맛있어요 처음시킨건데 완전 만족입니다 가족들도 다 맛있다구 어디냐구 그러네요 특히 갈릭치킨이 완전 한입먹고 가격 다시봤네요 그제서야 왜이렇게 싸 와 했습니다 오랜만에 치킨먹고 만족했어요 언젠가부터 치킨이 점점 뭔가 별로여서 몇달동안 안먹다 가족들때문에 시킨거였는데 갑자기 한입먹고 입맛이 마구 돌면서 냠냠냠 먹었어요 다른치킨도 먹어보고싶더라구요 짱맛있어요 소스도 너무 푸짐하게 주셔가지구 진짜 맛있게 잘먹었어요,5,5,5,5,2020년 5월 9일
182,치킨,서초구 방배동,치킨리그-이수점,he**님,"크리스피치킨 BEST/1,맵토스치킨 NEW/1",전에 너무 맛있게 먹어서 이번엔 다른 것도 같이 주문했는데 맵토스는 생각했던 맛이랑 전혀 다르고 시즈닝이 거의 안 뿌려져있다시피 왔어요 사진은 그나마 많이 뿌려져있는 건데도 시즈닝 맛도 치즈 맛은 거의 안 나고 매운맛만 나요 그게 맛있게 매운 게 아니라 그냥 맵기만 한 맛이라 아쉬웠어요 그래도 크리스피는 말할 것도 없이 항상 최곱니다,5,3,5,5,2020년 5월 5일
183,치킨,서초구 방배동,치킨리그-이수점,co**님,"스위트 갈릭치킨/1,반반메뉴（ 후라이드 ＋ 양념 ）/1",절대미각 큰아들이 인정한 맛이네요,5,5,5,5,2020년 5월 4일
184,치킨,서초구 방배동,치킨리그-이수점,gy**님,"바삭 간장치킨/1,크런치 순살 BEST/1",순살파를 위해 순살 한마리뼈파를위해 간장한마리만족도는 두파 모두 만점이네요 우선 크리스피 바삭바삭 하고 따뜻해요 감자도 더 주셔서 만족스럽구요 간장은 짜지않고 적당한 간에 이역시 따뜻 근데 둘다 양이 아주 만족 스럽습니다 순살도 양이 많습니다 추천,5,5,5,5,2020년 5월 2일
185,치킨,서초구 방배동,치킨리그-이수점,ma**님,래드윙봉/1,배달도 빠르고 윙이 맛있어요,5,5,5,5,2020년 4월 28일
186,치킨,서초구 방배동,치킨리그-이수점,ma**님,래드윙봉/1,늘 배달도 빠르고 맛있어요,5,5,5,5,2020년 4월 26일
187,치킨,서초구 방배동,치킨리그-이수점,ki**님,반반메뉴（ 후라이드 ＋ 양념 ）/1,여기 치킨 맛있네요 굿굿,5,5,5,5,2020년 4월 24일
188,치킨,서초구 방배동,치킨리그-이수점,he**님,크리스피치킨 BEST/1,크리스피 치킨이 땡겨서 인터넷에 검색해보다가 처음 주문해봤는데 근래 먹은 치킨 중에 젤 맛있었어요 배달 빠르고 몇십분 지나서 먹었는데도 뜨끈뜨끈 했어요 앞으로 치킨은 여기서 자주 시킬 듯 해요 ,5,5,5,5,2020년 4월 24일
189,치킨,서초구 방배동,치킨리그-이수점,mo**님,할라피뇨 체다치즈 BEST/1(토핑 추가(김말이 9개 추가)),너무 맛있어요 치즈 소스 하나는 남겨뒀다가 나중에 나초칩 찍어먹을 거에요 히히,5,5,5,5,2020년 4월 21일
190,치킨,서초구 방배동,치킨리그-이수점,ne**님,스위트 갈릭치킨/1,매번 신랑시켜서 먹다가 자꾸생각나서 혼치킨했네요 갈릭은 첨먹어보는데 달짝지근 짭잘 세상 맛나서 첫입먹고 한마리다 먹을수있을것 같이 느껴지대요 후양 반반을 가장 잘먹는데 후갈 도 있었음 좋겠네요,5,5,5,5,2020년 4월 18일
191,치킨,서초구 방배동,치킨리그-이수점,ms**님,"스위트 갈릭치킨/1,양념 치킨/1(토핑 추가(모듬감자 추가),추가 선택(콜라 500mL로 변경))",맛있네요 다음에는 다른 메뉴 도전,5,5,5,5,2020년 4월 17일
192,치킨,서초구 방배동,치킨리그-이수점,se**님,순살 반반메뉴（ 후라이드 ＋ 양념 ）/1,닭다리살에 정말 맛있습미다 소떡소떡 감사해요,5,5,5,5,2020년 4월 17일
193,치킨,서초구 방배동,치킨리그-이수점,ki**님,반반메뉴（ 후라이드 ＋ 양념 ）/1,다이어트를 실패했다화가 난다 재주문으로 혼내줘야겠다,5,5,5,5,2020년 4월 15일
194,치킨,서초구 방배동,치킨리그-이수점,qk**님,어니언 크림치즈 순살 BEST/1,사장님이 추천해주신 땡초마늘이랑 고민하다가 어니언이 끌려서 시켰네요 기본적으로 치킨자체를 잘튀겨서 그런지 이번메뉴도 좋았습니다 소떡도 맛있었구요 다만 담는박스가 작아선지 배달동안 밖으로 튀어나온 양파가많아 아쉬운점이 있었어요 다음에 다른메뉴로 또 시킬게요,5,5,5,5,2020년 4월 12일
195,치킨,서초구 방배동,치킨리그-이수점,qk**님,반반메뉴（ 후라이드 ＋ 양념 ）/1,맛있어요 소떡도 주시고 배달도 빠르고 자주 시켜먹을것같네요,5,5,5,5,2020년 4월 10일
196,치킨,서초구 방배동,치킨리그-이수점,ad**님,스위트 갈릭치킨/1,너무 자주 시켜먹고 있어요 ,5,5,5,5,2020년 4월 9일
197,치킨,서초구 방배동,치킨리그-이수점,he**님,"리그세트（오리지널＋국물떡볶이）BEST/1,김말이 9개/1",배달도 빠르고 양도 많고 음식도 깔끔하니 넘 맛있게 잘 먹었습니다 치킨도 맛있지만 분식도 맛집이네요 앞으로 자주 이용할듯합니다 번창하세요,5,5,5,5,2020년 4월 8일
198,치킨,서초구 방배동,치킨리그-이수점,ad**님,스위트 갈릭치킨/1,이틀 연속 주문했어요 맛있음,5,5,5,5,2020년 4월 7일
199,치킨,서초구 방배동,치킨리그-이수점,do**님,"국물 떡볶이 BEST/1,생맥주（맥스생）1000C/1",배달시간 안에 잘 왔고 요청사항도 잘 들어주시는 배달원님 이게 항공샷을 찍느라 양이 전체적으로 적어보이는데 아니구요 양 진짜 실화입니까 떡볶이전문점 원짜리 양을 이 가격에  감자도  생맥은 또 얼마나 시원하구요  너무 맛있습니당 다음엔 치킨시켜머글게요 사장님 번창하세용,5,5,5,5,2020년 4월 6일
200,치킨,서초구 방배동,치킨리그-이수점,손님,떙초마늘치킨 NEW/1,처음시켜보는데 이집 괞찬네 나한테 느끼한데 맛은좋았어요 아쉬운점은 땡초라서 매울줄 알았는데 하나도 맵지는안네요 그리고 무양이 쫌적어요 맛은 맛있어요,5,4,5,4,2020년 4월 5일
201,치킨,서초구 방배동,치킨리그-이수점,da**님,크런치 순살 BEST/1(토핑 추가(치즈볼 4개 추가)),번째 시켜먹는데요 그 동안은 뼈 있는 것만 시키다가 처음으로 순살 시켰는데 뭔가 맛이 뼈치킨보다 별로네요 양이나 배달 속도 다 최고입니다만 다음번 주문 때는 뼈치킨만 시킬 것같네요,4,3,5,5,2020년 4월 1일
202,치킨,서초구 방배동,치킨리그-이수점,ld**님,리그세트（오리지널＋국물떡볶이）BEST/1,떡볶이랑 치킨이랑 넘 같이 먹고싶었는데 딱이에요 치킨튀김옷도 얇고 프랜차이즈 튀기는 식아니라 맘에들고 소스가 종류별로 다있어서 너무 좋아요,5,5,5,5,2020년 4월 1일
203,치킨,서초구 방배동,치킨리그-이수점,ta**님,갈릭 치킨 BEST/1,이집 갈릭치킨 엄청 맛있어요,5,5,5,5,2020년 4월 1일
204,치킨,서초구 방배동,치킨리그-이수점,oa**님,크리스피치킨 BEST/1,와진짜 너무 맛있엇어요감탄하구갑니당,5,5,5,5,2020년 4월 1일
205,치킨,서초구 방배동,치킨리그-이수점,dy**님,크런치 순살 BEST/1,살보다 튀김이 훨씬 두껍고 그나마 있는 살은 닭비린내가 나네요 평점 좋아서 시켜봤는데 절반 남겼습니다 배달이 조금 늦었는데 식어서 그런건가 합니다 시국이 시국이다시피 많이 바쁘셨던걸로 생각하고 개선되기를 바라며 리뷰 남깁니다,3,3,5,4,2020년 3월 29일
206,치킨,서초구 방배동,치킨리그-이수점,kg**님,순살 반반메뉴（ 후라이드 ＋ 양념 ）/1,배달이 항상 분 정도면 오는 것 같아요 소떡소떡 맛있게 잘 먹었구 양념보다 후라이드가 맛있는 치킨집입니당,5,5,5,5,2020년 3월 28일
207,치킨,서초구 방배동,치킨리그-이수점,en**님,떙초마늘치킨 NEW/1,먹은지 얼마 안되었는데 또시켰어요 오늘은 매콤한맛이 땡겨 땡초마늘 시켜봤는데 완전 맛있네요 마늘고추 듬뿍 정말 맛있어요,5,5,5,5,2020년 3월 28일
208,치킨,서초구 방배동,치킨리그-이수점,en**님,간장 치킨/1,오늘도 맛있게 잘먹었습니다,5,5,5,5,2020년 3월 25일
209,치킨,서초구 방배동,치킨리그-이수점,xx**님,크런치 순살 BEST/1,첫주문인데 왜 이제 알았을까요 너무너무 맛있네여  속은촉촉 겉은 바삭 진짜 바삭바삭하네여 후라이드는 튀김이 생명인데 너무 꼬소하고 바삭하게 잘튀겨졌어요 양도 이정도면 저는 풍족하다고 생각해요 앞으로 치킨은 여기서만 시켜야겠어요  많이파세요,5,5,5,5,2020년 3월 25일
210,치킨,서초구 방배동,치킨리그-이수점,손님,"반반메뉴（ 후라이드 ＋ 양념 ）/1(토핑 추가(치즈볼 4개 추가),추가 선택(콜라 500mL로 변경))",맛있었어용 또시켜먹을게용,5,5,5,5,2020년 3월 23일
211,치킨,서초구 방배동,치킨리그-이수점,sa**님,크리스피치킨 BEST/1(토핑 추가(김말이 9개 추가)),이사와서 첫주문이었는데 가까운곳으로 와서 여전히 치킨리그에서 시킬 수 있었네요 후라이드 맛있게 먹었습니다 또 찾아올게요 사장님,5,5,5,5,2020년 3월 23일
212,치킨,서초구 방배동,치킨리그-이수점,mo**님,크런치 순살 BEST/1(토핑 추가(김말이 9개 추가)),한입 먹고 너무 맛있어서 바로 맥주 사왔어요,5,5,5,5,2020년 3월 23일
213,치킨,서초구 방배동,치킨리그-이수점,me**님,크런치 순살 BEST/1,오늘도 맛나게 잘먹었네유음하하,5,5,5,5,2020년 3월 22일
214,치킨,서초구 방배동,치킨리그-이수점,fa**님,"양념 치킨/1,오리지널치킨 BEST/1",치킨이 아주 맛나요 소떡은 좀 짰어요 ,5,5,5,5,2020년 3월 22일
215,치킨,서초구 방배동,치킨리그-이수점,db**님,반반메뉴（ 후라이드 ＋ 양념 ）/1,너무 맛있게 잘 먹었습니다 특히 양념이 너무 자극적이지 않아 더 좋았습니다,5,5,5,5,2020년 3월 21일
216,치킨,서초구 방배동,치킨리그-이수점,kh**님,반반메뉴（ 후라이드 ＋ 양념 ）/1,대박 맛있어요 양도 엄청 많고 소스도 요샌 돈받는데 무료로 개나 쥼 매운 소스 존맛 사당 살면서 배불러서 치킨 남긴적도 처음이고 앗있어서 다시 시킨적도 처음이에요 참고로 저희 입은 짧은 편이에요,5,5,5,5,2020년 3월 21일
217,치킨,서초구 방배동,치킨리그-이수점,es**님,"갈릭 치킨 BEST/1,콜라 1.25L/1",인생치킨을 만났어요 양념이 자극적이지도 않고 은근히 땡기는 맛인데다 닭도 신선하고 잘튀기는 집이네요 순삭하고 있음요,5,5,5,5,2020년 3월 20일
218,치킨,서초구 방배동,치킨리그-이수점,t3**님,반반메뉴（ 후라이드 ＋ 양념 ）/1,양념치킨 항상 맛잇어요,5,5,5,5,2020년 3월 19일
219,치킨,서초구 방배동,치킨리그-이수점,me**님,크런치 순살 BEST/1(토핑 추가(김말이 9개 추가)),올만에 치킨 맛나게 먹었어요 소떡 사비스 최고에요,5,5,5,5,2020년 3월 19일
220,치킨,서초구 방배동,치킨리그-이수점,ce**님,치즈순살 핫 바베큐/1,소스 구성 다 너무 좋은데 살이 뻑뻑해요 턱에 무리갈 정도 여러번 시켰는데 오늘 많이 아쉬웠네요 서비스로 주신 소떡은 맛있었구요,5,4,5,5,2020년 3월 15일
221,치킨,서초구 방배동,치킨리그-이수점,ro**님,반반메뉴（ 후라이드 ＋ 양념 ）/1,오늘은 반반 시켰어요 양념도 맛나요 예전엔 어디 시킬까 고민했는데 이제는 그냥 바로 여기시켜요,5,5,5,5,2020년 3월 15일
222,치킨,서초구 방배동,치킨리그-이수점,kg**님,순살 반반메뉴（ 후라이드 ＋ 양념 ）/1,양념보다 후라이드가 맛있는 집  꼭 후라이드 시켜서 소스에 찍어드세요 소떡소떡도 감사합니다 맛있네욤,5,5,5,5,2020년 3월 13일
223,치킨,서초구 방배동,치킨리그-이수점,ta**님,크런치 순살 BEST/1,서비스 소떡이 너무 맛있어용 개인적으로는 저번에 먹은 갈릭치킨이 입맛에 더 맞아요,5,5,5,5,2020년 3월 13일
224,치킨,서초구 방배동,치킨리그-이수점,ne**님,"반반메뉴（ 후라이드 ＋ 양념 ）/1,양념소떡/2",방콕하느라 힘든 요즘 아이들 간식챙기는게 가장 신경쓰이는데 챙기는 간식 순위가 치킨리그 치킨과 소떡소떡입니다 두가지를 한번에 시낄수있고 항상 빠른 배달로 음식이 따끈따끈 함께먹는 포테이토도 너무 짜지않고 맛있네요,5,5,5,5,2020년 3월 12일
225,치킨,서초구 방배동,치킨리그-이수점,se**님,크리스피치킨 BEST/1,엄청 바삭바삭하고 너무 맛있어요 소스가다양해서 계속 안질리고 맛있었어용 추천해요,5,5,5,5,2020년 3월 11일
226,치킨,서초구 방배동,치킨리그-이수점,hy**님,핫 크리스티 치킨/1(추가 선택(콜라 500mL로 변경)),핫후라이드 주문했는데 맛있게 잘 먹었습니다,5,5,5,5,2020년 3월 11일
227,치킨,서초구 방배동,치킨리그-이수점,xc**님,크리스피치킨 BEST/1,맛잇게 잘 벅엇스빈다 ,5,5,5,5,2020년 3월 10일
228,치킨,서초구 방배동,치킨리그-이수점,sa**님,크런치 순살 BEST/1(토핑 추가(김말이 9개 추가)),오늘도 튀김상태 좋았고 배달도 빠르게 처리 해 주셨습니다 잘 먹었습니다 사장님,5,5,5,5,2020년 3월 10일
229,치킨,서초구 방배동,치킨리그-이수점,ma**님,순살 핫 바베큐/1,바베큐라 그런건지 닭이 조금 질겼지만 양념이 맛있었어요,5,4,4,5,2020년 3월 10일
230,치킨,서초구 방배동,치킨리그-이수점,ye**님,리그세트（오리지널＋국물떡볶이）BEST/1,떡들이 대체로 분 것 빼곤 다 맛있었습니당,4,4,4,5,2020년 3월 9일
231,치킨,서초구 방배동,치킨리그-이수점,sa**님,순살 반반메뉴（ 후라이드 ＋ 양념 ）/1,배달 따뜻할때 와서 잘 먹었습니다 근데 이번엔 좀 불만 사항이 있네요 양념부분과 후라이드 부분을 완전히 분리해 주시면 좋을텐데 같이 넣어주셔서 후라이드 부분에도 양념이 많이 묻네요 그리고 순살 덩어리가 너무 커요 사진은 따로 안 찍었지만 특히 양념순살중에 크기가 가슴살이랑 닭다리 만한게 있었어요 후라이드도 전체적으로 크기가 너무 커서 먹기가 불편했네요 오늘은 살짝 닭 냄새도 조금 났고요,5,4,5,5,2020년 3월 9일
232,치킨,서초구 방배동,치킨리그-이수점,ro**님,크리스피치킨 BEST/1,오늘도 맛있게 잘먹었습니다 요즘 최애집입니다,5,5,5,5,2020년 3월 8일
233,치킨,서초구 방배동,치킨리그-이수점,cl**님,크리스피치킨 BEST/1,맛있게 먹었습니다 빠른배달 많은 양 소스도 좋았습니다,5,5,5,5,2020년 3월 8일
234,치킨,서초구 방배동,치킨리그-이수점,up**님,반반메뉴（ 후라이드 ＋ 양념 ）/1(추가 선택(콜라 500mL로 변경)),배달이 좀 오래걸리긴 했지만 양도 많고 맛있었어요 좋아하는 부위 목이 없어서 아쉬웠지만  서비스 소떡도 맛있네요,4,4,5,2,2020년 3월 8일
235,치킨,서초구 방배동,치킨리그-이수점,wj**님,순살 반반메뉴（ 후라이드 ＋ 양념 ）/1,맛있는데 배달이 너무 느렸어요 가게가 멀리 있어서 그런건지 다른데도 몇군데 들려서 오는건지 치킨은 다 식어 있고 치킨 자체는 맛있는데 따뜻하지 않아서 쩝,4,4,5,3,2020년 3월 7일
236,치킨,서초구 방배동,치킨리그-이수점,ma**님,래드윙봉/1,오늘도 너무 맛있네요 매콤한 윙은 밥과 같이 먹어도 정말 최고입니다 늘 맛있는 치킨 보내주셔서 감사드려요,5,5,5,5,2020년 3월 7일
237,치킨,서초구 방배동,치킨리그-이수점,xc**님,크리스피치킨 BEST/1,닭이 실하고 맛잇어요 바삭하고 촉촉합니다 이런곳을 이제 알았다니 좋네요,5,5,5,5,2020년 3월 6일
238,치킨,서초구 방배동,치킨리그-이수점,ki**님,크런치 순살 BEST/1,싸고 맛있고 빠르고 이거 리얼 존맛탱,5,5,5,5,2020년 3월 5일
239,치킨,서초구 방배동,치킨리그-이수점,mi**님,반반메뉴（ 후라이드 ＋ 양념 ）/1,치킨은 맛있는데 튀김옷이 전체적으로 딱딱해서 먹다가 치아가 나갈 뻔 했습니다,5,4,5,5,2020년 3월 5일
240,치킨,서초구 방배동,치킨리그-이수점,ta**님,갈릭 치킨 BEST/1,리뷰이벤트로 받은 소떡까지 너무 맛있어요,5,5,5,5,2020년 3월 4일
241,치킨,서초구 방배동,치킨리그-이수점,da**님,크리스피치킨 BEST/1,오랜만에 시켰는데 여전히 배달 친절하고 싸고 맛있습니다 감사히 잘먹었습니다,5,5,5,5,2020년 3월 2일
242,치킨,서초구 방배동,치킨리그-이수점,손님,순살 반반메뉴（ 후라이드 ＋ 양념 ）/1,맛있고 양많아요 튀김이 바삭하고 소스개다 맛나는데 양념처리한 머스타드에 크리스피 찍어먹는게 딱 제취향이네요,5,5,5,5,2020년 3월 2일
243,치킨,서초구 방배동,치킨리그-이수점,hy**님,반반메뉴（ 후라이드 ＋ 양념 ）/1(추가 선택(콜라 500mL로 변경)),자주 시키는 치킨집인데 오늘도 맛있게 먹었습니다 감사합니다,5,5,5,5,2020년 3월 2일
244,치킨,서초구 방배동,치킨리그-이수점,ro**님,크리스피치킨 BEST/1,오늘도 맛나용 벌써 번째 주문이네요 서비스 소떡은 간장맛인데 전 개인적으로 맛나요 그래도 감튀가 좀 더 좋은거 같아요 오늘도 잘 먹었습니다 양도 많아요,5,5,5,5,2020년 3월 1일
245,치킨,서초구 방배동,치킨리그-이수점,ky**님,크리스피치킨 BEST/1,양도 많고 맛도 있고 너무 만족스럽습니다 단골될꺼같아요 ,5,5,5,5,2020년 3월 1일
246,치킨,서초구 방배동,치킨리그-이수점,to**님,크런치 순살 BEST/1,배달은 아마 피크타임이라 좀 걸린거 같아요 맛도 있고 찍어먹는 소스도 세종류 주고 앙도 푸짐하고 아주 만족스러웠어요 재주문 의사 있습니다,5,5,5,4,2020년 3월 1일
247,치킨,서초구 방배동,치킨리그-이수점,ko**님,반반메뉴（ 후라이드 ＋ 양념 ）/1,이번이 두번째 시켜먹는데 양 진짜 많다 둘이서 충분히 배불리 먹을정도 배달 완전 칼이다 처음 시켜먹을때 바삭함과 닭비린내도 안나고 육즙이 살아있는 느낌이였다 근데 이번엔 정말 실망 배불러서 못먹는게 아니고 이건 뭐튀길때 잘못된건지 비린내가 약간 있길래 그런가보다 하고 한입물었는데 기름이 흘러내림 기름 흘러내린거 모았으면 종이컵 절반은 찼을듯 그것때문에 일단 너무 느끼했다 심지어 양념조차 느끼함이 심함먹다가 탄산 원샷하고 나서도 그 느끼함때문에 결국 못먹고 버림치킨 정말 좋아하는데 이건아닌듯,4,1,5,5,2020년 2월 29일
248,치킨,서초구 방배동,치킨리그-이수점,ar**님,순살 반반메뉴（ 후라이드 ＋ 양념 ）/1,와  양념치킨조차 바삭하고 단짠의 조화가 환상이었습니다 완전 치킨집을 뒤집어놓으셨네 최고의치킨집입니다,5,5,5,5,2020년 2월 29일
249,치킨,서초구 방배동,치킨리그-이수점,jg**님,"안타세트（오리지널＋간장치킨）/1,콜라 1.25L/1",배달도 너무 친절하시고 맛도 있습니다 소스양이 산이네요 굿굿 잘먹겠습니다,5,5,5,5,2020년 2월 28일
250,치킨,서초구 방배동,치킨리그-이수점,ro**님,크런치 순살 BEST/1,와 여긴 순살도 맛나네요 요청사항 들어주셔서 감사합니다 치킨 먹을 때 또 시켜먹을게요 배달은 조금 걸렸지만 가성비 짱입니다,5,5,5,5,2020년 2월 26일
251,치킨,서초구 방배동,치킨리그-이수점,dh**님,크런치 순살 BEST/1,가격대비 정말 좋은거같아요 양도 많은편이고 이벤트로 주신 감자도 잘먹었습니다,5,5,5,5,2020년 2월 26일
252,치킨,서초구 방배동,치킨리그-이수점,gh**님,크리스피치킨 BEST/1,양 많습니다 찍어먹는 소스도 개줍니다 잘먹었습니다,5,5,5,5,2020년 2월 25일
253,치킨,서초구 방배동,치킨리그-이수점,ma**님,래드윙봉/1,배달도 예상시간보다 빠르고 윙 너무 맛있었어요,5,5,5,5,2020년 2월 24일
254,치킨,서초구 방배동,치킨리그-이수점,ch**님,갈릭 치킨 BEST/1,갈릭 생각보다 맛있어요 근처여서 배달도 빨리왔어요 건강잘챙기시고 장사하세요,5,5,5,5,2020년 2월 23일
255,치킨,서초구 방배동,치킨리그-이수점,ko**님,핫 크리스티 치킨/1,핫크리스피라고해서 매콤한맛이 강할줄 알았는데 매콤한맛없는 그냥 크리스피 같은 처음시켜봐서 잘못온건지 제대로 온건지 조차 분별할수가 없네요 일단 그 매콤한 맛의 핫크리스피를 기대했는데 매콤한맛이 하나도 안느껴져서 약간 실망 하지만 양은 진짜 많아요 혼자 먹다가 배불러서 남김  감자튀김이 참 맛잇엇어요,4,4,5,5,2020년 2월 23일
256,치킨,서초구 방배동,치킨리그-이수점,sa**님,크런치 순살 BEST/1(토핑 추가(김말이 9개 추가)),예상보다 훨씬 빠르게 배달 처리해주셔서 살짝 놀랐습니다 따끈한 상태로 잘 도착했고 여전히 순살 바삭하니 맜있었어요 조만간 또 찾아오겠습니다 사장님,5,5,5,5,2020년 2월 23일
257,치킨,서초구 방배동,치킨리그-이수점,ro**님,크리스피치킨 BEST/1,너무 좋네용 잘먹었습니다 다음부턴 여기 시킬거 같아요,5,5,5,5,2020년 2월 22일
258,치킨,서초구 방배동,치킨리그-이수점,a-**님,리그윙봉/1,넘 맛있어서 사진 찍는걸 잊음 제가 찾던 맛임 일인 일닭 뜯었음 단골 저장해둠 쵝오에요,5,5,5,5,2020년 2월 22일
259,치킨,서초구 방배동,치킨리그-이수점,sa**님,크런치 순살 BEST/1(토핑 추가(김말이 9개 추가)),오늘도 튀김상태 너무 좋았고 따끈한 상태로 잘 도착했습니다 순살로 주문해 봤는데 바삭한 식감이 참 좋으네요 사장님께서 피드백도 너무 좋으시고 칭찬밖에 드릴 말씀이 없어요 또 찾아오겠습니다 사장님,5,5,5,5,2020년 2월 20일
260,치킨,서초구 방배동,치킨리그-이수점,ma**님,크리스피치킨 BEST/1,맛있었어요 감튀 썹쓰도 좋네요 감사합니다 크리스피인데 막 크리스피하진 않고 약간 반죽이 스콘식감처럼 빵느낌이 있네요 그래도 후추향도 좋고 전체적으로 만족합니다,5,4,5,5,2020년 2월 20일
261,치킨,서초구 방배동,치킨리그-이수점,jg**님,리그세트（오리지널＋국물떡볶이）BEST/1,떡볶이 터져서 왔어요 안에 떡볶이 국물이 흥건했습니다 맛은 있어요,4,5,5,1,2020년 2월 17일
262,치킨,서초구 방배동,치킨리그-이수점,na**님,"갈릭 치킨 BEST/1,샤워크림 포테이토 BEST/1",리뷰가 너무 좋아서 시켜봤는데 좀 맛은 그렇게 나쁘지 않은데 양이 너무 작아요 감자 천원어치는 절대 아니고 재주문은 안할듯 소스 많이 주셔서 감사하긴 한데 과해서 다 먹지도 못하고 재활용만 많이 나와요,2,3,2,5,2020년 2월 17일
263,치킨,서초구 방배동,치킨리그-이수점,hy**님,크런치 순살 BEST/1,자주 시키게 되네요 잘 먹었습니다,5,5,5,5,2020년 2월 17일
264,치킨,서초구 방배동,치킨리그-이수점,ha**님,반반메뉴（ 후라이드 ＋ 양념 ）/1,맛있어요 소스도가지보내주시고 서비스 감자튀김 진짜 대박 맛있어요 자주시켜 먹을듯,5,5,5,5,2020년 2월 16일
265,치킨,서초구 방배동,치킨리그-이수점,손님,크리스피치킨 BEST/1(추가 선택(콜라 500mL로 변경)),배달도 빠르고 너무 맛있어요 감사합니다,5,5,5,5,2020년 2월 16일
266,치킨,서초구 방배동,치킨리그-이수점,an**님,반반메뉴（ 후라이드 ＋ 양념 ）/1,오메나넘 맛나서 먹기전 사진 찍는걸 잊었네요 오랜만에 맛난 치킨집 득템임단골 콜입력 완료 맛다양한소스배달친절굿 별이 다섯개뿐 이라 이것이 요것이 아쉽,5,5,5,5,2020년 2월 15일
267,치킨,서초구 방배동,치킨리그-이수점,ad**님,어니언 크림치즈 순살 BEST/1,양은 푸짐한 편이지만 너무 튀김옷이 두꺼워요 소스 모든 맛 체험하도록 챙겨주셔서 감사합니다 서비스 치즈볼은 다른보과 달리 부드럽고 쫄깃합니다 번창하세요,3,3,4,4,2020년 2월 15일
268,치킨,서초구 방배동,치킨리그-이수점,ma**님,래드윙봉/1,저번주보다 튀김옷이 좀 두꺼웠지만 맛있게 먹었습니다,5,5,5,4,2020년 2월 14일
269,치킨,서초구 방배동,치킨리그-이수점,ki**님,크리스피치킨 BEST/1,치킨 맛있었어요 저는 늦어도 괜찮으니 빗길 사고안나게 조심히 다니세용 ,5,5,5,5,2020년 2월 13일
270,치킨,서초구 방배동,치킨리그-이수점,db**님,크리스피치킨 BEST/1(추가 선택(콜라 500mL로 변경)),후라이드 참 맛있네요  소금이 없는게 조금 아쉽네요,5,5,5,5,2020년 2월 12일
271,치킨,서초구 방배동,치킨리그-이수점,wn**님,크런치 순살 BEST/1,가격착해요 배달적당해요 소스많아요 다음엔 매장에서 먹을게요,5,5,5,5,2020년 2월 11일
272,치킨,서초구 방배동,치킨리그-이수점,la**님,어니언 크림치즈 순살 BEST/1,배달 빨리 왔고 소떡이랑 치킨 잘 먹었습니다,5,5,5,5,2020년 2월 11일
273,치킨,서초구 방배동,치킨리그-이수점,sa**님,크런치 순살 BEST/1,이 집 맛이 항상 일정하다는 게 좋네요 양도 순살 치곤 꽤 많은 편 이구요 다만 오늘은 치킨이 좀 식어서 배달 점수는 하나 뺍니다,5,5,5,4,2020년 2월 11일
274,치킨,서초구 방배동,치킨리그-이수점,sa**님,양념 치킨/1,첫주문이었는데 너무 맛있게 잘 먹었습니다 양념맛 튀김 상태 정말 좋았고 서비스로 주신 감자도 맛있었어요 포장 배달속도 역시 좋았습니다 앞으로 치킨은 여기로 정착해야겠어요 또 찾아오겠습니다 사장님,5,5,5,5,2020년 2월 11일
275,치킨,서초구 방배동,치킨리그-이수점,hy**님,"반반메뉴（ 후라이드 ＋ 양념 ）/1,콜라 500mL/1",배달도 빠르고 잘 먹었습니다,5,5,5,5,2020년 2월 10일
276,치킨,서초구 방배동,치킨리그-이수점,ma**님,래드윙봉/1,배달도 빠르고 엄청 맛있네요 다른 메뉴들도 주문해봐야겠어요,5,5,5,5,2020년 2월 8일
277,치킨,서초구 방배동,치킨리그-이수점,cf**님,크리스피치킨 BEST/1,처음 시켜봤는데 맛잇네요 담에도 주문할게요 감사합니다,5,5,5,5,2020년 2월 6일
278,치킨,서초구 방배동,치킨리그-이수점,ya**님,크리스피치킨 BEST/1,정말 미친듯한 크리스피식감입니다 정말 강추합니다 후라이드 시키면 머스타드 양념 매운소스 가지 옵니다,5,5,5,5,2020년 2월 5일
279,치킨,서초구 방배동,치킨리그-이수점,ce**님,치즈순살 핫 바베큐/1,너무 맛있게 먹었습니다 맛있게 매워요 밥이랑 먹어도 꿀맛일듯 치즈볼은 다른 곳에 비해 별로,5,5,5,5,2020년 2월 5일
280,치킨,서초구 방배동,치킨리그-이수점,so**님,어니언 크림치즈 순살 BEST/1(추가 선택(콜라 500mL로 변경)),양파 많이 주라고 했는데 진짜 왕 많이 주셨네요 맛있게 잘 먹었습니다 치즈볼도 잘 왔어요 치즈볼 안에 치즈가 그냥 치즈가 아니라 뭔가 섞여 있는 거 같아요 그래서 치즈 맛이 덜나고 쫀득합니다,5,4,5,5,2020년 2월 1일
281,치킨,서초구 방배동,치킨리그-이수점,dh**님,갈릭 치킨 BEST/1,처음 도전 갈릭 양도많고 가성비 갑이였습니다 다음엔 후라이드도 도전해볼께요,5,4,5,3,2020년 2월 1일
282,치킨,서초구 방배동,치킨리그-이수점,aw**님,어니언 크림치즈 순살 BEST/1,맛있고 양도많아서 좋았어요,5,5,5,5,2020년 2월 1일
283,치킨,서초구 방배동,치킨리그-이수점,ne**님,"양념 치킨/1,크런치 순살 BEST/1",받자마자 맛있게 먹다 정신차리고 사진을 찍어서 양이 적어보이는데 이미 조각은 먹고찍은 사진입니다 바삭바삭 크리스피 너무 맛있고 같이 들어있는 감자도 너무 맛있어서 순삭다음에는 잊지않고 감자 추가해야겠어요 양념치킨도 맵지않아 아이들이 먹기에도 항상 맛있는 치킨 감사합니다,5,5,5,5,2020년 1월 31일
284,치킨,서초구 방배동,치킨리그-이수점,qk**님,갈릭 치킨 BEST/1,또 리뷰까먹고 늦게쓰네요 갈릭치킨도 맛있습니다 이러다 치킨 리그의 모든 메뉴를 다먹어볼것같아요 다음에 또시켜먹을게요,5,5,5,5,2020년 1월 26일
285,치킨,서초구 방배동,치킨리그-이수점,ch**님,"리그윙봉/1,모듬감자/1",윙봉이랑 감튀 맛있게 먹었습니다,5,5,5,5,2020년 1월 22일
286,치킨,서초구 방배동,치킨리그-이수점,lh**님,2루타세트（갈릭치킨＋떡볶이）/1,양도 많고 맛도 괜찮았는데 치킨박스와 소스통 개가 많이 새서 좀 불편했네요 배달과정에서 그런거겠죠 ,4,4,5,2,2020년 1월 21일
287,치킨,서초구 방배동,치킨리그-이수점,01**님,크런치 순살 BEST/1,다리살이라 좋았는데 다 가슴살로 바뀌엇내요  퍽퍽해요,3,3,5,5,2020년 1월 19일
288,치킨,서초구 방배동,치킨리그-이수점,qk**님,크런치 순살 BEST/1,까먹고 리뷰가조금 늦었네요 매번 리뷰는 쓰면서 이벤트참여는 안했는데 참여해서 온 치즈볼도 맛있고 치킨은 언제나 좋습니당,5,5,5,5,2020년 1월 13일
289,치킨,서초구 방배동,치킨리그-이수점,su**님,순살 반반메뉴（ 후라이드 ＋ 양념 ）/1,분 걸렸어요 서비스떡꼬치 잘 먹었습니다 떡꼬치만먹어도배부름 ,5,5,5,5,2020년 1월 12일
290,치킨,서초구 방배동,치킨리그-이수점,손님,"순살 반반메뉴（ 후라이드 ＋ 양념 ）/1(토핑 추가(고추튀김 4개 추가),추가 선택(콜라 500mL로 변경))",궂은날씨에도 직접 잘 가져다 주셨어요 따뜻하게 잘 받았습니다 사이드 고추튀김도 양념도 다 맛있네요 또 시킬게요 ,5,5,5,5,2020년 1월 6일
291,치킨,서초구 방배동,치킨리그-이수점,qk**님,순살 양념 치킨/1,후라이드도 그냥순살도 순살앙념도 먹어본 모든게 다 맛있네요 다음에 또 시킬게요,5,5,5,5,2020년 1월 5일
292,치킨,서초구 방배동,치킨리그-이수점,fa**님,"오리지널치킨 BEST/2,콜라 1.25L/1",온가족이 다 맛있대요 사진은 좀 먹고 찍었어요,5,5,5,5,2020년 1월 3일
293,치킨,서초구 방배동,치킨리그-이수점,손님,순살 반반메뉴（ 후라이드 ＋ 양념 ）/1,저번에 맛있게 먹어서 또 시켰어요 잘 먹었습니다 새해 복 많이 받으세요,5,5,5,5,2020년 1월 1일
294,치킨,서초구 방배동,치킨리그-이수점,ki**님,크런치 순살 BEST/1,양과 맛 배달까지 완벽,5,5,5,5,2020년 1월 1일
295,치킨,서초구 방배동,치킨리그-이수점,oo**님,반반메뉴（ 후라이드 ＋ 양념 ）/1(토핑 추가(김말이 9개 추가)),닭상태나 튀김도 엄청 바삭하게 도착해서 정말 맛있게 먹었어요 소스가 다양해서 좋았고 추가로 시킨 것도 넘 맛있게 먹었네요 감사합니다,5,5,5,5,2020년 1월 1일
296,치킨,서초구 방배동,치킨리그-이수점,손님,"크리스피치킨 BEST/1,파 똥집 BEST/1,생맥주（맥스생）1000C/1",넘나 배불리먹었습니다 진짜 치킨이 하나도 안식고 갓튀긴 맛으로 맛있게 잘먹었습니다 똥집은 겉은 바작 속은 촉촉 굿입니다,5,5,5,5,2019년 12월 30일
297,치킨,서초구 방배동,치킨리그-이수점,ne**님,"반반메뉴（ 후라이드 ＋ 양념 ）/1,간장소떡/1",치킨주문시 반반은 진리 양념주문은 처음인데 맛나요 늦은시간이라 추가로 소떡소떡개만 시켰더니 아들둘이서 초만에 뚝딱해서 사진이 빠졌어요 비오는날 뜨끈뜨끈한 치킨 감사합니다,5,5,5,5,2019년 12월 29일
298,치킨,서초구 방배동,치킨리그-이수점,k0**님,"크리스피치킨 BEST/1(토핑 추가(모듬감자 추가)),국물 떡볶이 BEST/1,생맥주（맥스생）1000C/1",최고시다 맛있었다 배달도 빨랐다,5,5,5,5,2019년 12월 29일
299,치킨,서초구 방배동,치킨리그-이수점,손님,크런치 순살 BEST/1,대박 배달빠르고 양많고 따뜻하고 바삭하고 맛있어요 웨지감자들어있는 것도 정말 좋네요 소떡소떡도 커서 깜짝 놀랐어요 잘 먹었습니다,5,5,5,5,2019년 12월 29일
300,치킨,서초구 방배동,치킨리그-이수점,hy**님,"반반메뉴（ 후라이드 ＋ 양념 ）/1,콜라 500mL/1",맛있게 잘 먹었습니다 다음에 또 시킬게요 ,5,5,5,5,2019년 12월 27일
301,치킨,서초구 방배동,치킨리그-이수점,fa**님,"오리지널치킨 BEST/1,크런치 순살 BEST/1",오리지널치킨 완전 맛났어요 취향저격 재주문의사  ,5,5,5,5,2019년 12월 27일
302,치킨,서초구 방배동,치킨리그-이수점,go**님,"순살 반반메뉴（ 후라이드 ＋ 양념 ）/1,콜라 1.25L/1",리뷰 남깁니다  배달시간  도착예상시간 분 실 도착예상시간 분  음식  양은 가격대비 많은 양 및 맛 또한 준수  서비스  종 소스 매운맛 최곱니다 리뷰 서비스 소떡 역시 최곱니다  기타  주문착오가 있었으나 사장님이 친절하게 응대하시고 누락된 물건 직접 가져다 주신점 높게 평가합니다 종합적으로 요즘 배달시켜먹는 치킨집 중 가성비가 좋고 몇번이고 다시 시켜먹을만한 곳입니다,5,5,5,4,2019년 12월 26일
303,치킨,서초구 방배동,치킨리그-이수점,pa**님,데리 팬 바베큐/1(토핑 추가(김말이 9개 추가)),양도 푸짐하고 담백하니 맛있어요소스도 세개나 주시고 잘 먹었습니다다음엔 다른것도 먹어볼게요,5,5,5,5,2019년 12월 25일
304,치킨,서초구 방배동,치킨리그-이수점,en**님,크리스피치킨 BEST/1,바삭바삭 크리스피 맛있게 먹었어요 저녁시간이라 배달이 늦겠다싶었는데 배달예상시간보다 훨씬 일찍 도착해 따끈따끈 맛있게 먹었어요 치킨만큼 아이들이 좋아하는 소떡소떡도 최고에요,5,5,5,5,2019년 12월 22일
305,치킨,서초구 방배동,치킨리그-이수점,ju**님,"오리지널치킨 BEST/1,크런치 순살 BEST/1",오리지널치킨 바삭하고 육즙 추릅 아주 맛있었습니다 크런치 순살도 맛있고 두마리를 순삭 하는 바람에 사진도 못찍었네요 감사히 잘 먹었습니다,5,5,5,5,2019년 12월 21일
306,치킨,서초구 방배동,치킨리그-이수점,ch**님,반반메뉴（ 후라이드 ＋ 양념 ）/1,와이런 치킨집 처음이에요우선 배달하시는분 손얼핏 보았지만 잘생기시고  친절하셨어요 그리고 치킨이 겁나 뜨거웠어요 이것저것 푸짐하게 주신게 보여서 더 좋구요 살 아들이 너무 맛나다고 이제 여기만 시키래요 요즘 살 까다로운거 아시지요  넘 맛나답니다 한가지 일부러 단점을 쓰자면 후라이드랑 양념이랑 반반인데 후라이드에 양념 묻은게 싫다네요 참고하시길요 잘먹겠습니다 잠시후 한마리 추가 예정입니다,5,5,5,5,2019년 12월 20일
307,치킨,서초구 방배동,치킨리그-이수점,sa**님,크리스피치킨 BEST/1,항상 소스를 다양하게 주시는 게 참 좋네요 닭이 식기전에 배달 오는 것도 마음에 들고요 배달 오신 분이 사장님 같기도 한데 제 느낌상 사업 번창 하실 것 같네요,5,5,5,5,2019년 12월 18일
308,치킨,서초구 방배동,치킨리그-이수점,kc**님,순살 반반메뉴（ 후라이드 ＋ 양념 ）/1,그나마 먹은 거 중에 제일 낫긴한데 도대체 사장님들 치킨에 뭔 짓을 한건지 닭강정만 먹었다하면 속쓰려 죽겠어요 왜 후라이드에 양념인데 이렇게 속이 아파요 솔직히 다른 치킨 집들은 다 점 짜리들이고 여기는 그나마 괜찮아서 점 드림 어차피 다시 안시킬거긴하지만 그냥 건강한 맛의 치킨이 먹고 싶을 뿐인데 도대체 왜 치킨만 시켰다하면 이런건지 맵다기보다 그냥 뭐 이상한 조미료 섞으신거같음 닭에 이런 짓 좀 안했으면 좋겠다 정말,5,5,5,5,2019년 12월 16일
309,치킨,서초구 방배동,치킨리그-이수점,qk**님,리그세트（오리지널＋국물떡볶이）BEST/1,맛있어서 한번 시켜본이후에 또 주문하게되네요 뼈도 맛있지만 저번에 먹은 순살이 너무 맛있던게 생각나서 세트에 순살변경이 없는게 아쉬웠어요 다음에 또 시켜먹겠습니당,5,5,5,5,2019년 12월 15일
310,치킨,서초구 방배동,치킨리그-이수점,hy**님,반반메뉴（ 후라이드 ＋ 양념 ）/1,저번에는 순살  시켰는데 반반도 맛있네요 다음에 또 주문할게요,5,5,5,5,2019년 12월 14일
311,치킨,서초구 방배동,치킨리그-이수점,ow**님,반반메뉴（ 후라이드 ＋ 양념 ）/1,으아  지난번 서비스로 주신 치즈볼 너무 맛났는데 제가 깜빡하고 흑흑  그래도 치킨이 넘넘 맛있어서 입이 즐거웠네요  반반메뉴 넣어 주셔서 잽싸게 주문했어요 감사해요,5,5,5,5,2019년 12월 13일
312,치킨,서초구 방배동,치킨리그-이수점,ni**님,크런치 순살 BEST/1(추가 선택(콜라 500mL로 변경)),맛잇게 잘먹습니다 깔끔하고 좋아요 굿굿,5,5,5,5,2019년 12월 11일
313,치킨,서초구 방배동,치킨리그-이수점,ne**님,데리 팬 바베큐/1,오리지널부터 양념 간장 칠리 갈릭까지 모두 먹어본 터라 이번에는 믿고 데리팬바베큐를 처음 시켰는데 역시 모두가 좋아하는 단짠단짠 이번에도 신속 정확한 배달 감사합니다,5,5,5,5,2019년 12월 11일
314,치킨,서초구 방배동,치킨리그-이수점,ow**님,맵토스치킨 NEW/1,시즈닝 들어간 치킨들 보면 시즈닝도 짜고 닭도 너무 느끼하고 짜서 먹고 난 다음날 너무 힘들었는데 치킨리그 닭은 튀김옷도 얇고 바삭바삭 적당히 매콤 짭짤 맛있네요 메뉴중에 후라이드 양념반반 메뉴 있으면 좋을 것 같아요 또 이용하겠습니당,5,5,5,5,2019년 12월 10일
315,치킨,서초구 방배동,치킨리그-이수점,tk**님,크런치 순살 BEST/1,맛있어요 소떡소떡이 별미에요,5,5,5,5,2019년 12월 10일
316,치킨,서초구 방배동,치킨리그-이수점,sm**님,할라피뇨 체다치즈 BEST/1,배달은 빠르게 리뷰는 느리게,5,5,5,5,2019년 12월 10일
317,치킨,서초구 방배동,치킨리그-이수점,ss**님,오리지널치킨 BEST/1,어제 오리지널시켰었는데 아이가 맛있다하여 방금 순살 양념 주문했습니다 양념도 맛있었으면 좋겠네요,5,5,5,5,2019년 12월 10일
318,치킨,서초구 방배동,치킨리그-이수점,sa**님,크런치 순살 BEST/1,배달에 신경 써주셔서 고맙네요 따뜻한 상태로 잘 먹었습니다 가격 생각하면 양이 적을 줄 알았는데 생각보다 엄청 많네요 소스도 다양하게 주셔서 다양한 맛으로 즐길 수 있었습니다 아 리뷰 이벤트 치즈볼도 맛있어요,5,5,5,5,2019년 12월 10일
319,치킨,서초구 방배동,치킨리그-이수점,ma**님,간장 치킨/1,간장치킨을 주문했습니다 간장 양념이 배었는데도 겉은 바삭 속은 촉촉하니 간장양념의 풍미를 잘 살려주었습니다 심심하지 말라고 넣어주신 떡은 쫄깃하니 입맛을 돋구었고 리뷰이벤트로 보내주신 소떡소떡도 일품이었습니다 또한 친절하고 정확한 배달 서비스에도 엄직 척 올려드립니다,5,5,5,5,2019년 12월 9일
320,치킨,서초구 방배동,치킨리그-이수점,si**님,크리스피치킨 BEST/1,맛있게 잘억었습니다 대박나세요,5,5,5,5,2019년 12월 9일
321,치킨,서초구 방배동,치킨리그-이수점,an**님,크런치 순살 BEST/1,배달이 너무 빠르네요 양도 많고 맛도 좋고 가격도 저렴하고 전부 만족했습니다 번창하세요 자주 시킬께요,5,5,5,5,2019년 12월 9일
322,치킨,서초구 방배동,치킨리그-이수점,yu**님,크런치 순살 BEST/1,솔찍히놀랐습니다 물론 주문오류라고는 하나 사장님의 대처가 너무빛나네요 전화도 친절하시게받으시고 금사합니다 너무 잘먹었습니다,5,5,5,5,2019년 12월 8일
323,치킨,서초구 방배동,치킨리그-이수점,ne**님,크런치 순살 BEST/1,받자마자 치킨냄새에 이성잃고 하나씩 먹은후 사진이라 치킨이 살짝 비어보이네요 순살임에도 양도 푸짐하고 포테이토까지 들어있어서 두가지를 즐길수있어 일석이조 치킨리그 배달시마다 주시는 텀블러가 집에 벌써개나 있네요 항상 빠르고 신속한 배달도 감사드립니다,5,5,5,5,2019년 12월 8일
324,치킨,서초구 방배동,치킨리그-이수점,se**님,홈런세트（크런치순살＋양념치킨）/1,진짜 맛있어요 양도 낭낭하게 많고 순살이 정말 닭다리네요 계속 닭다리해주세요 동네맛집 발견이네여,5,5,5,5,2019년 12월 8일
325,치킨,서초구 방배동,치킨리그-이수점,hy**님,크런치 순살 BEST/1,배달도 빨랐고 양도 많았습니다 잘 먹었습니다 또 주문할게요,5,5,5,5,2019년 12월 7일
326,치킨,서초구 방배동,치킨리그-이수점,sp**님,칠리새우 치킨/1,맛도 좋고 양도 많고 서비스도 좋고 배달도 빠르고 이게 내 결론입니다 텀블러도 잘 받았습니다 앞으로 자주이용할께요,5,5,5,5,2019년 12월 6일
327,치킨,서초구 방배동,치킨리그-이수점,po**님,리그세트（오리지널＋국물떡볶이）BEST/1,첨먹는데 진짜맛있네요 인근에서 후라이드 원탑인듯,5,5,5,5,2019년 12월 6일
328,치킨,서초구 방배동,치킨리그-이수점,ne**님,크리스피치킨 BEST/1,매장에서 여러가지 치킨을 먹어보고 겉은 바삭 속살은 사르르 녹을듯 부드러운 크리스피에 완전 반해 배달에서도 크리스피의 바삭함이 유지될까하는마음으로 배달을 시켰습니다 바쁜 저녁시간인데도 배달이 분안쪽밖에 안걸린거같고 신속한 배달덕에 치킨도 따끈따끈 바삭바삭 너무 맛있네요,5,5,5,5,2019년 11월 29일
329,치킨,서초구 방배동,치킨리그-이수점,ji**님,크런치 순살 BEST/1,두번째 먹는건데 맛있게 잘먹었어요,5,5,5,5,2019년 11월 20일
330,치킨,서초구 방배동,치킨리그-이수점,as**님,크런치 순살 BEST/1,맛있었습니다 배달도 빨랐구요,5,5,5,5,2019년 11월 19일
331,치킨,서초구 방배동,치킨리그-이수점,ld**님,크런치 순살 BEST/1,비오는날 주문했는데도 따뜻하게 배달해주시고 치킨도 너무 맛있었어요 그리고 보틀도 서비스로 주시고 감사합니다,5,5,5,5,2019년 11월 18일
332,치킨,서초구 방배동,치킨리그-이수점,co**님,칠리새우 치킨/1,배달도빠르구 양도많어요 맛도 좋네요 자주먹을듯해요,5,5,5,5,2019년 11월 16일
333,치킨,서초구 방배동,치킨리그-이수점,xp**님,크런치 순살 BEST/1(추가 선택(콜라 500mL로 변경)),맛과 양 모두 만족했습니다 감자튀김도 많아서 좋았어요,5,5,5,5,2019년 11월 15일
334,치킨,서초구 방배동,치킨리그-이수점,da**님,오리지널치킨 BEST/1,가격도 착하고 맛도 좋습니다 주머니가 가벼운 학생이 치킨 하나 시켰는데 배달도 웃으면서 주셔서 정말 맛있게 먹었습니다 감사합니다,5,5,5,5,2019년 11월 13일
335,치킨,서초구 방배동,치킨리그-이수점,손님,"크런치 순살 BEST/1(토핑 추가(모듬감자 추가,김말이 9개 추가,고추튀김 4개 추가),추가 선택(콜라 500mL로 변경)),체다치즈 포테이토/1",일단 생각보다 양이 푸짐해서 놀랐습니다 이리저리 주문할 음식점을 찾아보다가 호기심반으로 선택했는데 가성비 갑입니다 앞으로도 자주 시켜먹어야겠어요,5,5,5,5,2019년 11월 13일
336,치킨,서초구 방배동,치킨리그-이수점,en**님,오리지널치킨 BEST/1,맛있어요 튀김옷 두꺼운거 안좋아하는데 오리지널치킨 시키니 딱이에요 바삭하고 얇은 튀김옷이 취향저격 배달도 빠르고 머스타드소스 안먹어서 필요없다고 적었더니 쎈스있게 양념소스로 개보내주셨네요 보틀 선물 감사해요 짱,5,5,5,5,2019년 11월 11일
337,치킨,서초구 방배동,치킨리그-이수점,ne**님,"오리지널치킨 BEST/1,간장소떡/1,양념소떡/1",오리지널치킨에 소떡소떡 간장맛양념맛 주문했어요 오리지널 치킨은 살도 통통 튀김옷도 바삭바삭하니 너무 맛있어요 먹성좋은 아들둘이라 치킨소떡소떡 주문하니 양도 적당하고 소떡소떡도 어린아이들까지 먹을수있는 간장맛에 내가좋아하는 양념맛까지있어 너무 좋아요 배달해서 먹었는데도 따뜻함이 유지되어 왔네요 앞으로 아이들 간식으로 치킨에 소떡소떡 자주 이용할게요,5,5,5,5,2019년 11월 11일
