﻿,Category,Location,Restaurant,UserID,Menu,Review,Total,Taste,Quantity,Delivery,Date
0,치킨,강남구 삼성동,파스타입니다-강남점,pa**님,"베이컨 토마토파스타/1(맛 선택(매콤1단계)),（NEW）대표메뉴 얼큰해장파스타/1(맛 선택(기본))",맛자체는 있습니다 맛있는데 그런데 먹었전 파스타집 중에서 제일 기름져요 면이 얇고 적당히 조리해진거는 마음에 들어요,4,4,4,5,23시간 전
1,치킨,강남구 삼성동,파스타입니다-강남점,ye**님,"오리지널 쉬림프 알리오올리오 파스타/1(맛 선택(기본)),（NEW）대표메뉴 얼큰해장파스타/1(맛 선택(아주칼칼2단계)),호밀빵 3개/2",완전 대만족 담에 또 주문할께요,5,5,5,5,2일 전
2,치킨,강남구 삼성동,파스타입니다-강남점,ch**님,（매출1위）매콤크림 파스타/1(맛 선택(매콤1단계)),진짜 맛있어요 매출위인 이유가 있네요 배달도 빠르고 좋아요,5,5,5,5,2021년 7월 25일
3,치킨,강남구 삼성동,파스타입니다-강남점,ip**님,（매출1위리조또）매콤크림 리조또/1(맛 선택(기본)),정말 맛있고 좋았어요 다음에도 또 시켜먹을 것 같아요,5,5,5,5,2021년 7월 15일
4,치킨,강남구 삼성동,파스타입니다-강남점,98**님,"（매출1위）매콤크림 파스타/1(맛 선택(기본)),（매출2위）우삼겹 알리오올리오 파스타/1(맛 선택(기본),새우 추가 선택(새우 4마리 추가)),（인기）새우필라프/1(맛 선택(기본)),（매출1위리조또）매콤크림 리조또/1(맛 선택(기본)),（리조또）베이컨버섯 크림 리조또/1(맛 선택(기본))",사진이 좀 잘못찍혔네요 맛있습니다 매운거 좋아하시면 단계로 드시길 추천 기본은 먹다보면 약간 느끼하더라구요,5,5,5,5,2021년 7월 14일
5,치킨,강남구 삼성동,파스타입니다-강남점,so**님,"（매출1위）매콤크림 파스타/1(맛 선택(기본)),（곧1위될）차돌짬뽕파스타/1(맛 선택(기본))",개인적으로 꾸덕하고 깊은 맛 나는 걸 좋아하는데 여기 파스타는 그런 건 아니네요 나쁘진 않은데 개취는 아녔어요 배달은 엄청 빨랐어요,4,3,3,5,2021년 7월 12일
6,치킨,강남구 삼성동,파스타입니다-강남점,qw**님,（NEW）대표메뉴 얼큰해장파스타/1(맛 선택(기본)),양이 많아서 좋았습니다,5,5,5,5,2021년 7월 12일
7,치킨,강남구 삼성동,파스타입니다-강남점,at**님,"（매출1위）매콤크림 파스타/1(맛 선택(매콤2단계（아주매워요）)),베이컨 토마토파스타/1(맛 선택(기본)),호밀빵 3개/1",양 많고 맛있어용 빵도 크고 맛있는데 살짝 구워주셨으면 좋았을거 같아요,5,5,5,5,2021년 7월 11일
8,치킨,강남구 삼성동,파스타입니다-강남점,sj**님,"（NEW）대표메뉴 얼큰해장파스타/1(맛 선택(매콤1단계)),（대표） 부채살스테이크＋구운야채/1",별점은 다 드릴게요 그런데 부채살 스테이크 먹을수도없는 부채살 가운데 심은 같이 들어가 잇고 마늘은 꼭지 정리도 안된체 생마늘로 왓어요 수정좀 하셔야될듯,5,5,5,5,2021년 7월 9일
9,치킨,강남구 삼성동,파스타입니다-강남점,sh**님,（매출1위）매콤크림 파스타/1(맛 선택(기본)),맛나게 먹었어요 또 시켜먹을께용,5,5,4,5,2021년 7월 9일
10,치킨,강남구 삼성동,파스타입니다-강남점,ha**님,"（매출1위）매콤크림 파스타/1(맛 선택(기본)),오리지널 쉬림프 알리오올리오 파스타/1(맛 선택(기본)),쉬림프로제 파스타/2(맛 선택(기본)),（매출1위리조또）매콤크림 리조또/1(맛 선택(기본))",조금 늦기는 했지만 맛이 괜찮아요,5,5,5,3,2021년 7월 8일
11,치킨,강남구 삼성동,파스타입니다-강남점,mo**님,"베이컨 까르보나라 파스타/1(맛 선택(매콤1단계)),우삼겹필라프/1(맛 선택(매콤1단계))",추천해요 맛있고 빠르고 좋아요,5,5,5,5,2021년 7월 7일
12,치킨,강남구 삼성동,파스타입니다-강남점,ko**님,"（매출1위）매콤크림 파스타/1(맛 선택(기본)),우삼겹필라프/1(맛 선택(기본)),버팔로윙 4조각/1",시켜먹을때마다 만족입니다,5,5,5,5,2021년 7월 5일
13,치킨,강남구 삼성동,파스타입니다-강남점,so**님,"쉬림프로제 파스타/1(맛 선택(기본)),（인기）새우필라프/1(맛 선택(기본))",배달도 빠르고 음식도 기대이상이네요,5,5,5,5,2021년 7월 3일
14,치킨,강남구 삼성동,파스타입니다-강남점,ai**님,"（매출1위）매콤크림 파스타/1(맛 선택(기본),새우 추가 선택(새우 4마리 추가))",양 피자 라지 한판먹는 사람인데 양은 충분했음 맛 순한맛인데도 약간 매콤했지만 맛있음 배달 주문넣고 분 만에 옴 전체적으로 만족한 식사였습니다,5,5,5,5,2021년 7월 1일
15,치킨,강남구 삼성동,파스타입니다-강남점,il**님,"（Hit）스테이크매콤크림파스타/1(맛 선택(기본),음료 추가 선택(코카콜라（355mL）추가)),버팔로윙／봉 4개/1",막 엄청 맛있다 이건 모르겠지만 그냥 무난했어요 ,5,4,5,5,2021년 6월 30일
16,치킨,강남구 삼성동,파스타입니다-강남점,to**님,"봉골레 파스타/1(맛 선택(기본),추가 선택(새우 4마리 추가))",맛있게 잘 먹었습니다 다만 기본으로 시켰는데 매웠어요 알리오올리오는 기본으로 시켰을때 안매웠는데,5,5,5,5,2021년 6월 29일
17,치킨,강남구 삼성동,파스타입니다-강남점,dr**님,（NEW）대표메뉴 얼큰해장파스타/1(맛 선택(기본)),엄청 신기하고 계속 땡기는맛 ,5,5,5,5,2021년 6월 27일
18,치킨,강남구 삼성동,파스타입니다-강남점,so**님,"（매출1위）매콤크림 파스타/1(맛 선택(매콤1단계),음료 추가 선택(코카콜라（355mL）추가)),（매출2위）우삼겹 알리오올리오 파스타/1(맛 선택(기본)),버팔로윙 4조각/1",배터지게 잘 먹었습니다,5,5,5,5,2021년 6월 18일
19,치킨,강남구 삼성동,파스타입니다-강남점,lw**님,우삼겹필라프/1(맛 선택(기본)),너무 배고파서 사진찍는것도 깜빡하고 흡입래버렸네요  너무너무 맛있게 잘먹었습니다 담에 또 시켜 먹을래요,5,5,5,5,2021년 6월 15일
20,치킨,강남구 삼성동,파스타입니다-강남점,me**님,"（대표）파스타（택1）＋찹스테이크＋음료（택1）/1(파스타 선택(베이컨 토마토 파스타),음료 선택(콜라)),（매출1위）매콤크림 파스타/1(맛 선택(매콤1단계)),베이컨 로제 파스타/1(맛 선택(기본))",챱스테이크 세트 시켰는데 너무 당연하게 음료수가 빠져있어서 이상한점을 못찾을뻔함,3,4,4,1,2021년 6월 13일
21,치킨,강남구 삼성동,파스타입니다-강남점,dk**님,"오리지널 쉬림프 알리오올리오 파스타/1(맛 선택(매콤1단계),음료 추가 선택(코카콜라（355mL）추가))",알리오올리오 제에겐 기름기가 너무 많은 듯,4,3,5,5,2021년 6월 12일
22,치킨,강남구 삼성동,파스타입니다-강남점,dp**님,"（NeW） 스테이크 베이컨로제파스타/1(맛 선택(기본)),버팔로윙 4조각/1",실수로 회사에 시켜서 배달기사님 드시라고 했습니다 맛있어 보여서 집근처로 또 시킬려구요 이건 집근처 파스타입니다 메뉴에요 고기 좀 올렸습니다,5,5,5,5,2021년 6월 3일
23,치킨,강남구 삼성동,파스타입니다-강남점,to**님,오리지널 쉬림프 알리오올리오 파스타/1(맛 선택(기본)),맛있게 잘 먹었습니다 면 추가 할 수 있으면 더 좋겠어요,5,5,5,5,2021년 6월 3일
24,치킨,강남구 삼성동,파스타입니다-강남점,hy**님,（매출1위）매콤크림 파스타/1(맛 선택(기본)),가성비최고맛도맛있고 양도많아요,5,5,5,5,2021년 6월 1일
25,치킨,강남구 삼성동,파스타입니다-강남점,zz**님,"（NEW）대표메뉴 얼큰해장파스타/1(맛 선택(기본)),김치 베이컨 필라프/1(맛 선택(기본))",맛있으면 후기써야지 하고 사진먼저 찍어뒀는데 후기 쓰고 있네요 끝,5,5,5,5,2021년 5월 31일
26,치킨,강남구 삼성동,파스타입니다-강남점,le**님,"（NEW）대표메뉴 얼큰해장파스타/1(맛 선택(아주칼칼2단계)),（리조또）베이컨버섯 크림 리조또/1(맛 선택(기본))",국물이 다새서 왔어요  포장관리잘해주셔야 할것같아요,4,4,4,4,2021년 5월 30일
27,치킨,강남구 삼성동,파스타입니다-강남점,du**님,"（대표）파스타（택1）＋찹스테이크＋음료（택1）/1(파스타 선택(베이컨 까르보나라 파스타),음료 선택(콜라))",맛있고 빨리 도착해서 좋습니다,5,5,5,5,2021년 5월 29일
28,치킨,강남구 삼성동,파스타입니다-강남점,ha**님,"（매출1위）매콤크림 파스타/1(맛 선택(매콤1단계)),떡갈비 1장/1",맛있고 배달빠르고 양많고,5,5,5,5,2021년 5월 28일
29,치킨,강남구 삼성동,파스타입니다-강남점,dm**님,"（곧1위될）차돌짬뽕파스타/1(맛 선택(매콤1단계)),（NeW） 스테이크 베이컨로제파스타/1(맛 선택(기본)),대왕소세지 1개/1,사이다（355mL） 뚱캔/1",양도 많고 짬뽕파스타 진짜 맛있어요,5,5,5,5,2021년 5월 20일
30,치킨,강남구 삼성동,파스타입니다-강남점,po**님,（리조또）쉬림프매콤로제 리조또 기본/1,최소주문금액 적어서 혼자서도 부담없이 시킬 수 있어요  맛있게 잘 먹었습니다,5,5,5,5,2021년 5월 18일
31,치킨,강남구 삼성동,파스타입니다-강남점,09**님,"（매출2위）우삼겹 알리오올리오 파스타/1(맛 선택(기본),새우 추가 선택(새우 4마리 추가)),（곧1위될）차돌짬뽕파스타/1(맛 선택(기본))",파스타 맛있네요 매운게 짬뽕보다 나은듯,5,5,5,5,2021년 5월 16일
32,치킨,강남구 삼성동,파스타입니다-강남점,sc**님,"쉬림프로제 파스타/1(맛 선택(기본)),베이컨 까르보나라 파스타/1(맛 선택(기본)),（인기）새우필라프/1(맛 선택(기본)),해쉬브라운（소스 미포함）3개/2",파스타 소스넉넉하고 면도 맛잇어요 필라프도 잘 먹었어요,5,5,5,5,2021년 5월 8일
33,치킨,강남구 삼성동,파스타입니다-강남점,ks**님,（NEW）대표메뉴 얼큰해장파스타/2(맛 선택(기본)),술도 안마셨는데 해장하는 느낌 얼큰하면서 계속 당기는 맛이 너무 맛있게 먹었어요 사진은 먹는라 못 찍었네요 ,5,5,5,5,2021년 5월 5일
34,치킨,강남구 삼성동,파스타입니다-강남점,co**님,"리조또（택1）＋찹스테이크＋음료（택1）/1(리조또 선택(베이컨버섯 크림 리조또),음료 선택(사이다))",맛있었어요 고기도 질기지 않게 적당히 익혔고 리조또도 너무 느끼지하지 않아서 좋았어요 좀 아쉬운점은 배달은 빨랐는데 미지근해서 맛을 더 음미하지 못했다는 점이 매장에서 먹으면 맛있을 것 같아요 음료수까지 가성비 대비 괜찮은 식사 였습니다 근데 사진을 먹다가 찍어서  ,4,4,4,5,2021년 4월 30일
35,치킨,강남구 삼성동,파스타입니다-강남점,of**님,"오리지널 쉬림프 알리오올리오 파스타/1(맛 선택(매콤1단계)),쉬림프로제 파스타/1(맛 선택(매콤1단계))",맛도 훌륭하고 면도 쫄깃하고 좋았습니다 단 이런 게 나와서 먹다가 잇몸에서 피가 났습니다 아마 조리중에 나무젓가락에서 떨어져 나왔거나 혹은 통후추에 들어있어서 쉐프님이 후추를 뿌리며 알아채지 못하셨을거란 생각이 들어서 남깁니다 아이들이 먹다가 발견되었다면 목구멍으로 넘어가며 큰일날뻔했어요 쉐프님이 일부러 그러신 것도 아니니 이건 실력과는 무관한 일일고  아셔야 할 듯해서 남겨요 나뭇가지인데 암튼 파스타는 정말 맛있었어요,5,5,5,5,2021년 4월 5일
36,치킨,강남구 삼성동,파스타입니다-강남점,tp**님,"（매출1위）매콤크림 파스타/3(맛 선택(매콤1단계)),쉬림프로제 파스타/1(맛 선택(기본))",양도 많고 따끈따끈하게 맛있게 받아서 잘 먹었어요,5,5,5,5,2021년 3월 31일
37,치킨,강남구 삼성동,파스타입니다-강남점,he**님,"（대표）파스타（택1）＋찹스테이크＋음료（택1）/1(파스타 선택(（인기）매콤크림 파스타),음료 선택(콜라))",너무 맛있어서 다 먹고 사진 안찍었다는걸 앎 내일도 더 먹고싶어서 남은 소스에 밥 추가후 리조또 가지 만듦 내일 아침밥도 굳었다 개이득,5,5,5,5,2021년 3월 30일
38,치킨,강남구 삼성동,파스타입니다-강남점,za**님,"（매출1위）매콤크림 파스타/1(맛 선택(기본)),（매출1위）매콤크림 파스타/1(맛 선택(매콤1단계)),（곧1위될）차돌짬뽕파스타/1(맛 선택(매콤1단계)),차돌박이필라프/1(맛 선택(기본))",생각했던것보다 더 맵네요 다음엔 기본을머어야겠어요,3,3,4,3,2021년 3월 28일
39,치킨,강남구 삼성동,파스타입니다-강남점,ig**님,"（리조또）베이컨버섯 크림 리조또/1(맛 선택(기본),추가 선택(스테이크 추가)),（Hit）스테이크매콤크림파스타/1(맛 선택(매콤1단계))",처음시켜봤는데 너무 맛있어요 매콤해서 덜느끼하구 딱인거같아요 배달이 빨라서 좋아용 대박나세용,5,5,5,5,2021년 3월 26일
40,치킨,강남구 삼성동,파스타입니다-강남점,la**님,"（매출1위）매콤크림 파스타/1(맛 선택(매콤1단계)),오리지널 쉬림프 알리오올리오 파스타/1(맛 선택(매콤1단계))",여기서 벌써 몇번째 시켜먹는지 모르겠어요 너무 맛있어요,5,5,5,5,2021년 3월 25일
41,치킨,강남구 삼성동,파스타입니다-강남점,mi**님,"오리지널 쉬림프 알리오올리오 파스타/1(맛 선택(기본)),NEW（치킨 베이컨로제파스타）/1(맛 선택(기본))",주말 배달이라 밀려서 그런지 면이 조금 불었어요 개인적으로 뭔가 쪼금 아쉬운 맛이었습니다,5,4,5,4,2021년 3월 21일
42,치킨,강남구 삼성동,파스타입니다-강남점,sn**님,"（매출2위）차돌박이 알리오올리오 파스타/1(맛 선택(기본)),（NEW）대표메뉴 얼큰해장파스타/1(맛 선택(기본)),（인기）새우필라프/1(맛 선택(기본))",자주 시켜먹는데맛은 그대로인데양이 너무 줄었어요아쉽네요,4,5,3,5,2021년 3월 18일
43,치킨,강남구 삼성동,파스타입니다-강남점,94**님,（매출1위）매콤크림 파스타/1(맛 선택(매콤1단계)),진짜빨리왔어요 넘 맛있게 먹었습니당,5,5,5,5,2021년 3월 17일
44,치킨,강남구 삼성동,파스타입니다-강남점,손님,"（매출1위）매콤크림 파스타/1(맛 선택(기본)),베이컨 로제 파스타/1(맛 선택(기본))",매콤크림파스타 넘맛있어요 앞으로 단골손님이 될듯합니다,5,5,5,5,2021년 3월 12일
45,치킨,강남구 삼성동,파스타입니다-강남점,he**님,（（사장추천））오리지널 쉬림프 알리오올리오 파스타/1(맛 선택(기본)),맛있어욯 알리오올리오인데 자작하지않고 국물이 있는 파스타에욯 그런대로 맛나요 담에 다른 것도 시켜볼게여 ,5,5,5,5,2021년 3월 10일
46,치킨,강남구 삼성동,파스타입니다-강남점,uj**님,（매출1위）매콤크림 파스타/1(맛 선택(매콤1단계)),맛있어요다음엔 새우 추가도 해서 먹으려구요 넘 맛있네요,5,5,5,5,2021년 3월 10일
47,치킨,강남구 삼성동,파스타입니다-강남점,xz**님,（（매출1위））매콤크림 파스타/1(맛 선택(기본-땀아주찔끔날랑말랑 （매콤초보입문자용）)),두 번째 재주문입니다 알리오올리오도 맛있게 먹었었는데 면도 그렇고 완전 맛이 제 취향이에요 가격도 저렴하게 맛있는 파스타 먹을 수 있도록 해주셔서 감사드립니다 앞으로도 번창하세요,5,5,5,5,2021년 3월 4일
48,치킨,강남구 삼성동,파스타입니다-강남점,hi**님,"베이컨 까르보나라 파스타/1(맛 선택(매콤1단계-매콤함 30% 부드러움속에서 은은하게 올라오는 매콤함)),차돌박이필라프/1(맛 선택(기본-매콤 30% , 느끼할수도 있는 필라프를 고추기름으로 조리하여 느끼하지않도록 맛있게 매콤함))",가성비 짱 의외로 파스타보다 필라프가 꿀맛이었닼 강추해여,5,4,5,5,2021년 2월 23일
49,치킨,강남구 삼성동,파스타입니다-강남점,gf**님,（（진짜맛있어요）） 얼큰해장파스타/1(맛 선택(기본)),빠른배달 좋아요 양은 살짝 부족한듯하네요,5,5,5,5,2021년 2월 14일
50,치킨,강남구 삼성동,파스타입니다-강남점,js**님,베이컨 까르보나라 파스타/1(맛 선택(기본-매콤함 0% 부드러움 끝판왕)),까르보나라 맛있었습니다 양은 보통이고 계란은 프라이보다는 날달걀이었으면 더 좋았을거 같네요 면 소스 버섯 마늘 다 좋았습니다 잘 먹었습니다,5,5,4,5,2021년 2월 11일
51,치킨,강남구 삼성동,파스타입니다-강남점,ye**님,（（매출1위））매콤크림 파스타/1(맛 선택(기본-땀아주찔끔날랑말랑 （매콤초보입문자용）)),친구한테 자랑한다고 포카가 없는 사진이 없네요 일단 익스프레스여서 그런지 배달이 엄청 빠르고 뜨끈할때 도착해서 너무 맛있게 먹었습니다 울림엔터에 골든차일드 소속인 군이 브이앱에서 자주 언급하고 같은 멤버인 군도 추천해줘서 시켰는데 왜 추천했는지 알겠더라구요 근데 기본은 맴찔이인 저한테 조금은 맵더라구요 그래서 아예 못드시는분들 그냥 까르보나라 추천해요 다음에도 시켜먹겠습니다 아 그리고 월 일에 골든차일드가 안아줄게로 컴백했는데 한번만 들어주시면 감사할것 같습니다 너무 맛있게 먹었어요,5,5,5,5,2021년 1월 28일
52,치킨,강남구 삼성동,파스타입니다-강남점,wj**님,"（（매출1위））매콤크림 파스타/2(맛 선택(매콤1단계-땀쪼금나고 스트레스해소 （중급자용）)),베이컨 로제 파스타/1(맛 선택(매콤1단계-매콤함 30% 부드러움속에서 은은하게 올라오는 매콤함),추가 선택(새우 4마리 추가)),베이컨 까르보나라 파스타/1(맛 선택(기본-매콤함 0% 부드러움 끝판왕)),（（진짜맛있어요）） 얼큰해장파스타/1(맛 선택(기본))",매운단계를 하니 맛이 변하는거 같아요 기본으로 먹어볼께요,3,3,5,5,2021년 1월 7일
53,치킨,강남구 삼성동,파스타입니다-강남점,dl**님,"（매출1위리조또）매콤크림 리조또/1(맛 선택(기본-땀아주찔끔날랑말랑 （매콤초보입문자용）)),버팔로윙 4조각/1",소스가 저에겐 좀 부족했어요 아주아주 많이 넣어달라고 요청해서 많이 넣어주신거같은데 저는 약간 특이한 입맛이라 소스를 더 넉넉히 먹거든요 소스 오늘보다 더 많이 넣어주신다고 답글 남겨주시면 또 시켜먹을것 같아요 넣어주실수있나요 문의드립니다 리조또 단계매운막 딱 좋게 매콤하니 입맛에딱맞아요 신라면 틈새라면정도는 먹고 붉닭볶음면은 목먹는 사람인데 담에 단계시도해보려구요 단계는 딱 입술 알싸하게 매콤이요 맛있어요 ,4,5,3,5,2021년 1월 6일
54,치킨,강남구 삼성동,파스타입니다-강남점,se**님,（（매출1위））매콤크림 파스타/1(맛 선택(매콤1단계-땀쪼금나고 스트레스해소 （중급자용）)),제가 원하던 그런 맛이에요 굿입니다,5,5,5,5,2021년 1월 3일
55,치킨,강남구 삼성동,파스타입니다-강남점,ko**님,（리조또）베이컨버섯 크림 리조또/1(맛 선택(매콤1단계)),계속 찾던 딱 원하던 맛이었습니다 맛있게 잘 먹었습니다 ,5,5,5,5,2021년 1월 3일
56,치킨,강남구 삼성동,파스타입니다-강남점,ed**님,"（（매출1위））매콤크림 파스타/1(맛 선택(매콤1단계-땀쪼금나고 스트레스해소 （중급자용）),음료 추가 선택(사이다（355mL）추가))",배달 파스타는 첨이지만 정말 맛있게 잘먹었어요 양도 좋고 맛도 좋고 배달도 빠르고 계속 시켜먹을 예정입니다,5,5,5,5,2021년 1월 2일
57,치킨,강남구 삼성동,파스타입니다-강남점,hy**님,（（매출1위））매콤크림 파스타/1(맛 선택(매콤1단계-땀쪼금나고 스트레스해소 （중급자용）)),손편지와 맛깔나는 파스타 맵기 조절이 있어서 의아했는데 적절한 설명인것같네요 딱 그런 매움이 느껴져요 다른 매운 파스타도 먹어보고 싶어졌습니다 파스타로 대박나시고 행복하세요 맛없으면 리뷰 귀찮아서 안쓰는데 맛이 깔끔해서 적고 갑니당,5,5,5,5,2021년 1월 1일
58,치킨,강남구 삼성동,파스타입니다-강남점,lh**님,"（대표）세트（파스타 택1＋찹스테이크＋음료 택1）/1(파스타 선택(（인기）매콤크림 파스타),음료 선택(콜라))",맛있어요 양도 넉넉합니다,5,5,5,5,2021년 1월 1일
59,치킨,강남구 삼성동,파스타입니다-강남점,wk**님,（（매출1위））매콤크림 파스타/1(맛 선택(기본-땀아주찔끔날랑말랑 （매콤초보입문자용）)),맛잇어용 약간 간이쎄요 ,5,5,5,5,2020년 12월 30일
60,치킨,강남구 삼성동,파스타입니다-강남점,ob**님,"（（사장추천））오리지널 쉬림프 알리오올리오 파스타/1(맛 선택(매콤1단계)),（리조또）베이컨버섯 크림 리조또/1(맛 선택(기본))",맛있습니다  배달도 빠르고 요청사항도 잘 지켜주셨어요 ,5,5,5,5,2020년 12월 27일
61,치킨,강남구 삼성동,파스타입니다-강남점,bo**님,"（곧1위될）차돌짬뽕파스타/1(맛 선택(매콤1단계),추가 선택(새우 4마리 추가)),베이컨 까르보나라 파스타/1(맛 선택(매콤1단계-매콤함 30% 부드러움속에서 은은하게 올라오는 매콤함),추가 선택(새우 4마리 추가)),치킨가라아게 5조각/1",맛은 좋은데 양이 많이 부족한듯한데 추가란에 양 추가를 만들어서라도 양 조절이되면 좋을것 같습니다,4,5,2,4,2020년 12월 27일
62,치킨,강남구 삼성동,파스타입니다-강남점,su**님,"베이컨 로제 파스타/1(맛 선택(매콤1단계-매콤함 30% 부드러움속에서 은은하게 올라오는 매콤함),음료 추가 선택(코카콜라（355mL）추가))",파스타 너무 맛있어요 음식 받았을 때 너무 뜨거워서 매장에서 먹는 것 같은 느낌이였어요 양도 많아서 배불리 먹었어요,5,5,5,4,2020년 12월 27일
63,치킨,강남구 삼성동,파스타입니다-강남점,kj**님,"（곧1위될）차돌짬뽕파스타/1(맛 선택(매콤1단계)),（리조또）베이컨버섯 크림 리조또/1(맛 선택(기본))",양많고 맛있어요 어제주문하고 오늘 또 시켰습니닿 번창하세요,5,5,5,5,2020년 12월 24일
64,치킨,강남구 삼성동,파스타입니다-강남점,pr**님,"（（매출1위））매콤크림 파스타/1(맛 선택(매콤1단계-땀쪼금나고 스트레스해소 （중급자용）)),（（사장추천））오리지널 쉬림프 알리오올리오 파스타/1(맛 선택(매콤1단계)),베이컨 까르보나라 파스타/1(맛 선택(기본-매콤함 0% 부드러움 끝판왕)),（（진짜맛있어요）） 얼큰해장파스타/1(맛 선택(기본)),베이컨필라프/1(맛 선택(기본-매콤 30% , 기본적으로 맛있게 매콤함)),（매출1위리조또）매콤크림 리조또/1(맛 선택(기본-땀아주찔끔날랑말랑 （매콤초보입문자용）)),（리조또）베이컨버섯 크림 리조또/1(맛 선택(기본))",맛있어요 배달도빠르고 좋아요 다만 용기에 찾기 쉽게 메뉴명써주시면 좋을것같습니다,5,4,5,5,2020년 12월 23일
