﻿,Category,Location,Restaurant,UserID,Menu,Review,Total,Taste,Quantity,Delivery,Date
0,치킨,마포구 연남동,팔팔쌈닭,je**님,"순살마늘치킨/1,순살파닭치킨/1",배달이 조금 늦었지만 맛있어요,3,3,3,1,5일 전
1,치킨,마포구 연남동,팔팔쌈닭,pl**님,순살닭강정/1,리뷰 달 생각없었는데 너무 맛있고 양도 많아서 올립니다배달와주신 분도너무 친절하시고요 번창하세요 대박임,5,5,5,5,5일 전
2,치킨,마포구 연남동,팔팔쌈닭,rl**님,순살닭강정/1,떡볶이 서비스인지 모르고 동공지진했네여 잘먹겠습니다 양도 많고 엄청 맛있어요,5,5,5,5,2021년 7월 24일
3,치킨,마포구 연남동,팔팔쌈닭,na**님,순살닭강정/1,배달 너무 빨리 오네요 양이 많고 맛있어욤,5,5,5,5,2021년 7월 4일
4,치킨,마포구 연남동,팔팔쌈닭,fe**님,순살닭강정/1,양도 퓨짐하고 맛있었어요,5,5,5,5,2021년 6월 15일
5,치킨,마포구 연남동,팔팔쌈닭,du**님,순살닭강정/1,너무 맛있어요 양도 많아서 좋아요,5,5,5,5,2021년 6월 5일
6,치킨,마포구 연남동,팔팔쌈닭,sk**님,순살파닭치킨/1,파 양이 많아진거같아요너무 행복합니다,5,5,5,5,2021년 6월 1일
7,치킨,마포구 연남동,팔팔쌈닭,sk**님,순살파닭치킨/1,파가 조금만 더 있으면 좋을거같아요 맛있게 잘먹었습니다,5,5,5,5,2021년 5월 28일
8,치킨,마포구 연남동,팔팔쌈닭,zi**님,순살후라이드치킨/1,후라이드 아닌 닭강정이 왔지만 맛있게 잘먹었습니다,5,5,5,5,2021년 5월 11일
9,치킨,마포구 연남동,팔팔쌈닭,pi**님,순살후라이드치킨/1,치킨넘맛있습니다 근데 저는 찍먹이라 소스위에 뿌리지말라고메모남겼는데 후라이드위에 소스가 딱 이제 메모잘봐주세용,4,5,5,4,2021년 5월 5일
10,치킨,마포구 연남동,팔팔쌈닭,eh**님,순살파닭치킨/1,처음 시켜봤는데 겨자가 조금 매웠어요,4,3,3,5,2021년 4월 25일
11,치킨,마포구 연남동,팔팔쌈닭,vk**님,순살닭강정/1,양도 많구 맛있어요 남겨뒀다가 다시 데워먹어도 맛있네용,5,5,5,5,2021년 4월 19일
12,치킨,마포구 연남동,팔팔쌈닭,mi**님,순살닭강정/1,이번에는 서비스로 떡볶이말고 펩시받앗어요서비스 맞겠죠 뭐먹을까 고민할 때 시키는 닭강정 오늘도 역시 맛있게 잘먹었습니다,5,5,5,5,2021년 4월 6일
13,치킨,마포구 연남동,팔팔쌈닭,an**님,순살닭강정/1,여태 먹어본 치킨닭강정 중에 최고입니다 양도 푸짐하고 맛도 좋고 배달도 완벽합니다 오 맙소사 당신은 나를 돼지로 만들 셈인가요 휴가나온 군인이 시켜먹었다가 다음 휴가때도 또 먹을 생각입니다 해시포테이토는 정말 신의 한수 입니다 부디 제가 다시 휴가를 나갈때 까지 번창하셨으면 좋겠습니다,5,5,5,5,2021년 4월 6일
14,치킨,마포구 연남동,팔팔쌈닭,co**님,순살마늘치킨/1,떡볶이랑 감자튀김등의 서비스는 안주는걸로 바뀌었나보네요 어차피 안쓰여 있어서 할말은 없지만 미리 공지라도 하셧으면 실망이 덜했을텐데,3,5,2,4,2021년 4월 4일
15,치킨,마포구 연남동,팔팔쌈닭,gy**님,순살닭강정/1,빠른 배달 감사합니다 이번에는 따뜻하게 잘 배달 왔어욥 그런데 어떤날에는 너무 차가울때가 있어서 올때마다 따뜻하게 오기를 바랍니다 감사합니다,5,5,5,5,2021년 4월 1일
16,치킨,마포구 연남동,팔팔쌈닭,hw**님,순살닭강정/1,치킨과 서비스가 진짜 너무 맛있습니다 잘 먹었습니다,5,5,5,5,2021년 3월 30일
17,치킨,마포구 연남동,팔팔쌈닭,js**님,순살파닭치킨/1,배달이 짱짱짱 빨라요 지금 번째인가 번째 시켜먹음 맛있고 가격도 싸고 짱,5,5,5,5,2021년 3월 25일
18,치킨,마포구 연남동,팔팔쌈닭,pu**님,순살닭강정/1,이미 몇번에 주문 했는지 기억도 안 나요 맛있고 양도 많고 오늘 뭐 먹지 결정을 못 할때는 역시 팔팔쌈닭 결과의 선택 ,5,5,5,5,2021년 3월 16일
19,치킨,마포구 연남동,팔팔쌈닭,so**님,순살닭강정/1,잘 먹었어요 배달도 빨랐답니다,5,4,5,5,2021년 3월 11일
20,치킨,마포구 연남동,팔팔쌈닭,ch**님,순살닭강정/1,떡빼달라고했는데 최근엔 요청사항 안보시는듯하네요 초기에 배달할인으로 알게됬다가 떡맛이상해도 치킨무 얼어서와도 치킨차가운상태에서와도 양많아서 먹었는데 이젠좀 아쉽습니다,1,2,5,3,2021년 3월 9일
21,치킨,마포구 연남동,팔팔쌈닭,cu**님,"순살파닭치킨/1,순살마늘치킨/1,순살닭강정/1",맛있게 잘 먹었습니다 감사합니다,5,5,5,5,2021년 3월 8일
22,치킨,마포구 연남동,팔팔쌈닭,23**님,순살닭강정/1,기대 안했는데 양도 많고 사이다며 감튀며 서비스를 잔뜩 주셨습니다 닭강정 오랜만에 먹는데 물리지도 않고 따뜻한 상태로 와서 더 맛있었습니다 서비스로 주신 감튀는 많이 식어서 에프에 다시 돌렸네요 단 맛이 당겨서 급하게 시켰는데 맛있게 잘 먹었습니다 배달은 분도 안되서 휘리릭 왔습니다,5,5,5,5,2021년 2월 22일
23,치킨,마포구 연남동,팔팔쌈닭,ff**님,순살닭강정/1,전에 친구가 마늘 시켜준거 맛있게 먹은 기억이있어서 시켰어요 서비스로 주신 감튀는 정말 감사했지만 못 먹을 정도였고 강정엔 탄 양념 긁힌 가루라 해야하나요 사진은 먹는데 쓴맛 나서 큰 덩어리 몇개 고른거고요 이런 탄 양념 가루가 엄청 묻어있었어요 마지막 주문이여서 그랬는지 아무튼 요즘 같은 때 힘드신거 알아서 이런 리뷰 남기는거 싫지만 너무 안타까워서 남겨요,3,3,5,3,2021년 2월 21일
24,치킨,마포구 연남동,팔팔쌈닭,rl**님,순살닭강정/1,서비스를 이렇게 많이 챙겨 주실줄은 몰랐네요 양도 푸짐하고 아주 맛있게 잘 먹었습니다,5,5,5,5,2021년 2월 21일
25,치킨,마포구 연남동,팔팔쌈닭,on**님,순살마늘치킨/1,와 배달 너무빠르고 방금 만든 따뜻한 음식 받았습니다 제가 리뷰 잘 안남기는 편인데 너무 맛있네요 감사합니다,5,5,5,5,2021년 2월 20일
26,치킨,마포구 연남동,팔팔쌈닭,s5**님,순살닭강정/1,이가 약해서 항상 떡은 빼고 감자만 넣어달라고 요청에 부탁드리는데 늘 세심하게 잘 보내주셔서 너무 감사합니다 게다가 제가 늘 감자만 찾아서 그런지 오늘은 통통감자까지 서비스로 넣어주셔서 기분좋게 빵 터졌네요 엄청 푸짐한 양에 달달하고 부드러워서 닭강정 생각날 때면 여기에만 시키게 되는거 같아요 번창하세요,5,5,5,5,2021년 2월 19일
27,치킨,마포구 연남동,팔팔쌈닭,ju**님,순살닭강정/1,오랜만에 서울와서 또 시켜요 양도 많고 맛도 좋아요,5,5,5,5,2021년 2월 18일
28,치킨,마포구 연남동,팔팔쌈닭,hw**님,순살닭강정/1,최고입니다 양이 진짜 많고 서비스 순대떡볶이도 맛있습니다 감사합니다,5,5,5,5,2021년 2월 18일
29,치킨,마포구 연남동,팔팔쌈닭,ch**님,순살닭강정/1,배달도 빠르고 사이드 떡이랑 감튀 콜라까지 너무 맛있어요 근데 여기 처음시켜봤는데 원래 차갑게 오는건가요 그런거라면 짧게 문구로 알려주시면 좋을 것같아요  잘먹었습니다,4,4,5,5,2021년 2월 15일
30,치킨,마포구 연남동,팔팔쌈닭,au**님,순살닭강정/1,너무 맛있었어요  나중에 또 주문할게요 ,5,5,5,5,2021년 2월 15일
31,치킨,마포구 연남동,팔팔쌈닭,js**님,순살파닭치킨/1,자주 시켜먹으니까 사장님이 서비스 주심 맛도 대박이구 양도 대박,5,5,5,5,2021년 2월 10일
32,치킨,마포구 연남동,팔팔쌈닭,gs**님,순살닭강정/1,양 엄청나요서비스로 떡볶이랑 감자튀김에 음료까지 보내주셔서 잘못 왔나 착각했었습니다 양념 적당히 매콤달콤해서 좋아요,5,5,5,5,2021년 2월 7일
33,치킨,마포구 연남동,팔팔쌈닭,pu**님,순살닭강정/1,벌써 번에 주문했습니다 정말 맛있고 양이도 많고 배달 정말 빠릅니다,5,5,5,5,2021년 2월 7일
34,치킨,마포구 연남동,팔팔쌈닭,ji**님,"순살파닭치킨/1,순살닭강정/1",감사합니다 잘먹겠습니다,3,5,5,2,2021년 1월 25일
35,치킨,마포구 연남동,팔팔쌈닭,hw**님,순살마늘치킨/1,치킨만 시켰는데 순대떡볶이까지 왔어요 게다가 다 너무 멋있어서 잘 먹었습니다 최고입니다,5,5,5,5,2021년 1월 24일
36,치킨,마포구 연남동,팔팔쌈닭,hw**님,순살닭강정/1,진짜 양이 많고 맛있습니다,5,5,5,5,2021년 1월 24일
37,치킨,마포구 연남동,팔팔쌈닭,pu**님,순살닭강정/1,이미 두번에 시켰는데 정말 맛있고 양이 많아요 앞으로또 주문하겠읍니다 ,5,5,5,5,2021년 1월 22일
38,치킨,마포구 연남동,팔팔쌈닭,pu**님,순살닭강정/1,닭강정이 다 식어서왔고 함께 온 치킨무가 유통기한이 한참 지난것을 보내주셨네요,2,2,2,2,2021년 1월 13일
39,치킨,마포구 연남동,팔팔쌈닭,jo**님,순살닭강정/1,배달은 익스프레스라 빨리 왔는데 음식이 많이 식었네요 대신 양도 푸짐하고 진짜 맛있게 먹었습니다 따뜻했으면 무조건 별다섯개입니다,4,5,5,5,2020년 12월 29일
40,치킨,마포구 연남동,팔팔쌈닭,do**님,순살닭강정/1,순살 밀가루도 별로없고 바삭바삭 너무맛있어요 ,5,5,5,5,2020년 12월 29일
41,치킨,마포구 연남동,팔팔쌈닭,zs**님,순살마늘치킨/1,양은 진짜 많네요 배달붕투 받았을 때부터 그 무게감 느껴집니다 근데 치킨이 좀 눅눅한 거만 좀 아쉽네요,5,4,5,5,2020년 12월 27일
42,치킨,마포구 연남동,팔팔쌈닭,mh**님,순살닭강정/1,양이 엄청 많아서 혼자 먹기 힘들 수 있어요 남은거 다음날 먹어도 맛있어요,5,5,5,5,2020년 12월 23일
43,치킨,마포구 연남동,팔팔쌈닭,le**님,순살닭강정/1,배달도 빠르고 좋습니다,5,5,5,5,2020년 12월 16일
44,치킨,마포구 연남동,팔팔쌈닭,bi**님,순살닭강정/1,양이 엄청 많네요 맛있어요,5,5,5,5,2020년 12월 16일
45,치킨,마포구 연남동,팔팔쌈닭,un**님,순살닭강정/1,배달 진짜 빠르고 양도 정말 많은데 제 입맛 기준으로 많이 짜고요 두 번 배달 중 두 번 모두 미지근했습니다 그치만 튀긴 닭은 식어도 맛있으니까요  밥 반찬으로 좋을 것 같아요,4,3,5,5,2020년 12월 16일
46,치킨,마포구 연남동,팔팔쌈닭,os**님,순살파닭치킨/1,배달은 완전 빨라요  리뷰에는 떡이항 감자가 있던데 여긴 없네요  파닭이라 그런가닭은 미리 튀겨놓은걸 살짝 데워서 와서 빨리 오신것 같아요 배달은 빨랐는데 금방 식었고 튀김 옷도 딱딱하더라구요 맛은 먹을만했어요양도 적당하구요 근데 파가 같이와서 좀 지저분해보이더라구요 반은 같이 반은 따로 주면 좋을것 같네요 ,2,2,4,5,2020년 12월 15일
47,치킨,마포구 연남동,팔팔쌈닭,vb**님,순살닭강정/1,젓가락 있으시면 꼭 한개만 넣어달라고 부탁드렸는데 젓가락은 없으신가봐요  오늘은 너무 눅눅했어요 ,4,4,4,4,2020년 12월 13일
48,치킨,마포구 연남동,팔팔쌈닭,js**님,"순살파닭치킨/1,콜라 355ml/1", 맛있네요 기본 소스도 적당히 달달한데 겨자나 파 매워하는 사람한테는 고여있는 부분 되게 매울수 있으니 참고하시면 될듯 양도 머박,4,5,5,4,2020년 12월 10일
49,치킨,마포구 연남동,팔팔쌈닭,ch**님,순살닭강정/1,닭강정이 먹고 싶어서 시켰는데 감자가 반이네요 닭보다 감자가 먹고 싶을 때 알맞을 것 같네요 통 아래는 감자가 수북하게 아쉽 맛은 무난해요 현재 치킨 조각 감자 조각 먹다가 후기 남김,3,4,2,4,2020년 12월 10일
50,치킨,마포구 연남동,팔팔쌈닭,go**님,순살닭강정/1,다좋은데 정말 다좋아요 근데 식은게왔어요 ,5,5,5,5,2020년 12월 10일
51,치킨,마포구 연남동,팔팔쌈닭,ji**님,순살닭강정/1,양 진짜 너무너무 많아요 전에 마늘강정 먹었는데 그때보단 퍽퍽살이 더 많은 듯해요 그래도 맛있습니다 여러번 나눠 먹겠네요,5,5,5,5,2020년 12월 9일
52,치킨,마포구 연남동,팔팔쌈닭,dr**님,순살파닭치킨/1,늘 맛있게 먹고 있습니다,5,5,5,5,2020년 12월 8일
53,치킨,마포구 연남동,팔팔쌈닭,su**님,순살닭강정/1,양도 많고 맛도 좋네요 살짝 느끼하긴한데 사이다가 같이 와서 또 괜찮았음,5,5,5,5,2020년 12월 7일
54,치킨,마포구 연남동,팔팔쌈닭,an**님,"순살간장치킨/1,순살후라이드치킨/1",맛이나 배달속도 양보다 시킨게 제대로 와야지요 후라이드랑 간장시켜는데 치즈후라이드같은거에 간장후라이드는 청양고추들어가 있어 애들 먹기도 힘들고 사진이랑 너무틀리네요,1,1,1,1,2020년 12월 6일
55,치킨,마포구 연남동,팔팔쌈닭,gi**님,순살닭강정/1,배달 아주 빠릅니다 양도 많아요 혼자 못 먹어욯,5,5,5,5,2020년 12월 5일
56,치킨,마포구 연남동,팔팔쌈닭,kl**님,순살닭강정/1,완전한 단짠맛이에요엄청 자극적이네요,3,2,5,4,2020년 12월 5일
57,치킨,마포구 연남동,팔팔쌈닭,da**님,순살간장치킨/1,좋았어용 양도 많고 혼자 먹기 짱,5,4,4,5,2020년 12월 5일
58,치킨,마포구 연남동,팔팔쌈닭,gh**님,순살후라이드치킨/1,분명히 후라이드를시켰는데 양념이왔네요전화번호도없고뭐죠이건,1,1,5,1,2020년 12월 4일
59,치킨,마포구 연남동,팔팔쌈닭,vb**님,순살닭강정/1,존맛입니다 양도 맛도 최고,5,5,5,5,2020년 12월 2일
60,치킨,마포구 연남동,팔팔쌈닭,ji**님,순살마늘치킨/1,진짜 양 많아요 먹을만큼 먹고 분의 남은듯 또 데워서 먹고 또 먹고 해야겠어요 고기도 부드럽고 맛있고 좋습니당 콜라랑 무랑 같이 오네요 젓가락은 같이 오지 않았어요,5,5,5,5,2020년 12월 2일
61,치킨,마포구 연남동,팔팔쌈닭,so**님,순살닭강정/1,우선 치킨이 차갑게 왔네요 양은 엄청 많은데 좀 느끼해서 반 먹고 나머지는 버렸네요  순수 닭강정 생각하고 시켰는데 그 맛은 아니었어요 참고하세용,3,3,5,5,2020년 12월 2일
62,치킨,마포구 연남동,팔팔쌈닭,sa**님,순살닭강정/1,아침 일찍 시켜서인지 다른 리뷰 사진들처럼 떡이 가지런하게 오지 않고 섞어서 왔지만 괜찮아요 차피 뱃속에 들어가면 똑같으니까오 장점은 양이 많고 떡과 감자도 있어서 좋았고 단점은 튀김이 바삭하진 않고 크기가 좀 큼직하고 젓가락을 따로 안주신다 이정도 가성비 좋아서 먹을만해여,5,4,5,5,2020년 12월 2일
63,치킨,마포구 연남동,팔팔쌈닭,qo**님,순살파닭치킨/1,흠 잘묵었습니당 양은 너무 많아서 좋았지만 쉽게 물리고 강정처럼 차가워서 먹기가 힘들었네용,5,5,5,5,2020년 12월 2일
64,치킨,마포구 연남동,팔팔쌈닭,cr**님,순살간장치킨/1,맛있습니다 가격도 저렴하고요 많이 파세요,5,5,5,4,2020년 12월 1일
65,치킨,마포구 연남동,팔팔쌈닭,le**님,순살닭강정/1,맛있네용  양도 맛도 짱짱,5,5,5,5,2020년 12월 1일
66,치킨,마포구 연남동,팔팔쌈닭,sg**님,순살닭강정/1,잘 먹엇습니다 간은 쎄서 자극적인 맛 싫어하는 분들은 안좋아하실 것 같아요,4,4,5,5,2020년 11월 30일
67,치킨,마포구 연남동,팔팔쌈닭,su**님,순살닭강정/1,양이 아주 많고 떡이랑 해쉬브라운이 같이 있어서 골고루 먹기 좋습니다 튀김상태가 복불복이고 양념이 묽은편이라 닭강정보다는 양념치킨 느낌이에요 튀김옷이 간혹 부서지고 벗겨져서 아쉬운 부분이 있네요 간이 센 편이라 많이 먹을 수 없어서 식사로 하기엔 애매해요,4,3,5,5,2020년 11월 30일
68,치킨,마포구 연남동,팔팔쌈닭,ks**님,순살닭강정/1,익스프레스로 처음시켜봤는데 진짜 배달 빠르네요 양이 진짜 많아요 닭강정만 먹으면 질릴수도 있는데 떡도 있고 감튀도 있어서 안질리고 먹을수 있었어요  다만 조금 아쉬운점은 음식이 차가운 상태로 왔어요배달 무지 빨랐는데 왜 다 식어있을까요 떡도 딱딱하고 치킨도 딱딱해서 씹기가 불편하더라구요딱 양념치킨 시키고 그 다음날 먹는것 같은 느낌이랄까 콜라랑 무도 주시고 맛자체는 정말 맛있어요 따뜻하게 왔으면 더 좋았을것 같네요,5,4,5,5,2020년 11월 30일
69,치킨,마포구 연남동,팔팔쌈닭,sl**님,순살닭강정/1,양이 진짜 많고 바삭해요,5,5,5,5,2020년 11월 30일
70,치킨,마포구 연남동,팔팔쌈닭,da**님,순살닭강정/1,사진순서대로 은 처음양 는 배부르다는느낌왔을때 남은양 은 내일먹을양이네요 많이먹는편인데 양 많고 원래 리뷰안쓰는데 사이다도 같이 주셔서 원래 주시는건지 서비슨지 모르지만 감사한 마음에 잘먹었다는 글 남깁니다 떡감자튀김다 맛있어요 물론 닭강정도,5,5,5,5,2020년 11월 29일
71,치킨,마포구 연남동,팔팔쌈닭,ma**님,순살닭강정/1,배달은 빠르고 음식은 아주 맛있다,5,5,5,5,2020년 11월 29일
72,치킨,마포구 연남동,팔팔쌈닭,손님,순살닭강정/1,항상 최고 신촌 홍대 망원 중 가장 가성비 최고 가격이 조금 조정이있어도 완전 싸고 맛있어요 닭강정집 요기보다 가성비있는 곳 없음 맛도 좋고 값도 싸고 사장님 제발 오래오래 장사해주세요,5,5,5,5,2020년 11월 29일
73,치킨,마포구 연남동,팔팔쌈닭,ny**님,순살닭강정/1,맛과 양 넘넘 만족합니다 진짜 만족하고 있습니다 이 가격에 양과 맛을 다른 곳에서 찾기는 쉽지 않을 듯해요 쪼끔만 더 따뜻하게 배달이 오면 좋을 것 같습니다,5,5,5,5,2020년 11월 28일
74,치킨,마포구 연남동,팔팔쌈닭,jo**님,순살닭강정/1,양도많고 맛도 좋은데 따뜻하지않게와서 떡이 살짝 딱딱하고 감자튀김도 식어서 맛이 좀 안살고 닭은 비교적 바삭하고 맛있어요 콜라도 작은캔아니고 뚱캔이라 굿 온기만 뜨끈하게오면 좋을것같아요,5,4,5,5,2020년 11월 26일
75,치킨,마포구 연남동,팔팔쌈닭,m0**님,순살닭강정/1,배달도 빨리오고 구성도 다양해서 좋았어요 양도 많고 맛있게 잘 먹었습니다 ,5,5,5,5,2020년 11월 26일
76,치킨,마포구 연남동,팔팔쌈닭,hy**님,순살닭강정/1,엄청 빨랐어요 맛있었어요,4,4,4,5,2020년 11월 26일
77,치킨,마포구 연남동,팔팔쌈닭,do**님,순살닭강정/1,강정 자꾸자꾸 손이 가네요 양도 많고 맛도 좋고 자주 주문할게 서비스 쫀드기에 사이다 까지,5,5,5,5,2020년 11월 25일
78,치킨,마포구 연남동,팔팔쌈닭,wi**님,순살후라이드치킨/1,쿠폰줘서 쓴다고 처음 주문하는곳이지만 순살후라이드라고해서 주문했는데 포장상태 엉망이네요 쿠킹호일로 덮어서 고무줄이라니요 특히나 기름이 바깥까지 나와서 아직도 손이 미끄덩 순살후라이드는 튀겼던걸 다시 튀긴것처럼 색이 게다가 자체 밑간이 너무 세서 아이들이 안먹고 남겨서 제가 먹다 저도 버렸네요 사장님은 본인 가족이 먹는다 생각하시고 음식을 만들어주시면 좋겠습니다 다들 힘든 시기에 기운내야하는데 기분이 좋지는않네요,1,1,3,2,2020년 11월 25일
79,치킨,마포구 연남동,팔팔쌈닭,hj**님,순살후라이드치킨/1,가성비 최고 푸짐하고 맛있고,5,5,5,5,2020년 11월 25일
80,치킨,마포구 연남동,팔팔쌈닭,ja**님,순살닭강정/1,별 개 만점에 개 더이상 말필없,5,5,5,5,2020년 11월 25일
81,치킨,마포구 연남동,팔팔쌈닭,nb**님,"순살닭강정/1,콜라 355ml/1",양이 정말 많아서 하루에 이걸로 끼도 가능함 처음 먹을때 강정이랑 떡 먹고 양념 좀 물리면 감자튀김 먹고 마지막에 위에 햇반하나 넣고 전자렌지 돌려서 비벼먹으면 개꿀맛이자나용,5,5,5,5,2020년 11월 25일
82,치킨,마포구 연남동,팔팔쌈닭,ry**님,순살닭강정/1,빨리 왔어욤 감튀 떡강정 닭강정 같이 있구요 감튀는 그 맛감자입니당 전 나름 맛있게 먹었어요,5,5,5,5,2020년 11월 24일
83,치킨,마포구 연남동,팔팔쌈닭,lv**님,순살닭강정/1,배달 진짜 빠르고 양도 많아요 맛도 좋지만 미리 해놓은 것 같아요 좀 많이 식어서 아쉽네요,5,5,5,5,2020년 11월 24일
84,치킨,마포구 연남동,팔팔쌈닭,ap**님,순살닭강정/1,너무 마시써용 양도 진짜 많아서 며칠 먹을 수 있을듯,5,5,5,4,2020년 11월 23일
85,치킨,마포구 연남동,팔팔쌈닭,ji**님,순살닭강정/1,일회용품 많이 안나오게 포장이 깔끔해서 좋아요 사이다 좋아하는데 콜라 말고 사이다가 같이 와서 더 좋아요 닭강정 땡겨서 주문했는데 꽤나 오래 접수가 안되서 취소신청했더니 사장님이 깜박하시고 요리는 하고 계셨는지 그 후에 접수되고서부터 분만에 온 것 같아요 맛있어요,5,5,5,5,2020년 11월 23일
86,치킨,마포구 연남동,팔팔쌈닭,dr**님,순살닭강정/1,나죽어요 사장님 너무 맛있어요,5,5,5,5,2020년 11월 22일
87,치킨,마포구 연남동,팔팔쌈닭,lh**님,순살닭강정/1,양이랑 맛을 봤을 때 가성비 좋아요,4,4,5,5,2020년 11월 22일
88,치킨,마포구 연남동,팔팔쌈닭,02**님,순살마늘치킨/1,이십분만에 배달 왔는데 눅눅하게 치킨 튀김 껍데기가 벗겨져서 왔네요,1,1,5,5,2020년 11월 22일
89,치킨,마포구 연남동,팔팔쌈닭,py**님,순살닭강정/1,양 엄청 많고 맛있네요,5,5,5,5,2020년 11월 21일
90,치킨,마포구 연남동,팔팔쌈닭,ad**님,순살후라이드치킨/1,항상 잘먹고 있습니다 후라이드와 강정의 차이점은 잘 모르겠지만,5,5,5,5,2020년 11월 19일
91,치킨,마포구 연남동,팔팔쌈닭,ja**님,순살닭강정/1,양도 많고 맛도 좋은 데다가 배달도 너무 빨라서 너무 좋아요,5,5,5,5,2020년 11월 15일
92,치킨,마포구 연남동,팔팔쌈닭,손님,순살닭강정/1,까맣게 탄걸 안에 깊숙히 ,3,2,3,5,2020년 11월 15일
93,치킨,마포구 연남동,팔팔쌈닭,ko**님,순살닭강정/1,저번에 아주 맛있었길래 다시 시켰는데 좀 식고 딱딱한 걸로 왔네요 미리 해놓은 것 같은 맛 아쉬었습니다,4,4,5,5,2020년 11월 13일
94,치킨,마포구 연남동,팔팔쌈닭,dk**님,순살닭강정/1,한줄평 음식가지고 장난 안치는집,5,5,5,5,2020년 11월 13일
95,치킨,마포구 연남동,팔팔쌈닭,ny**님,"순살마늘치킨/1,순살닭강정/1",배달속도와 양은 여전히 최고입니다 오늘 닭강정에서 약간 비릿한 냄새가 나서 닭강정은 조금 버려야했네요 마늘닭강정은 잘먹었습니다,3,2,5,5,2020년 11월 12일
96,치킨,마포구 연남동,팔팔쌈닭,le**님,순살닭강정/1,맛잇어용 같이 들어있는 감튀가 좋았어요,4,4,4,4,2020년 11월 12일
97,치킨,마포구 연남동,팔팔쌈닭,as**님,순살닭강정/1,양이 정말많아요 닭강정 자체도 많은데 떡이랑 감자튀김까지 있네요 사장님 인심이 후하신듯합니다 음 조금많이 달고요 뿌려진 땅콩이 향이 너무강해서 닭강정 향이 좀 흐려지는것같요 좀 덜 달면 더 맛있게먹을것같아요,4,5,5,5,2020년 11월 11일
98,치킨,마포구 연남동,팔팔쌈닭,wl**님,순살닭강정/1,맛도 있고 양이 보기보다 엄청 많네요 두번에 나눠 먹었어요 사이다도 같이 오고 담에 또 시켜먹을거 같아요 최고,5,5,5,5,2020년 11월 10일
99,치킨,마포구 연남동,팔팔쌈닭,ro**님,순살닭강정/1,젓준문인데 맛있어요 량이 많고 배달 아자씨 처음에 주소를 잘못 찾았지만 제가 전화한 후에 금방 들어와서 다시 배달했어요 감사했어요,5,4,5,4,2020년 11월 8일
100,치킨,마포구 연남동,팔팔쌈닭,re**님,순살닭강정/1,빠르고 맛있고 마늘보다 기본이 더 양 많은 것 같아여 그 뭐냐 부서지는감자튀김굿,5,5,5,5,2020년 11월 8일
101,치킨,마포구 연남동,팔팔쌈닭,zl**님,순살닭강정/1,양이 푸짐해서 깜놀 맛있네요,5,5,5,5,2020년 11월 7일
102,치킨,마포구 연남동,팔팔쌈닭,ja**님,순살닭강정/1,맛이 좋고 양도 많습니다 다만 약간 텁텁한 향이 나네요,5,4,5,5,2020년 11월 7일
103,치킨,마포구 연남동,팔팔쌈닭,ko**님,순살닭강정/1,리뷰 보고 주문했는데 진짜 맛있어요 떡도 감자볼도 다 맛있어요 양은 제가 반으로 나눠서 두번 먹었어요 추천드립니다,5,5,5,5,2020년 11월 6일
104,치킨,마포구 연남동,팔팔쌈닭,le**님,순살닭강정/1,주문접수가 좀 느리긴 한데 배달은 진짜 빠르네용 맛있어용,5,5,5,4,2020년 11월 6일
105,치킨,마포구 연남동,팔팔쌈닭,ma**님,"순살마늘치킨/1,순살후라이드치킨/1",너어어어무 맛있어요 이정도면 대박이죠  외국인의 추천  맛있게 잘 먹었습니다 배달도 빠르고 좋았어요,5,5,5,5,2020년 11월 5일
106,치킨,마포구 연남동,팔팔쌈닭,gu**님,순살닭강정/1,완전 솔직한 후기 맛 충분히 맛 있음 양 충분히 많음 가성비  맛 굿굿,5,5,5,5,2020년 11월 3일
107,치킨,마포구 연남동,팔팔쌈닭,nh**님,순살닭강정/1,배달 맛 만족하는데 요청사항 좀 봐주세요,4,4,4,4,2020년 11월 2일
108,치킨,마포구 연남동,팔팔쌈닭,sn**님,순살닭강정/1,리뷰가 좋아서 구매해 보았는데 너무 맛있어서 한꺼번에 다 먹어버렸네요 떡도 쫀득쫀득 했어요 또 주문할께요,5,5,5,5,2020년 11월 1일
109,치킨,마포구 연남동,팔팔쌈닭,go**님,"순살후라이드치킨/1,순살닭강정/1",와우 진짜맛있습니다 너무잘먹었어요 대박이에요,5,5,5,5,2020년 10월 31일
110,치킨,마포구 연남동,팔팔쌈닭,y9**님,순살닭강정/1,매장에서 사먹었을때도 너무 맛있어서 배달시켰는데 역시 존맛 매장에서도 배달도 양 혜자예요 다들 시켜드세요맥주랑 딱 먹고 싶은 맛입니다,5,5,5,5,2020년 10월 31일
111,치킨,마포구 연남동,팔팔쌈닭,vc**님,"순살마늘치킨/1,순살닭강정/1",보통 치킨 두번에 나눠먹어서 만원치 사고 쪼개먹음 되겠지 했는데 일째 놓고 먹음,5,5,5,5,2020년 10월 31일
112,치킨,마포구 연남동,팔팔쌈닭,pg**님,순살닭강정/1,양도 많고 배달도 빨리 왔는데 떡은 딱딱하고 감자도 다 식어서 질겨요 전반적으로 하나도 안 따뜻하네요 매장이랑 멀리 떨어진 곳도 아닌데,2,2,4,4,2020년 10월 30일
113,치킨,마포구 연남동,팔팔쌈닭,su**님,순살닭강정/1,푸짐푸짐해요 그리고 떡 밑에 알감자라고 하나요 감자도 있어요,5,5,5,5,2020년 10월 30일
114,치킨,마포구 연남동,팔팔쌈닭,ri**님,순살닭강정/1,배달 빨리 와서 너무 좋아요 양이 많고 맛있었어요 카레 맛이 좀 났어요 양이 너무 많어서 남겨두고 다음날도 먹었어욬 잘 먹었습니다,5,5,5,5,2020년 10월 28일
115,치킨,마포구 연남동,팔팔쌈닭,na**님,"순살닭강정/1,콜라 355ml/1",맛과 양과 신속배달까지 다 잡았네요,5,5,5,5,2020년 10월 28일
116,치킨,마포구 연남동,팔팔쌈닭,yu**님,순살닭강정/1,정말 짜지만 맛은 있어요,4,3,5,5,2020년 10월 28일
117,치킨,마포구 연남동,팔팔쌈닭,ma**님,"순살마늘치킨/1,사이다 355ml/1",갈릭치킨 먹었던것중에 가장 맛있었어요 양이 조금만 더 많았으면 좋았을거 같아요,5,5,4,4,2020년 10월 26일
118,치킨,마포구 연남동,팔팔쌈닭,fy**님,순살간장치킨/1,처음에 주문했는데 너무 맛있어여 ,5,5,5,5,2020년 10월 25일
119,치킨,마포구 연남동,팔팔쌈닭,kh**님,순살닭강정/1,맛과 양 배달속도 다 맘에 듭니다 가성비 굿이네요,5,5,5,5,2020년 10월 25일
120,치킨,마포구 연남동,팔팔쌈닭,rh**님,순살닭강정/1,생각보다 양이 많았어요,5,5,5,5,2020년 10월 25일
121,치킨,마포구 연남동,팔팔쌈닭,rl**님,순살닭강정/1,배달완료뜨고 하도 안오길래 봤는데 제가 번호가 바꼈엇네여 차갑게 먹어서 그렇지만 맛있게잘먹엇어여,5,5,5,5,2020년 10월 24일
122,치킨,마포구 연남동,팔팔쌈닭,ci**님,순살후라이드치킨/1,양이 많고 배달도 아주 빨라요 덕분에 맛있게 먹었어요,5,5,5,5,2020년 10월 23일
123,치킨,마포구 연남동,팔팔쌈닭,ld**님,순살마늘치킨/1,양아 어마무시하게 많아서 좋습니다,5,4,5,5,2020년 10월 23일
124,치킨,마포구 연남동,팔팔쌈닭,tl**님,순살파닭치킨/1,배달 빠르네요 잘먹겠습니다,5,5,5,5,2020년 10월 20일
125,치킨,마포구 연남동,팔팔쌈닭,rk**님,순살닭강정/1,배달 빠르게 잘 받았어요,5,5,5,5,2020년 10월 20일
126,치킨,마포구 연남동,팔팔쌈닭,nd**님,순살닭강정/1,맛있고 양 많은데 떡이 좀 차가워요,5,5,5,5,2020년 10월 19일
127,치킨,마포구 연남동,팔팔쌈닭,vd**님,순살닭강정/1,사진은 없구요 맛있어요 익스프레스짱짱,5,5,5,5,2020년 10월 18일
128,치킨,마포구 연남동,팔팔쌈닭,tn**님,순살파닭치킨/1,파닭진짜 신촌에서 먹은속중에 제일 맛있어여 양은 진짜 진짜 맛네요 담에또 시켜먹을께요,5,5,5,5,2020년 10월 17일
129,치킨,마포구 연남동,팔팔쌈닭,ch**님,순살닭강정/1,양 많고 맛있는데 오면서 좀 식어온 것 같아요 별개로 배달기사님한테 문 앞에 놓고 가시라고 했더니 본인이 못 들었다고 화내고 소리 지르시고 가네요  내려가면서 욕은 왜 하시나요 무서워서 배달 시키겠나요 그냥 배달 일을 하지 마세요 ,5,5,5,1,2020년 10월 16일
130,치킨,마포구 연남동,팔팔쌈닭,co**님,순살닭강정/1,처음 주문했는데 너무 맛있네요양도 많고 그리고 배달 진짜 빨라요 굿,5,5,5,5,2020년 10월 16일
131,치킨,마포구 연남동,팔팔쌈닭,sg**님,순살닭강정/1,가성비 맛집 감사합니다 배달비 할인할 때 자주먹어여,5,5,5,5,2020년 10월 15일
132,치킨,마포구 연남동,팔팔쌈닭,yk**님,"순살닭강정/1,사이다 355ml/1",위에 소스안뿌리시는게 나을거같아요 느끼합니다,4,4,5,5,2020년 10월 13일
133,치킨,마포구 연남동,팔팔쌈닭,ki**님,순살닭강정/1,약간 딱딱했지만 맛있게 먹었습니다,4,4,5,5,2020년 10월 13일
134,치킨,마포구 연남동,팔팔쌈닭,ad**님,순살닭강정/1,오랜만의 팔팔닭강정을 먹었습니다 여전히 자극적이고 양많은 맛있는 닭강정이었습니다 ,5,5,5,5,2020년 10월 11일
135,치킨,마포구 연남동,팔팔쌈닭,tn**님,순살간장치킨/1,양이 정말 많아요 바삭함은 덜하지만 구라도 맛있고 싸고 양많우니 자주 먹을께요,5,5,5,5,2020년 10월 10일
136,치킨,마포구 연남동,팔팔쌈닭,ca**님,순살마늘치킨/1,마늘 맛이 다소 아쉽지만 맛있습니다 메뉴 사진처럼 마늘이 보이는 그런 치킨은 아닙니다,4,3,4,5,2020년 10월 7일
137,치킨,마포구 연남동,팔팔쌈닭,go**님,순살닭강정/1,많아봤자 얼마나 많겠어 하고 시켰는데 진짜 많네요 밑에 깔린 감자도 맛잇엇고 가성비 최곱니다,5,5,5,5,2020년 10월 6일
138,치킨,마포구 연남동,팔팔쌈닭,sh**님,순살닭강정/1,맛이랑 양이랑 다 장난아님 하루종일 먹어도 남아욬,5,5,5,5,2020년 10월 5일
139,치킨,마포구 연남동,팔팔쌈닭,xo**님,순살파닭치킨/1,양 맛 배달 전부 좋습니다,5,5,5,5,2020년 10월 4일
140,치킨,마포구 연남동,팔팔쌈닭,bu**님,순살닭강정/1,주인장한텐 미안하지만 냉동닭인 듯 먹다가 진짜 버렸습니다 다른 요리방식이면 좋겠네요,1,1,3,5,2020년 10월 3일
141,치킨,마포구 연남동,팔팔쌈닭,sl**님,순살닭강정/1,좀 짜요근데 요청사항 좀 봐주시겠어요,3,4,5,5,2020년 10월 3일
142,치킨,마포구 연남동,팔팔쌈닭,sg**님,순살닭강정/1,자주 시켜먹습니다아아아,5,5,5,5,2020년 9월 24일
143,치킨,마포구 연남동,팔팔쌈닭,tn**님,순살닭강정/1,배달이 진짜 빨리 와서 만족스러웠는데 양이 정말 많네요  저는 한 일은 먹을것 같습니다 닭강정에 떡에 감자튀김까지 구성도 알차고 맛있습니다,5,5,5,5,2020년 9월 22일
144,치킨,마포구 연남동,팔팔쌈닭,sl**님,순살닭강정/1,배달 엄청 빠른데 치킨은 식은거에요,2,2,5,5,2020년 9월 22일
145,치킨,마포구 연남동,팔팔쌈닭,gr**님,순살닭강정/1,첫주문인데도 배달도 빨리오고 양도 많이 주셨네요 감사합니다,5,5,5,5,2020년 9월 21일
146,치킨,마포구 연남동,팔팔쌈닭,re**님,순살마늘치킨/1,배달은 빠른데 주문접수가 느려요 저번에도 그랬었는데  그래도 다른가게에비해 배달이빠르니 좋아요 처음 여기거 먹고 양진짜많아서 완전 쩐다 했거든요 맛도 있구 마늘치킨도 짱 맛있지만 기본 닭강정보다는 양이 살짝 아쉬운 느낌 떡이랑 감튀가 없어서 그런가 그래도 맛은 짱이에요 감튀서비스도 넘 강사합니다,4,5,4,5,2020년 9월 21일
147,치킨,마포구 연남동,팔팔쌈닭,em**님,순살닭강정/1,두 번째 시킵니다 양이 많아서 매번 놀랍고 감사합니다,5,5,5,5,2020년 9월 20일
148,치킨,마포구 연남동,팔팔쌈닭,je**님,순살닭강정/1,양 진짜 많고 엄청 맛있어요 조금 짜긴 짠데 닭강정은 원래 맵고짜게 먹는거여서 맛있게 먹었습니다,5,5,5,3,2020년 9월 18일
149,치킨,마포구 연남동,팔팔쌈닭,gj**님,순살닭강정/1,가성비 인정 양 갓나 많네여 콜라에 감튀까지 맛도 충분히 맛있음 찜등록 하겠읍니다,5,5,5,5,2020년 9월 18일
150,치킨,마포구 연남동,팔팔쌈닭,sy**님,"순살후라이드치킨/1,순살닭강정/1",리뷰처럼 양이 많아요 게다가 맛있어요 빠른 배달도 너무 맘에들고 특히 떡볶이 떡 맛있어요,5,5,5,5,2020년 9월 16일
151,치킨,마포구 연남동,팔팔쌈닭,pr**님,순살닭강정/1,양도 푸짐하고 맛있게 잘 먹었습니다,5,5,5,5,2020년 9월 13일
152,치킨,마포구 연남동,팔팔쌈닭,lj**님,순살닭강정/1,진짜 너무 맛있어요 이가격에 이양이라니 감자튀김도 감사합니다,5,5,5,5,2020년 9월 12일
153,치킨,마포구 연남동,팔팔쌈닭,zh**님,순살닭강정/1,맛은 있는데 닭비린내가 좀 있고 짠편이에요,3,3,5,4,2020년 9월 12일
154,치킨,마포구 연남동,팔팔쌈닭,zh**님,순살닭강정/1,맛은 있는데 닭비린내가 좀 있고 짠편이에요,3,3,5,4,2020년 9월 12일
155,치킨,마포구 연남동,팔팔쌈닭,eh**님,순살닭강정/1,배달 빠르고 양 많아요,5,5,5,5,2020년 9월 9일
156,치킨,마포구 연남동,팔팔쌈닭,su**님,순살닭강정/2,소스도 맛있고 양도 엄청많네요 그런데 닭에서 비린내가 좀 나요,4,3,5,5,2020년 9월 9일
157,치킨,마포구 연남동,팔팔쌈닭,kj**님,"순살마늘치킨/1,순살닭강정/1",서비스 감사합니다 맛있게 잘먹겠습니다,5,5,5,5,2020년 9월 9일
158,치킨,마포구 연남동,팔팔쌈닭,ha**님,순살닭강정/1,양도 정말 많고 너무 맛있어요  최고,5,5,5,5,2020년 9월 8일
159,치킨,마포구 연남동,팔팔쌈닭,qu**님,순살후라이드치킨/1,무 제발 주지말라고 했는데 번이나왔어요 제대로 보고 보내주셨으면 좋겠어요,4,3,4,3,2020년 9월 4일
160,치킨,마포구 연남동,팔팔쌈닭,ja**님,"순살닭강정/1,콜라 355ml/1",양이매우많아서 혼자서는 불가능합니다그래도 맛있었어요,4,4,5,4,2020년 9월 3일
161,치킨,마포구 연남동,팔팔쌈닭,xi**님,순살닭강정/1,여기가 진짜예요 닭강정 다 거기서 거기 아니냐 하시는 분들 여기서 먹으면 감동한다에 제 닭다리 걸어요 진짜 양도 엄청 많은데 맛까지 있어요 진짜 엄청 맛있습니다 글에 진짜 만 번 들어갈 정도로 맛있어요 비오는데도 배달시간 엄수해주시고 완전 추천 ,5,5,5,5,2020년 9월 2일
162,치킨,마포구 연남동,팔팔쌈닭,re**님,순살닭강정/1,이 가격에 이 퀄리티 진짜 미쳤음 가격이 저렴해서 냄새나는 닭이면 어쩌지했는데 놉 순살치킨 같아요 처음에는 떡이 넘 많다고 생각했는데 그렇다고 닭이 적은것도 아님 바닥에 감튀로 밑장깔기 했는데 포테이토 펍스라 너무 좋았어요  따로 온 감튀는 서비스 같은데 조금 더 튀겨졌으면 좋을듯 조금 퍽퍽하고 뭉친 느낌 하지만 안 남기고 다 먹었어여  이 마음 이 맛 이 양 이 가격 잃지마시고 오래오래 장사해주세요  너무 맛있게 잘 먹었습니다 다음에 또 시킬게요,5,5,5,4,2020년 9월 2일
163,치킨,마포구 연남동,팔팔쌈닭,sw**님,"순살간장치킨/1,순살닭강정/1,콜라 355ml/1",맛있고 양도 충분하고 배달 또한 빨라서 좋아요 서비스로 사탕도 개나 보내주셨어요 강추드립니다 ,5,5,5,5,2020년 8월 31일
164,치킨,마포구 연남동,팔팔쌈닭,em**님,순살닭강정/1,처음 시켜먹는데 맛있어요 그리고 배달 기사님도 친절하시고 너무 만족합니다,5,5,5,5,2020년 8월 31일
165,치킨,마포구 연남동,팔팔쌈닭,jb**님,순살닭강정/1,맛있고 양 엄청 많음 만원이지만 인이 먹어도 배부름,5,5,5,5,2020년 8월 29일
166,치킨,마포구 연남동,팔팔쌈닭,sl**님,순살닭강정/1,콜라랑 무는 안먹고 버리는게 아까워서 주지 말라고 했는데 왜 매번 같이 온거죠 요청사항 좀 봐주시겠어요,3,5,5,5,2020년 8월 29일
167,치킨,마포구 연남동,팔팔쌈닭,ko**님,"순살파닭치킨/1,순살닭강정/1",리뷰가 하나같이 좋아서 믿고 주문했어요 주문한 것 들고 들어오는데 무겁더라구요 한낱 닭강정의 무게가 아니더랬어요 열어보고는 더 놀랐네요 양이 어마어마해요 혹 모자랄까 두 개 시켰는데 하나로도 충분했겠더군요 게다가 감튀 서비스 감동이구요 음료수 키작은 애 아니구 키큰 뚱캔이에요 이렇게 양도 많고 서비스까지 좋으면 맛은 좀 떨어져도 그런가보다 하겠는데 맛 또한 끝내줍니다 계속 감탄하며 먹었습니다 사장님 이래서 뭐가 남으시려나 걱정됩니다 자주 주문해 먹을게요 너무 과장된 리뷰같겠지만 진실이에요,5,5,5,5,2020년 8월 26일
168,치킨,마포구 연남동,팔팔쌈닭,so**님,순살닭강정/1,리뷰이벤트 없으면 거의 리뷰같은거 쓰지도 않는 사람인데 이 집은 정말 사람들이 많이 알아야합니다 원에 이정도로 양이 혜자롭고 맛도 진짜 엄청 맛있습니다 다른집 어느 닭강정보다도 최고에요  진짜 두번 세번 시켜드세요,5,5,5,5,2020년 8월 26일
169,치킨,마포구 연남동,팔팔쌈닭,pk**님,순살파닭치킨/1,이 집 뭐임 레게노 자주먹을게요,5,5,5,5,2020년 8월 26일
170,치킨,마포구 연남동,팔팔쌈닭,51**님,순살후라이드치킨/1,감자튀김 폭탄에 약간 술집안주 스탈의 후라이드치킨이에요 바삭함은 좀 덜하지만 가성비 최고,5,4,5,5,2020년 8월 24일
171,치킨,마포구 연남동,팔팔쌈닭,xi**님,순살닭강정/1,여기 진짜 최고입니다 닭강정 먹고 싶어서 찾아보다가 시켜서 먹어봤는데 배달 양 서비스 면에서 다 좋았어요 이런곳은 진짜 돈쭐 나야해요너므 맛있어요,5,5,5,5,2020년 8월 23일
172,치킨,마포구 연남동,팔팔쌈닭,손님,순살닭강정/1,맛있었어요 잘 먹었습니다,5,5,5,5,2020년 8월 23일
173,치킨,마포구 연남동,팔팔쌈닭,sg**님,순살닭강정/1,잘먹었읍니다요오오오오오,5,5,5,5,2020년 8월 19일
174,치킨,마포구 연남동,팔팔쌈닭,sl**님,순살닭강정/1,조금 짜요 배달 엄청 빠르고요,5,5,5,5,2020년 8월 18일
175,치킨,마포구 연남동,팔팔쌈닭,73**님,순살닭강정/1,너무 맛있어요 항상 여기서만 시켜요,5,5,5,5,2020년 8월 13일
176,치킨,마포구 연남동,팔팔쌈닭,sa**님,순살후라이드치킨/1,치킨만 시켰는데 떡볶이와 감자튀김을 서비스로 받았어요 정말 감사합니다 잘 먹었습니다 배달직원도 되게 친절해요,5,5,5,5,2020년 8월 6일
177,치킨,마포구 연남동,팔팔쌈닭,ga**님,순살닭강정/1,와 잘못온줄알았어요 양 맛 지립니다,5,5,5,5,2020년 8월 6일
178,치킨,마포구 연남동,팔팔쌈닭,my**님,순살닭강정/1,비오는데 따뜻하게 빠르게 배달 감사합니다 근데 여기 혹시 김혜자씨가 운영하시나요 아니면 취미로 닭강정 파시나요 아니면 자선사업가 양 뭐죠 혹시 제가 잘못 시킨 건가요아니잖아요 혼자 파티 했네요 혹시 잘못주신 거라도 잘먹었구 잘 주신거라면 더더욱 잘먹었습니다 개취겠지만 제입엔 조금 짜지만 그래도 맛있는 편이고 무엇보다 양이 너무 많아 혼자 다 못먹어요 오늘 저녁내일 아침점심까지 먹겠습니다 닭강정으로 세끼 해결,5,5,5,5,2020년 8월 5일
179,치킨,마포구 연남동,팔팔쌈닭,sl**님,순살닭강정/1,맛있어요 서비스 감사합니다,5,5,5,5,2020년 8월 5일
180,치킨,마포구 연남동,팔팔쌈닭,gy**님,순살닭강정/1,배달 빨리 와서 좋네요 항상 양도 많으니 좋습니다 감사합니다,5,5,5,5,2020년 8월 3일
181,치킨,마포구 연남동,팔팔쌈닭,sl**님,순살닭강정/1,양이 많은데 맛이 예전보단 좀 짜요,4,4,5,5,2020년 7월 23일
182,치킨,마포구 연남동,팔팔쌈닭,mo**님,순살닭강정/1,가격대비 푸짐하게 먹었어요,5,5,5,5,2020년 7월 18일
183,치킨,마포구 연남동,팔팔쌈닭,sl**님,순살닭강정/1,맛있어요 서비스도 좋아요,5,5,5,5,2020년 7월 12일
184,치킨,마포구 연남동,팔팔쌈닭,ch**님,순살닭강정/1,번째 시켜먹는데 이번건 아쉽네요 무는 전체다 얼어있고 닭은 튀김이 딱딱하네요 이번건 좀 심해서 그냥 버렸어요 지금까지 만족했어서 별은개드립니다,2,1,5,5,2020년 7월 8일
185,치킨,마포구 연남동,팔팔쌈닭,ad**님,순살닭강정/1,강정은 팔찰쌈닭입니다 맛있고 양이 많으니까 그게 맛집이니까,5,5,5,5,2020년 7월 1일
186,치킨,마포구 연남동,팔팔쌈닭,mi**님,순살닭강정/1,양 엄청나요  잘 먹었습니다,5,5,5,5,2020년 6월 28일
187,치킨,마포구 연남동,팔팔쌈닭,73**님,순살닭강정/1,제 인생맛집 찾앗네요 닭강장 너무 맛있고 양도 많고 사장님이 요청사항까지 다 들어주셨어요 또 올게요,5,5,5,5,2020년 6월 27일
188,치킨,마포구 연남동,팔팔쌈닭,pj**님,순살닭강정/1,하 싼게 비지떡이라고 했던가 가격대비 양은 많다 문제는 는 버렸다 닭강정만 이런건가,2,1,3,5,2020년 6월 25일
189,치킨,마포구 연남동,팔팔쌈닭,zh**님,순살마늘치킨/1,제 입맛에 잘 맞아서 맛있게 먹었어요,5,5,5,5,2020년 6월 18일
190,치킨,마포구 연남동,팔팔쌈닭,ch**님,순살닭강정/1,양이 많습니다 가격대비 ,4,4,4,4,2020년 6월 16일
191,치킨,마포구 연남동,팔팔쌈닭,dk**님,순살닭강정/1,만원짜리 시켰는데 셋이 먹어도 조금 남을정도로 양이 많네요 담에 또 시켜먹어야겠어요,5,5,5,5,2020년 6월 15일
192,치킨,마포구 연남동,팔팔쌈닭,ga**님,순살닭강정/1,맛있는 음식 감사합니다 ,5,5,5,5,2020년 6월 14일
193,치킨,마포구 연남동,팔팔쌈닭,kj**님,순살닭강정/1,리뷰에 양많다고하길래 별로 안많아 보이던데 하고 시켰다가 놀랐어요 떡에 감자에 치킨도많고 심지어 맛도있어요 원래 리뷰이벤트 없으면 귀찮아서 리뷰잘안쓰는데 여긴 추천하고 싶어서 씁니다 맛있어용,5,5,5,5,2020년 6월 14일
194,치킨,마포구 연남동,팔팔쌈닭,ji**님,순살닭강정/1,어플에 나온 배달 예상 시간보다 훨씬 빨리 도착해서 놀랐어요 양도 굉장히 많아서 남자 혼자서도 다 못 먹고 남겼네요 진짜  인분 같은  인분이 이럴 때 쓰는 말이더라도요 따끈따끈할 때 배달되서 맛있게 잘 먹었습니다 튀김 상태는 괜찮았어요 좀 짭잘하니 콜라랑만 먹으니 조금 느끼하긴 했는데 맥주랑 같이 먹으면 더 맛있을 것 같은 맛이었어요 잘 먹었습니다,5,4,5,5,2020년 6월 14일
195,치킨,마포구 연남동,팔팔쌈닭,wj**님,순살닭강정/1,원래 안그랬눈데 오늘 유난히 떡에서 이상한 냄새가 나네요 냉동오래된 냄새라해야되나싱크대 냄새 좀 났어요 그래서 별하나 뺐어요 ,5,4,5,5,2020년 6월 6일
196,치킨,마포구 연남동,팔팔쌈닭,sl**님,순살닭강정/1,배달도 빠르고 맛도 좋아요,5,5,5,5,2020년 6월 3일
197,치킨,마포구 연남동,팔팔쌈닭,ta**님,"순살닭강정/1,순살간장치킨/1",지금까지 배달시켜서 먹었던 음식중에서 제일 맛있습니다 행복을 주셔서 감사합니다,5,5,5,5,2020년 5월 31일
198,치킨,마포구 연남동,팔팔쌈닭,tw**님,순살닭강정/1,양이 정말 많은데 다 좀 딱딱해요 치킨도 감자도 떡도 갓 튀긴 맛은 안 나네요,3,2,5,5,2020년 5월 28일
199,치킨,마포구 연남동,팔팔쌈닭,sg**님,순살닭강정/1,잘먹엇습다 담에도 부탁해요,5,5,5,5,2020년 5월 27일
200,치킨,마포구 연남동,팔팔쌈닭,ks**님,순살닭강정/1,맛있쪄 푸짐한양 맘에 들어쪄 같이 온 친구 펩시도 아닌 코카콜라 멋쪄 사장님 멋쪄 크 사장님 나이스 콜라는 코크죠  첫구매인데 맛 양 너무 맘에드네요 오래동안 장사 해주세요 단골이 이미 시작 됬쪄  가성비 굿 고민하지말고 바로 초이스 하세요 롸잇나우,5,5,5,5,2020년 5월 26일
201,치킨,마포구 연남동,팔팔쌈닭,wj**님,순살닭강정/1,양짱많아요 마싯구 배달도 일찍왓는데 너무 식엇어요  조금뜨거웠으면별여섯개,5,5,5,5,2020년 5월 24일
202,치킨,마포구 연남동,팔팔쌈닭,gy**님,순살닭강정/1,사실은 긴글 안쓰려고 했는데 항상 만족해서 씁니다 원래는 가서 매번 사먹는 정도였는데 지금 번째 시켜먹습니다 가서 사먹는건 배달비도 안들고 그냥 오면 되지만 그래도 가격을 더 주고 양이 더 많은 상태에서 먹으니까 진짜 맛이 끝내줍니다 가끔가다가 시켜먹긴하지만 어쩔때는 매일 먹고 싶기도 해요  음료도 같이 포함되어있는 부분에서는 진짜 좋은거 같습니다,5,5,5,5,2020년 5월 20일
203,치킨,마포구 연남동,팔팔쌈닭,m1**님,순살닭강정/1,두번째 주문인데 역시 맛있네요  양도 으마무시하게 많구 조만간 또 시켜먹으려구여,5,5,5,5,2020년 5월 18일
204,치킨,마포구 연남동,팔팔쌈닭,ba**님,순살닭강정/1,가서만 먹었었는데 배달로도 먹을 수 있어서 좋아여  만원에 박스넘게 가득 담아주셔서 맛있게 먹었어요,5,5,5,5,2020년 5월 18일
205,치킨,마포구 연남동,팔팔쌈닭,dh**님,순살닭강정/1,양은 항상 많아 좋은데 너무 딱딱하네요 감자는 이틀 전에 만든거 같아요,2,1,5,4,2020년 5월 15일
206,치킨,마포구 연남동,팔팔쌈닭,gi**님,순살닭강정/1,가격도 좋고 맛도 좋고 두 번째 시켜먹는 것인데 항상 맛있네요 감사히 잘 먹었습니다,5,5,5,5,2020년 5월 15일
207,치킨,마포구 연남동,팔팔쌈닭,lj**님,순살닭강정/1,양도많고 최고였어요담에 또시켜먹을게요,5,5,5,5,2020년 5월 13일
208,치킨,마포구 연남동,팔팔쌈닭,mi**님,순살닭강정/1,맛있어요  닭강정만 들어있지않구 떡 감자튀김이 같이 들어있는게 취향저격입니다 양두 엄청 넉넉하구 좋네영 자주자주 주문할게요,5,5,5,5,2020년 5월 10일
209,치킨,마포구 연남동,팔팔쌈닭,손님,순살닭강정/1,요청사항 잘 들어주셔서 감사해오 뻑살 쵝오에요,5,5,5,5,2020년 5월 10일
210,치킨,마포구 연남동,팔팔쌈닭,mo**님,순살닭강정/1,배달이 아주 빨랐어요 맛은 그닥,4,3,4,5,2020년 5월 9일
211,치킨,마포구 연남동,팔팔쌈닭,gl**님,순살닭강정/1,잘먹었습니다 조금 더 일찍 알았다면 좋았을텐데,5,5,5,5,2020년 5월 5일
212,치킨,마포구 연남동,팔팔쌈닭,gi**님,순살닭강정/1,가격도 저렴하고 양도 많고 맛있어요,5,5,5,5,2020년 5월 4일
213,치킨,마포구 연남동,팔팔쌈닭,qk**님,순살닭강정/1,배달이 예상시간보다 늦고 조금 식어서왔지만 양이랑 맛은 매우 만족합니다  배달비만 줄면 자주 시켜먹을것 같아요,5,5,5,3,2020년 5월 3일
214,치킨,마포구 연남동,팔팔쌈닭,gy**님,순살닭강정/1,먹을때마다 항상 만족합니다 자주 애용하겠습니다,5,5,5,5,2020년 5월 2일
215,치킨,마포구 연남동,팔팔쌈닭,ke**님,순살닭강정/1,잘먹었습니당 서비스로 콜라가 안오고 사이다가 온게 아쉽네용 ,5,4,5,5,2020년 5월 2일
216,치킨,마포구 연남동,팔팔쌈닭,db**님,순살닭강정/1,양도 많아서 맛있게 잘 먹었습니다 콜라 서비스도 주셔서 풍족하게 잘먹었네요,5,5,5,5,2020년 5월 1일
217,치킨,마포구 연남동,팔팔쌈닭,손님,순살닭강정/1,와 진짜 만원에 배달비없이 양많고 감자 떡까지 이건 대박입니다,5,5,5,5,2020년 5월 1일
218,치킨,마포구 연남동,팔팔쌈닭,gy**님,순살닭강정/1,배달도 빠르고 포장도 마음에 드네요 양도 많고요 자주 시켜먹어야겠습니다,5,5,5,5,2020년 5월 1일
219,치킨,마포구 연남동,팔팔쌈닭,sg**님,순살닭강정/1,배달요금 맨날 없었으면 좋겠네요  그럼 맨날 먹을텐데 ,5,5,5,5,2020년 5월 1일
220,치킨,마포구 연남동,팔팔쌈닭,do**님,순살닭강정/1,양도 많고 배달도 빠르고 잘 먹었습니다,5,5,5,5,2020년 4월 30일
221,치킨,마포구 연남동,팔팔쌈닭,hy**님,순살닭강정/1,일째 먹네요  자주시켜먹을게요,5,5,5,5,2020년 4월 30일
222,치킨,마포구 연남동,팔팔쌈닭,na**님,순살닭강정/1,이제 박스퀘어까지 안걸어다녀도 돼서 행복합니다 양진짜 세상많음 산처럼 쌓아주심  사람들에게 널리 알리고 싶은 맛,5,5,5,5,2020년 4월 30일
223,치킨,마포구 연남동,팔팔쌈닭,mp**님,순살닭강정/1,맛있습니다 냄새도 않나고 짜지도 않고 양도 너무 많아서 끼정도 먹을듯 싶네요 감사합니다,5,5,5,5,2020년 4월 30일
224,치킨,마포구 연남동,팔팔쌈닭,ma**님,순살닭강정/1,맛있네요 양도 많고 근데 감자가 몇개씩 오래된건지 퍽퍽하고 딱딱해서 잘 안넘어 가는게 몇개씩 있어요 이것만 빼면 괜찮아요,5,5,5,5,2020년 4월 30일
225,치킨,마포구 연남동,팔팔쌈닭,01**님,순살닭강정/1,양도푸짐하고 빨리와서 잘먹었습니다,5,5,5,5,2020년 4월 30일
226,치킨,마포구 연남동,팔팔쌈닭,ch**님,순살닭강정/1,한쪽은 닭강정이고 한쪽은 떡이랑 밑에 감자튀김있는데 양이 장난이 아니네요 가격도 저렴한데 간단히 먹어볼까하고 주문했다가 두끼에 나눠먹었어요 서비스로 사이다도 뚱캔으로 주셨는데 남는게 있는건가요 너무 맛있게 잘 먹었습니다,5,5,5,5,2020년 4월 30일
227,치킨,마포구 연남동,팔팔쌈닭,et**님,순살마늘치킨/1,양 최상임 진짜 은 치킨집,5,4,5,5,2020년 4월 30일
228,치킨,마포구 연남동,팔팔쌈닭,r4**님,순살닭강정/1,양도 맛도 다 좋아요 음료 서비스까지 최곱니다,5,5,5,5,2020년 4월 30일
229,치킨,마포구 연남동,팔팔쌈닭,wl**님,순살닭강정/1,가성비 정말 좋아요 닭강정감자 양 진짜 많고 맛이 있어요 자주 시켜먹게 될것같아요,5,5,5,5,2020년 4월 30일
230,치킨,마포구 연남동,팔팔쌈닭,ks**님,순살닭강정/1,양 진짜 많습니다 닭만 먹다보면 질릴텐데 떡이랑 감자튀김도 있어서 안질리고 먹을수있었어요 부위도 닭다리살처럼 부드러운 부위여서 넘 좋았습니다,5,5,5,5,2020년 4월 30일
231,치킨,마포구 연남동,팔팔쌈닭,kj**님,순살간장치킨/1,기대했던만큼 양도 많고 배달도 빨라서 좋았어요 다음엔 마늘치킨도 도전해볼게요,5,5,5,5,2020년 4월 30일
232,치킨,마포구 연남동,팔팔쌈닭,gl**님,순살닭강정/1,쿠폰 써서 주문했는데 만원 정가에 사먹어도 아깝지 않을 듯,5,5,5,5,2020년 4월 30일
233,치킨,마포구 연남동,팔팔쌈닭,wo**님,순살파닭치킨/1,와 솔직히 요기요 플러스 할인쿠폰 받아서 쿠폰쓰려고 주문했던거였는데 상상이상으로 맛있네요 쿠폰없어도 자주 시켜먹을만한 맛이에요 가격이 싼편이라 맛이없거나 양이적을줄 알았는데 파닭 소스도 맛있고 양도 너무 많아서 먹다가 절반이나 남김  담에 또 시켜먹겠습니다 담엔 마늘로다가 먹어볼게요,5,4,5,5,2020년 4월 29일
234,치킨,마포구 연남동,팔팔쌈닭,xo**님,순살닭강정/1,와 가성비뛰어납니다 맛잇어요 서비스콜라도숟굳,5,5,5,5,2020년 4월 29일
235,치킨,마포구 연남동,팔팔쌈닭,pi**님,순살닭강정/1,양이 정말 많습니다 잘 먹었습니다  ,5,5,5,5,2020년 4월 29일
236,치킨,마포구 연남동,팔팔쌈닭,da**님,순살마늘치킨/1,헐솔직히저후기 잘안남기는데 가격대비 넘맛잇어서 리얼깜놀해서후기남겨요 잘되셧으면 좋겠다는생각에요 메뉴평가하자면 마늘치킨이어서 간마늘이 올라간 치킨인줄 알았으나 피자에뿌려먹는갈릭마요소스가 올라간 치킨인듯하네요 근데 그게 단점이아니라 짱맛있음당황쓰근데 뚜껑 비닐압착포장기는 없어서 호일이신가요 아님 재고가소진됐나 스아실 호일이라 당황했지만 더편해서 상관은없는데 그냥 궁금해서요 와우 자 맥시멈인거도 처음알았네요 다들 무조건시키세요가격대비 말도안됨짱맛이에여술만팔았으면참좋을텐,5,5,5,5,2020년 4월 29일
237,치킨,마포구 연남동,팔팔쌈닭,gh**님,순살닭강정/1,요기요플러스 할인으로 처음 시켜봤습니다 만원짜리 닭강정을 오천원에 먹으려니까 너무 죄송했습니다 그런데 콜라도 서비스로 주시고 양도 정말 많습니다 제가 원래 닭강정을 먹을때 떡이 딱딱해서 잘 안먹는데 떡도 말랑해서 너무 좋았습니다 이대 박스퀘어에 위치해있다는데 앞으로 신촌 메가박스에서 여자친구랑 영화보거나 이대 갈일이 있으면 자주 방문하겠습니다 사장님 맛있고 양 많은 음식 제공해주셔서 감사합니다,5,5,5,5,2020년 4월 29일
238,치킨,마포구 연남동,팔팔쌈닭,손님,순살닭강정/1,일찍 배달해주셨고 양도 적정히 많았습니다 이 집은 콜라가 참 커요 서비스인것 같은데 계속 이렇게 컸으면 좋겠네요 맛있게 잘 먹었습니다 ,5,4,4,4,2020년 4월 29일
239,치킨,마포구 연남동,팔팔쌈닭,hy**님,순살닭강정/1,허겁지겁 먹다가 찍었네요,5,5,5,5,2020년 4월 29일
240,치킨,마포구 연남동,팔팔쌈닭,qo**님,순살닭강정/1,배달이 좀 느리게 오긴했는데 양이 진짜진짜 많아요  사진보면 적어보이는데 포장용기가 엄청 깊어요  그래서 사진보다 훨씬 양 많고 무거워요  사이다도 서비스로 주시고 만원에는 말도 안되는 양이에요 리뷰가 좋아서 시켰는데 다음에도 시켜먹고싶은정도에오 맛있어요 ,5,5,5,2,2020년 4월 29일
241,치킨,마포구 연남동,팔팔쌈닭,do**님,순살닭강정/1,사진은 한참 먹고 남은 거예요 양 정말 많네요 감자튀김이 맛있어요 ,4,4,5,5,2020년 4월 29일
242,치킨,마포구 연남동,팔팔쌈닭,ru**님,순살닭강정/1,양이 진짜 많고 맛있어요 리뷰를 안쓸 수가 없습니다최고예요,5,5,5,5,2020년 4월 29일
243,치킨,마포구 연남동,팔팔쌈닭,손님,순살닭강정/1,오잉 양쥔짜 최고 그런데 저번이랑 다르게 닭다릿살 위준듯해요 전 닭가슴살 뻑살 좋아하는데 첨엔 뻑살로 온줄알았거든요 어디 부위 쓰시는걸까요,5,5,5,5,2020년 4월 29일
244,치킨,마포구 연남동,팔팔쌈닭,an**님,"순살간장치킨/1,순살닭강정/1",배달도 빨랐고 양도 많네요 저렴한가격인데 마리당 음료도 주셔서 두개나 들어있어서 좋았어요,5,5,5,5,2020년 4월 28일
245,치킨,마포구 연남동,팔팔쌈닭,hi**님,순살닭강정/1,배달 빠르고 양도 많고 맛있었어요콜라 서비스 감사합니다,5,5,5,5,2020년 4월 28일
246,치킨,마포구 연남동,팔팔쌈닭,wj**님,순살닭강정/1,맛있고 배달도 빨리왔어요 감자튀김 많이 들어있어서 너무 좋아요 닭강정도 안 눅눅하고 바삭해요,5,5,5,5,2020년 4월 28일
247,치킨,마포구 연남동,팔팔쌈닭,손님,순살닭강정/1,양 많고 너무 맛있어요 서비스 음료도 감사합니다,5,5,5,5,2020년 4월 28일
248,치킨,마포구 연남동,팔팔쌈닭,hy**님,순살닭강정/1,와 양 엄청많네요 강추,5,5,5,5,2020년 4월 28일
249,치킨,마포구 연남동,팔팔쌈닭,ha**님,순살닭강정/1,맛있게 잘먹었어요 급하게 먹을생각에 사진흔들렸네요,5,5,5,5,2020년 4월 28일
250,치킨,마포구 연남동,팔팔쌈닭,do**님,순살마늘치킨/1,일단 기본맛은 맛있어요 남자 두명이 먹었는데 조금 먹고 찍었는데도 양이 상당히 많아요 소스가 듬뿍이라 어쩔수 없긴한데 살짝 느끼한 맛만 잡아주면 어떨까 싶어요,5,5,5,5,2020년 4월 28일
251,치킨,마포구 연남동,팔팔쌈닭,ww**님,순살닭강정/1,배달은 예상시간 보다 좀 늦었지만 먹는 순간 맛있어서 저절로 용서가 되네요 콜라도 서비스로 주시고 감사해요 양도 많구 따뜻해서 좋네요 번창하세요,5,5,5,3,2020년 4월 28일
252,치킨,마포구 연남동,팔팔쌈닭,th**님,순살닭강정/1,맛도있고 양도 적당히 많고 감사합니다,5,5,4,4,2020년 4월 27일
253,치킨,마포구 연남동,팔팔쌈닭,dy**님,순살닭강정/1,우오옹 맛있고 양도 많아요,5,5,5,5,2020년 4월 27일
254,치킨,마포구 연남동,팔팔쌈닭,wh**님,순살닭강정/1,배달예상시간이 분이었는데 정확히 시간 지나서 받았어요 도착시간에도 조리중이길래 전화해보려했는데 번호도없고 맛은 다른 후기와 같이 맛있습니다,4,5,5,4,2020년 4월 27일
255,치킨,마포구 연남동,팔팔쌈닭,lh**님,순살닭강정/1,근처 치킨집 치킨시키면 두마리 씩 오거나 그런데 치킨 시켜먹기엔 그 양이 부담스러울 때 여기서 시켜먹으니 좋습니다 같이 들어있는 떡 감자 맛있고 콜라도 감사합니다,4,4,4,3,2020년 4월 27일
256,치킨,마포구 연남동,팔팔쌈닭,손님,순살닭강정/1,맛있어요 솔직히 리뷰볼땐 양적어보였는데 꽉차게 담아주셔서 이만큼 남겼어요 이따 또 배고프면 먹을려구용 닭강정외에 떡사리 감자튀김 들어있어서 골라먹는 재미도 있고 졍말 마시쏘요 글구 요기요 배달원님 짱친절,5,5,5,5,2020년 4월 26일
257,치킨,마포구 연남동,팔팔쌈닭,mi**님,순살닭강정/1,맛은 있는데 배달이 늦었어요 분 정도 걸린다 했는데 분 넘어서도 오지 않았어용그래도 맛있었어요,4,5,5,3,2020년 4월 26일
258,치킨,마포구 연남동,팔팔쌈닭,ad**님,순살닭강정/1,지난 주문 이후에 마늘 시키려고 했었는데 리뷰들에 닭강정 칭찬 일색이라 혹해서 닭강정으로 주문해봤습니다 떡감자튀김도 역시 닭강정에 잘 어울리는 조합이었고 닭 역시 맛있게 잘 먹었어요 서비스 사이다도 좋았구요 ,5,5,5,5,2020년 4월 26일
259,치킨,마포구 연남동,팔팔쌈닭,dy**님,순살마늘치킨/1,살짝 달고 느끼하긴한데 적당히 배채울만큼 맛있어요 다음에 또 시켜먹을게요,5,4,5,5,2020년 4월 26일
260,치킨,마포구 연남동,팔팔쌈닭,sa**님,순살닭강정/1,생각보다 나쁘지 않네요,5,5,5,5,2020년 4월 26일
261,치킨,마포구 연남동,팔팔쌈닭,ye**님,순살닭강정/1,리뷰가 없어 고민했는데 아랫분 후기보고 도전햇어요 양도많고 사이다까지 주는건지 몰랏는데 감동 심지어 작은거아니고 닭강정도 맛있고 떡볶이랑 감자튀김까지있어서 좋아요다음에 마늘도먹어보겟어요 굿,5,5,5,5,2020년 4월 25일
262,치킨,마포구 연남동,팔팔쌈닭,ad**님,순살간장치킨/1,리뷰들이 좋은데 간장만 없길래 도전정신으로 주문했는데 결과는 대성공 입니다 고기도 너무 부드러웠고 간장소스도 좋았어요 다음에는 닭강정이나 마늘도 먹어봐야겠다는 생각이 들었네요 배달도 빨랐고 콜라 서비스도 잘 먹었습니다,5,5,5,5,2020년 4월 25일
263,치킨,마포구 연남동,팔팔쌈닭,ho**님,순살마늘치킨/1,맛  짱맛 양  가격만큼 줌 일반 치킨보다 약간 적음 배달  너무 빠른데요,5,5,3,5,2020년 4월 25일
264,치킨,마포구 연남동,팔팔쌈닭,sg**님,순살닭강정/1,맛잇네요 맛잇어요 가격대비 양과 맛이 있네요 보드러운 닭강정 오랜만이네여,5,5,5,5,2020년 4월 24일
265,치킨,마포구 연남동,팔팔쌈닭,sl**님,순살닭강정/1,맛있어요 잘 먹었습니다,5,5,5,5,2020년 4월 24일
266,치킨,마포구 연남동,팔팔쌈닭,sl**님,순살닭강정/1,맛도 괜찮은데 양 진짜 많아요,5,5,5,5,2020년 4월 19일
