﻿,Category,Location,Restaurant,UserID,Menu,Review,Total,Taste,Quantity,Delivery,Date
0,치킨,강남구 논현동,푸라닭-논현점,hh**님,"순살 매드갈릭/1(사이드메뉴(기름떡볶이 （블랙）,블랙치즈볼))",주문하고 도착까지 한시간 정도 걸렸는데 그거 제외하곤 너무 만족합니다 포장도 깔끔하게 잘 해주셨고 치킨이 식지 않았습니다 서비스로 주신 웨지감자도 넉넉하게 넣어주셨어요 감사합니다다음에도 주문할게요 번창하세요,5,5,5,5,3시간 전
1,치킨,강남구 논현동,푸라닭-논현점,lo**님,고추마요 치킨/1,언제 먹어도 맛있습니다  주로 블랙마요를 먹지만 가끔은 고추마요 단독이 땡기기도,5,5,5,5,9시간 전
2,치킨,강남구 논현동,푸라닭-논현점,ki**님,"순살 블랙투움바/1,맥스생맥주 1000㏄/1",떡밑에 치킨 있어요  배달도 예상시간보다 완전 빨리왔고 알리오올리오 처음 시켜봤는데 너무 맛있네요 이걸로만 한마리 시키고싶음 리뷰이벤트 떡추가 감사합니다,5,5,5,5,11시간 전
3,치킨,강남구 논현동,푸라닭-논현점,so**님,블랙알리오/1,너무 맛나서 정신못차리고 사진도 못찍었네욥  너무 잘먹었습니다,5,5,5,5,11시간 전
4,치킨,강남구 논현동,푸라닭-논현점,ki**님,고추마요 치킨/1,떡 토핑 너무 맛있습니다,5,5,5,5,11시간 전
5,치킨,강남구 논현동,푸라닭-논현점,ni**님,순살 블랙알리오/1,블랙올리오 너무 맛있어요,5,5,5,5,어제
6,치킨,강남구 논현동,푸라닭-논현점,gh**님,블랙마요/1,이제야 먹어보내요 넘무맛있습니다,5,5,5,5,어제
7,치킨,강남구 논현동,푸라닭-논현점,ah**님,"블랙투움바 윙콤보/1(사이드메뉴(기름떡볶이 （레드）,블랙치즈볼))",배달이 예상시간보다 빨리왔어요 굿굿 근데 젓가락을 안주셨다는챙겨주세요 체크했는데 그래도 기분좋게 잘먹었습니다,5,5,5,5,어제
8,치킨,강남구 논현동,푸라닭-논현점,tr**님,블랙투움바 윙콤보/1(선택 옵션(치자치킨무 추가)),투움비치킨은 처음먹어보는데 맛있네요 배달도 빨라서 좋아요,5,5,5,5,어제
9,치킨,강남구 논현동,푸라닭-논현점,ol**님,순살 블랙알리오/1,배달 빨랐고 리뷰 떡토핑 조아요,5,5,5,5,어제
10,치킨,강남구 논현동,푸라닭-논현점,an**님,순살 고추마요/1,역시 너무 맛있어요고추마요 최고짱 또 시킬게요 ,5,5,5,5,어제
11,치킨,강남구 논현동,푸라닭-논현점,ru**님,순살 블랙마요/1,지난번에 처음 먹어보고 재주문했는데 역시 너무 맛있고 배달도 빠릅니다 웨지 감자도 많이 주셔서 너무 맛나게 잘 먹었어요 짱짱짱 다음에 또 재주문 예정이에요,5,5,5,5,어제
12,치킨,강남구 논현동,푸라닭-논현점,sk**님,블랙마요/1,너무맛있어서 연속 푸라닭 번창하세요,5,5,5,5,어제
13,치킨,강남구 논현동,푸라닭-논현점,si**님,고추마요 치킨/1,꾸덕꾸덕한 고추마요소스가 잘발려진 할라피뇨가득인 뜨끈뜨끈한 상태로 받아서 호호 불어가며 진짜 맛있게 푸짐하게 잘먹었어요 리뷰이벤트로 받은 웨지감자까지 완벽했습니다 부모님께서도 너무 맛있게 드셔서 행복한 시간이었네욤,5,5,5,5,어제
14,치킨,강남구 논현동,푸라닭-논현점,da**님,"순살 블랙마요/1(음료 사이즈업(코카콜라 1.25L（사이즈업）),사이드메뉴(기름떡볶이（투움바）))",맛있게 잘 먹었습니다 배달도 빠르고 좋네요 수고하세요,5,5,5,5,2일 전
15,치킨,강남구 논현동,푸라닭-논현점,sh**님,순살 블랙투움바/1,늘 먹는 메뉴 오늘도 잘 먹었네요 리뷰 이벤트로 웨지감자도 같이 먹었어요,5,5,5,5,2일 전
16,치킨,강남구 논현동,푸라닭-논현점,po**님,"（윙콤보）_푸라반＋블랙반/1,맥스생맥주 1000㏄/1",오 푸라닥 첨 먹는데 쏘쏘,5,5,5,5,2일 전
17,치킨,강남구 논현동,푸라닭-논현점,yo**님,（순살）푸라반＋블랙반/1,오븐치킷맛 잘먹었습니다,4,4,5,4,2일 전
18,치킨,강남구 논현동,푸라닭-논현점,cu**님,고추마요 치킨/1,할리피뇨 양도 엄청 많고 매우매우 만족합니다 ,5,5,5,5,2일 전
19,치킨,강남구 논현동,푸라닭-논현점,mo**님,"[복날 한정] 푸라닭에 더한 죽/1(복날 세트(（프로모션） 순살 고추마요)),맥스생맥주 1000㏄/1",올만에 치킨시켜먹었는데 맛있게 잘먹었습니다 더운데 수고하세요,5,5,5,5,3일 전
20,치킨,강남구 논현동,푸라닭-논현점,sk**님,（순살）푸라반＋고추반/1,빠른배송에 서비스도 너무 감사합니다 고추마요 정말 짱이네요,5,5,5,5,3일 전
21,치킨,강남구 논현동,푸라닭-논현점,re**님,"블랙알리오/1(PURA's pick([복날] 전복삼계죽 추가),음료 사이즈업(코카콜라 1.25L（사이즈업）),사이드메뉴(블랙치즈볼))",푸라닭 맛있게 먹어요 엄청 달달하네요 맛있고 푸라닭 치킨은 스페인어로 순수한 이라는 뜻을가진 와 닭을 뜻하는 의 합성어 입니다 갈릭과 간장양념이 들어간 블랙올리오 그리고 블랙치즈볼 도 같이시켜요 오늘은 김비서는 왜 그럴까 보면서 맛있게 먹어요 늘 감사해요 추가 전복삼계죽도 받았네요 아침에 비비고 삼계탕도 감사 도 감사해요 어디서나 스스로 노력한다면 엄청난 성공을 거둘수 있다고 생각해요,5,5,5,5,6일 전
22,치킨,강남구 논현동,푸라닭-논현점,kr**님,블랙투움바/1,맛있어요담에 또 시켜먹을게요 사장님 일 적게하시고 돈 마니 버세여,5,5,5,5,일주일 전
23,치킨,강남구 논현동,푸라닭-논현점,hy**님,푸라닭에 반하다/1(사이드메뉴(기름떡볶이 （레드）)),푸라닭 맛있어요 떡볶이도 맛있구요 그런데 리뷰 이벤트신청했는데 웨지감자토핑이 아니라 포테이토튀김이 약간 있었어요,5,5,5,5,일주일 전
24,치킨,강남구 논현동,푸라닭-논현점,v6**님,순살 블랙마요/1,아니 분도 안되서 배달 짱입니다요,5,5,5,5,2021년 7월 24일
25,치킨,강남구 논현동,푸라닭-논현점,kk**님,순살 블랙알리오/1,블랙알리오는 역시 진리네요 맥주랑 먹기 너무 좋습니다,5,5,5,5,2021년 7월 24일
26,치킨,강남구 논현동,푸라닭-논현점,jh**님,순살 블랙투움바/1,아 맛있어서 허겁지겁 먹다가 생각나서 사진찍음,5,5,5,5,2021년 7월 23일
27,치킨,강남구 논현동,푸라닭-논현점,xo**님,블랙투움바/1,블랙투움바 중복에 강추해요 논현점 맛있고 포장도 깔끔하고 배달도 빨라요,5,5,5,5,2021년 7월 21일
28,치킨,강남구 논현동,푸라닭-논현점,na**님,블랙마요/1(사이드메뉴(기름떡볶이（투움바）)),맛좋은 음식 빠른배달 감사합니다,5,5,5,5,2021년 7월 18일
29,치킨,강남구 논현동,푸라닭-논현점,de**님,순살 블랙알리오/1(선택 옵션(고추마요소스 추가)),고오오오오급 입니다 맛도 고오오급 패키징도 고오오오급,5,5,5,5,2021년 7월 18일
30,치킨,강남구 논현동,푸라닭-논현점,ki**님,"블랙알리오/1,블랙치즈볼/1,꼬친 새우/1",아주 맛나요 닭순삭 맥주순삭,5,5,5,5,2021년 7월 17일
31,치킨,강남구 논현동,푸라닭-논현점,co**님,"순살 고추마요/1(푸레스트(텐더 치바로우 （달콤양념）),선택 옵션(웨지감자 추가))",닭은 맛잇엇는데 텐더뭐시기는 꿔바로우같아어용,5,5,5,5,2021년 7월 16일
32,치킨,강남구 논현동,푸라닭-논현점,jb**님,"고추마요 치킨/1(（뼈）_반마리(고추반),음료 사이즈업(코카콜라 1.25L（사이즈업）)),매드갈릭 치킨/1",매드갈릭이 맛있습니다 마늘 덕분에 뒷맛이 느끼하지 않아 좋았습니다 우리 아들들은 고추마요를 더 좋아합니다,5,5,5,5,2021년 7월 15일
33,치킨,강남구 논현동,푸라닭-논현점,ki**님,순살 투움바/1,맛있는거 알았지만 역시 맛있네요 배달도 빨라요,5,5,5,5,2021년 7월 14일
34,치킨,강남구 논현동,푸라닭-논현점,se**님,（뼈）푸라반＋블랙반/1,항상 시켜먹고 또 생각나는 치킨이지요 어느것 하나 맛없는 맛이 없어요 깔끔하게 양도 좋구 항상 맛도 일정해서 좋아요,5,5,4,4,2021년 7월 14일
35,치킨,강남구 논현동,푸라닭-논현점,hs**님,순살 블랙마요/1,양 많네요 맛있습니당 굳굳,5,5,5,5,2021년 7월 11일
36,치킨,강남구 논현동,푸라닭-논현점,01**님,순살 투움바/1(사이드메뉴(기름떡볶이 （레드）)),다좋아요 근데 리뷰이벤트는 바쁘셧는지 없네요 점 드릴거 점드립니다,4,4,4,4,2021년 7월 11일
37,치킨,강남구 논현동,푸라닭-논현점,wh**님,블랙투움바/1,양도 많고 맛있어요 서비스 감사합니다,5,5,5,5,2021년 7월 11일
38,치킨,강남구 논현동,푸라닭-논현점,bj**님,블랙알리오/1,배달 진짜진짜 빨리외여 대박,5,5,5,5,2021년 7월 11일
39,치킨,강남구 논현동,푸라닭-논현점,do**님,블랙투움바/1,닭이 진짜 맛나네요 잡내도 안나구 ,5,5,5,5,2021년 7월 10일
40,치킨,강남구 논현동,푸라닭-논현점,ha**님,（순살）푸라반＋블랙반/1(선택 옵션(고추마요소스 추가)),껍질도 두껍지 않고 깔끔하고 맛있어요 잘먹었습니다,5,5,5,5,2021년 7월 8일
41,치킨,강남구 논현동,푸라닭-논현점,so**님,순살 고추마요/1,고추가 너무 귀여워요 마싯어요,5,5,5,5,2021년 7월 8일
42,치킨,강남구 논현동,푸라닭-논현점,su**님,순살 블랙알리오/1,닭이 부드럽고 참 맛있네요 배달도 빠르고 포장도 깔끔했어요 맛있게 잘먹었습니다,5,5,5,5,2021년 7월 7일
43,치킨,강남구 논현동,푸라닭-논현점,ol**님,고추마요 치킨/1,진짜 맛있어요 느끼할 줄 알았는데 할라피뇨가 많아서 전혀 안 그래요 그리고 배달도 엄청 빨리 왔어요  덕분에 잘 먹었습니다 ,5,5,4,5,2021년 7월 5일
44,치킨,강남구 논현동,푸라닭-논현점,dj**님,"순살 고추마요/1,코카콜라 500ML（추가）/1",식후감 아 정말 맛있어요 매운거 안좋아하고 평소에 할라피뇨를 절대 안먹지만 푸라닭 고추마요에 있는 할라피뇨는 먹어요 몸에 열기가 오르면서 맛있게 먹을 수 있습니다 고추 마요소스가 얼마나 중독적인지 몰라요,5,5,5,5,2021년 7월 5일
45,치킨,강남구 논현동,푸라닭-논현점,08**님,순살 고추마요/1,마요네즈양념인데 많이 먹어도 느끼하지 않은 맛 고추가 있어서 조화를 잘 이룬다 살도 모두 부드러워서 씹는 맛이 난다 ,5,5,5,5,2021년 7월 4일
46,치킨,강남구 논현동,푸라닭-논현점,ke**님,"블랙마요/1(사이드메뉴(블랙치즈볼)),코카콜라 1.25L（추가）/1",예쁘게 플레이팅해서 먹었어요배달도 빠르고 넘 맛있어요,5,5,5,5,2021년 7월 3일
47,치킨,강남구 논현동,푸라닭-논현점,pl**님,"푸라닭 치킨/1(선택 옵션(달콤양념소스 추가)),맥스생맥주 1000㏄/1",너무 맛있어요 아이가 너무 잘 먹어서 기분 최고에요 감사합니다,5,5,5,5,2021년 7월 3일
48,치킨,강남구 논현동,푸라닭-논현점,lu**님,푸라닭 치킨/1,비오는 날에 배달 감사합니다,5,5,5,5,2021년 7월 3일
49,치킨,강남구 논현동,푸라닭-논현점,co**님,블랙알리오/1,완전 마싰어용  또 시켜야지 히히,5,5,5,5,2021년 7월 1일
50,치킨,강남구 논현동,푸라닭-논현점,ha**님,"텐더 치바로우 （달콤양념）/1,푸라닭 치킨/1",푸라닭 논현점은 역시 달라요 더 맛있고 요청사항도 잘봐주셔서 야근때 자주 먹어요,5,5,5,5,2021년 6월 30일
51,치킨,강남구 논현동,푸라닭-논현점,lo**님,순살 블랙마요/1,맛있게 잘 먹었습니다 이번엔 순살로 시켜봤는데 소스양도 괜찮았네요,5,5,5,5,2021년 6월 27일
52,치킨,강남구 논현동,푸라닭-논현점,ki**님,블랙알리오/1,맛있게 먹었어요 맛집이다 맛집,5,5,5,5,2021년 6월 24일
53,치킨,강남구 논현동,푸라닭-논현점,kd**님,"순살 고추마요/1,순살 블랙알리오/1",푸라닭은 언제나 맛있네요 ,5,5,5,5,2021년 6월 22일
54,치킨,강남구 논현동,푸라닭-논현점,so**님,"순살 투움바/1,블랙마요 윙콤보/1",진짜 잘먹었습니다 맛있고 요청사항도 잘 반영해주셨어요,5,5,5,5,2021년 6월 22일
55,치킨,강남구 논현동,푸라닭-논현점,tw**님,"순살 고추마요/1,맥스생맥주 1000㏄/1",서비스 웨지감자 맛있어요 순살마요는 두말할꺼도 없이 존맛,5,5,5,5,2021년 6월 19일
56,치킨,강남구 논현동,푸라닭-논현점,dr**님,푸라닭 치킨/1,예상시간보다 빠른 배달로 따뜻하게 먹을수 있었어요 먹다가 생각나서 부랴부랴 사진 찍었네요  비록 먹다 찍은 사진이긴하나 살이 많은게 보여요 근데 오븐에 구워서 그런지 살이 좀 퍽퍽해서 아쉬웠어요,4,4,5,5,2021년 6월 13일
57,치킨,강남구 논현동,푸라닭-논현점,lo**님,블랙마요/1,다른 앱 통해서 몇 번 주문했었는데 요기요로는 처음이네요 그동안 리뷰 이벤트 있는 줄도 몰랐는데 이제는 웬만하면 요기요로 해야겠어요 그나저나 이번엔 용기 밀봉 테이프를 잊으신거겠지요 감자 때문에 일부러 안 붙이신 건가 싶기도 하고 아무튼 치킨은 들어있을 거 다 들어있었고소스만 좀 더 넉넉했으면맛있게 잘 먹었습니다 ,5,5,5,5,2021년 6월 13일
58,치킨,강남구 논현동,푸라닭-논현점,ak**님,블랙알리오/1,진짜진짜진짜 맛있게먹었어요 이 지점이 제일 맛있는 것 같아요 자주 시켜먹을게용 ,5,5,5,5,2021년 6월 3일
59,치킨,강남구 논현동,푸라닭-논현점,ks**님,순살 블랙알리오/1(사이드메뉴(웨지감자 추가)),맛있게 잘 먹었습니다 좀 먹다 찍었어요,5,5,5,5,2021년 6월 3일
60,치킨,강남구 논현동,푸라닭-논현점,ks**님,순살 블랙알리오/1,진짜 맛있게 잘 먹었어요,5,5,5,5,2021년 5월 30일
61,치킨,강남구 논현동,푸라닭-논현점,91**님,고추마요 치킨/1,늘 맛있고 양많은 치킨 감사합니다,5,5,5,5,2021년 5월 29일
62,치킨,강남구 논현동,푸라닭-논현점,ye**님,순살 고추마요/1,언제나 맛나는 순살마요 웨지감자 토핑 감사해요,5,5,5,5,2021년 5월 27일
63,치킨,강남구 논현동,푸라닭-논현점,zz**님,"순살 치킨/1,순살 고추마요/1",이렇게 빠른 치킨배달집은 없어요 진짜진짜 빨라요  맛도최고,5,5,5,5,2021년 5월 27일
64,치킨,강남구 논현동,푸라닭-논현점,bi**님,블랙마요/1(사이드메뉴(기름떡볶이 （블랙）)),맛있어요 너무 맛있어서 사진찍을 생각이 늦게 났을 정도 ,5,5,5,5,2021년 5월 24일
65,치킨,강남구 논현동,푸라닭-논현점,ar**님,블랙알리오에 반하다/1,양 많고 배달 빠르고 맛있었어요 추천,5,5,5,5,2021년 5월 22일
66,치킨,강남구 논현동,푸라닭-논현점,ap**님,"블랙투움바/1(사이드메뉴(떡 추가)),코카콜라 1.25L（추가）/1",빠른 배달 맛있게 잘 먹었습니다,5,5,5,5,2021년 5월 14일
67,치킨,강남구 논현동,푸라닭-논현점,xi**님,고추마요 치킨/1,오 확실히 느끼하지만 맛있었습니다 여기순살치킨이 맛있다던데 순살메뉴가 안보여서 뼈있는거 먹었는데 맛있었어요,5,5,5,5,2021년 5월 14일
68,치킨,강남구 논현동,푸라닭-논현점,si**님,순살 투움바/1,푸라닭은 진리입니다 로제소스가 좀더 있으면 더 좋았을거 같아요,5,5,5,5,2021년 5월 11일
69,치킨,강남구 논현동,푸라닭-논현점,jy**님,블랙마요/1(사이드메뉴(블랙치즈볼)),오랜만에 먹었는데 정말 맛있네요,5,5,5,5,2021년 5월 10일
70,치킨,강남구 논현동,푸라닭-논현점,tr**님,블랙알리오/1,너무 맜있었어요 다음 또 올게요,5,5,5,5,2021년 5월 9일
71,치킨,강남구 논현동,푸라닭-논현점,ds**님,"순살 블랙마요/1(사이드메뉴(감자씨즐링,기름떡볶이（투움바）))",너무 맛있어요  또시킬거에요,5,5,5,5,2021년 5월 9일
72,치킨,강남구 논현동,푸라닭-논현점,or**님,순살 투움바/1,배송 빨르고 양 많았습니다 다만 소스가 너무 부족했어요 투움바는 소스에 찍어서 부드럽게 먹는 맛인데 소스가 없어서 너무 퍽퍽했네요,5,4,5,5,2021년 5월 4일
73,치킨,강남구 논현동,푸라닭-논현점,zz**님,"순살 치킨/1,순살 고추마요/1,기름떡볶이 （레드）/1,어니언링/1",고추마요는 언제 먹어도 사랑입니다 떡볶이는 처음 시켜봤는데 매콤달달하니 맛있어요 남은건 다음날에 렌지에 데워먹었는데 더맛있더라고요 ,5,5,5,5,2021년 5월 3일
74,치킨,강남구 논현동,푸라닭-논현점,kj**님,고추마요 치킨/1,주회 프라닭 이번엔 소스가 많이 부족했어요 ,5,5,5,5,2021년 5월 1일
75,치킨,강남구 논현동,푸라닭-논현점,rl**님,고추마요 치킨/1,자주 시켜먹지만 늘 포장상태도 좋고 치킨도 맛있었습니다 느끼한 느낌을 할라피뇨로 잡아주는데 중독성 있는 맛입니다,5,5,5,5,2021년 5월 1일
76,치킨,강남구 논현동,푸라닭-논현점,91**님,고추마요 치킨/1,항상 맛있고 양도 많아서 너무좋아요,5,5,5,5,2021년 5월 1일
77,치킨,강남구 논현동,푸라닭-논현점,jh**님,（순살）푸라반＋달콤반/1(사이드메뉴(떡 추가)),맛있어요 맛있어요 추천합니다 ,5,5,5,5,2021년 5월 1일
78,치킨,강남구 논현동,푸라닭-논현점,zz**님,순살 블랙마요/1,처음 먹어봤는데 맛있었어요,5,5,5,5,2021년 5월 1일
79,치킨,강남구 논현동,푸라닭-논현점,an**님,블랙알리오/1,광고보고 주문했는데 맛나게먹었습니다,5,5,5,5,2021년 4월 30일
80,치킨,강남구 논현동,푸라닭-논현점,su**님,블랙알리오/1,맛있게 잘먹었습니다 감자랑 소스랑도 잘어울리네요,5,5,5,5,2021년 4월 27일
81,치킨,강남구 논현동,푸라닭-논현점,sd**님,블랙마요/1,서비스 떡  지립니다 아주 잘먹었어용,5,5,5,5,2021년 4월 25일
82,치킨,강남구 논현동,푸라닭-논현점,91**님,블랙알리오/1,늘 여기서 시켜먹습니다 항상 맛있고 양 많아서 좋아요 또 먹고 싶네요,5,5,5,5,2021년 4월 25일
83,치킨,강남구 논현동,푸라닭-논현점,zz**님,"순살 치킨/1,순살 고추마요/1",원래 뼈닭좋아하는데 푸라닭 순살은 부드러운 다리살이라 순살도 진짜 맛있어요 안먹어본 친구도 맛있다고 엄치척,5,5,5,5,2021년 4월 25일
84,치킨,강남구 논현동,푸라닭-논현점,ji**님,"순살 고추마요/1,순살 블랙투움바/2",맛있었습니다 감사합니다,5,5,4,4,2021년 4월 23일
85,치킨,강남구 논현동,푸라닭-논현점,pa**님,"푸라닭 치킨/1(사이드메뉴(고추마요소스 추가)),블랙치즈볼/1",바쁘실텐데 예정시간보다 빨리 와주셔서 감사해요 푸라닭 최애소스 고추마요소스에 찍어 먹는게 어찌나 맛있는지용  기본베이스가 훌륭해서 항상 맛있게 먹고 있습니다,5,5,5,5,2021년 4월 23일
86,치킨,강남구 논현동,푸라닭-논현점,sm**님,고추마요 치킨/1,처음 시켜봤는데 양도 많고 맛있었습니다 웨지감자서비스까지 잘먹었습니다 감사합니다,5,5,5,4,2021년 4월 22일
87,치킨,강남구 논현동,푸라닭-논현점,rl**님,"고추마요 윙콤보/1,꼬친 새우/1",라닭 존마탱  요즘닭집중에 최고봉인듯해염 존맛,5,5,5,5,2021년 4월 22일
88,치킨,강남구 논현동,푸라닭-논현점,dh**님,블랙투움바/1,투움바 소스 알리오 소스 둘 다 진짜 맛있어요 떡 토핑은 무조건입니다  어머니가 시키자고 해서 시켰는데 너무 잘 드시네요 잘 먹었습니다,5,5,5,5,2021년 4월 17일
89,치킨,강남구 논현동,푸라닭-논현점,ww**님,블랙마요/1,배달도 엄청빨리오구 맛도 최고입니다,5,5,5,5,2021년 4월 16일
90,치킨,강남구 논현동,푸라닭-논현점,np**님,"블랙마요/1,블랙치즈케이크/1,블랙새우/1,블랙오징어링/1,블랙치보샤（4ea）/1,맥스생맥주 1000㏄/1",푸라닭 첨인데 맛있네요 회사동료 추천이라 주문한 보람이있네요 잘 먹었습니다,5,5,4,4,2021년 4월 16일
91,치킨,강남구 논현동,푸라닭-논현점,km**님,순살 블랙마요/1, 배송 짱빨라요 푸라닭 믿고 먹죱 잘 먹었습니다,5,5,5,5,2021년 4월 16일
92,치킨,강남구 논현동,푸라닭-논현점,ta**님,고추마요 치킨/1,마요와 치킨의 조합이 미쳤네요  너무 맛 있었습니다,5,5,5,5,2021년 4월 9일
93,치킨,강남구 논현동,푸라닭-논현점,nc**님,"블랙알리오/1(사이드메뉴(기름떡볶이 （달콤）,블랙치즈볼)),코카콜라 1.25L（추가）/1",블랙올리오 양념이 넘 맛있는대 닭자체에서 엄청 냄새나요닭을 좀더 괜찮은걸로 사용해면 더 좋을거같아요,3,2,5,5,2021년 4월 8일
94,치킨,강남구 논현동,푸라닭-논현점,kj**님,블랙마요/1,와진짜 새로운맛 새로운 치킨의신세계 또 주문갑니다  ,5,5,5,5,2021년 4월 7일
95,치킨,강남구 논현동,푸라닭-논현점,pu**님,블랙마요/1,맛있는데 고추양이 살짝 부족해용,5,5,3,5,2021년 4월 4일
96,치킨,강남구 논현동,푸라닭-논현점,kj**님,고추마요 치킨/1,푸라닭 요즘 핫해서 먹어봤는데 정말 굿입니다 촉촉한 속살,5,5,5,5,2021년 4월 1일
97,치킨,강남구 논현동,푸라닭-논현점,ry**님,"순살 블랙알리오/1(사이드메뉴(기름떡볶이 （레드）,블랙치즈볼))",배달이 매우 빠르게 왔어요 치킨은 기름이 좀 많이 흘러서 아쉬웠지문 음식 모두 따뜻하게 먹을 수 있어 좋았습니당,5,4,4,5,2021년 4월 1일
98,치킨,강남구 논현동,푸라닭-논현점,we**님,블랙마요/1(（뼈）_반마리(푸라반)),배달빨라요 잘먹었습니다,3,4,3,5,2021년 3월 29일
99,치킨,강남구 논현동,푸라닭-논현점,ta**님,블랙마요/1(사이드메뉴(빅치즈스틱)),오랜만에 시켜먹었는데 지난번보다 많이 느끼한 느낌,5,4,5,5,2021년 3월 23일
100,치킨,강남구 논현동,푸라닭-논현점,mw**님,투움바 윙콤보/1,이 치킨집 시간분만에 배달이왔습니다 그런데 치킨이 다 식어 있었습니다 생전 처음으로 배달오자 마자 치킨을 렌지에 데워서 먹었네요 그래서 그런지 맛도 별로 였습니다 배달 시키실 때 다시 한번 생각해 보세요,1,1,3,1,2021년 3월 1일
101,치킨,강남구 논현동,푸라닭-논현점,ja**님,"푸라닭 치킨/1,블랙알리오/1",매번 배달 예상시간보다 빠르게 맛있는 치킨 보내주셔서 감사합니다 맛있게 먹었습니다,5,5,5,5,2021년 2월 15일
102,치킨,강남구 논현동,푸라닭-논현점,sh**님,순살 블랙투움바/1,최근 늘 먹는 메뉴 맛있어요 예상시간보다 빨리 왔어요,5,5,5,5,2021년 1월 30일
103,치킨,강남구 논현동,푸라닭-논현점,ls**님,（뼈）푸라반＋블랙반/1(사이드메뉴(치자치킨무 추가)),소문보다 엄청 맛있지는 않아요그냥 저냥푸라닭이 블랙알리오보다 더 나은듯제 개인 소견입니다,3,3,3,5,2021년 1월 24일
104,치킨,강남구 논현동,푸라닭-논현점,ru**님,순살 블랙마요/1,블랙마요로는 처음이에영 고추마요 적당햇고 블랙이 조금 건조햇는데 그래도 괜찮앗어여 푸라닭이자나여 맛잇게 잘 먹엇어여 순살인데도 양 괜찮앗어여,5,5,5,5,2021년 1월 18일
105,치킨,강남구 논현동,푸라닭-논현점,lo**님,순살 블랙알리오/1(사이드메뉴(고추마요소스 추가)),첨 먹어보는데 맛있네요,5,5,5,4,2021년 1월 5일
106,치킨,강남구 논현동,푸라닭-논현점,mi**님,"블랙투움바/1,코카콜라 1.25L（추가）/1",존맛탱 같이 온 떡이 왜이렇게 맛있죠,5,5,5,5,2021년 1월 5일
107,치킨,강남구 논현동,푸라닭-논현점,jh**님,（순살）푸라반＋달콤반/1(사이드메뉴(떡 추가)),맛있어요 맛있어요 추천합니다 ,5,5,5,5,2021년 1월 1일
108,치킨,강남구 논현동,푸라닭-논현점,fe**님,순살 블랙마요/1,날이 추워서 그런지 약간 식었네요 배달은 빨리 왔어요,5,4,4,5,2020년 12월 30일
109,치킨,강남구 논현동,푸라닭-논현점,pj**님,"투움바 치킨/2,푸라닭 치킨/3,블랙알리오/3,코카콜라 1.25L（추가）/3",빠른 배송 감사드립니다,5,5,5,5,2020년 12월 26일
110,치킨,강남구 논현동,푸라닭-논현점,bb**님,"달콤양념 치킨/1,블랙알리오/1",맛있는 푸라닥 푸라닥은 맛있어 맛있으면 또먹지 딩동댕동,5,5,5,5,2020년 12월 23일
111,치킨,강남구 논현동,푸라닭-논현점,sh**님,"순살 투움바/1,순살 제너럴 핫/1,순살 고추마요/2,순살 블랙알리오/1",푸라닭 요즘 제일 좋아요,5,5,5,5,2020년 12월 22일
112,치킨,강남구 논현동,푸라닭-논현점,48**님,고추마요 치킨/1,맛있어요  순살보단 뼈가 진리,5,5,5,5,2020년 12월 14일
113,치킨,강남구 논현동,푸라닭-논현점,jo**님,"순살 치킨/1,순살 블랙투움바/1,코카콜라 1.25L（추가）/1",언제나 잘 먹고 있습니다치킨 시키는거 싫어하시는 어른신들도 이건 시킬만 하네 하시네요 ,5,5,5,5,2020년 12월 13일
114,치킨,강남구 논현동,푸라닭-논현점,zh**님,"순살 고추마요/1(사이드메뉴(떡 추가)),순살 블랙알리오/1",배달 빠름빠름 순살이라 먹기 편하고 알리오올리 고추마요 둘 다 소스 넘 맛있어요,5,5,4,5,2020년 12월 11일
115,치킨,강남구 논현동,푸라닭-논현점,do**님,블랙투움바/1,역쉬 치맥이 정답입니다 새로운 것 시켰는데 좀 더 매웠으면 합니다,4,4,4,5,2020년 12월 11일
116,치킨,강남구 논현동,푸라닭-논현점,br**님,순살 투움바/1,맛 내일 슐리 라는 저가 뷔페에 가서 신메뉴로 나온 체다치즈에 빠진 눅눅 후라이드를 먹는다면 딱 이 맛이겠네요 투움바라니 소비자 기만 수준  배달 걸어서도 분이면 오는 정도 거리인데 분 걸린거 부터 일단 몇바퀴 돌고 온걸 알수있고요 치킨도 딱 먹으니까 차갑고 굳은게 확신이 섰네요 서비스 전화는 매장으로 해도 안받고 요기요 통해도 안받고 이럴거면 주문을 받지 말지 재주문 의사 ,1,1,3,1,2020년 12월 9일
117,치킨,강남구 논현동,푸라닭-논현점,th**님,순살 치킨/1,순살에서 냄새나요토할거같음,1,1,4,5,2020년 12월 9일
118,치킨,강남구 논현동,푸라닭-논현점,jh**님,（뼈）푸라반＋달콤반/1(사이드메뉴(떡 추가)),맛있어요 다음에도 주문하겠습니다,5,5,5,5,2020년 12월 8일
119,치킨,강남구 논현동,푸라닭-논현점,as**님,투움바 치킨/1(사이드메뉴(기름떡볶이 （레드）)),맛있게 잘 먹었습니다 배달도 빨랐어요,5,5,5,5,2020년 12월 7일
120,치킨,강남구 논현동,푸라닭-논현점,jj**님,"블랙투움바/1,맥스생맥주 1000㏄/1",푸라닭을접한뒤로 다른치킨은먹을수가없네요 너무맛있었고 정성스런포장에다시한번더감동합니다 다음에도이용할게요,5,5,5,5,2020년 12월 5일
121,치킨,강남구 논현동,푸라닭-논현점,pg**님,순살 블랙마요/1,너무너무 맛있어요  계속 먹고 싶은 맛,5,5,5,5,2020년 12월 3일
122,치킨,강남구 논현동,푸라닭-논현점,fe**님,블랙악마/1,넘 맛있어요 악마치킨 취향저격 폭풍흡입 했네용 긍뒈 젓가락 안주셔서,5,5,5,5,2020년 12월 2일
123,치킨,강남구 논현동,푸라닭-논현점,oe**님,순살 블랙알리오/1(사이드메뉴(기름떡볶이 （레드）)),포장도 너무 고급스러웠고 맛도 좋았습니다 특히나 친절하게고 빠르게 배달해주시어 너무 감사드립니다,5,5,5,5,2020년 11월 30일
124,치킨,강남구 논현동,푸라닭-논현점,jo**님,순살 치킨/1,살 아들 혼자 다 먹겠다고 엄마랑 싸우는 맛,5,5,5,5,2020년 11월 27일
125,치킨,강남구 논현동,푸라닭-논현점,lo**님,순살 블랙알리오/1(사이드메뉴(떡 추가)),시킨지 분만에 왔어요 마늘후레이크도 많이 주시고 감사해요 자주 주문할께요,5,5,5,5,2020년 11월 23일
126,치킨,강남구 논현동,푸라닭-논현점,10**님,순살 제너럴 핫/1,배달도 빠르고 너무 맛있어요 또 시킬게요,5,5,5,5,2020년 11월 21일
127,치킨,강남구 논현동,푸라닭-논현점,es**님,"투움바 치킨/1(사이드메뉴(달콤양념소스 추가,고추마요소스 추가))",배달너무느림 아직도두시간은 기다려야 먹을수있는건가,1,2,1,1,2020년 11월 21일
128,치킨,강남구 논현동,푸라닭-논현점,to**님,순살 고추마요/1(사이드메뉴(떡 추가)),치킨 맛의 신세계 예전에 먹던 허니머스터드 윙의 맛이랑 비슷 근데 먹다보면 느끼할수가 있음 양 많고 치킨 질 좋음,4,4,5,5,2020년 11월 14일
129,치킨,강남구 논현동,푸라닭-논현점,손님,（뼈）푸라반＋달콤반/1(사이드메뉴(어니언링)),맛있어요 포장 부직포 주머니가 버리기 아깝네요,5,5,5,5,2020년 11월 14일
130,치킨,강남구 논현동,푸라닭-논현점,kh**님,"블랙알리오에 반하다/1(사이드메뉴(기름떡볶이 （레드）,고추마요소스 추가,치자치킨무 추가))",워낙 좋아해서 시키는데 달콤소스 안오고 젖가락도 안왔네여,5,5,5,5,2020년 11월 12일
131,치킨,강남구 논현동,푸라닭-논현점,gu**님,"블랙마요/1(사이드메뉴(블랙치즈볼,블랙치보샤（4ea）))",맛있게 잘 먹옸오요 포장 고급집니다 ,5,5,5,5,2020년 11월 9일
132,치킨,강남구 논현동,푸라닭-논현점,an**님,순살 블랙알리오/1,맛있게 잘 먹었습니다 ,5,5,5,5,2020년 11월 8일
133,치킨,강남구 논현동,푸라닭-논현점,kr**님,"투움바 치킨/1(사이드메뉴(달콤양념소스 추가,고추마요소스 추가,기름떡볶이 （달콤）))",푸라닭 처음 먹어봤어요 기름떡볶이랑 투움바치킨 시켰는데 젓가락이나 포크가 아무것도 안와서 전화해보니 젓가락은 따로 적지 않으면 안 보내는 방침이 있다고하셔서 당황스러웠습니다 하지만 젓가락만 다시 배송 부탁드렸더니 보내주셨습니다 다만 투움바 치킨에 소스를 더 넉넉하게 주셨으면 더 맛있었을 것 같아요 그리고 젓가락 관련 방침은 미리 공지해두시는게 좋을것 같아요,4,3,4,4,2020년 11월 6일
